id,created_at,updated_at,date,keyword_id,purchases_other_sku7d,units_sold_clicks1d,match_type,royalty_qualified_borrows,units_sold_other_sku14d,sales1d,units_sold_other_sku30d,sales7d,ad_group_id,add_to_list,targeting,sales_other_sku14d,kindle_edition_normalized_pages_royalties14d,sales_other_sku30d,units_sold_other_sku7d,sales_other_sku1d,advertised_sku,advertised_asin,keyword_type,purchases1d,purchases_other_sku1d,keyword,sales_other_sku7d,purchases7d,target_id,units_sold_clicks14d,retailer,ad_group_name,campaign_id,sales14d,units_sold_other_sku1d,sales30d,kindle_edition_normalized_pages_read14d,targeting_expression,purchases14d,units_sold_clicks30d,qualified_borrows,purchases_other_sku30d,portfolio_id,campaign_budget_currency_code,purchases30d,purchases_other_sku14d,purchased_asin,campaign_name,units_sold_clicks7d,report_type_request,country_code_request,customer_request,file_name_request,parse_time_request
14032,2026-04-21 01:59:21.593454,2026-04-21 01:59:21.593454,2026-04-08,415672664361434,1,0,EXACT,0,1,0,1,0,439851151117545,0,creatine gummies,29.99,0,29.99,1,29.99,IBU_CTLM_12G1F,B0FNBYKPZT,EXACT,0,1,creatine gummies,29.99,0,415672664361434,0,Amazon,Inner-SP-KW-Creatine Gummies-creatine gummies-EM-CPC-800,297069838936079,0,1,0,0,creatine gummies,0,0,0,1,197748004457307,USD,0,1,B0FNBN38V4,Inner-SP-KW-Creatine Gummies-creatine gummies-EM-CPC-800,0,spPurchasedProduct,US,INNERBRIGHTNESS,spPurchasedProduct_innerbrightness_US_2026-03-21_2026-04-20.json,2026-04-21 01:59:21
14037,2026-04-21 01:59:21.593454,2026-04-21 01:59:21.593454,2026-04-05,415672664361434,2,0,EXACT,0,2,0,2,0,439851151117545,0,creatine gummies,59.98,0,59.98,2,59.98,IBU_CTMP_12G1F,B0FNBN38V4,EXACT,0,2,creatine gummies,59.98,0,415672664361434,0,Amazon,Inner-SP-KW-Creatine Gummies-creatine gummies-EM-CPC-800,297069838936079,0,2,0,0,creatine gummies,0,0,0,2,197748004457307,USD,0,2,B0FNBYKPZT,Inner-SP-KW-Creatine Gummies-creatine gummies-EM-CPC-800,0,spPurchasedProduct,US,INNERBRIGHTNESS,spPurchasedProduct_innerbrightness_US_2026-03-21_2026-04-20.json,2026-04-21 01:59:21
14038,2026-04-21 01:59:21.593454,2026-04-21 01:59:21.593454,2026-04-08,415672664361434,3,0,EXACT,0,3,0,3,0,439851151117545,0,creatine gummies,89.97,0,89.97,3,89.97,IBU_CTMP_12G1F,B0FNBN38V4,EXACT,0,3,creatine gummies,89.97,0,415672664361434,0,Amazon,Inner-SP-KW-Creatine Gummies-creatine gummies-EM-CPC-800,297069838936079,0,3,0,0,creatine gummies,0,0,0,3,197748004457307,USD,0,3,B0FNBYKPZT,Inner-SP-KW-Creatine Gummies-creatine gummies-EM-CPC-800,0,spPurchasedProduct,US,INNERBRIGHTNESS,spPurchasedProduct_innerbrightness_US_2026-03-21_2026-04-20.json,2026-04-21 01:59:21
14039,2026-04-21 01:59:21.593454,2026-04-21 01:59:21.593454,2026-04-10,415672664361434,2,0,EXACT,0,3,0,3,0,439851151117545,0,creatine gummies,80.11,0,80.11,2,59.98,IBU_CTMP_12G1F,B0FNBN38V4,EXACT,0,2,creatine gummies,59.98,0,415672664361434,0,Amazon,Inner-SP-KW-Creatine Gummies-creatine gummies-EM-CPC-800,297069838936079,0,2,0,0,creatine gummies,0,0,0,3,197748004457307,USD,0,3,B0FNBYKPZT,Inner-SP-KW-Creatine Gummies-creatine gummies-EM-CPC-800,0,spPurchasedProduct,US,INNERBRIGHTNESS,spPurchasedProduct_innerbrightness_US_2026-03-21_2026-04-20.json,2026-04-21 01:59:21
14052,2026-04-21 01:59:21.593454,2026-04-21 01:59:21.593454,2026-04-04,415672664361434,1,0,EXACT,0,1,0,1,0,439851151117545,0,creatine gummies,29.99,0,29.99,1,29.99,IBU_CTMP_12G1F,B0FNBN38V4,EXACT,0,1,creatine gummies,29.99,0,415672664361434,0,Amazon,Inner-SP-KW-Creatine Gummies-creatine gummies-EM-CPC-800,297069838936079,0,1,0,0,creatine gummies,0,0,0,1,197748004457307,USD,0,1,B0GJ66LHGM,Inner-SP-KW-Creatine Gummies-creatine gummies-EM-CPC-800,0,spPurchasedProduct,US,INNERBRIGHTNESS,spPurchasedProduct_innerbrightness_US_2026-03-21_2026-04-20.json,2026-04-21 01:59:21
14053,2026-04-21 01:59:21.593454,2026-04-21 01:59:21.593454,2026-04-05,415672664361434,4,0,EXACT,0,4,0,4,0,439851151117545,0,creatine gummies,119.96,0,119.96,4,119.96,IBU_CTMP_12G1F,B0FNBN38V4,EXACT,0,4,creatine gummies,119.96,0,415672664361434,0,Amazon,Inner-SP-KW-Creatine Gummies-creatine gummies-EM-CPC-800,297069838936079,0,4,0,0,creatine gummies,0,0,0,4,197748004457307,USD,0,4,B0GJ66LHGM,Inner-SP-KW-Creatine Gummies-creatine gummies-EM-CPC-800,0,spPurchasedProduct,US,INNERBRIGHTNESS,spPurchasedProduct_innerbrightness_US_2026-03-21_2026-04-20.json,2026-04-21 01:59:21
14054,2026-04-21 01:59:21.593454,2026-04-21 01:59:21.593454,2026-04-06,415672664361434,3,0,EXACT,0,3,0,3,0,439851151117545,0,creatine gummies,89.97,0,89.97,3,59.98,IBU_CTMP_12G1F,B0FNBN38V4,EXACT,0,2,creatine gummies,89.97,0,415672664361434,0,Amazon,Inner-SP-KW-Creatine Gummies-creatine gummies-EM-CPC-800,297069838936079,0,2,0,0,creatine gummies,0,0,0,3,197748004457307,USD,0,3,B0GJ66LHGM,Inner-SP-KW-Creatine Gummies-creatine gummies-EM-CPC-800,0,spPurchasedProduct,US,INNERBRIGHTNESS,spPurchasedProduct_innerbrightness_US_2026-03-21_2026-04-20.json,2026-04-21 01:59:21
14055,2026-04-21 01:59:21.593454,2026-04-21 01:59:21.593454,2026-04-07,415672664361434,1,0,EXACT,0,1,0,1,0,439851151117545,0,creatine gummies,29.99,0,29.99,1,29.99,IBU_CTMP_12G1F,B0FNBN38V4,EXACT,0,1,creatine gummies,29.99,0,415672664361434,0,Amazon,Inner-SP-KW-Creatine Gummies-creatine gummies-EM-CPC-800,297069838936079,0,1,0,0,creatine gummies,0,0,0,1,197748004457307,USD,0,1,B0GJ66LHGM,Inner-SP-KW-Creatine Gummies-creatine gummies-EM-CPC-800,0,spPurchasedProduct,US,INNERBRIGHTNESS,spPurchasedProduct_innerbrightness_US_2026-03-21_2026-04-20.json,2026-04-21 01:59:21
14056,2026-04-21 01:59:21.593454,2026-04-21 01:59:21.593454,2026-04-09,415672664361434,3,0,EXACT,0,3,0,3,0,439851151117545,0,creatine gummies,89.97,0,89.97,3,89.97,IBU_CTMP_12G1F,B0FNBN38V4,EXACT,0,3,creatine gummies,89.97,0,415672664361434,0,Amazon,Inner-SP-KW-Creatine Gummies-creatine gummies-EM-CPC-800,297069838936079,0,3,0,0,creatine gummies,0,0,0,3,197748004457307,USD,0,3,B0GJ66LHGM,Inner-SP-KW-Creatine Gummies-creatine gummies-EM-CPC-800,0,spPurchasedProduct,US,INNERBRIGHTNESS,spPurchasedProduct_innerbrightness_US_2026-03-21_2026-04-20.json,2026-04-21 01:59:21
14057,2026-04-21 01:59:21.593454,2026-04-21 01:59:21.593454,2026-04-10,415672664361434,2,0,EXACT,0,2,0,2,0,439851151117545,0,creatine gummies,59.98,0,59.98,2,59.98,IBU_CTMP_12G1F,B0FNBN38V4,EXACT,0,2,creatine gummies,59.98,0,415672664361434,0,Amazon,Inner-SP-KW-Creatine Gummies-creatine gummies-EM-CPC-800,297069838936079,0,2,0,0,creatine gummies,0,0,0,2,197748004457307,USD,0,2,B0GJ66LHGM,Inner-SP-KW-Creatine Gummies-creatine gummies-EM-CPC-800,0,spPurchasedProduct,US,INNERBRIGHTNESS,spPurchasedProduct_innerbrightness_US_2026-03-21_2026-04-20.json,2026-04-21 01:59:21
14061,2026-04-21 01:59:21.593454,2026-04-21 01:59:21.593454,2026-04-08,415672664361434,0,0,EXACT,0,1,0,1,0,439851151117545,0,creatine gummies,26.99,0,26.99,0,0.0,IBU_CTMP_12G1F,B0FNBN38V4,EXACT,0,0,creatine gummies,0.0,0,415672664361434,0,Amazon,Inner-SP-KW-Creatine Gummies-creatine gummies-EM-CPC-800,297069838936079,0,0,0,0,creatine gummies,0,0,0,1,197748004457307,USD,0,1,B0GL11MTZM,Inner-SP-KW-Creatine Gummies-creatine gummies-EM-CPC-800,0,spPurchasedProduct,US,INNERBRIGHTNESS,spPurchasedProduct_innerbrightness_US_2026-03-21_2026-04-20.json,2026-04-21 01:59:21
14075,2026-04-21 01:59:21.593454,2026-04-21 01:59:21.593454,2026-04-04,402815703536000,1,0,BROAD,0,1,0,1,0,425782617077083,0,creatine gummies,29.99,0,29.99,1,0.0,IBU_CTMP_12G1F,B0FNBN38V4,BROAD,0,0,creatine gummies,29.99,0,402815703536000,0,Amazon,Inner-SP-KW-Creatine Gummies-creatine gummies-BM-CPC-600,391617266091470,0,0,0,0,creatine gummies,0,0,0,1,197748004457307,USD,0,1,B0FNBYKPZT,Inner-SP-KW-Creatine Gummies-creatine gummies-BM-CPC-600,0,spPurchasedProduct,US,INNERBRIGHTNESS,spPurchasedProduct_innerbrightness_US_2026-03-21_2026-04-20.json,2026-04-21 01:59:21
14076,2026-04-21 01:59:21.593454,2026-04-21 01:59:21.593454,2026-04-05,402815703536000,4,0,BROAD,0,4,0,4,0,425782617077083,0,creatine gummies,119.96,0,119.96,4,119.96,IBU_CTMP_12G1F,B0FNBN38V4,BROAD,0,4,creatine gummies,119.96,0,402815703536000,0,Amazon,Inner-SP-KW-Creatine Gummies-creatine gummies-BM-CPC-600,391617266091470,0,4,0,0,creatine gummies,0,0,0,4,197748004457307,USD,0,4,B0FNBYKPZT,Inner-SP-KW-Creatine Gummies-creatine gummies-BM-CPC-600,0,spPurchasedProduct,US,INNERBRIGHTNESS,spPurchasedProduct_innerbrightness_US_2026-03-21_2026-04-20.json,2026-04-21 01:59:21
14077,2026-04-21 01:59:21.593454,2026-04-21 01:59:21.593454,2026-04-07,402815703536000,1,0,BROAD,0,1,0,1,0,425782617077083,0,creatine gummies,29.99,0,29.99,1,0.0,IBU_CTMP_12G1F,B0FNBN38V4,BROAD,0,0,creatine gummies,29.99,0,402815703536000,0,Amazon,Inner-SP-KW-Creatine Gummies-creatine gummies-BM-CPC-600,391617266091470,0,0,0,0,creatine gummies,0,0,0,1,197748004457307,USD,0,1,B0FNBYKPZT,Inner-SP-KW-Creatine Gummies-creatine gummies-BM-CPC-600,0,spPurchasedProduct,US,INNERBRIGHTNESS,spPurchasedProduct_innerbrightness_US_2026-03-21_2026-04-20.json,2026-04-21 01:59:21
14078,2026-04-21 01:59:21.593454,2026-04-21 01:59:21.593454,2026-04-08,402815703536000,4,0,BROAD,0,4,0,4,0,425782617077083,0,creatine gummies,119.96,0,119.96,4,119.96,IBU_CTMP_12G1F,B0FNBN38V4,BROAD,0,4,creatine gummies,119.96,0,402815703536000,0,Amazon,Inner-SP-KW-Creatine Gummies-creatine gummies-BM-CPC-600,391617266091470,0,4,0,0,creatine gummies,0,0,0,4,197748004457307,USD,0,4,B0FNBYKPZT,Inner-SP-KW-Creatine Gummies-creatine gummies-BM-CPC-600,0,spPurchasedProduct,US,INNERBRIGHTNESS,spPurchasedProduct_innerbrightness_US_2026-03-21_2026-04-20.json,2026-04-21 01:59:21
14079,2026-04-21 01:59:21.593454,2026-04-21 01:59:21.593454,2026-04-09,402815703536000,0,0,BROAD,0,0,0,0,0,425782617077083,0,creatine gummies,0.0,0,0.0,0,0.0,IBU_CTMP_12G1F,B0FNBN38V4,BROAD,0,0,creatine gummies,0.0,0,402815703536000,0,Amazon,Inner-SP-KW-Creatine Gummies-creatine gummies-BM-CPC-600,391617266091470,0,0,0,0,creatine gummies,0,0,0,0,197748004457307,USD,0,0,B0FNBYKPZT,Inner-SP-KW-Creatine Gummies-creatine gummies-BM-CPC-600,0,spPurchasedProduct,US,INNERBRIGHTNESS,spPurchasedProduct_innerbrightness_US_2026-03-21_2026-04-20.json,2026-04-21 01:59:21
14080,2026-04-21 01:59:21.593454,2026-04-21 01:59:21.593454,2026-04-10,402815703536000,1,0,BROAD,0,1,0,1,0,425782617077083,0,creatine gummies,29.99,0,29.99,1,29.99,IBU_CTMP_12G1F,B0FNBN38V4,BROAD,0,1,creatine gummies,29.99,0,402815703536000,0,Amazon,Inner-SP-KW-Creatine Gummies-creatine gummies-BM-CPC-600,391617266091470,0,1,0,0,creatine gummies,0,0,0,1,197748004457307,USD,0,1,B0FNBYKPZT,Inner-SP-KW-Creatine Gummies-creatine gummies-BM-CPC-600,0,spPurchasedProduct,US,INNERBRIGHTNESS,spPurchasedProduct_innerbrightness_US_2026-03-21_2026-04-20.json,2026-04-21 01:59:21
14081,2026-04-21 01:59:21.593454,2026-04-21 01:59:21.593454,2026-04-05,402815703536000,0,0,BROAD,0,0,0,0,0,425782617077083,0,creatine gummies,0.0,0,0.0,0,0.0,IBU_CTMP_12G1F,B0FNBN38V4,BROAD,0,0,creatine gummies,0.0,0,402815703536000,0,Amazon,Inner-SP-KW-Creatine Gummies-creatine gummies-BM-CPC-600,391617266091470,0,0,0,0,creatine gummies,0,0,0,0,197748004457307,USD,0,0,B0G25Y3DVZ,Inner-SP-KW-Creatine Gummies-creatine gummies-BM-CPC-600,0,spPurchasedProduct,US,INNERBRIGHTNESS,spPurchasedProduct_innerbrightness_US_2026-03-21_2026-04-20.json,2026-04-21 01:59:21
14092,2026-04-21 01:59:21.593454,2026-04-21 01:59:21.593454,2026-04-04,402815703536000,1,0,BROAD,0,1,0,2,0,425782617077083,0,creatine gummies,29.99,0,58.78,1,29.99,IBU_CTMP_12G1F,B0FNBN38V4,BROAD,0,1,creatine gummies,29.99,0,402815703536000,0,Amazon,Inner-SP-KW-Creatine Gummies-creatine gummies-BM-CPC-600,391617266091470,0,1,0,0,creatine gummies,0,0,0,2,197748004457307,USD,0,1,B0GJ66LHGM,Inner-SP-KW-Creatine Gummies-creatine gummies-BM-CPC-600,0,spPurchasedProduct,US,INNERBRIGHTNESS,spPurchasedProduct_innerbrightness_US_2026-03-21_2026-04-20.json,2026-04-21 01:59:21
14093,2026-04-21 01:59:21.593454,2026-04-21 01:59:21.593454,2026-04-05,402815703536000,2,0,BROAD,0,2,0,2,0,425782617077083,0,creatine gummies,59.98,0,59.98,2,59.98,IBU_CTMP_12G1F,B0FNBN38V4,BROAD,0,2,creatine gummies,59.98,0,402815703536000,0,Amazon,Inner-SP-KW-Creatine Gummies-creatine gummies-BM-CPC-600,391617266091470,0,2,0,0,creatine gummies,0,0,0,2,197748004457307,USD,0,2,B0GJ66LHGM,Inner-SP-KW-Creatine Gummies-creatine gummies-BM-CPC-600,0,spPurchasedProduct,US,INNERBRIGHTNESS,spPurchasedProduct_innerbrightness_US_2026-03-21_2026-04-20.json,2026-04-21 01:59:21
14094,2026-04-21 01:59:21.593454,2026-04-21 01:59:21.593454,2026-04-10,402815703536000,1,0,BROAD,0,1,0,1,0,425782617077083,0,creatine gummies,29.99,0,29.99,1,29.99,IBU_CTMP_12G1F,B0FNBN38V4,BROAD,0,1,creatine gummies,29.99,0,402815703536000,0,Amazon,Inner-SP-KW-Creatine Gummies-creatine gummies-BM-CPC-600,391617266091470,0,1,0,0,creatine gummies,0,0,0,1,197748004457307,USD,0,1,B0GJ66LHGM,Inner-SP-KW-Creatine Gummies-creatine gummies-BM-CPC-600,0,spPurchasedProduct,US,INNERBRIGHTNESS,spPurchasedProduct_innerbrightness_US_2026-03-21_2026-04-20.json,2026-04-21 01:59:21
14096,2026-04-21 01:59:21.593454,2026-04-21 01:59:21.593454,2026-04-08,519969922996681,1,0,TARGETING_EXPRESSION_PREDEFINED,0,1,0,1,0,557203492769823,0,close-match,29.99,0,29.99,1,29.99,IBM_CTRA_12G1,B0GJ66LHGM,TARGETING_EXPRESSION_PREDEFINED,0,1,close-match,29.99,0,519969922996681,0,Amazon,Inner-SP-Auto-Creatine Gummies-CPC,506739018117344,0,1,0,0,close-match,0,0,0,1,197748004457307,USD,0,1,B0FNBN38V4,Inner-SP-Auto-Creatine Gummies-CPC,0,spPurchasedProduct,US,INNERBRIGHTNESS,spPurchasedProduct_innerbrightness_US_2026-03-21_2026-04-20.json,2026-04-21 01:59:21
14097,2026-04-21 01:59:21.593454,2026-04-21 01:59:21.593454,2026-04-10,519969922996681,1,0,TARGETING_EXPRESSION_PREDEFINED,0,1,0,1,0,557203492769823,0,close-match,29.99,0,29.99,1,29.99,IBM_CTRA_12G1,B0GJ66LHGM,TARGETING_EXPRESSION_PREDEFINED,0,1,close-match,29.99,0,519969922996681,0,Amazon,Inner-SP-Auto-Creatine Gummies-CPC,506739018117344,0,1,0,0,close-match,0,0,0,1,197748004457307,USD,0,1,B0FNBN38V4,Inner-SP-Auto-Creatine Gummies-CPC,0,spPurchasedProduct,US,INNERBRIGHTNESS,spPurchasedProduct_innerbrightness_US_2026-03-21_2026-04-20.json,2026-04-21 01:59:21
14098,2026-04-21 01:59:21.593454,2026-04-21 01:59:21.593454,2026-04-08,519969922996681,1,0,TARGETING_EXPRESSION_PREDEFINED,0,1,0,1,0,557203492769823,0,close-match,29.99,0,29.99,1,29.99,IBM_CTRA_12G1,B0GJ66LHGM,TARGETING_EXPRESSION_PREDEFINED,0,1,close-match,29.99,0,519969922996681,0,Amazon,Inner-SP-Auto-Creatine Gummies-CPC,506739018117344,0,1,0,0,close-match,0,0,0,1,197748004457307,USD,0,1,B0FNBYKPZT,Inner-SP-Auto-Creatine Gummies-CPC,0,spPurchasedProduct,US,INNERBRIGHTNESS,spPurchasedProduct_innerbrightness_US_2026-03-21_2026-04-20.json,2026-04-21 01:59:21
14099,2026-04-21 01:59:21.593454,2026-04-21 01:59:21.593454,2026-04-10,519969922996681,1,0,TARGETING_EXPRESSION_PREDEFINED,0,1,0,1,0,557203492769823,0,close-match,29.99,0,29.99,1,29.99,IBM_CTRA_12G1,B0GJ66LHGM,TARGETING_EXPRESSION_PREDEFINED,0,1,close-match,29.99,0,519969922996681,0,Amazon,Inner-SP-Auto-Creatine Gummies-CPC,506739018117344,0,1,0,0,close-match,0,0,0,1,197748004457307,USD,0,1,B0FNBYKPZT,Inner-SP-Auto-Creatine Gummies-CPC,0,spPurchasedProduct,US,INNERBRIGHTNESS,spPurchasedProduct_innerbrightness_US_2026-03-21_2026-04-20.json,2026-04-21 01:59:21
14114,2026-04-21 01:59:21.593454,2026-04-21 01:59:21.593454,2026-04-04,407556257369922,1,0,BROAD,0,1,0,1,0,343251949063559,0,creatine,29.99,0,29.99,1,29.99,IBU_CTMP_12G1F,B0FNBN38V4,BROAD,0,1,creatine,29.99,0,407556257369922,0,Amazon,Inner-SP-KW-Creatine Gummies-creatine-BM-CPC-70,313950625346433,0,1,0,0,creatine,0,0,0,1,197748004457307,USD,0,1,B0FNBYKPZT,Inner-SP-KW-Creatine Gummies-creatine-BM-CPC-70,0,spPurchasedProduct,US,INNERBRIGHTNESS,spPurchasedProduct_innerbrightness_US_2026-03-21_2026-04-20.json,2026-04-21 01:59:21
14115,2026-04-21 01:59:21.593454,2026-04-21 01:59:21.593454,2026-04-06,407556257369922,0,0,BROAD,0,0,0,0,0,343251949063559,0,creatine,0.0,0,0.0,0,0.0,IBU_CTMP_12G1F,B0FNBN38V4,BROAD,0,0,creatine,0.0,0,407556257369922,0,Amazon,Inner-SP-KW-Creatine Gummies-creatine-BM-CPC-70,313950625346433,0,0,0,0,creatine,0,0,0,0,197748004457307,USD,0,0,B0FNBYKPZT,Inner-SP-KW-Creatine Gummies-creatine-BM-CPC-70,0,spPurchasedProduct,US,INNERBRIGHTNESS,spPurchasedProduct_innerbrightness_US_2026-03-21_2026-04-20.json,2026-04-21 01:59:21
14116,2026-04-21 01:59:21.593454,2026-04-21 01:59:21.593454,2026-04-07,407556257369922,2,0,BROAD,0,2,0,2,0,343251949063559,0,creatine,59.98,0,59.98,2,29.99,IBU_CTMP_12G1F,B0FNBN38V4,BROAD,0,1,creatine,59.98,0,407556257369922,0,Amazon,Inner-SP-KW-Creatine Gummies-creatine-BM-CPC-70,313950625346433,0,1,0,0,creatine,0,0,0,2,197748004457307,USD,0,2,B0FNBYKPZT,Inner-SP-KW-Creatine Gummies-creatine-BM-CPC-70,0,spPurchasedProduct,US,INNERBRIGHTNESS,spPurchasedProduct_innerbrightness_US_2026-03-21_2026-04-20.json,2026-04-21 01:59:21
14117,2026-04-21 01:59:21.593454,2026-04-21 01:59:21.593454,2026-04-08,407556257369922,0,0,BROAD,0,0,0,0,0,343251949063559,0,creatine,0.0,0,0.0,0,0.0,IBU_CTMP_12G1F,B0FNBN38V4,BROAD,0,0,creatine,0.0,0,407556257369922,0,Amazon,Inner-SP-KW-Creatine Gummies-creatine-BM-CPC-70,313950625346433,0,0,0,0,creatine,0,0,0,0,197748004457307,USD,0,0,B0FNBYKPZT,Inner-SP-KW-Creatine Gummies-creatine-BM-CPC-70,0,spPurchasedProduct,US,INNERBRIGHTNESS,spPurchasedProduct_innerbrightness_US_2026-03-21_2026-04-20.json,2026-04-21 01:59:21
14118,2026-04-21 01:59:21.593454,2026-04-21 01:59:21.593454,2026-04-10,407556257369922,1,0,BROAD,0,1,0,1,0,343251949063559,0,creatine,29.99,0,29.99,1,0.0,IBU_CTMP_12G1F,B0FNBN38V4,BROAD,0,0,creatine,29.99,0,407556257369922,0,Amazon,Inner-SP-KW-Creatine Gummies-creatine-BM-CPC-70,313950625346433,0,0,0,0,creatine,0,0,0,1,197748004457307,USD,0,1,B0FNBYKPZT,Inner-SP-KW-Creatine Gummies-creatine-BM-CPC-70,0,spPurchasedProduct,US,INNERBRIGHTNESS,spPurchasedProduct_innerbrightness_US_2026-03-21_2026-04-20.json,2026-04-21 01:59:21
14126,2026-04-21 01:59:21.593454,2026-04-21 01:59:21.593454,2026-04-04,407556257369922,2,0,BROAD,0,2,0,2,0,343251949063559,0,creatine,59.98,0,59.98,2,29.99,IBU_CTMP_12G1F,B0FNBN38V4,BROAD,0,1,creatine,59.98,0,407556257369922,0,Amazon,Inner-SP-KW-Creatine Gummies-creatine-BM-CPC-70,313950625346433,0,1,0,0,creatine,0,0,0,2,197748004457307,USD,0,2,B0GJ66LHGM,Inner-SP-KW-Creatine Gummies-creatine-BM-CPC-70,0,spPurchasedProduct,US,INNERBRIGHTNESS,spPurchasedProduct_innerbrightness_US_2026-03-21_2026-04-20.json,2026-04-21 01:59:21
14127,2026-04-21 01:59:21.593454,2026-04-21 01:59:21.593454,2026-04-06,407556257369922,0,0,BROAD,0,0,0,0,0,343251949063559,0,creatine,0.0,0,0.0,0,0.0,IBU_CTMP_12G1F,B0FNBN38V4,BROAD,0,0,creatine,0.0,0,407556257369922,0,Amazon,Inner-SP-KW-Creatine Gummies-creatine-BM-CPC-70,313950625346433,0,0,0,0,creatine,0,0,0,0,197748004457307,USD,0,0,B0GJ66LHGM,Inner-SP-KW-Creatine Gummies-creatine-BM-CPC-70,0,spPurchasedProduct,US,INNERBRIGHTNESS,spPurchasedProduct_innerbrightness_US_2026-03-21_2026-04-20.json,2026-04-21 01:59:21
14128,2026-04-21 01:59:21.593454,2026-04-21 01:59:21.593454,2026-04-07,407556257369922,1,0,BROAD,0,1,0,1,0,343251949063559,0,creatine,29.99,0,29.99,1,29.99,IBU_CTMP_12G1F,B0FNBN38V4,BROAD,0,1,creatine,29.99,0,407556257369922,0,Amazon,Inner-SP-KW-Creatine Gummies-creatine-BM-CPC-70,313950625346433,0,1,0,0,creatine,0,0,0,1,197748004457307,USD,0,1,B0GJ66LHGM,Inner-SP-KW-Creatine Gummies-creatine-BM-CPC-70,0,spPurchasedProduct,US,INNERBRIGHTNESS,spPurchasedProduct_innerbrightness_US_2026-03-21_2026-04-20.json,2026-04-21 01:59:21
14129,2026-04-21 01:59:21.593454,2026-04-21 01:59:21.593454,2026-04-09,407556257369922,1,0,BROAD,0,1,0,1,0,343251949063559,0,creatine,29.99,0,29.99,1,29.99,IBU_CTMP_12G1F,B0FNBN38V4,BROAD,0,1,creatine,29.99,0,407556257369922,0,Amazon,Inner-SP-KW-Creatine Gummies-creatine-BM-CPC-70,313950625346433,0,1,0,0,creatine,0,0,0,1,197748004457307,USD,0,1,B0GJ66LHGM,Inner-SP-KW-Creatine Gummies-creatine-BM-CPC-70,0,spPurchasedProduct,US,INNERBRIGHTNESS,spPurchasedProduct_innerbrightness_US_2026-03-21_2026-04-20.json,2026-04-21 01:59:21
14136,2026-04-21 01:59:21.593454,2026-04-21 01:59:21.593454,2026-04-04,365290665079448,1,0,EXACT,0,1,0,1,0,531228150922353,0,creatine,29.99,0,29.99,1,29.99,IBU_CTMP_12G1F,B0FNBN38V4,EXACT,0,1,creatine,29.99,0,365290665079448,0,Amazon,Inner-SP-KW-Creatine Gummies-creatine-EM-CPC-60,427396974780100,0,1,0,0,creatine,0,0,0,1,197748004457307,USD,0,1,B0FNBYKPZT,Inner-SP-KW-Creatine Gummies-creatine-EM-CPC-60,0,spPurchasedProduct,US,INNERBRIGHTNESS,spPurchasedProduct_innerbrightness_US_2026-03-21_2026-04-20.json,2026-04-21 01:59:21
14137,2026-04-21 01:59:21.593454,2026-04-21 01:59:21.593454,2026-04-05,365290665079448,0,0,EXACT,0,0,0,0,0,531228150922353,0,creatine,0.0,0,0.0,0,0.0,IBU_CTMP_12G1F,B0FNBN38V4,EXACT,0,0,creatine,0.0,0,365290665079448,0,Amazon,Inner-SP-KW-Creatine Gummies-creatine-EM-CPC-60,427396974780100,0,0,0,0,creatine,0,0,0,0,197748004457307,USD,0,0,B0FNBYKPZT,Inner-SP-KW-Creatine Gummies-creatine-EM-CPC-60,0,spPurchasedProduct,US,INNERBRIGHTNESS,spPurchasedProduct_innerbrightness_US_2026-03-21_2026-04-20.json,2026-04-21 01:59:21
14138,2026-04-21 01:59:21.593454,2026-04-21 01:59:21.593454,2026-04-06,365290665079448,5,0,EXACT,0,5,0,5,0,531228150922353,0,creatine,149.95,0,149.95,5,149.95,IBU_CTMP_12G1F,B0FNBN38V4,EXACT,0,5,creatine,149.95,0,365290665079448,0,Amazon,Inner-SP-KW-Creatine Gummies-creatine-EM-CPC-60,427396974780100,0,5,0,0,creatine,0,0,0,5,197748004457307,USD,0,5,B0FNBYKPZT,Inner-SP-KW-Creatine Gummies-creatine-EM-CPC-60,0,spPurchasedProduct,US,INNERBRIGHTNESS,spPurchasedProduct_innerbrightness_US_2026-03-21_2026-04-20.json,2026-04-21 01:59:21
14139,2026-04-21 01:59:21.593454,2026-04-21 01:59:21.593454,2026-04-07,365290665079448,2,0,EXACT,0,2,0,2,0,531228150922353,0,creatine,59.98,0,59.98,2,59.98,IBU_CTMP_12G1F,B0FNBN38V4,EXACT,0,2,creatine,59.98,0,365290665079448,0,Amazon,Inner-SP-KW-Creatine Gummies-creatine-EM-CPC-60,427396974780100,0,2,0,0,creatine,0,0,0,2,197748004457307,USD,0,2,B0FNBYKPZT,Inner-SP-KW-Creatine Gummies-creatine-EM-CPC-60,0,spPurchasedProduct,US,INNERBRIGHTNESS,spPurchasedProduct_innerbrightness_US_2026-03-21_2026-04-20.json,2026-04-21 01:59:21
14140,2026-04-21 01:59:21.593454,2026-04-21 01:59:21.593454,2026-04-08,365290665079448,5,0,EXACT,0,5,0,5,0,531228150922353,0,creatine,149.95,0,149.95,5,119.96,IBU_CTMP_12G1F,B0FNBN38V4,EXACT,0,4,creatine,149.95,0,365290665079448,0,Amazon,Inner-SP-KW-Creatine Gummies-creatine-EM-CPC-60,427396974780100,0,4,0,0,creatine,0,0,0,5,197748004457307,USD,0,5,B0FNBYKPZT,Inner-SP-KW-Creatine Gummies-creatine-EM-CPC-60,0,spPurchasedProduct,US,INNERBRIGHTNESS,spPurchasedProduct_innerbrightness_US_2026-03-21_2026-04-20.json,2026-04-21 01:59:21
14141,2026-04-21 01:59:21.593454,2026-04-21 01:59:21.593454,2026-04-09,365290665079448,2,0,EXACT,0,2,0,2,0,531228150922353,0,creatine,59.98,0,59.98,2,59.98,IBU_CTMP_12G1F,B0FNBN38V4,EXACT,0,2,creatine,59.98,0,365290665079448,0,Amazon,Inner-SP-KW-Creatine Gummies-creatine-EM-CPC-60,427396974780100,0,2,0,0,creatine,0,0,0,2,197748004457307,USD,0,2,B0FNBYKPZT,Inner-SP-KW-Creatine Gummies-creatine-EM-CPC-60,0,spPurchasedProduct,US,INNERBRIGHTNESS,spPurchasedProduct_innerbrightness_US_2026-03-21_2026-04-20.json,2026-04-21 01:59:21
14142,2026-04-21 01:59:21.593454,2026-04-21 01:59:21.593454,2026-04-10,365290665079448,2,0,EXACT,0,3,0,3,0,531228150922353,0,creatine,80.11,0,80.11,2,59.98,IBU_CTMP_12G1F,B0FNBN38V4,EXACT,0,2,creatine,59.98,0,365290665079448,0,Amazon,Inner-SP-KW-Creatine Gummies-creatine-EM-CPC-60,427396974780100,0,2,0,0,creatine,0,0,0,3,197748004457307,USD,0,3,B0FNBYKPZT,Inner-SP-KW-Creatine Gummies-creatine-EM-CPC-60,0,spPurchasedProduct,US,INNERBRIGHTNESS,spPurchasedProduct_innerbrightness_US_2026-03-21_2026-04-20.json,2026-04-21 01:59:21
14145,2026-04-21 01:59:21.593454,2026-04-21 01:59:21.593454,2026-04-04,365290665079448,1,0,EXACT,0,1,0,1,0,531228150922353,0,creatine,29.99,0,29.99,1,29.99,IBU_CTMP_12G1F,B0FNBN38V4,EXACT,0,1,creatine,29.99,0,365290665079448,0,Amazon,Inner-SP-KW-Creatine Gummies-creatine-EM-CPC-60,427396974780100,0,1,0,0,creatine,0,0,0,1,197748004457307,USD,0,1,B0GJ66LHGM,Inner-SP-KW-Creatine Gummies-creatine-EM-CPC-60,0,spPurchasedProduct,US,INNERBRIGHTNESS,spPurchasedProduct_innerbrightness_US_2026-03-21_2026-04-20.json,2026-04-21 01:59:21
14146,2026-04-21 01:59:21.593454,2026-04-21 01:59:21.593454,2026-04-06,365290665079448,1,0,EXACT,0,1,0,1,0,531228150922353,0,creatine,29.99,0,29.99,1,29.99,IBU_CTMP_12G1F,B0FNBN38V4,EXACT,0,1,creatine,29.99,0,365290665079448,0,Amazon,Inner-SP-KW-Creatine Gummies-creatine-EM-CPC-60,427396974780100,0,1,0,0,creatine,0,0,0,1,197748004457307,USD,0,1,B0GJ66LHGM,Inner-SP-KW-Creatine Gummies-creatine-EM-CPC-60,0,spPurchasedProduct,US,INNERBRIGHTNESS,spPurchasedProduct_innerbrightness_US_2026-03-21_2026-04-20.json,2026-04-21 01:59:21
14147,2026-04-21 01:59:21.593454,2026-04-21 01:59:21.593454,2026-04-07,365290665079448,2,0,EXACT,0,2,0,2,0,531228150922353,0,creatine,59.98,0,59.98,2,59.98,IBU_CTMP_12G1F,B0FNBN38V4,EXACT,0,2,creatine,59.98,0,365290665079448,0,Amazon,Inner-SP-KW-Creatine Gummies-creatine-EM-CPC-60,427396974780100,0,2,0,0,creatine,0,0,0,2,197748004457307,USD,0,2,B0GJ66LHGM,Inner-SP-KW-Creatine Gummies-creatine-EM-CPC-60,0,spPurchasedProduct,US,INNERBRIGHTNESS,spPurchasedProduct_innerbrightness_US_2026-03-21_2026-04-20.json,2026-04-21 01:59:21
14148,2026-04-21 01:59:21.593454,2026-04-21 01:59:21.593454,2026-04-08,365290665079448,1,0,EXACT,0,1,0,1,0,531228150922353,0,creatine,29.99,0,29.99,1,29.99,IBU_CTMP_12G1F,B0FNBN38V4,EXACT,0,1,creatine,29.99,0,365290665079448,0,Amazon,Inner-SP-KW-Creatine Gummies-creatine-EM-CPC-60,427396974780100,0,1,0,0,creatine,0,0,0,1,197748004457307,USD,0,1,B0GJ66LHGM,Inner-SP-KW-Creatine Gummies-creatine-EM-CPC-60,0,spPurchasedProduct,US,INNERBRIGHTNESS,spPurchasedProduct_innerbrightness_US_2026-03-21_2026-04-20.json,2026-04-21 01:59:21
14149,2026-04-21 01:59:21.593454,2026-04-21 01:59:21.593454,2026-04-09,365290665079448,1,0,EXACT,0,1,0,1,0,531228150922353,0,creatine,29.99,0,29.99,1,29.99,IBU_CTMP_12G1F,B0FNBN38V4,EXACT,0,1,creatine,29.99,0,365290665079448,0,Amazon,Inner-SP-KW-Creatine Gummies-creatine-EM-CPC-60,427396974780100,0,1,0,0,creatine,0,0,0,1,197748004457307,USD,0,1,B0GJ66LHGM,Inner-SP-KW-Creatine Gummies-creatine-EM-CPC-60,0,spPurchasedProduct,US,INNERBRIGHTNESS,spPurchasedProduct_innerbrightness_US_2026-03-21_2026-04-20.json,2026-04-21 01:59:21
14150,2026-04-21 01:59:21.593454,2026-04-21 01:59:21.593454,2026-04-10,365290665079448,2,0,EXACT,0,2,0,2,0,531228150922353,0,creatine,59.98,0,59.98,2,59.98,IBU_CTMP_12G1F,B0FNBN38V4,EXACT,0,2,creatine,59.98,0,365290665079448,0,Amazon,Inner-SP-KW-Creatine Gummies-creatine-EM-CPC-60,427396974780100,0,2,0,0,creatine,0,0,0,2,197748004457307,USD,0,2,B0GJ66LHGM,Inner-SP-KW-Creatine Gummies-creatine-EM-CPC-60,0,spPurchasedProduct,US,INNERBRIGHTNESS,spPurchasedProduct_innerbrightness_US_2026-03-21_2026-04-20.json,2026-04-21 01:59:21
14152,2026-04-21 01:59:21.593454,2026-04-21 01:59:21.593454,2026-04-08,519438190071766,0,0,EXACT,0,0,0,0,0,553363763288089,0,berberine with ceylon cinnamon,0.0,0,0.0,0,0.0,IBU_BBUF_06C1,B0G25Y3DVZ,EXACT,0,0,berberine with ceylon cinnamon,0.0,0,519438190071766,0,Amazon,Inner-SP-KW-Berberine Capsules-EM-berberine with ceylon cinnamon-1w,486037133623874,0,0,0,0,berberine with ceylon cinnamon,0,0,0,0,189812334889736,USD,0,0,B0DN5QQLB6,Inner-SP-KW-Berberine Capsules-EM-berberine with ceylon cinnamon-1w,0,spPurchasedProduct,US,INNERBRIGHTNESS,spPurchasedProduct_innerbrightness_US_2026-03-21_2026-04-20.json,2026-04-21 01:59:21
14170,2026-04-21 01:59:21.593454,2026-04-21 01:59:21.593454,2026-04-04,369202946261989,2,0,PHRASE,0,2,0,2,0,423666555472075,0,magnesium glycinate,53.98,0,53.98,2,53.98,IBM_MGMB_06G1FR,B0DKT3PXRP,PHRASE,0,2,magnesium glycinate,53.98,0,369202946261989,0,Amazon,Inner-SP-KW-gumm-magnesium glaycinate-PM-CPC-56,399896724869227,0,2,0,0,magnesium glycinate,0,0,0,2,269179459475581,USD,0,2,B0DN5QQLB6,Inner-SP-KW-gumm-magnesium glaycinate-PM-CPC-56,0,spPurchasedProduct,US,INNERBRIGHTNESS,spPurchasedProduct_innerbrightness_US_2026-03-21_2026-04-20.json,2026-04-21 01:59:21
14171,2026-04-21 01:59:21.593454,2026-04-21 01:59:21.593454,2026-04-05,369202946261989,5,0,PHRASE,0,5,0,5,0,423666555472075,0,magnesium glycinate,134.95,0,134.95,5,134.95,IBM_MGMB_06G1FR,B0DKT3PXRP,PHRASE,0,5,magnesium glycinate,134.95,0,369202946261989,0,Amazon,Inner-SP-KW-gumm-magnesium glaycinate-PM-CPC-56,399896724869227,0,5,0,0,magnesium glycinate,0,0,0,5,269179459475581,USD,0,5,B0DN5QQLB6,Inner-SP-KW-gumm-magnesium glaycinate-PM-CPC-56,0,spPurchasedProduct,US,INNERBRIGHTNESS,spPurchasedProduct_innerbrightness_US_2026-03-21_2026-04-20.json,2026-04-21 01:59:21
14172,2026-04-21 01:59:21.593454,2026-04-21 01:59:21.593454,2026-04-06,369202946261989,6,0,PHRASE,0,6,0,6,0,423666555472075,0,magnesium glycinate,161.94,0,161.94,6,161.94,IBM_MGMB_06G1FR,B0DKT3PXRP,PHRASE,0,6,magnesium glycinate,161.94,0,369202946261989,0,Amazon,Inner-SP-KW-gumm-magnesium glaycinate-PM-CPC-56,399896724869227,0,6,0,0,magnesium glycinate,0,0,0,6,269179459475581,USD,0,6,B0DN5QQLB6,Inner-SP-KW-gumm-magnesium glaycinate-PM-CPC-56,0,spPurchasedProduct,US,INNERBRIGHTNESS,spPurchasedProduct_innerbrightness_US_2026-03-21_2026-04-20.json,2026-04-21 01:59:21
14173,2026-04-21 01:59:21.593454,2026-04-21 01:59:21.593454,2026-04-07,369202946261989,3,0,PHRASE,0,3,0,3,0,423666555472075,0,magnesium glycinate,83.97,0,83.97,3,55.98,IBM_MGMB_06G1FR,B0DKT3PXRP,PHRASE,0,2,magnesium glycinate,83.97,0,369202946261989,0,Amazon,Inner-SP-KW-gumm-magnesium glaycinate-PM-CPC-56,399896724869227,0,2,0,0,magnesium glycinate,0,0,0,3,269179459475581,USD,0,3,B0DN5QQLB6,Inner-SP-KW-gumm-magnesium glaycinate-PM-CPC-56,0,spPurchasedProduct,US,INNERBRIGHTNESS,spPurchasedProduct_innerbrightness_US_2026-03-21_2026-04-20.json,2026-04-21 01:59:21
14174,2026-04-21 01:59:21.593454,2026-04-21 01:59:21.593454,2026-04-08,369202946261989,4,0,PHRASE,0,5,0,5,0,423666555472075,0,magnesium glycinate,136.94,0,136.94,4,83.97,IBM_MGMB_06G1FR,B0DKT3PXRP,PHRASE,0,3,magnesium glycinate,111.96,0,369202946261989,0,Amazon,Inner-SP-KW-gumm-magnesium glaycinate-PM-CPC-56,399896724869227,0,3,0,0,magnesium glycinate,0,0,0,5,269179459475581,USD,0,5,B0DN5QQLB6,Inner-SP-KW-gumm-magnesium glaycinate-PM-CPC-56,0,spPurchasedProduct,US,INNERBRIGHTNESS,spPurchasedProduct_innerbrightness_US_2026-03-21_2026-04-20.json,2026-04-21 01:59:21
14175,2026-04-21 01:59:21.593454,2026-04-21 01:59:21.593454,2026-04-09,369202946261989,3,0,PHRASE,0,3,0,3,0,423666555472075,0,magnesium glycinate,80.96,0,80.96,3,55.98,IBM_MGMB_06G1FR,B0DKT3PXRP,PHRASE,0,2,magnesium glycinate,80.96,0,369202946261989,0,Amazon,Inner-SP-KW-gumm-magnesium glaycinate-PM-CPC-56,399896724869227,0,2,0,0,magnesium glycinate,0,0,0,3,269179459475581,USD,0,3,B0DN5QQLB6,Inner-SP-KW-gumm-magnesium glaycinate-PM-CPC-56,0,spPurchasedProduct,US,INNERBRIGHTNESS,spPurchasedProduct_innerbrightness_US_2026-03-21_2026-04-20.json,2026-04-21 01:59:21
14176,2026-04-21 01:59:21.593454,2026-04-21 01:59:21.593454,2026-04-10,369202946261989,1,0,PHRASE,0,1,0,1,0,423666555472075,0,magnesium glycinate,27.99,0,27.99,1,27.99,IBM_MGMB_06G1FR,B0DKT3PXRP,PHRASE,0,1,magnesium glycinate,27.99,0,369202946261989,0,Amazon,Inner-SP-KW-gumm-magnesium glaycinate-PM-CPC-56,399896724869227,0,1,0,0,magnesium glycinate,0,0,0,1,269179459475581,USD,0,1,B0DN5QQLB6,Inner-SP-KW-gumm-magnesium glaycinate-PM-CPC-56,0,spPurchasedProduct,US,INNERBRIGHTNESS,spPurchasedProduct_innerbrightness_US_2026-03-21_2026-04-20.json,2026-04-21 01:59:21
14179,2026-04-21 01:59:21.593454,2026-04-21 01:59:21.593454,2026-04-05,369202946261989,1,0,PHRASE,0,1,0,1,0,423666555472075,0,magnesium glycinate,23.99,0,23.99,1,23.99,IBM_MGMB_06G1FR,B0DKT3PXRP,PHRASE,0,1,magnesium glycinate,23.99,0,369202946261989,0,Amazon,Inner-SP-KW-gumm-magnesium glaycinate-PM-CPC-56,399896724869227,0,1,0,0,magnesium glycinate,0,0,0,1,269179459475581,USD,0,1,B0G26383JK,Inner-SP-KW-gumm-magnesium glaycinate-PM-CPC-56,0,spPurchasedProduct,US,INNERBRIGHTNESS,spPurchasedProduct_innerbrightness_US_2026-03-21_2026-04-20.json,2026-04-21 01:59:21
14185,2026-04-21 01:59:21.593454,2026-04-21 01:59:21.593454,2026-04-05,496504625848680,1,0,EXACT,0,1,0,1,0,515353240338806,0,magnesium,26.99,0,26.99,1,26.99,IBM_MGMB_06G1FR,B0DKT3PXRP,EXACT,0,1,magnesium,26.99,0,496504625848680,0,Amazon,Inner-SP-KW-gumm-magnesium-EM-CPC-222,423904171460856,0,1,0,0,magnesium,0,0,0,1,269179459475581,USD,0,1,B0DN5QQLB6,Inner-SP-KW-gumm-magnesium-EM-CPC-222,0,spPurchasedProduct,US,INNERBRIGHTNESS,spPurchasedProduct_innerbrightness_US_2026-03-21_2026-04-20.json,2026-04-21 01:59:21
14186,2026-04-21 01:59:21.593454,2026-04-21 01:59:21.593454,2026-04-07,496504625848680,1,0,EXACT,0,1,0,1,0,515353240338806,0,magnesium,27.99,0,27.99,1,27.99,IBM_MGMB_06G1FR,B0DKT3PXRP,EXACT,0,1,magnesium,27.99,0,496504625848680,0,Amazon,Inner-SP-KW-gumm-magnesium-EM-CPC-222,423904171460856,0,1,0,0,magnesium,0,0,0,1,269179459475581,USD,0,1,B0DN5QQLB6,Inner-SP-KW-gumm-magnesium-EM-CPC-222,0,spPurchasedProduct,US,INNERBRIGHTNESS,spPurchasedProduct_innerbrightness_US_2026-03-21_2026-04-20.json,2026-04-21 01:59:21
14187,2026-04-21 01:59:21.593454,2026-04-21 01:59:21.593454,2026-04-09,496504625848680,1,0,EXACT,0,1,0,1,0,515353240338806,0,magnesium,27.99,0,27.99,1,27.99,IBM_MGMB_06G1FR,B0DKT3PXRP,EXACT,0,1,magnesium,27.99,0,496504625848680,0,Amazon,Inner-SP-KW-gumm-magnesium-EM-CPC-222,423904171460856,0,1,0,0,magnesium,0,0,0,1,269179459475581,USD,0,1,B0DN5QQLB6,Inner-SP-KW-gumm-magnesium-EM-CPC-222,0,spPurchasedProduct,US,INNERBRIGHTNESS,spPurchasedProduct_innerbrightness_US_2026-03-21_2026-04-20.json,2026-04-21 01:59:21
14202,2026-04-21 01:59:21.593454,2026-04-21 01:59:21.593454,2026-04-04,340977619538363,4,0,EXACT,0,4,0,4,0,401692569369608,0,magnesium glycinate,107.96,0,107.96,4,107.96,IBM_MGMB_06G1FR,B0DKT3PXRP,EXACT,0,4,magnesium glycinate,107.96,0,340977619538363,0,Amazon,Inner-SP-KW-gumm-magnesium glycinate-EM-54,298402294383592,0,4,0,0,magnesium glycinate,0,0,0,4,269179459475581,USD,0,4,B0DN5QQLB6,Inner-SP-KW-gumm-magnesium glycinate-EM-54,0,spPurchasedProduct,US,INNERBRIGHTNESS,spPurchasedProduct_innerbrightness_US_2026-03-21_2026-04-20.json,2026-04-21 01:59:21
14203,2026-04-21 01:59:21.593454,2026-04-21 01:59:21.593454,2026-04-05,340977619538363,2,0,EXACT,0,2,0,2,0,401692569369608,0,magnesium glycinate,53.98,0,53.98,2,53.98,IBM_MGMB_06G1FR,B0DKT3PXRP,EXACT,0,2,magnesium glycinate,53.98,0,340977619538363,0,Amazon,Inner-SP-KW-gumm-magnesium glycinate-EM-54,298402294383592,0,2,0,0,magnesium glycinate,0,0,0,2,269179459475581,USD,0,2,B0DN5QQLB6,Inner-SP-KW-gumm-magnesium glycinate-EM-54,0,spPurchasedProduct,US,INNERBRIGHTNESS,spPurchasedProduct_innerbrightness_US_2026-03-21_2026-04-20.json,2026-04-21 01:59:21
14204,2026-04-21 01:59:21.593454,2026-04-21 01:59:21.593454,2026-04-06,340977619538363,2,0,EXACT,0,2,0,2,0,401692569369608,0,magnesium glycinate,53.98,0,53.98,2,53.98,IBM_MGMB_06G1FR,B0DKT3PXRP,EXACT,0,2,magnesium glycinate,53.98,0,340977619538363,0,Amazon,Inner-SP-KW-gumm-magnesium glycinate-EM-54,298402294383592,0,2,0,0,magnesium glycinate,0,0,0,2,269179459475581,USD,0,2,B0DN5QQLB6,Inner-SP-KW-gumm-magnesium glycinate-EM-54,0,spPurchasedProduct,US,INNERBRIGHTNESS,spPurchasedProduct_innerbrightness_US_2026-03-21_2026-04-20.json,2026-04-21 01:59:21
14205,2026-04-21 01:59:21.593454,2026-04-21 01:59:21.593454,2026-04-07,340977619538363,1,0,EXACT,0,1,0,1,0,401692569369608,0,magnesium glycinate,27.99,0,27.99,1,27.99,IBM_MGMB_06G1FR,B0DKT3PXRP,EXACT,0,1,magnesium glycinate,27.99,0,340977619538363,0,Amazon,Inner-SP-KW-gumm-magnesium glycinate-EM-54,298402294383592,0,1,0,0,magnesium glycinate,0,0,0,1,269179459475581,USD,0,1,B0DN5QQLB6,Inner-SP-KW-gumm-magnesium glycinate-EM-54,0,spPurchasedProduct,US,INNERBRIGHTNESS,spPurchasedProduct_innerbrightness_US_2026-03-21_2026-04-20.json,2026-04-21 01:59:21
14216,2026-04-21 01:59:21.593454,2026-04-21 01:59:21.593454,2026-04-04,551282443934041,4,0,TARGETING_EXPRESSION_PREDEFINED,0,4,0,4,0,285469202359062,0,close-match,107.96,0,107.96,4,107.96,IBM_MGMB_06G1FR,B0DKT3PXRP,TARGETING_EXPRESSION_PREDEFINED,0,4,close-match,107.96,0,551282443934041,0,Amazon,Inner-SP-Auto-gumm-magnesium-CPC-Low bid,558606714617685,0,4,0,0,close-match,0,0,0,4,269179459475581,USD,0,4,B0DN5QQLB6,Inner-SP-Auto-gumm-magnesium-CPC-Low bid,0,spPurchasedProduct,US,INNERBRIGHTNESS,spPurchasedProduct_innerbrightness_US_2026-03-21_2026-04-20.json,2026-04-21 01:59:21
14217,2026-04-21 01:59:21.593454,2026-04-21 01:59:21.593454,2026-04-05,551282443934041,3,0,TARGETING_EXPRESSION_PREDEFINED,0,3,0,3,0,285469202359062,0,close-match,80.97,0,80.97,3,80.97,IBM_MGMB_06G1FR,B0DKT3PXRP,TARGETING_EXPRESSION_PREDEFINED,0,3,close-match,80.97,0,551282443934041,0,Amazon,Inner-SP-Auto-gumm-magnesium-CPC-Low bid,558606714617685,0,3,0,0,close-match,0,0,0,3,269179459475581,USD,0,3,B0DN5QQLB6,Inner-SP-Auto-gumm-magnesium-CPC-Low bid,0,spPurchasedProduct,US,INNERBRIGHTNESS,spPurchasedProduct_innerbrightness_US_2026-03-21_2026-04-20.json,2026-04-21 01:59:21
14218,2026-04-21 01:59:21.593454,2026-04-21 01:59:21.593454,2026-04-06,551282443934041,3,0,TARGETING_EXPRESSION_PREDEFINED,0,4,0,4,0,285469202359062,0,close-match,107.96,0,107.96,4,107.96,IBM_MGMB_06G1FR,B0DKT3PXRP,TARGETING_EXPRESSION_PREDEFINED,0,3,close-match,107.96,0,551282443934041,0,Amazon,Inner-SP-Auto-gumm-magnesium-CPC-Low bid,558606714617685,0,4,0,0,close-match,0,0,0,3,269179459475581,USD,0,3,B0DN5QQLB6,Inner-SP-Auto-gumm-magnesium-CPC-Low bid,0,spPurchasedProduct,US,INNERBRIGHTNESS,spPurchasedProduct_innerbrightness_US_2026-03-21_2026-04-20.json,2026-04-21 01:59:21
14219,2026-04-21 01:59:21.593454,2026-04-21 01:59:21.593454,2026-04-07,551282443934041,10,0,TARGETING_EXPRESSION_PREDEFINED,0,10,0,10,0,285469202359062,0,close-match,276.89,0,276.89,10,195.93,IBM_MGMB_06G1FR,B0DKT3PXRP,TARGETING_EXPRESSION_PREDEFINED,0,7,close-match,276.89,0,551282443934041,0,Amazon,Inner-SP-Auto-gumm-magnesium-CPC-Low bid,558606714617685,0,7,0,0,close-match,0,0,0,10,269179459475581,USD,0,10,B0DN5QQLB6,Inner-SP-Auto-gumm-magnesium-CPC-Low bid,0,spPurchasedProduct,US,INNERBRIGHTNESS,spPurchasedProduct_innerbrightness_US_2026-03-21_2026-04-20.json,2026-04-21 01:59:21
14220,2026-04-21 01:59:21.593454,2026-04-21 01:59:21.593454,2026-04-08,551282443934041,8,0,TARGETING_EXPRESSION_PREDEFINED,0,8,0,8,0,285469202359062,0,close-match,223.92,0,223.92,8,195.93,IBM_MGMB_06G1FR,B0DKT3PXRP,TARGETING_EXPRESSION_PREDEFINED,0,7,close-match,223.92,0,551282443934041,0,Amazon,Inner-SP-Auto-gumm-magnesium-CPC-Low bid,558606714617685,0,7,0,0,close-match,0,0,0,8,269179459475581,USD,0,8,B0DN5QQLB6,Inner-SP-Auto-gumm-magnesium-CPC-Low bid,0,spPurchasedProduct,US,INNERBRIGHTNESS,spPurchasedProduct_innerbrightness_US_2026-03-21_2026-04-20.json,2026-04-21 01:59:21
14221,2026-04-21 01:59:21.593454,2026-04-21 01:59:21.593454,2026-04-09,551282443934041,6,0,TARGETING_EXPRESSION_PREDEFINED,0,6,0,6,0,285469202359062,0,close-match,167.94,0,167.94,6,167.94,IBM_MGMB_06G1FR,B0DKT3PXRP,TARGETING_EXPRESSION_PREDEFINED,0,6,close-match,167.94,0,551282443934041,0,Amazon,Inner-SP-Auto-gumm-magnesium-CPC-Low bid,558606714617685,0,6,0,0,close-match,0,0,0,6,269179459475581,USD,0,6,B0DN5QQLB6,Inner-SP-Auto-gumm-magnesium-CPC-Low bid,0,spPurchasedProduct,US,INNERBRIGHTNESS,spPurchasedProduct_innerbrightness_US_2026-03-21_2026-04-20.json,2026-04-21 01:59:21
14222,2026-04-21 01:59:21.593454,2026-04-21 01:59:21.593454,2026-04-10,551282443934041,10,0,TARGETING_EXPRESSION_PREDEFINED,0,10,0,10,0,285469202359062,0,close-match,276.89,0,276.89,10,251.91,IBM_MGMB_06G1FR,B0DKT3PXRP,TARGETING_EXPRESSION_PREDEFINED,0,9,close-match,276.89,0,551282443934041,0,Amazon,Inner-SP-Auto-gumm-magnesium-CPC-Low bid,558606714617685,0,9,0,0,close-match,0,0,0,10,269179459475581,USD,0,10,B0DN5QQLB6,Inner-SP-Auto-gumm-magnesium-CPC-Low bid,0,spPurchasedProduct,US,INNERBRIGHTNESS,spPurchasedProduct_innerbrightness_US_2026-03-21_2026-04-20.json,2026-04-21 01:59:21
14224,2026-04-21 01:59:21.593454,2026-04-21 01:59:21.593454,2026-04-05,432790521304689,1,0,BROAD,0,1,0,1,0,554794794836811,0,berberine supplement,22.59,0,22.59,1,22.59,IBU_BBUF_06C1,B0G25Y3DVZ,BROAD,0,1,berberine supplement,22.59,0,432790521304689,0,Amazon,Inner-SP-KW-Berberine Capsules-PM-Berberine,492405995934092,0,1,0,0,berberine supplement,0,0,0,1,189812334889736,USD,0,1,B0FYFBZ7W5,Inner-SP-KW-Berberine Capsules-PM-Berberine Supplement-2k,0,spPurchasedProduct,US,INNERBRIGHTNESS,spPurchasedProduct_innerbrightness_US_2026-03-21_2026-04-20.json,2026-04-21 01:59:21
14225,2026-04-21 01:59:21.593454,2026-04-21 01:59:21.593454,2026-04-10,342689666840399,1,0,BROAD,0,1,0,1,0,534961527455391,0,magnesium complex for women,27.99,0,27.99,1,27.99,IBU_MCUF_90C1,B0G26383JK,BROAD,0,1,magnesium complex for women,27.99,0,342689666840399,0,Amazon,Inner-SP-KW-Complex-magnesium complex for women-BM-CPC-1k,385122874231334,0,1,0,0,magnesium complex for women,0,0,0,1,18976432727508,USD,0,1,B0DN5QQLB6,Inner-SP-KW-Complex-magnesium complex for women-BM-CPC-1k,0,spPurchasedProduct,US,INNERBRIGHTNESS,spPurchasedProduct_innerbrightness_US_2026-03-21_2026-04-20.json,2026-04-21 01:59:21
14244,2026-04-21 01:59:21.593454,2026-04-21 01:59:21.593454,2026-04-04,321320371298455,0,0,EXACT,0,0,0,0,0,439217402283731,0,magnesium glycinate gummies,0.0,0,0.0,0,0.0,IBM_MGMB_06G1FR,B0DKT3PXRP,EXACT,0,0,magnesium glycinate gummies,0.0,0,321320371298455,0,Amazon,Inner-SP-KW-gumm-magnesium glycinate gummies-EM-CPC-8k,552923299547324,0,0,0,0,magnesium glycinate gummies,0,0,0,0,269179459475581,USD,0,0,B0DN5QQLB6,Inner-SP-KW-gumm-magnesium glycinate gummies-EM-CPC-8k,0,spPurchasedProduct,US,INNERBRIGHTNESS,spPurchasedProduct_innerbrightness_US_2026-03-21_2026-04-20.json,2026-04-21 01:59:21
14245,2026-04-21 01:59:21.593454,2026-04-21 01:59:21.593454,2026-04-05,321320371298455,0,0,EXACT,0,0,0,0,0,439217402283731,0,magnesium glycinate gummies,0.0,0,0.0,0,0.0,IBM_MGMB_06G1FR,B0DKT3PXRP,EXACT,0,0,magnesium glycinate gummies,0.0,0,321320371298455,0,Amazon,Inner-SP-KW-gumm-magnesium glycinate gummies-EM-CPC-8k,552923299547324,0,0,0,0,magnesium glycinate gummies,0,0,0,0,269179459475581,USD,0,0,B0DN5QQLB6,Inner-SP-KW-gumm-magnesium glycinate gummies-EM-CPC-8k,0,spPurchasedProduct,US,INNERBRIGHTNESS,spPurchasedProduct_innerbrightness_US_2026-03-21_2026-04-20.json,2026-04-21 01:59:21
14246,2026-04-21 01:59:21.593454,2026-04-21 01:59:21.593454,2026-04-06,321320371298455,0,0,EXACT,0,0,0,0,0,439217402283731,0,magnesium glycinate gummies,0.0,0,0.0,0,0.0,IBM_MGMB_06G1FR,B0DKT3PXRP,EXACT,0,0,magnesium glycinate gummies,0.0,0,321320371298455,0,Amazon,Inner-SP-KW-gumm-magnesium glycinate gummies-EM-CPC-8k,552923299547324,0,0,0,0,magnesium glycinate gummies,0,0,0,0,269179459475581,USD,0,0,B0DN5QQLB6,Inner-SP-KW-gumm-magnesium glycinate gummies-EM-CPC-8k,0,spPurchasedProduct,US,INNERBRIGHTNESS,spPurchasedProduct_innerbrightness_US_2026-03-21_2026-04-20.json,2026-04-21 01:59:21
14247,2026-04-21 01:59:21.593454,2026-04-21 01:59:21.593454,2026-04-07,321320371298455,0,0,EXACT,0,0,0,0,0,439217402283731,0,magnesium glycinate gummies,0.0,0,0.0,0,0.0,IBM_MGMB_06G1FR,B0DKT3PXRP,EXACT,0,0,magnesium glycinate gummies,0.0,0,321320371298455,0,Amazon,Inner-SP-KW-gumm-magnesium glycinate gummies-EM-CPC-8k,552923299547324,0,0,0,0,magnesium glycinate gummies,0,0,0,0,269179459475581,USD,0,0,B0DN5QQLB6,Inner-SP-KW-gumm-magnesium glycinate gummies-EM-CPC-8k,0,spPurchasedProduct,US,INNERBRIGHTNESS,spPurchasedProduct_innerbrightness_US_2026-03-21_2026-04-20.json,2026-04-21 01:59:21
14248,2026-04-21 01:59:21.593454,2026-04-21 01:59:21.593454,2026-04-08,321320371298455,1,0,EXACT,0,1,0,1,0,439217402283731,0,magnesium glycinate gummies,27.99,0,27.99,1,27.99,IBM_MGMB_06G1FR,B0DKT3PXRP,EXACT,0,1,magnesium glycinate gummies,27.99,0,321320371298455,0,Amazon,Inner-SP-KW-gumm-magnesium glycinate gummies-EM-CPC-8k,552923299547324,0,1,0,0,magnesium glycinate gummies,0,0,0,1,269179459475581,USD,0,1,B0DN5QQLB6,Inner-SP-KW-gumm-magnesium glycinate gummies-EM-CPC-8k,0,spPurchasedProduct,US,INNERBRIGHTNESS,spPurchasedProduct_innerbrightness_US_2026-03-21_2026-04-20.json,2026-04-21 01:59:21
14253,2026-04-21 01:59:21.593454,2026-04-21 01:59:21.593454,2026-04-09,483703098565239,0,0,TARGETING_EXPRESSION_PREDEFINED,0,0,0,0,0,542233362908024,0,close-match,0.0,0,0.0,0,0.0,IBX_BIMB_06G1T,B0GJBFKQZC,TARGETING_EXPRESSION_PREDEFINED,0,0,close-match,0.0,0,483703098565239,0,Amazon,Inner-SP-KW-biotin gummies-Auto,2960493459434,0,0,0,0,close-match,0,0,0,0,105099487523342,USD,0,0,B0DN5QQLB6,Inner-SP-KW-biotin gummies-Auto,0,spPurchasedProduct,US,INNERBRIGHTNESS,spPurchasedProduct_innerbrightness_US_2026-03-21_2026-04-20.json,2026-04-21 01:59:21
14259,2026-04-21 01:59:21.593454,2026-04-21 01:59:21.593454,2026-04-08,405303792653147,1,0,EXACT,0,1,0,1,0,331857307014632,0,b complex,19.99,0,19.99,1,19.99,IBX_VBUF_90C1,B0GKSVSK3P,EXACT,0,1,b complex,19.99,0,405303792653147,0,Amazon,Inner-SP-KW-VB-b complex-EM-8K,133485526455499,0,1,0,0,b complex,0,0,0,1,128011262266839,USD,0,1,B0DKT3PXRP,Inner-SP-KW-VB-b complex-EM-8K,0,spPurchasedProduct,US,INNERBRIGHTNESS,spPurchasedProduct_innerbrightness_US_2026-03-21_2026-04-20.json,2026-04-21 01:59:21
14260,2026-04-21 01:59:21.593454,2026-04-21 01:59:21.593454,2026-04-10,348012246532570,2,0,TARGETING_EXPRESSION_PREDEFINED,0,3,0,3,0,343806971340416,0,close-match,83.97,0,83.97,3,83.97,IBM_MGMB_06G1FR,B0DKT3PXRP,TARGETING_EXPRESSION_PREDEFINED,0,2,close-match,83.97,0,348012246532570,0,Amazon,Inner-SP-Auto-gumm-magnesium-CPC-New,31526300125663,0,3,0,0,close-match,0,0,0,2,269179459475581,USD,0,2,B0DN5QQLB6,Inner-SP-Auto-gumm-magnesium-CPC-New,0,spPurchasedProduct,US,INNERBRIGHTNESS,spPurchasedProduct_innerbrightness_US_2026-03-21_2026-04-20.json,2026-04-21 01:59:21
14261,2026-04-21 01:59:21.593454,2026-04-21 01:59:21.593454,2026-04-10,348012246532570,1,0,TARGETING_EXPRESSION_PREDEFINED,0,1,0,1,0,343806971340416,0,close-match,23.99,0,23.99,1,23.99,IBM_MGMB_06G1FR,B0DKT3PXRP,TARGETING_EXPRESSION_PREDEFINED,0,1,close-match,23.99,0,348012246532570,0,Amazon,Inner-SP-Auto-gumm-magnesium-CPC-New,31526300125663,0,1,0,0,close-match,0,0,0,1,269179459475581,USD,0,1,B0G26383JK,Inner-SP-Auto-gumm-magnesium-CPC-New,0,spPurchasedProduct,US,INNERBRIGHTNESS,spPurchasedProduct_innerbrightness_US_2026-03-21_2026-04-20.json,2026-04-21 01:59:21
14262,2026-04-21 01:59:21.593454,2026-04-21 01:59:21.593454,2026-04-15,48334772974140,1,0,TARGETING_EXPRESSION,0,1,0,1,0,146743686725883,0,"asin=""B0DKT3PXRP""",24.98,0,24.98,1,24.98,IBM_MGMB_06G1FR,B0DKT3PXRP,TARGETING_EXPRESSION,0,1,"asin=""B0DKT3PXRP""",24.98,0,48334772974140,0,Amazon,Inner-SP-PT-gumm-mag-Defend-CPC,203667979592011,0,1,0,0,"asin=""B0DKT3PXRP""",0,0,0,1,269179459475581,USD,0,1,B0DN5QQLB6,Inner-SP-PT-gumm-mag-Defend-CPC,0,spPurchasedProduct,US,INNERBRIGHTNESS,spPurchasedProduct_innerbrightness_US_2026-03-21_2026-04-20.json,2026-04-21 01:59:21
14263,2026-04-21 01:59:21.593454,2026-04-21 01:59:21.593454,2026-04-16,415672664361434,1,0,EXACT,0,1,0,1,0,439851151117545,0,creatine gummies,13.99,0,13.99,1,13.99,IBU_CTMP_12G1F,B0FNBN38V4,EXACT,0,1,creatine gummies,13.99,0,415672664361434,0,Amazon,Inner-SP-KW-Creatine Gummies-creatine gummies-EM-CPC-800,297069838936079,0,1,0,0,creatine gummies,0,0,0,1,197748004457307,USD,0,1,B0DKT3PXRP,Inner-SP-KW-Creatine Gummies-creatine gummies-EM-CPC-800,0,spPurchasedProduct,US,INNERBRIGHTNESS,spPurchasedProduct_innerbrightness_US_2026-03-21_2026-04-20.json,2026-04-21 01:59:21
14264,2026-04-21 01:59:21.593454,2026-04-21 01:59:21.593454,2026-04-12,415672664361434,2,0,EXACT,0,2,0,2,0,439851151117545,0,creatine gummies,59.98,0,59.98,2,59.98,IBU_CTLM_12G1F,B0FNBYKPZT,EXACT,0,2,creatine gummies,59.98,0,415672664361434,0,Amazon,Inner-SP-KW-Creatine Gummies-creatine gummies-EM-CPC-800,297069838936079,0,2,0,0,creatine gummies,0,0,0,2,197748004457307,USD,0,2,B0FNBN38V4,Inner-SP-KW-Creatine Gummies-creatine gummies-EM-CPC-800,0,spPurchasedProduct,US,INNERBRIGHTNESS,spPurchasedProduct_innerbrightness_US_2026-03-21_2026-04-20.json,2026-04-21 01:59:21
14265,2026-04-21 01:59:21.593454,2026-04-21 01:59:21.593454,2026-04-15,415672664361434,3,0,EXACT,0,3,0,3,0,439851151117545,0,creatine gummies,89.97,0,89.97,3,89.97,IBU_CTLM_12G1F,B0FNBYKPZT,EXACT,0,3,creatine gummies,89.97,0,415672664361434,0,Amazon,Inner-SP-KW-Creatine Gummies-creatine gummies-EM-CPC-800,297069838936079,0,3,0,0,creatine gummies,0,0,0,3,197748004457307,USD,0,3,B0FNBN38V4,Inner-SP-KW-Creatine Gummies-creatine gummies-EM-CPC-800,0,spPurchasedProduct,US,INNERBRIGHTNESS,spPurchasedProduct_innerbrightness_US_2026-03-21_2026-04-20.json,2026-04-21 01:59:21
14266,2026-04-21 01:59:21.593454,2026-04-21 01:59:21.593454,2026-04-16,415672664361434,1,0,EXACT,0,1,0,1,0,439851151117545,0,creatine gummies,29.99,0,29.99,1,29.99,IBU_CTLM_12G1F,B0FNBYKPZT,EXACT,0,1,creatine gummies,29.99,0,415672664361434,0,Amazon,Inner-SP-KW-Creatine Gummies-creatine gummies-EM-CPC-800,297069838936079,0,1,0,0,creatine gummies,0,0,0,1,197748004457307,USD,0,1,B0FNBN38V4,Inner-SP-KW-Creatine Gummies-creatine gummies-EM-CPC-800,0,spPurchasedProduct,US,INNERBRIGHTNESS,spPurchasedProduct_innerbrightness_US_2026-03-21_2026-04-20.json,2026-04-21 01:59:21
14267,2026-04-21 01:59:21.593454,2026-04-21 01:59:21.593454,2026-04-17,415672664361434,1,0,EXACT,0,1,0,1,0,439851151117545,0,creatine gummies,29.99,0,29.99,1,29.99,IBU_CTLM_12G1F,B0FNBYKPZT,EXACT,0,1,creatine gummies,29.99,0,415672664361434,0,Amazon,Inner-SP-KW-Creatine Gummies-creatine gummies-EM-CPC-800,297069838936079,0,1,0,0,creatine gummies,0,0,0,1,197748004457307,USD,0,1,B0FNBN38V4,Inner-SP-KW-Creatine Gummies-creatine gummies-EM-CPC-800,0,spPurchasedProduct,US,INNERBRIGHTNESS,spPurchasedProduct_innerbrightness_US_2026-03-21_2026-04-20.json,2026-04-21 01:59:21
14268,2026-04-21 01:59:21.593454,2026-04-21 01:59:21.593454,2026-04-11,415672664361434,4,0,EXACT,0,4,0,4,0,439851151117545,0,creatine gummies,119.96,0,119.96,4,89.97,IBU_CTMP_12G1F,B0FNBN38V4,EXACT,0,3,creatine gummies,119.96,0,415672664361434,0,Amazon,Inner-SP-KW-Creatine Gummies-creatine gummies-EM-CPC-800,297069838936079,0,3,0,0,creatine gummies,0,0,0,4,197748004457307,USD,0,4,B0GJ66LHGM,Inner-SP-KW-Creatine Gummies-creatine gummies-EM-CPC-800,0,spPurchasedProduct,US,INNERBRIGHTNESS,spPurchasedProduct_innerbrightness_US_2026-03-21_2026-04-20.json,2026-04-21 01:59:21
14269,2026-04-21 01:59:21.593454,2026-04-21 01:59:21.593454,2026-04-12,415672664361434,3,0,EXACT,0,3,0,3,0,439851151117545,0,creatine gummies,89.97,0,89.97,3,89.97,IBU_CTMP_12G1F,B0FNBN38V4,EXACT,0,3,creatine gummies,89.97,0,415672664361434,0,Amazon,Inner-SP-KW-Creatine Gummies-creatine gummies-EM-CPC-800,297069838936079,0,3,0,0,creatine gummies,0,0,0,3,197748004457307,USD,0,3,B0GJ66LHGM,Inner-SP-KW-Creatine Gummies-creatine gummies-EM-CPC-800,0,spPurchasedProduct,US,INNERBRIGHTNESS,spPurchasedProduct_innerbrightness_US_2026-03-21_2026-04-20.json,2026-04-21 01:59:21
14270,2026-04-21 01:59:21.593454,2026-04-21 01:59:21.593454,2026-04-13,415672664361434,1,0,EXACT,0,1,0,1,0,439851151117545,0,creatine gummies,29.99,0,29.99,1,29.99,IBU_CTMP_12G1F,B0FNBN38V4,EXACT,0,1,creatine gummies,29.99,0,415672664361434,0,Amazon,Inner-SP-KW-Creatine Gummies-creatine gummies-EM-CPC-800,297069838936079,0,1,0,0,creatine gummies,0,0,0,1,197748004457307,USD,0,1,B0GJ66LHGM,Inner-SP-KW-Creatine Gummies-creatine gummies-EM-CPC-800,0,spPurchasedProduct,US,INNERBRIGHTNESS,spPurchasedProduct_innerbrightness_US_2026-03-21_2026-04-20.json,2026-04-21 01:59:21
14271,2026-04-21 01:59:21.593454,2026-04-21 01:59:21.593454,2026-04-14,415672664361434,1,0,EXACT,0,1,0,1,0,439851151117545,0,creatine gummies,28.79,0,28.79,1,0.0,IBU_CTLM_12G1F,B0FNBYKPZT,EXACT,0,0,creatine gummies,28.79,0,415672664361434,0,Amazon,Inner-SP-KW-Creatine Gummies-creatine gummies-EM-CPC-800,297069838936079,0,0,0,0,creatine gummies,0,0,0,1,197748004457307,USD,0,1,B0GJ66LHGM,Inner-SP-KW-Creatine Gummies-creatine gummies-EM-CPC-800,0,spPurchasedProduct,US,INNERBRIGHTNESS,spPurchasedProduct_innerbrightness_US_2026-03-21_2026-04-20.json,2026-04-21 01:59:21
14272,2026-04-21 01:59:21.593454,2026-04-21 01:59:21.593454,2026-04-15,415672664361434,1,0,EXACT,0,1,0,1,0,439851151117545,0,creatine gummies,29.99,0,29.99,1,29.99,IBU_CTMP_12G1F,B0FNBN38V4,EXACT,0,1,creatine gummies,29.99,0,415672664361434,0,Amazon,Inner-SP-KW-Creatine Gummies-creatine gummies-EM-CPC-800,297069838936079,0,1,0,0,creatine gummies,0,0,0,1,197748004457307,USD,0,1,B0GJ66LHGM,Inner-SP-KW-Creatine Gummies-creatine gummies-EM-CPC-800,0,spPurchasedProduct,US,INNERBRIGHTNESS,spPurchasedProduct_innerbrightness_US_2026-03-21_2026-04-20.json,2026-04-21 01:59:21
14273,2026-04-21 01:59:21.593454,2026-04-21 01:59:21.593454,2026-04-17,415672664361434,1,0,EXACT,0,1,0,1,0,439851151117545,0,creatine gummies,29.99,0,29.99,1,29.99,IBU_CTMP_12G1F,B0FNBN38V4,EXACT,0,1,creatine gummies,29.99,0,415672664361434,0,Amazon,Inner-SP-KW-Creatine Gummies-creatine gummies-EM-CPC-800,297069838936079,0,1,0,0,creatine gummies,0,0,0,1,197748004457307,USD,0,1,B0GJ66LHGM,Inner-SP-KW-Creatine Gummies-creatine gummies-EM-CPC-800,0,spPurchasedProduct,US,INNERBRIGHTNESS,spPurchasedProduct_innerbrightness_US_2026-03-21_2026-04-20.json,2026-04-21 01:59:21
14276,2026-04-21 01:59:21.593454,2026-04-21 01:59:21.593454,2026-04-12,415672664361434,1,0,EXACT,0,1,0,1,0,439851151117545,0,creatine gummies,29.99,0,29.99,1,0.0,IBU_CTMP_12G1F,B0FNBN38V4,EXACT,0,0,creatine gummies,29.99,0,415672664361434,0,Amazon,Inner-SP-KW-Creatine Gummies-creatine gummies-EM-CPC-800,297069838936079,0,0,0,0,creatine gummies,0,0,0,1,197748004457307,USD,0,1,B0GL11MTZM,Inner-SP-KW-Creatine Gummies-creatine gummies-EM-CPC-800,0,spPurchasedProduct,US,INNERBRIGHTNESS,spPurchasedProduct_innerbrightness_US_2026-03-21_2026-04-20.json,2026-04-21 01:59:21
14277,2026-04-21 01:59:21.593454,2026-04-21 01:59:21.593454,2026-04-14,415672664361434,8,0,EXACT,0,8,0,8,0,439851151117545,0,creatine gummies,239.92,0,239.92,8,239.92,IBU_CTMP_12G1F,B0FNBN38V4,EXACT,0,8,creatine gummies,239.92,0,415672664361434,0,Amazon,Inner-SP-KW-Creatine Gummies-creatine gummies-EM-CPC-800,297069838936079,0,8,0,0,creatine gummies,0,0,0,8,197748004457307,USD,0,8,B0GL11MTZM,Inner-SP-KW-Creatine Gummies-creatine gummies-EM-CPC-800,0,spPurchasedProduct,US,INNERBRIGHTNESS,spPurchasedProduct_innerbrightness_US_2026-03-21_2026-04-20.json,2026-04-21 01:59:21
14278,2026-04-21 01:59:21.593454,2026-04-21 01:59:21.593454,2026-04-15,415672664361434,4,0,EXACT,0,4,0,4,0,439851151117545,0,creatine gummies,119.96,0,119.96,4,119.96,IBU_CTMP_12G1F,B0FNBN38V4,EXACT,0,4,creatine gummies,119.96,0,415672664361434,0,Amazon,Inner-SP-KW-Creatine Gummies-creatine gummies-EM-CPC-800,297069838936079,0,4,0,0,creatine gummies,0,0,0,4,197748004457307,USD,0,4,B0GL11MTZM,Inner-SP-KW-Creatine Gummies-creatine gummies-EM-CPC-800,0,spPurchasedProduct,US,INNERBRIGHTNESS,spPurchasedProduct_innerbrightness_US_2026-03-21_2026-04-20.json,2026-04-21 01:59:21
14279,2026-04-21 01:59:21.593454,2026-04-21 01:59:21.593454,2026-04-16,415672664361434,3,0,EXACT,0,3,0,3,0,439851151117545,0,creatine gummies,86.97,0,86.97,3,59.98,IBU_CTMP_12G1F,B0FNBN38V4,EXACT,0,2,creatine gummies,86.97,0,415672664361434,0,Amazon,Inner-SP-KW-Creatine Gummies-creatine gummies-EM-CPC-800,297069838936079,0,2,0,0,creatine gummies,0,0,0,3,197748004457307,USD,0,3,B0GL11MTZM,Inner-SP-KW-Creatine Gummies-creatine gummies-EM-CPC-800,0,spPurchasedProduct,US,INNERBRIGHTNESS,spPurchasedProduct_innerbrightness_US_2026-03-21_2026-04-20.json,2026-04-21 01:59:21
14280,2026-04-21 01:59:21.593454,2026-04-21 01:59:21.593454,2026-04-17,415672664361434,4,0,EXACT,0,4,0,4,0,439851151117545,0,creatine gummies,119.96,0,119.96,4,119.96,IBU_CTMP_12G1F,B0FNBN38V4,EXACT,0,4,creatine gummies,119.96,0,415672664361434,0,Amazon,Inner-SP-KW-Creatine Gummies-creatine gummies-EM-CPC-800,297069838936079,0,4,0,0,creatine gummies,0,0,0,4,197748004457307,USD,0,4,B0GL11MTZM,Inner-SP-KW-Creatine Gummies-creatine gummies-EM-CPC-800,0,spPurchasedProduct,US,INNERBRIGHTNESS,spPurchasedProduct_innerbrightness_US_2026-03-21_2026-04-20.json,2026-04-21 01:59:21
14284,2026-04-21 01:59:21.593454,2026-04-21 01:59:21.593454,2026-04-11,402815703536000,1,0,BROAD,0,1,0,1,0,425782617077083,0,creatine gummies,29.99,0,29.99,1,29.99,IBU_CTMP_12G1F,B0FNBN38V4,BROAD,0,1,creatine gummies,29.99,0,402815703536000,0,Amazon,Inner-SP-KW-Creatine Gummies-creatine gummies-BM-CPC-600,391617266091470,0,1,0,0,creatine gummies,0,0,0,1,197748004457307,USD,0,1,B0FNBYKPZT,Inner-SP-KW-Creatine Gummies-creatine gummies-BM-CPC-600,0,spPurchasedProduct,US,INNERBRIGHTNESS,spPurchasedProduct_innerbrightness_US_2026-03-21_2026-04-20.json,2026-04-21 01:59:21
14285,2026-04-21 01:59:21.593454,2026-04-21 01:59:21.593454,2026-04-12,402815703536000,3,0,BROAD,0,3,0,3,0,425782617077083,0,creatine gummies,89.97,0,89.97,3,59.98,IBU_CTMP_12G1F,B0FNBN38V4,BROAD,0,2,creatine gummies,89.97,0,402815703536000,0,Amazon,Inner-SP-KW-Creatine Gummies-creatine gummies-BM-CPC-600,391617266091470,0,2,0,0,creatine gummies,0,0,0,3,197748004457307,USD,0,3,B0FNBYKPZT,Inner-SP-KW-Creatine Gummies-creatine gummies-BM-CPC-600,0,spPurchasedProduct,US,INNERBRIGHTNESS,spPurchasedProduct_innerbrightness_US_2026-03-21_2026-04-20.json,2026-04-21 01:59:21
14286,2026-04-21 01:59:21.593454,2026-04-21 01:59:21.593454,2026-04-13,402815703536000,3,0,BROAD,0,3,0,3,0,425782617077083,0,creatine gummies,89.97,0,89.97,3,89.97,IBU_CTMP_12G1F,B0FNBN38V4,BROAD,0,3,creatine gummies,89.97,0,402815703536000,0,Amazon,Inner-SP-KW-Creatine Gummies-creatine gummies-BM-CPC-600,391617266091470,0,3,0,0,creatine gummies,0,0,0,3,197748004457307,USD,0,3,B0FNBYKPZT,Inner-SP-KW-Creatine Gummies-creatine gummies-BM-CPC-600,0,spPurchasedProduct,US,INNERBRIGHTNESS,spPurchasedProduct_innerbrightness_US_2026-03-21_2026-04-20.json,2026-04-21 01:59:21
14287,2026-04-21 01:59:21.593454,2026-04-21 01:59:21.593454,2026-04-14,402815703536000,1,0,BROAD,0,1,0,1,0,425782617077083,0,creatine gummies,29.99,0,29.99,1,29.99,IBU_CTMP_12G1F,B0FNBN38V4,BROAD,0,1,creatine gummies,29.99,0,402815703536000,0,Amazon,Inner-SP-KW-Creatine Gummies-creatine gummies-BM-CPC-600,391617266091470,0,1,0,0,creatine gummies,0,0,0,1,197748004457307,USD,0,1,B0FNBYKPZT,Inner-SP-KW-Creatine Gummies-creatine gummies-BM-CPC-600,0,spPurchasedProduct,US,INNERBRIGHTNESS,spPurchasedProduct_innerbrightness_US_2026-03-21_2026-04-20.json,2026-04-21 01:59:21
14288,2026-04-21 01:59:21.593454,2026-04-21 01:59:21.593454,2026-04-15,402815703536000,1,0,BROAD,0,1,0,1,0,425782617077083,0,creatine gummies,29.99,0,29.99,1,29.99,IBU_CTMP_12G1F,B0FNBN38V4,BROAD,0,1,creatine gummies,29.99,0,402815703536000,0,Amazon,Inner-SP-KW-Creatine Gummies-creatine gummies-BM-CPC-600,391617266091470,0,1,0,0,creatine gummies,0,0,0,1,197748004457307,USD,0,1,B0FNBYKPZT,Inner-SP-KW-Creatine Gummies-creatine gummies-BM-CPC-600,0,spPurchasedProduct,US,INNERBRIGHTNESS,spPurchasedProduct_innerbrightness_US_2026-03-21_2026-04-20.json,2026-04-21 01:59:21
14289,2026-04-21 01:59:21.593454,2026-04-21 01:59:21.593454,2026-04-17,402815703536000,1,0,BROAD,0,1,0,1,0,425782617077083,0,creatine gummies,29.99,0,29.99,1,29.99,IBU_CTMP_12G1F,B0FNBN38V4,BROAD,0,1,creatine gummies,29.99,0,402815703536000,0,Amazon,Inner-SP-KW-Creatine Gummies-creatine gummies-BM-CPC-600,391617266091470,0,1,0,0,creatine gummies,0,0,0,1,197748004457307,USD,0,1,B0FNBYKPZT,Inner-SP-KW-Creatine Gummies-creatine gummies-BM-CPC-600,0,spPurchasedProduct,US,INNERBRIGHTNESS,spPurchasedProduct_innerbrightness_US_2026-03-21_2026-04-20.json,2026-04-21 01:59:21
14293,2026-04-21 01:59:21.593454,2026-04-21 01:59:21.593454,2026-04-11,402815703536000,0,0,BROAD,0,0,0,0,0,425782617077083,0,creatine gummies,0.0,0,0.0,0,0.0,IBU_CTMP_12G1F,B0FNBN38V4,BROAD,0,0,creatine gummies,0.0,0,402815703536000,0,Amazon,Inner-SP-KW-Creatine Gummies-creatine gummies-BM-CPC-600,391617266091470,0,0,0,0,creatine gummies,0,0,0,0,197748004457307,USD,0,0,B0GJ66LHGM,Inner-SP-KW-Creatine Gummies-creatine gummies-BM-CPC-600,0,spPurchasedProduct,US,INNERBRIGHTNESS,spPurchasedProduct_innerbrightness_US_2026-03-21_2026-04-20.json,2026-04-21 01:59:21
14294,2026-04-21 01:59:21.593454,2026-04-21 01:59:21.593454,2026-04-12,402815703536000,1,0,BROAD,0,1,0,1,0,425782617077083,0,creatine gummies,29.99,0,29.99,1,0.0,IBU_CTMP_12G1F,B0FNBN38V4,BROAD,0,0,creatine gummies,29.99,0,402815703536000,0,Amazon,Inner-SP-KW-Creatine Gummies-creatine gummies-BM-CPC-600,391617266091470,0,0,0,0,creatine gummies,0,0,0,1,197748004457307,USD,0,1,B0GJ66LHGM,Inner-SP-KW-Creatine Gummies-creatine gummies-BM-CPC-600,0,spPurchasedProduct,US,INNERBRIGHTNESS,spPurchasedProduct_innerbrightness_US_2026-03-21_2026-04-20.json,2026-04-21 01:59:21
14295,2026-04-21 01:59:21.593454,2026-04-21 01:59:21.593454,2026-04-13,402815703536000,4,0,BROAD,0,4,0,4,0,425782617077083,0,creatine gummies,119.96,0,119.96,4,89.97,IBU_CTMP_12G1F,B0FNBN38V4,BROAD,0,3,creatine gummies,119.96,0,402815703536000,0,Amazon,Inner-SP-KW-Creatine Gummies-creatine gummies-BM-CPC-600,391617266091470,0,3,0,0,creatine gummies,0,0,0,4,197748004457307,USD,0,4,B0GJ66LHGM,Inner-SP-KW-Creatine Gummies-creatine gummies-BM-CPC-600,0,spPurchasedProduct,US,INNERBRIGHTNESS,spPurchasedProduct_innerbrightness_US_2026-03-21_2026-04-20.json,2026-04-21 01:59:21
14296,2026-04-21 01:59:21.593454,2026-04-21 01:59:21.593454,2026-04-14,402815703536000,1,0,BROAD,0,1,0,1,0,425782617077083,0,creatine gummies,29.99,0,29.99,1,29.99,IBU_CTMP_12G1F,B0FNBN38V4,BROAD,0,1,creatine gummies,29.99,0,402815703536000,0,Amazon,Inner-SP-KW-Creatine Gummies-creatine gummies-BM-CPC-600,391617266091470,0,1,0,0,creatine gummies,0,0,0,1,197748004457307,USD,0,1,B0GJ66LHGM,Inner-SP-KW-Creatine Gummies-creatine gummies-BM-CPC-600,0,spPurchasedProduct,US,INNERBRIGHTNESS,spPurchasedProduct_innerbrightness_US_2026-03-21_2026-04-20.json,2026-04-21 01:59:21
14297,2026-04-21 01:59:21.593454,2026-04-21 01:59:21.593454,2026-04-15,402815703536000,1,0,BROAD,0,1,0,1,0,425782617077083,0,creatine gummies,29.99,0,29.99,1,0.0,IBU_CTMP_12G1F,B0FNBN38V4,BROAD,0,0,creatine gummies,29.99,0,402815703536000,0,Amazon,Inner-SP-KW-Creatine Gummies-creatine gummies-BM-CPC-600,391617266091470,0,0,0,0,creatine gummies,0,0,0,1,197748004457307,USD,0,1,B0GJ66LHGM,Inner-SP-KW-Creatine Gummies-creatine gummies-BM-CPC-600,0,spPurchasedProduct,US,INNERBRIGHTNESS,spPurchasedProduct_innerbrightness_US_2026-03-21_2026-04-20.json,2026-04-21 01:59:21
14298,2026-04-21 01:59:21.593454,2026-04-21 01:59:21.593454,2026-04-16,402815703536000,0,0,BROAD,0,0,0,0,0,425782617077083,0,creatine gummies,0.0,0,0.0,0,0.0,IBU_CTMP_12G1F,B0FNBN38V4,BROAD,0,0,creatine gummies,0.0,0,402815703536000,0,Amazon,Inner-SP-KW-Creatine Gummies-creatine gummies-BM-CPC-600,391617266091470,0,0,0,0,creatine gummies,0,0,0,0,197748004457307,USD,0,0,B0GJ66LHGM,Inner-SP-KW-Creatine Gummies-creatine gummies-BM-CPC-600,0,spPurchasedProduct,US,INNERBRIGHTNESS,spPurchasedProduct_innerbrightness_US_2026-03-21_2026-04-20.json,2026-04-21 01:59:21
14299,2026-04-21 01:59:21.593454,2026-04-21 01:59:21.593454,2026-04-17,402815703536000,1,0,BROAD,0,2,0,2,0,425782617077083,0,creatine gummies,59.98,0,59.98,2,59.98,IBU_CTMP_12G1F,B0FNBN38V4,BROAD,0,1,creatine gummies,59.98,0,402815703536000,0,Amazon,Inner-SP-KW-Creatine Gummies-creatine gummies-BM-CPC-600,391617266091470,0,2,0,0,creatine gummies,0,0,0,1,197748004457307,USD,0,1,B0GJ66LHGM,Inner-SP-KW-Creatine Gummies-creatine gummies-BM-CPC-600,0,spPurchasedProduct,US,INNERBRIGHTNESS,spPurchasedProduct_innerbrightness_US_2026-03-21_2026-04-20.json,2026-04-21 01:59:21
14302,2026-04-21 01:59:21.593454,2026-04-21 01:59:21.593454,2026-04-14,402815703536000,1,0,BROAD,0,1,0,1,0,425782617077083,0,creatine gummies,29.99,0,29.99,1,0.0,IBU_CTMP_12G1F,B0FNBN38V4,BROAD,0,0,creatine gummies,29.99,0,402815703536000,0,Amazon,Inner-SP-KW-Creatine Gummies-creatine gummies-BM-CPC-600,391617266091470,0,0,0,0,creatine gummies,0,0,0,1,197748004457307,USD,0,1,B0GL11MTZM,Inner-SP-KW-Creatine Gummies-creatine gummies-BM-CPC-600,0,spPurchasedProduct,US,INNERBRIGHTNESS,spPurchasedProduct_innerbrightness_US_2026-03-21_2026-04-20.json,2026-04-21 01:59:21
14303,2026-04-21 01:59:21.593454,2026-04-21 01:59:21.593454,2026-04-15,402815703536000,3,0,BROAD,0,3,0,3,0,425782617077083,0,creatine gummies,89.97,0,89.97,3,89.97,IBU_CTMP_12G1F,B0FNBN38V4,BROAD,0,3,creatine gummies,89.97,0,402815703536000,0,Amazon,Inner-SP-KW-Creatine Gummies-creatine gummies-BM-CPC-600,391617266091470,0,3,0,0,creatine gummies,0,0,0,3,197748004457307,USD,0,3,B0GL11MTZM,Inner-SP-KW-Creatine Gummies-creatine gummies-BM-CPC-600,0,spPurchasedProduct,US,INNERBRIGHTNESS,spPurchasedProduct_innerbrightness_US_2026-03-21_2026-04-20.json,2026-04-21 01:59:21
14304,2026-04-21 01:59:21.593454,2026-04-21 01:59:21.593454,2026-04-16,402815703536000,2,0,BROAD,0,2,0,2,0,425782617077083,0,creatine gummies,59.98,0,59.98,2,59.98,IBU_CTMP_12G1F,B0FNBN38V4,BROAD,0,2,creatine gummies,59.98,0,402815703536000,0,Amazon,Inner-SP-KW-Creatine Gummies-creatine gummies-BM-CPC-600,391617266091470,0,2,0,0,creatine gummies,0,0,0,2,197748004457307,USD,0,2,B0GL11MTZM,Inner-SP-KW-Creatine Gummies-creatine gummies-BM-CPC-600,0,spPurchasedProduct,US,INNERBRIGHTNESS,spPurchasedProduct_innerbrightness_US_2026-03-21_2026-04-20.json,2026-04-21 01:59:21
14305,2026-04-21 01:59:21.593454,2026-04-21 01:59:21.593454,2026-04-17,402815703536000,1,0,BROAD,0,1,0,1,0,425782617077083,0,creatine gummies,29.99,0,29.99,1,29.99,IBU_CTMP_12G1F,B0FNBN38V4,BROAD,0,1,creatine gummies,29.99,0,402815703536000,0,Amazon,Inner-SP-KW-Creatine Gummies-creatine gummies-BM-CPC-600,391617266091470,0,1,0,0,creatine gummies,0,0,0,1,197748004457307,USD,0,1,B0GL11MTZM,Inner-SP-KW-Creatine Gummies-creatine gummies-BM-CPC-600,0,spPurchasedProduct,US,INNERBRIGHTNESS,spPurchasedProduct_innerbrightness_US_2026-03-21_2026-04-20.json,2026-04-21 01:59:21
14309,2026-04-21 01:59:21.593454,2026-04-21 01:59:21.593454,2026-04-12,407556257369922,1,0,BROAD,0,1,0,1,0,343251949063559,0,creatine,29.99,0,29.99,1,29.99,IBU_CTMP_12G1F,B0FNBN38V4,BROAD,0,1,creatine,29.99,0,407556257369922,0,Amazon,Inner-SP-KW-Creatine Gummies-creatine-BM-CPC-70,313950625346433,0,1,0,0,creatine,0,0,0,1,197748004457307,USD,0,1,B0FNBYKPZT,Inner-SP-KW-Creatine Gummies-creatine-BM-CPC-70,0,spPurchasedProduct,US,INNERBRIGHTNESS,spPurchasedProduct_innerbrightness_US_2026-03-21_2026-04-20.json,2026-04-21 01:59:21
14310,2026-04-21 01:59:21.593454,2026-04-21 01:59:21.593454,2026-04-13,407556257369922,1,0,BROAD,0,1,0,1,0,343251949063559,0,creatine,29.99,0,29.99,1,0.0,IBU_CTMP_12G1F,B0FNBN38V4,BROAD,0,0,creatine,29.99,0,407556257369922,0,Amazon,Inner-SP-KW-Creatine Gummies-creatine-BM-CPC-70,313950625346433,0,0,0,0,creatine,0,0,0,1,197748004457307,USD,0,1,B0FNBYKPZT,Inner-SP-KW-Creatine Gummies-creatine-BM-CPC-70,0,spPurchasedProduct,US,INNERBRIGHTNESS,spPurchasedProduct_innerbrightness_US_2026-03-21_2026-04-20.json,2026-04-21 01:59:21
14311,2026-04-21 01:59:21.593454,2026-04-21 01:59:21.593454,2026-04-14,407556257369922,2,0,BROAD,0,2,0,2,0,343251949063559,0,creatine,59.98,0,59.98,2,59.98,IBU_CTMP_12G1F,B0FNBN38V4,BROAD,0,2,creatine,59.98,0,407556257369922,0,Amazon,Inner-SP-KW-Creatine Gummies-creatine-BM-CPC-70,313950625346433,0,2,0,0,creatine,0,0,0,2,197748004457307,USD,0,2,B0FNBYKPZT,Inner-SP-KW-Creatine Gummies-creatine-BM-CPC-70,0,spPurchasedProduct,US,INNERBRIGHTNESS,spPurchasedProduct_innerbrightness_US_2026-03-21_2026-04-20.json,2026-04-21 01:59:21
14312,2026-04-21 01:59:21.593454,2026-04-21 01:59:21.593454,2026-04-15,407556257369922,0,0,BROAD,0,0,0,0,0,343251949063559,0,creatine,0.0,0,0.0,0,0.0,IBU_CTMP_12G1F,B0FNBN38V4,BROAD,0,0,creatine,0.0,0,407556257369922,0,Amazon,Inner-SP-KW-Creatine Gummies-creatine-BM-CPC-70,313950625346433,0,0,0,0,creatine,0,0,0,0,197748004457307,USD,0,0,B0FNBYKPZT,Inner-SP-KW-Creatine Gummies-creatine-BM-CPC-70,0,spPurchasedProduct,US,INNERBRIGHTNESS,spPurchasedProduct_innerbrightness_US_2026-03-21_2026-04-20.json,2026-04-21 01:59:21
14313,2026-04-21 01:59:21.593454,2026-04-21 01:59:21.593454,2026-04-16,407556257369922,0,0,BROAD,0,0,0,0,0,343251949063559,0,creatine,0.0,0,0.0,0,0.0,IBU_CTMP_12G1F,B0FNBN38V4,BROAD,0,0,creatine,0.0,0,407556257369922,0,Amazon,Inner-SP-KW-Creatine Gummies-creatine-BM-CPC-70,313950625346433,0,0,0,0,creatine,0,0,0,0,197748004457307,USD,0,0,B0FNBYKPZT,Inner-SP-KW-Creatine Gummies-creatine-BM-CPC-70,0,spPurchasedProduct,US,INNERBRIGHTNESS,spPurchasedProduct_innerbrightness_US_2026-03-21_2026-04-20.json,2026-04-21 01:59:21
14314,2026-04-21 01:59:21.593454,2026-04-21 01:59:21.593454,2026-04-17,407556257369922,1,0,BROAD,0,1,0,1,0,343251949063559,0,creatine,29.99,0,29.99,1,29.99,IBU_CTMP_12G1F,B0FNBN38V4,BROAD,0,1,creatine,29.99,0,407556257369922,0,Amazon,Inner-SP-KW-Creatine Gummies-creatine-BM-CPC-70,313950625346433,0,1,0,0,creatine,0,0,0,1,197748004457307,USD,0,1,B0FNBYKPZT,Inner-SP-KW-Creatine Gummies-creatine-BM-CPC-70,0,spPurchasedProduct,US,INNERBRIGHTNESS,spPurchasedProduct_innerbrightness_US_2026-03-21_2026-04-20.json,2026-04-21 01:59:21
14319,2026-04-21 01:59:21.593454,2026-04-21 01:59:21.593454,2026-04-12,407556257369922,3,0,BROAD,0,3,0,3,0,343251949063559,0,creatine,89.97,0,89.97,3,89.97,IBU_CTMP_12G1F,B0FNBN38V4,BROAD,0,3,creatine,89.97,0,407556257369922,0,Amazon,Inner-SP-KW-Creatine Gummies-creatine-BM-CPC-70,313950625346433,0,3,0,0,creatine,0,0,0,3,197748004457307,USD,0,3,B0GJ66LHGM,Inner-SP-KW-Creatine Gummies-creatine-BM-CPC-70,0,spPurchasedProduct,US,INNERBRIGHTNESS,spPurchasedProduct_innerbrightness_US_2026-03-21_2026-04-20.json,2026-04-21 01:59:21
14320,2026-04-21 01:59:21.593454,2026-04-21 01:59:21.593454,2026-04-13,407556257369922,2,0,BROAD,0,2,0,2,0,343251949063559,0,creatine,58.78,0,58.78,2,29.99,IBU_CTMP_12G1F,B0FNBN38V4,BROAD,0,1,creatine,58.78,0,407556257369922,0,Amazon,Inner-SP-KW-Creatine Gummies-creatine-BM-CPC-70,313950625346433,0,1,0,0,creatine,0,0,0,2,197748004457307,USD,0,2,B0GJ66LHGM,Inner-SP-KW-Creatine Gummies-creatine-BM-CPC-70,0,spPurchasedProduct,US,INNERBRIGHTNESS,spPurchasedProduct_innerbrightness_US_2026-03-21_2026-04-20.json,2026-04-21 01:59:21
14322,2026-04-21 01:59:21.593454,2026-04-21 01:59:21.593454,2026-04-15,407556257369922,1,0,BROAD,0,1,0,1,0,343251949063559,0,creatine,29.99,0,29.99,1,29.99,IBU_CTMP_12G1F,B0FNBN38V4,BROAD,0,1,creatine,29.99,0,407556257369922,0,Amazon,Inner-SP-KW-Creatine Gummies-creatine-BM-CPC-70,313950625346433,0,1,0,0,creatine,0,0,0,1,197748004457307,USD,0,1,B0GL11MTZM,Inner-SP-KW-Creatine Gummies-creatine-BM-CPC-70,0,spPurchasedProduct,US,INNERBRIGHTNESS,spPurchasedProduct_innerbrightness_US_2026-03-21_2026-04-20.json,2026-04-21 01:59:21
14323,2026-04-21 01:59:21.593454,2026-04-21 01:59:21.593454,2026-04-11,365290665079448,2,0,EXACT,0,2,0,2,0,531228150922353,0,creatine,59.98,0,59.98,2,59.98,IBU_CTMP_12G1F,B0FNBN38V4,EXACT,0,2,creatine,59.98,0,365290665079448,0,Amazon,Inner-SP-KW-Creatine Gummies-creatine-EM-CPC-60,427396974780100,0,2,0,0,creatine,0,0,0,2,197748004457307,USD,0,2,B0FNBYKPZT,Inner-SP-KW-Creatine Gummies-creatine-EM-CPC-60,0,spPurchasedProduct,US,INNERBRIGHTNESS,spPurchasedProduct_innerbrightness_US_2026-03-21_2026-04-20.json,2026-04-21 01:59:21
14324,2026-04-21 01:59:21.593454,2026-04-21 01:59:21.593454,2026-04-12,365290665079448,3,0,EXACT,0,4,0,4,0,531228150922353,0,creatine,110.1,0,110.1,3,89.97,IBU_CTMP_12G1F,B0FNBN38V4,EXACT,0,3,creatine,89.97,0,365290665079448,0,Amazon,Inner-SP-KW-Creatine Gummies-creatine-EM-CPC-60,427396974780100,0,3,0,0,creatine,0,0,0,4,197748004457307,USD,0,4,B0FNBYKPZT,Inner-SP-KW-Creatine Gummies-creatine-EM-CPC-60,0,spPurchasedProduct,US,INNERBRIGHTNESS,spPurchasedProduct_innerbrightness_US_2026-03-21_2026-04-20.json,2026-04-21 01:59:21
14325,2026-04-21 01:59:21.593454,2026-04-21 01:59:21.593454,2026-04-13,365290665079448,2,0,EXACT,0,2,0,2,0,531228150922353,0,creatine,59.98,0,59.98,2,59.98,IBU_CTMP_12G1F,B0FNBN38V4,EXACT,0,2,creatine,59.98,0,365290665079448,0,Amazon,Inner-SP-KW-Creatine Gummies-creatine-EM-CPC-60,427396974780100,0,2,0,0,creatine,0,0,0,2,197748004457307,USD,0,2,B0FNBYKPZT,Inner-SP-KW-Creatine Gummies-creatine-EM-CPC-60,0,spPurchasedProduct,US,INNERBRIGHTNESS,spPurchasedProduct_innerbrightness_US_2026-03-21_2026-04-20.json,2026-04-21 01:59:21
14326,2026-04-21 01:59:21.593454,2026-04-21 01:59:21.593454,2026-04-14,365290665079448,1,0,EXACT,0,1,0,1,0,531228150922353,0,creatine,29.99,0,29.99,1,29.99,IBU_CTMP_12G1F,B0FNBN38V4,EXACT,0,1,creatine,29.99,0,365290665079448,0,Amazon,Inner-SP-KW-Creatine Gummies-creatine-EM-CPC-60,427396974780100,0,1,0,0,creatine,0,0,0,1,197748004457307,USD,0,1,B0FNBYKPZT,Inner-SP-KW-Creatine Gummies-creatine-EM-CPC-60,0,spPurchasedProduct,US,INNERBRIGHTNESS,spPurchasedProduct_innerbrightness_US_2026-03-21_2026-04-20.json,2026-04-21 01:59:21
14327,2026-04-21 01:59:21.593454,2026-04-21 01:59:21.593454,2026-04-15,365290665079448,2,0,EXACT,0,2,0,2,0,531228150922353,0,creatine,59.98,0,59.98,2,59.98,IBU_CTMP_12G1F,B0FNBN38V4,EXACT,0,2,creatine,59.98,0,365290665079448,0,Amazon,Inner-SP-KW-Creatine Gummies-creatine-EM-CPC-60,427396974780100,0,2,0,0,creatine,0,0,0,2,197748004457307,USD,0,2,B0FNBYKPZT,Inner-SP-KW-Creatine Gummies-creatine-EM-CPC-60,0,spPurchasedProduct,US,INNERBRIGHTNESS,spPurchasedProduct_innerbrightness_US_2026-03-21_2026-04-20.json,2026-04-21 01:59:21
14328,2026-04-21 01:59:21.593454,2026-04-21 01:59:21.593454,2026-04-16,365290665079448,1,0,EXACT,0,1,0,1,0,531228150922353,0,creatine,29.99,0,29.99,1,29.99,IBU_CTMP_12G1F,B0FNBN38V4,EXACT,0,1,creatine,29.99,0,365290665079448,0,Amazon,Inner-SP-KW-Creatine Gummies-creatine-EM-CPC-60,427396974780100,0,1,0,0,creatine,0,0,0,1,197748004457307,USD,0,1,B0FNBYKPZT,Inner-SP-KW-Creatine Gummies-creatine-EM-CPC-60,0,spPurchasedProduct,US,INNERBRIGHTNESS,spPurchasedProduct_innerbrightness_US_2026-03-21_2026-04-20.json,2026-04-21 01:59:21
14329,2026-04-21 01:59:21.593454,2026-04-21 01:59:21.593454,2026-04-17,365290665079448,1,0,EXACT,0,1,0,1,0,531228150922353,0,creatine,29.99,0,29.99,1,29.99,IBU_CTMP_12G1F,B0FNBN38V4,EXACT,0,1,creatine,29.99,0,365290665079448,0,Amazon,Inner-SP-KW-Creatine Gummies-creatine-EM-CPC-60,427396974780100,0,1,0,0,creatine,0,0,0,1,197748004457307,USD,0,1,B0FNBYKPZT,Inner-SP-KW-Creatine Gummies-creatine-EM-CPC-60,0,spPurchasedProduct,US,INNERBRIGHTNESS,spPurchasedProduct_innerbrightness_US_2026-03-21_2026-04-20.json,2026-04-21 01:59:21
14331,2026-04-21 01:59:21.593454,2026-04-21 01:59:21.593454,2026-04-11,365290665079448,1,0,EXACT,0,1,0,1,0,531228150922353,0,creatine,29.99,0,29.99,1,29.99,IBU_CTMP_12G1F,B0FNBN38V4,EXACT,0,1,creatine,29.99,0,365290665079448,0,Amazon,Inner-SP-KW-Creatine Gummies-creatine-EM-CPC-60,427396974780100,0,1,0,0,creatine,0,0,0,1,197748004457307,USD,0,1,B0GJ66LHGM,Inner-SP-KW-Creatine Gummies-creatine-EM-CPC-60,0,spPurchasedProduct,US,INNERBRIGHTNESS,spPurchasedProduct_innerbrightness_US_2026-03-21_2026-04-20.json,2026-04-21 01:59:21
14332,2026-04-21 01:59:21.593454,2026-04-21 01:59:21.593454,2026-04-12,365290665079448,2,0,EXACT,0,2,0,2,0,531228150922353,0,creatine,59.98,0,59.98,2,59.98,IBU_CTMP_12G1F,B0FNBN38V4,EXACT,0,2,creatine,59.98,0,365290665079448,0,Amazon,Inner-SP-KW-Creatine Gummies-creatine-EM-CPC-60,427396974780100,0,2,0,0,creatine,0,0,0,2,197748004457307,USD,0,2,B0GJ66LHGM,Inner-SP-KW-Creatine Gummies-creatine-EM-CPC-60,0,spPurchasedProduct,US,INNERBRIGHTNESS,spPurchasedProduct_innerbrightness_US_2026-03-21_2026-04-20.json,2026-04-21 01:59:21
14333,2026-04-21 01:59:21.593454,2026-04-21 01:59:21.593454,2026-04-13,365290665079448,1,0,EXACT,0,1,0,1,0,531228150922353,0,creatine,29.99,0,29.99,1,29.99,IBU_CTMP_12G1F,B0FNBN38V4,EXACT,0,1,creatine,29.99,0,365290665079448,0,Amazon,Inner-SP-KW-Creatine Gummies-creatine-EM-CPC-60,427396974780100,0,1,0,0,creatine,0,0,0,1,197748004457307,USD,0,1,B0GJ66LHGM,Inner-SP-KW-Creatine Gummies-creatine-EM-CPC-60,0,spPurchasedProduct,US,INNERBRIGHTNESS,spPurchasedProduct_innerbrightness_US_2026-03-21_2026-04-20.json,2026-04-21 01:59:21
14334,2026-04-21 01:59:21.593454,2026-04-21 01:59:21.593454,2026-04-14,365290665079448,1,0,EXACT,0,1,0,1,0,531228150922353,0,creatine,29.99,0,29.99,1,29.99,IBU_CTMP_12G1F,B0FNBN38V4,EXACT,0,1,creatine,29.99,0,365290665079448,0,Amazon,Inner-SP-KW-Creatine Gummies-creatine-EM-CPC-60,427396974780100,0,1,0,0,creatine,0,0,0,1,197748004457307,USD,0,1,B0GJ66LHGM,Inner-SP-KW-Creatine Gummies-creatine-EM-CPC-60,0,spPurchasedProduct,US,INNERBRIGHTNESS,spPurchasedProduct_innerbrightness_US_2026-03-21_2026-04-20.json,2026-04-21 01:59:21
14335,2026-04-21 01:59:21.593454,2026-04-21 01:59:21.593454,2026-04-16,365290665079448,1,0,EXACT,0,1,0,1,0,531228150922353,0,creatine,29.99,0,29.99,1,29.99,IBU_CTMP_12G1F,B0FNBN38V4,EXACT,0,1,creatine,29.99,0,365290665079448,0,Amazon,Inner-SP-KW-Creatine Gummies-creatine-EM-CPC-60,427396974780100,0,1,0,0,creatine,0,0,0,1,197748004457307,USD,0,1,B0GJ66LHGM,Inner-SP-KW-Creatine Gummies-creatine-EM-CPC-60,0,spPurchasedProduct,US,INNERBRIGHTNESS,spPurchasedProduct_innerbrightness_US_2026-03-21_2026-04-20.json,2026-04-21 01:59:21
14337,2026-04-21 01:59:21.593454,2026-04-21 01:59:21.593454,2026-04-11,365290665079448,1,0,EXACT,0,1,0,1,0,531228150922353,0,creatine,29.99,0,29.99,1,0.0,IBU_CTMP_12G1F,B0FNBN38V4,EXACT,0,0,creatine,29.99,0,365290665079448,0,Amazon,Inner-SP-KW-Creatine Gummies-creatine-EM-CPC-60,427396974780100,0,0,0,0,creatine,0,0,0,1,197748004457307,USD,0,1,B0GL11MTZM,Inner-SP-KW-Creatine Gummies-creatine-EM-CPC-60,0,spPurchasedProduct,US,INNERBRIGHTNESS,spPurchasedProduct_innerbrightness_US_2026-03-21_2026-04-20.json,2026-04-21 01:59:21
14338,2026-04-21 01:59:21.593454,2026-04-21 01:59:21.593454,2026-04-13,365290665079448,1,0,EXACT,0,1,0,1,0,531228150922353,0,creatine,29.99,0,29.99,1,0.0,IBU_CTMP_12G1F,B0FNBN38V4,EXACT,0,0,creatine,29.99,0,365290665079448,0,Amazon,Inner-SP-KW-Creatine Gummies-creatine-EM-CPC-60,427396974780100,0,0,0,0,creatine,0,0,0,1,197748004457307,USD,0,1,B0GL11MTZM,Inner-SP-KW-Creatine Gummies-creatine-EM-CPC-60,0,spPurchasedProduct,US,INNERBRIGHTNESS,spPurchasedProduct_innerbrightness_US_2026-03-21_2026-04-20.json,2026-04-21 01:59:21
14339,2026-04-21 01:59:21.593454,2026-04-21 01:59:21.593454,2026-04-14,365290665079448,1,0,EXACT,0,1,0,1,0,531228150922353,0,creatine,29.99,0,29.99,1,29.99,IBU_CTMP_12G1F,B0FNBN38V4,EXACT,0,1,creatine,29.99,0,365290665079448,0,Amazon,Inner-SP-KW-Creatine Gummies-creatine-EM-CPC-60,427396974780100,0,1,0,0,creatine,0,0,0,1,197748004457307,USD,0,1,B0GL11MTZM,Inner-SP-KW-Creatine Gummies-creatine-EM-CPC-60,0,spPurchasedProduct,US,INNERBRIGHTNESS,spPurchasedProduct_innerbrightness_US_2026-03-21_2026-04-20.json,2026-04-21 01:59:21
14340,2026-04-21 01:59:21.593454,2026-04-21 01:59:21.593454,2026-04-15,365290665079448,2,0,EXACT,0,2,0,2,0,531228150922353,0,creatine,59.98,0,59.98,2,59.98,IBU_CTMP_12G1F,B0FNBN38V4,EXACT,0,2,creatine,59.98,0,365290665079448,0,Amazon,Inner-SP-KW-Creatine Gummies-creatine-EM-CPC-60,427396974780100,0,2,0,0,creatine,0,0,0,2,197748004457307,USD,0,2,B0GL11MTZM,Inner-SP-KW-Creatine Gummies-creatine-EM-CPC-60,0,spPurchasedProduct,US,INNERBRIGHTNESS,spPurchasedProduct_innerbrightness_US_2026-03-21_2026-04-20.json,2026-04-21 01:59:21
14341,2026-04-21 01:59:21.593454,2026-04-21 01:59:21.593454,2026-04-17,365290665079448,1,0,EXACT,0,1,0,1,0,531228150922353,0,creatine,29.99,0,29.99,1,29.99,IBU_CTMP_12G1F,B0FNBN38V4,EXACT,0,1,creatine,29.99,0,365290665079448,0,Amazon,Inner-SP-KW-Creatine Gummies-creatine-EM-CPC-60,427396974780100,0,1,0,0,creatine,0,0,0,1,197748004457307,USD,0,1,B0GL11MTZM,Inner-SP-KW-Creatine Gummies-creatine-EM-CPC-60,0,spPurchasedProduct,US,INNERBRIGHTNESS,spPurchasedProduct_innerbrightness_US_2026-03-21_2026-04-20.json,2026-04-21 01:59:21
14345,2026-04-21 01:59:21.593454,2026-04-21 01:59:21.593454,2026-04-12,369202946261989,1,0,PHRASE,0,1,0,1,0,423666555472075,0,magnesium glycinate,24.98,0,24.98,1,0.0,IBM_MGMB_06G1FR,B0DKT3PXRP,PHRASE,0,0,magnesium glycinate,24.98,0,369202946261989,0,Amazon,Inner-SP-KW-gumm-magnesium glaycinate-PM-CPC-56,399896724869227,0,0,0,0,magnesium glycinate,0,0,0,1,269179459475581,USD,0,1,B0DN5QQLB6,Inner-SP-KW-gumm-magnesium glaycinate-PM-CPC-56,0,spPurchasedProduct,US,INNERBRIGHTNESS,spPurchasedProduct_innerbrightness_US_2026-03-21_2026-04-20.json,2026-04-21 01:59:21
14346,2026-04-21 01:59:21.593454,2026-04-21 01:59:21.593454,2026-04-13,369202946261989,2,0,PHRASE,0,2,0,2,0,423666555472075,0,magnesium glycinate,49.96,0,49.96,2,49.96,IBM_MGMB_06G1FR,B0DKT3PXRP,PHRASE,0,2,magnesium glycinate,49.96,0,369202946261989,0,Amazon,Inner-SP-KW-gumm-magnesium glaycinate-PM-CPC-56,399896724869227,0,2,0,0,magnesium glycinate,0,0,0,2,269179459475581,USD,0,2,B0DN5QQLB6,Inner-SP-KW-gumm-magnesium glaycinate-PM-CPC-56,0,spPurchasedProduct,US,INNERBRIGHTNESS,spPurchasedProduct_innerbrightness_US_2026-03-21_2026-04-20.json,2026-04-21 01:59:21
14347,2026-04-21 01:59:21.593454,2026-04-21 01:59:21.593454,2026-04-14,369202946261989,3,0,PHRASE,0,3,0,3,0,423666555472075,0,magnesium glycinate,74.94,0,74.94,3,74.94,IBM_MGMB_06G1FR,B0DKT3PXRP,PHRASE,0,3,magnesium glycinate,74.94,0,369202946261989,0,Amazon,Inner-SP-KW-gumm-magnesium glaycinate-PM-CPC-56,399896724869227,0,3,0,0,magnesium glycinate,0,0,0,3,269179459475581,USD,0,3,B0DN5QQLB6,Inner-SP-KW-gumm-magnesium glaycinate-PM-CPC-56,0,spPurchasedProduct,US,INNERBRIGHTNESS,spPurchasedProduct_innerbrightness_US_2026-03-21_2026-04-20.json,2026-04-21 01:59:21
14348,2026-04-21 01:59:21.593454,2026-04-21 01:59:21.593454,2026-04-17,369202946261989,3,0,PHRASE,0,3,0,3,0,423666555472075,0,magnesium glycinate,74.94,0,74.94,3,24.98,IBM_MGMB_06G1FR,B0DKT3PXRP,PHRASE,0,1,magnesium glycinate,74.94,0,369202946261989,0,Amazon,Inner-SP-KW-gumm-magnesium glaycinate-PM-CPC-56,399896724869227,0,1,0,0,magnesium glycinate,0,0,0,3,269179459475581,USD,0,3,B0DN5QQLB6,Inner-SP-KW-gumm-magnesium glaycinate-PM-CPC-56,0,spPurchasedProduct,US,INNERBRIGHTNESS,spPurchasedProduct_innerbrightness_US_2026-03-21_2026-04-20.json,2026-04-21 01:59:21
14351,2026-04-21 01:59:21.593454,2026-04-21 01:59:21.593454,2026-04-16,369202946261989,0,0,PHRASE,0,0,0,0,0,423666555472075,0,magnesium glycinate,0.0,0,0.0,0,0.0,IBM_MGMB_06G1FR,B0DKT3PXRP,PHRASE,0,0,magnesium glycinate,0.0,0,369202946261989,0,Amazon,Inner-SP-KW-gumm-magnesium glaycinate-PM-CPC-56,399896724869227,0,0,0,0,magnesium glycinate,0,0,0,0,269179459475581,USD,0,0,B0FYFBZ7W5,Inner-SP-KW-gumm-magnesium glaycinate-PM-CPC-56,0,spPurchasedProduct,US,INNERBRIGHTNESS,spPurchasedProduct_innerbrightness_US_2026-03-21_2026-04-20.json,2026-04-21 01:59:21
14353,2026-04-21 01:59:21.593454,2026-04-21 01:59:21.593454,2026-04-11,340977619538363,0,0,EXACT,0,0,0,0,0,401692569369608,0,magnesium glycinate,0.0,0,0.0,0,0.0,IBM_MGMB_06G1FR,B0DKT3PXRP,EXACT,0,0,magnesium glycinate,0.0,0,340977619538363,0,Amazon,Inner-SP-KW-gumm-magnesium glycinate-EM-54,298402294383592,0,0,0,0,magnesium glycinate,0,0,0,0,269179459475581,USD,0,0,B0DN5QQLB6,Inner-SP-KW-gumm-magnesium glycinate-EM-54,0,spPurchasedProduct,US,INNERBRIGHTNESS,spPurchasedProduct_innerbrightness_US_2026-03-21_2026-04-20.json,2026-04-21 01:59:21
14354,2026-04-21 01:59:21.593454,2026-04-21 01:59:21.593454,2026-04-12,340977619538363,1,0,EXACT,0,1,0,1,0,401692569369608,0,magnesium glycinate,27.99,0,27.99,1,27.99,IBM_MGMB_06G1FR,B0DKT3PXRP,EXACT,0,1,magnesium glycinate,27.99,0,340977619538363,0,Amazon,Inner-SP-KW-gumm-magnesium glycinate-EM-54,298402294383592,0,1,0,0,magnesium glycinate,0,0,0,1,269179459475581,USD,0,1,B0DN5QQLB6,Inner-SP-KW-gumm-magnesium glycinate-EM-54,0,spPurchasedProduct,US,INNERBRIGHTNESS,spPurchasedProduct_innerbrightness_US_2026-03-21_2026-04-20.json,2026-04-21 01:59:21
14355,2026-04-21 01:59:21.593454,2026-04-21 01:59:21.593454,2026-04-13,340977619538363,1,0,EXACT,0,1,0,1,0,401692569369608,0,magnesium glycinate,24.98,0,24.98,1,24.98,IBM_MGMB_06G1FR,B0DKT3PXRP,EXACT,0,1,magnesium glycinate,24.98,0,340977619538363,0,Amazon,Inner-SP-KW-gumm-magnesium glycinate-EM-54,298402294383592,0,1,0,0,magnesium glycinate,0,0,0,1,269179459475581,USD,0,1,B0DN5QQLB6,Inner-SP-KW-gumm-magnesium glycinate-EM-54,0,spPurchasedProduct,US,INNERBRIGHTNESS,spPurchasedProduct_innerbrightness_US_2026-03-21_2026-04-20.json,2026-04-21 01:59:21
14356,2026-04-21 01:59:21.593454,2026-04-21 01:59:21.593454,2026-04-14,340977619538363,1,0,EXACT,0,1,0,1,0,401692569369608,0,magnesium glycinate,24.98,0,24.98,1,0.0,IBM_MGMB_06G1FR,B0DKT3PXRP,EXACT,0,0,magnesium glycinate,24.98,0,340977619538363,0,Amazon,Inner-SP-KW-gumm-magnesium glycinate-EM-54,298402294383592,0,0,0,0,magnesium glycinate,0,0,0,1,269179459475581,USD,0,1,B0DN5QQLB6,Inner-SP-KW-gumm-magnesium glycinate-EM-54,0,spPurchasedProduct,US,INNERBRIGHTNESS,spPurchasedProduct_innerbrightness_US_2026-03-21_2026-04-20.json,2026-04-21 01:59:21
14357,2026-04-21 01:59:21.593454,2026-04-21 01:59:21.593454,2026-04-15,340977619538363,0,0,EXACT,0,0,0,0,0,401692569369608,0,magnesium glycinate,0.0,0,0.0,0,0.0,IBM_MGMB_06G1FR,B0DKT3PXRP,EXACT,0,0,magnesium glycinate,0.0,0,340977619538363,0,Amazon,Inner-SP-KW-gumm-magnesium glycinate-EM-54,298402294383592,0,0,0,0,magnesium glycinate,0,0,0,0,269179459475581,USD,0,0,B0DN5QQLB6,Inner-SP-KW-gumm-magnesium glycinate-EM-54,0,spPurchasedProduct,US,INNERBRIGHTNESS,spPurchasedProduct_innerbrightness_US_2026-03-21_2026-04-20.json,2026-04-21 01:59:21
14358,2026-04-21 01:59:21.593454,2026-04-21 01:59:21.593454,2026-04-16,340977619538363,0,0,EXACT,0,0,0,0,0,401692569369608,0,magnesium glycinate,0.0,0,0.0,0,0.0,IBM_MGMB_06G1FR,B0DKT3PXRP,EXACT,0,0,magnesium glycinate,0.0,0,340977619538363,0,Amazon,Inner-SP-KW-gumm-magnesium glycinate-EM-54,298402294383592,0,0,0,0,magnesium glycinate,0,0,0,0,269179459475581,USD,0,0,B0DN5QQLB6,Inner-SP-KW-gumm-magnesium glycinate-EM-54,0,spPurchasedProduct,US,INNERBRIGHTNESS,spPurchasedProduct_innerbrightness_US_2026-03-21_2026-04-20.json,2026-04-21 01:59:21
14362,2026-04-21 01:59:21.593454,2026-04-21 01:59:21.593454,2026-04-11,551282443934041,2,0,TARGETING_EXPRESSION_PREDEFINED,0,2,0,2,0,285469202359062,0,close-match,55.98,0,55.98,2,55.98,IBM_MGMB_06G1FR,B0DKT3PXRP,TARGETING_EXPRESSION_PREDEFINED,0,2,close-match,55.98,0,551282443934041,0,Amazon,Inner-SP-Auto-gumm-magnesium-CPC-Low bid,558606714617685,0,2,0,0,close-match,0,0,0,2,269179459475581,USD,0,2,B0DN5QQLB6,Inner-SP-Auto-gumm-magnesium-CPC-Low bid,0,spPurchasedProduct,US,INNERBRIGHTNESS,spPurchasedProduct_innerbrightness_US_2026-03-21_2026-04-20.json,2026-04-21 01:59:21
14363,2026-04-21 01:59:21.593454,2026-04-21 01:59:21.593454,2026-04-12,551282443934041,10,0,TARGETING_EXPRESSION_PREDEFINED,0,10,0,10,0,285469202359062,0,close-match,270.87,0,270.87,10,220.91,IBM_MGMB_06G1FR,B0DKT3PXRP,TARGETING_EXPRESSION_PREDEFINED,0,8,close-match,270.87,0,551282443934041,0,Amazon,Inner-SP-Auto-gumm-magnesium-CPC-Low bid,558606714617685,0,8,0,0,close-match,0,0,0,10,269179459475581,USD,0,10,B0DN5QQLB6,Inner-SP-Auto-gumm-magnesium-CPC-Low bid,0,spPurchasedProduct,US,INNERBRIGHTNESS,spPurchasedProduct_innerbrightness_US_2026-03-21_2026-04-20.json,2026-04-21 01:59:21
14364,2026-04-21 01:59:21.593454,2026-04-21 01:59:21.593454,2026-04-13,551282443934041,5,0,TARGETING_EXPRESSION_PREDEFINED,0,5,0,5,0,285469202359062,0,close-match,124.9,0,124.9,5,124.9,IBM_MGMB_06G1FR,B0DKT3PXRP,TARGETING_EXPRESSION_PREDEFINED,0,5,close-match,124.9,0,551282443934041,0,Amazon,Inner-SP-Auto-gumm-magnesium-CPC-Low bid,558606714617685,0,5,0,0,close-match,0,0,0,5,269179459475581,USD,0,5,B0DN5QQLB6,Inner-SP-Auto-gumm-magnesium-CPC-Low bid,0,spPurchasedProduct,US,INNERBRIGHTNESS,spPurchasedProduct_innerbrightness_US_2026-03-21_2026-04-20.json,2026-04-21 01:59:21
14365,2026-04-21 01:59:21.593454,2026-04-21 01:59:21.593454,2026-04-14,551282443934041,2,0,TARGETING_EXPRESSION_PREDEFINED,0,2,0,2,0,285469202359062,0,close-match,49.96,0,49.96,2,49.96,IBM_MGMB_06G1FR,B0DKT3PXRP,TARGETING_EXPRESSION_PREDEFINED,0,2,close-match,49.96,0,551282443934041,0,Amazon,Inner-SP-Auto-gumm-magnesium-CPC-Low bid,558606714617685,0,2,0,0,close-match,0,0,0,2,269179459475581,USD,0,2,B0DN5QQLB6,Inner-SP-Auto-gumm-magnesium-CPC-Low bid,0,spPurchasedProduct,US,INNERBRIGHTNESS,spPurchasedProduct_innerbrightness_US_2026-03-21_2026-04-20.json,2026-04-21 01:59:21
14366,2026-04-21 01:59:21.593454,2026-04-21 01:59:21.593454,2026-04-15,551282443934041,1,0,TARGETING_EXPRESSION_PREDEFINED,0,1,0,1,0,285469202359062,0,close-match,24.98,0,24.98,1,24.98,IBM_MGMB_06G1FR,B0DKT3PXRP,TARGETING_EXPRESSION_PREDEFINED,0,1,close-match,24.98,0,551282443934041,0,Amazon,Inner-SP-Auto-gumm-magnesium-CPC-Low bid,558606714617685,0,1,0,0,close-match,0,0,0,1,269179459475581,USD,0,1,B0DN5QQLB6,Inner-SP-Auto-gumm-magnesium-CPC-Low bid,0,spPurchasedProduct,US,INNERBRIGHTNESS,spPurchasedProduct_innerbrightness_US_2026-03-21_2026-04-20.json,2026-04-21 01:59:21
14367,2026-04-21 01:59:21.593454,2026-04-21 01:59:21.593454,2026-04-17,551282443934041,3,0,TARGETING_EXPRESSION_PREDEFINED,0,3,0,3,0,285469202359062,0,close-match,74.94,0,74.94,3,74.94,IBM_MGMB_06G1FR,B0DKT3PXRP,TARGETING_EXPRESSION_PREDEFINED,0,3,close-match,74.94,0,551282443934041,0,Amazon,Inner-SP-Auto-gumm-magnesium-CPC-Low bid,558606714617685,0,3,0,0,close-match,0,0,0,3,269179459475581,USD,0,3,B0DN5QQLB6,Inner-SP-Auto-gumm-magnesium-CPC-Low bid,0,spPurchasedProduct,US,INNERBRIGHTNESS,spPurchasedProduct_innerbrightness_US_2026-03-21_2026-04-20.json,2026-04-21 01:59:21
14370,2026-04-21 01:59:21.593454,2026-04-21 01:59:21.593454,2026-04-15,333347793047396,0,0,PHRASE,0,0,0,0,0,406213779278243,0,magnesium,0.0,0,0.0,0,0.0,IBM_MGMB_06G1FR,B0DKT3PXRP,PHRASE,0,0,magnesium,0.0,0,333347793047396,0,Amazon,Inner-SP-KW-gumm-magnesium gummies-PM-CPC-7k,379771125260003,0,0,0,0,magnesium,0,0,0,0,269179459475581,USD,0,0,B0DN5QQLB6,Inner-SP-KW-gumm-magnesium-PM-CPC-222,0,spPurchasedProduct,US,INNERBRIGHTNESS,spPurchasedProduct_innerbrightness_US_2026-03-21_2026-04-20.json,2026-04-21 01:59:21
14371,2026-04-21 01:59:21.593454,2026-04-21 01:59:21.593454,2026-04-13,342689666840399,1,0,BROAD,0,1,0,1,0,534961527455391,0,magnesium complex for women,13.99,0,13.99,1,13.99,IBU_MCUF_90C1,B0G26383JK,BROAD,0,1,magnesium complex for women,13.99,0,342689666840399,0,Amazon,Inner-SP-KW-Complex-magnesium complex for women-BM-CPC-1k,385122874231334,0,1,0,0,magnesium complex for women,0,0,0,1,18976432727508,USD,0,1,B0DKT3PXRP,Inner-SP-KW-Complex-magnesium complex for women-BM-CPC-1k,0,spPurchasedProduct,US,INNERBRIGHTNESS,spPurchasedProduct_innerbrightness_US_2026-03-21_2026-04-20.json,2026-04-21 01:59:21
14372,2026-04-21 01:59:21.593454,2026-04-21 01:59:21.593454,2026-04-12,342689666840399,0,0,BROAD,0,0,0,0,0,534961527455391,0,magnesium complex for women,0.0,0,0.0,0,0.0,IBU_MCUF_90C1,B0G26383JK,BROAD,0,0,magnesium complex for women,0.0,0,342689666840399,0,Amazon,Inner-SP-KW-Complex-magnesium complex for women-BM-CPC-1k,385122874231334,0,0,0,0,magnesium complex for women,0,0,0,0,18976432727508,USD,0,0,B0FYFBZ7W5,Inner-SP-KW-Complex-magnesium complex for women-BM-CPC-1k,0,spPurchasedProduct,US,INNERBRIGHTNESS,spPurchasedProduct_innerbrightness_US_2026-03-21_2026-04-20.json,2026-04-21 01:59:21
14373,2026-04-21 01:59:21.593454,2026-04-21 01:59:21.593454,2026-04-14,321320371298455,3,0,EXACT,0,3,0,3,0,439217402283731,0,magnesium glycinate gummies,74.94,0,74.94,3,74.94,IBM_MGMB_06G1FR,B0DKT3PXRP,EXACT,0,3,magnesium glycinate gummies,74.94,0,321320371298455,0,Amazon,Inner-SP-KW-gumm-magnesium glycinate gummies-EM-CPC-8k,552923299547324,0,3,0,0,magnesium glycinate gummies,0,0,0,3,269179459475581,USD,0,3,B0DN5QQLB6,Inner-SP-KW-gumm-magnesium glycinate gummies-EM-CPC-8k,0,spPurchasedProduct,US,INNERBRIGHTNESS,spPurchasedProduct_innerbrightness_US_2026-03-21_2026-04-20.json,2026-04-21 01:59:21
14374,2026-04-21 01:59:21.593454,2026-04-21 01:59:21.593454,2026-04-15,321320371298455,1,0,EXACT,0,1,0,1,0,439217402283731,0,magnesium glycinate gummies,24.98,0,24.98,1,24.98,IBM_MGMB_06G1FR,B0DKT3PXRP,EXACT,0,1,magnesium glycinate gummies,24.98,0,321320371298455,0,Amazon,Inner-SP-KW-gumm-magnesium glycinate gummies-EM-CPC-8k,552923299547324,0,1,0,0,magnesium glycinate gummies,0,0,0,1,269179459475581,USD,0,1,B0DN5QQLB6,Inner-SP-KW-gumm-magnesium glycinate gummies-EM-CPC-8k,0,spPurchasedProduct,US,INNERBRIGHTNESS,spPurchasedProduct_innerbrightness_US_2026-03-21_2026-04-20.json,2026-04-21 01:59:21
14375,2026-04-21 01:59:21.593454,2026-04-21 01:59:21.593454,2026-04-16,321320371298455,2,0,EXACT,0,2,0,2,0,439217402283731,0,magnesium glycinate gummies,49.96,0,49.96,2,49.96,IBM_MGMB_06G1FR,B0DKT3PXRP,EXACT,0,2,magnesium glycinate gummies,49.96,0,321320371298455,0,Amazon,Inner-SP-KW-gumm-magnesium glycinate gummies-EM-CPC-8k,552923299547324,0,2,0,0,magnesium glycinate gummies,0,0,0,2,269179459475581,USD,0,2,B0DN5QQLB6,Inner-SP-KW-gumm-magnesium glycinate gummies-EM-CPC-8k,0,spPurchasedProduct,US,INNERBRIGHTNESS,spPurchasedProduct_innerbrightness_US_2026-03-21_2026-04-20.json,2026-04-21 01:59:21
14376,2026-04-21 01:59:21.593454,2026-04-21 01:59:21.593454,2026-04-17,321320371298455,2,0,EXACT,0,2,0,2,0,439217402283731,0,magnesium glycinate gummies,49.96,0,49.96,2,49.96,IBM_MGMB_06G1FR,B0DKT3PXRP,EXACT,0,2,magnesium glycinate gummies,49.96,0,321320371298455,0,Amazon,Inner-SP-KW-gumm-magnesium glycinate gummies-EM-CPC-8k,552923299547324,0,2,0,0,magnesium glycinate gummies,0,0,0,2,269179459475581,USD,0,2,B0DN5QQLB6,Inner-SP-KW-gumm-magnesium glycinate gummies-EM-CPC-8k,0,spPurchasedProduct,US,INNERBRIGHTNESS,spPurchasedProduct_innerbrightness_US_2026-03-21_2026-04-20.json,2026-04-21 01:59:21
14379,2026-04-21 01:59:21.593454,2026-04-21 01:59:21.593454,2026-04-15,321320371298455,1,0,EXACT,0,1,0,1,0,439217402283731,0,magnesium glycinate gummies,16.78,0,16.78,1,16.78,IBM_MGMB_06G1FR,B0DKT3PXRP,EXACT,0,1,magnesium glycinate gummies,16.78,0,321320371298455,0,Amazon,Inner-SP-KW-gumm-magnesium glycinate gummies-EM-CPC-8k,552923299547324,0,1,0,0,magnesium glycinate gummies,0,0,0,1,269179459475581,USD,0,1,B0G26383JK,Inner-SP-KW-gumm-magnesium glycinate gummies-EM-CPC-8k,0,spPurchasedProduct,US,INNERBRIGHTNESS,spPurchasedProduct_innerbrightness_US_2026-03-21_2026-04-20.json,2026-04-21 01:59:21
14380,2026-04-21 01:59:21.593454,2026-04-21 01:59:21.593454,2026-04-16,321320371298455,0,0,EXACT,0,0,0,0,0,439217402283731,0,magnesium glycinate gummies,0.0,0,0.0,0,0.0,IBM_MGMB_06G1FR,B0DKT3PXRP,EXACT,0,0,magnesium glycinate gummies,0.0,0,321320371298455,0,Amazon,Inner-SP-KW-gumm-magnesium glycinate gummies-EM-CPC-8k,552923299547324,0,0,0,0,magnesium glycinate gummies,0,0,0,0,269179459475581,USD,0,0,B0G26383JK,Inner-SP-KW-gumm-magnesium glycinate gummies-EM-CPC-8k,0,spPurchasedProduct,US,INNERBRIGHTNESS,spPurchasedProduct_innerbrightness_US_2026-03-21_2026-04-20.json,2026-04-21 01:59:21
14382,2026-04-21 01:59:21.593454,2026-04-21 01:59:21.593454,2026-04-11,325219396871930,0,0,EXACT,0,0,0,0,0,557962024699161,0,vitamin b complex,0.0,0,0.0,0,0.0,IBX_VBUF_90C1,B0GKSVSK3P,EXACT,0,0,vitamin b complex,0.0,0,325219396871930,0,Amazon,Inner-SP-KW-VB-vitamin b complex-EM,16573246879315,0,0,0,0,vitamin b complex,0,0,0,0,128011262266839,USD,0,0,B0DKT3PXRP,Inner-SP-KW-VB-vitamin b complex-EM-3K,0,spPurchasedProduct,US,INNERBRIGHTNESS,spPurchasedProduct_innerbrightness_US_2026-03-21_2026-04-20.json,2026-04-21 01:59:21
14383,2026-04-21 01:59:21.593454,2026-04-21 01:59:21.593454,2026-04-13,348012246532570,2,0,TARGETING_EXPRESSION_PREDEFINED,0,2,0,2,0,343806971340416,0,close-match,49.96,0,49.96,2,49.96,IBM_MGMB_06G1FR,B0DKT3PXRP,TARGETING_EXPRESSION_PREDEFINED,0,2,close-match,49.96,0,348012246532570,0,Amazon,Inner-SP-Auto-gumm-magnesium-CPC-New,31526300125663,0,2,0,0,close-match,0,0,0,2,269179459475581,USD,0,2,B0DN5QQLB6,Inner-SP-Auto-gumm-magnesium-CPC-New,0,spPurchasedProduct,US,INNERBRIGHTNESS,spPurchasedProduct_innerbrightness_US_2026-03-21_2026-04-20.json,2026-04-21 01:59:21
14384,2026-04-21 01:59:21.593454,2026-04-21 01:59:21.593454,2026-04-14,348012246532570,1,0,TARGETING_EXPRESSION_PREDEFINED,0,1,0,1,0,343806971340416,0,close-match,24.98,0,24.98,1,24.98,IBM_MGMB_06G1FR,B0DKT3PXRP,TARGETING_EXPRESSION_PREDEFINED,0,1,close-match,24.98,0,348012246532570,0,Amazon,Inner-SP-Auto-gumm-magnesium-CPC-New,31526300125663,0,1,0,0,close-match,0,0,0,1,269179459475581,USD,0,1,B0DN5QQLB6,Inner-SP-Auto-gumm-magnesium-CPC-New,0,spPurchasedProduct,US,INNERBRIGHTNESS,spPurchasedProduct_innerbrightness_US_2026-03-21_2026-04-20.json,2026-04-21 01:59:21
14385,2026-04-21 01:59:21.593454,2026-04-21 01:59:21.593454,2026-04-15,348012246532570,1,0,TARGETING_EXPRESSION_PREDEFINED,0,1,0,1,0,343806971340416,0,close-match,24.98,0,24.98,1,24.98,IBM_MGMB_06G1FR,B0DKT3PXRP,TARGETING_EXPRESSION_PREDEFINED,0,1,close-match,24.98,0,348012246532570,0,Amazon,Inner-SP-Auto-gumm-magnesium-CPC-New,31526300125663,0,1,0,0,close-match,0,0,0,1,269179459475581,USD,0,1,B0DN5QQLB6,Inner-SP-Auto-gumm-magnesium-CPC-New,0,spPurchasedProduct,US,INNERBRIGHTNESS,spPurchasedProduct_innerbrightness_US_2026-03-21_2026-04-20.json,2026-04-21 01:59:21
14386,2026-04-21 01:59:21.593454,2026-04-21 01:59:21.593454,2026-04-16,348012246532570,4,0,TARGETING_EXPRESSION_PREDEFINED,0,4,0,4,0,343806971340416,0,close-match,99.92,0,99.92,4,74.94,IBM_MGMB_06G1FR,B0DKT3PXRP,TARGETING_EXPRESSION_PREDEFINED,0,3,close-match,99.92,0,348012246532570,0,Amazon,Inner-SP-Auto-gumm-magnesium-CPC-New,31526300125663,0,3,0,0,close-match,0,0,0,4,269179459475581,USD,0,4,B0DN5QQLB6,Inner-SP-Auto-gumm-magnesium-CPC-New,0,spPurchasedProduct,US,INNERBRIGHTNESS,spPurchasedProduct_innerbrightness_US_2026-03-21_2026-04-20.json,2026-04-21 01:59:21
14387,2026-04-21 01:59:21.593454,2026-04-21 01:59:21.593454,2026-04-17,348012246532570,1,0,TARGETING_EXPRESSION_PREDEFINED,0,1,0,1,0,343806971340416,0,close-match,24.98,0,24.98,1,24.98,IBM_MGMB_06G1FR,B0DKT3PXRP,TARGETING_EXPRESSION_PREDEFINED,0,1,close-match,24.98,0,348012246532570,0,Amazon,Inner-SP-Auto-gumm-magnesium-CPC-New,31526300125663,0,1,0,0,close-match,0,0,0,1,269179459475581,USD,0,1,B0DN5QQLB6,Inner-SP-Auto-gumm-magnesium-CPC-New,0,spPurchasedProduct,US,INNERBRIGHTNESS,spPurchasedProduct_innerbrightness_US_2026-03-21_2026-04-20.json,2026-04-21 01:59:21
14390,2026-04-21 01:59:21.593454,2026-04-21 01:59:21.593454,2026-04-11,348012246532570,1,0,TARGETING_EXPRESSION_PREDEFINED,0,1,0,1,0,343806971340416,0,close-match,20.99,0,20.99,1,20.99,IBM_MGMB_06G1FR,B0DKT3PXRP,TARGETING_EXPRESSION_PREDEFINED,0,1,close-match,20.99,0,348012246532570,0,Amazon,Inner-SP-Auto-gumm-magnesium-CPC-New,31526300125663,0,1,0,0,close-match,0,0,0,1,269179459475581,USD,0,1,B0FYFK76DM,Inner-SP-Auto-gumm-magnesium-CPC-New,0,spPurchasedProduct,US,INNERBRIGHTNESS,spPurchasedProduct_innerbrightness_US_2026-03-21_2026-04-20.json,2026-04-21 01:59:21
14391,2026-04-21 01:59:21.593454,2026-04-21 01:59:21.593454,2026-04-12,348012246532570,0,0,TARGETING_EXPRESSION_PREDEFINED,0,0,0,0,0,343806971340416,0,close-match,0.0,0,0.0,0,0.0,IBM_MGMB_06G1FR,B0DKT3PXRP,TARGETING_EXPRESSION_PREDEFINED,0,0,close-match,0.0,0,348012246532570,0,Amazon,Inner-SP-Auto-gumm-magnesium-CPC-New,31526300125663,0,0,0,0,close-match,0,0,0,0,269179459475581,USD,0,0,B0FYFK76DM,Inner-SP-Auto-gumm-magnesium-CPC-New,0,spPurchasedProduct,US,INNERBRIGHTNESS,spPurchasedProduct_innerbrightness_US_2026-03-21_2026-04-20.json,2026-04-21 01:59:21
14392,2026-04-21 01:59:21.593454,2026-04-21 01:59:21.593454,2026-04-16,348012246532570,1,0,TARGETING_EXPRESSION_PREDEFINED,0,1,0,1,0,343806971340416,0,close-match,20.39,0,20.39,1,0.0,IBM_MGMB_06G1FR,B0DKT3PXRP,TARGETING_EXPRESSION_PREDEFINED,0,0,close-match,20.39,0,348012246532570,0,Amazon,Inner-SP-Auto-gumm-magnesium-CPC-New,31526300125663,0,0,0,0,close-match,0,0,0,1,269179459475581,USD,0,1,B0GJBFKQZC,Inner-SP-Auto-gumm-magnesium-CPC-New,0,spPurchasedProduct,US,INNERBRIGHTNESS,spPurchasedProduct_innerbrightness_US_2026-03-21_2026-04-20.json,2026-04-21 01:59:21
14394,2026-04-21 01:59:21.593454,2026-04-21 01:59:21.593454,2026-04-11,562299588555401,1,0,TARGETING_EXPRESSION_PREDEFINED,0,1,0,1,0,343806971340416,0,substitutes,24.98,0,24.98,1,0.0,IBM_MGMB_06G1FR,B0DKT3PXRP,TARGETING_EXPRESSION_PREDEFINED,0,0,substitutes,24.98,0,562299588555401,0,Amazon,Inner-SP-Auto-gumm-magnesium-CPC-New,31526300125663,0,0,0,0,substitutes,0,0,0,1,269179459475581,USD,0,1,B0DN5QQLB6,Inner-SP-Auto-gumm-magnesium-CPC-New,0,spPurchasedProduct,US,INNERBRIGHTNESS,spPurchasedProduct_innerbrightness_US_2026-03-21_2026-04-20.json,2026-04-21 01:59:21
14395,2026-04-21 01:59:21.593454,2026-04-21 01:59:21.593454,2026-04-13,562299588555401,0,0,TARGETING_EXPRESSION_PREDEFINED,0,0,0,0,0,343806971340416,0,substitutes,0.0,0,0.0,0,0.0,IBM_MGMB_06G1FR,B0DKT3PXRP,TARGETING_EXPRESSION_PREDEFINED,0,0,substitutes,0.0,0,562299588555401,0,Amazon,Inner-SP-Auto-gumm-magnesium-CPC-New,31526300125663,0,0,0,0,substitutes,0,0,0,0,269179459475581,USD,0,0,B0DN5QQLB6,Inner-SP-Auto-gumm-magnesium-CPC-New,0,spPurchasedProduct,US,INNERBRIGHTNESS,spPurchasedProduct_innerbrightness_US_2026-03-21_2026-04-20.json,2026-04-21 01:59:21
