id,created_at,updated_at,date,attributed_sales_same_sku1d,roas_clicks14d,units_sold_clicks1d,attributed_sales_same_sku14d,sales7d,attributed_sales_same_sku30d,kindle_edition_normalized_pages_royalties14d,units_sold_same_sku1d,campaign_status,advertised_sku,sales_other_sku7d,purchases_same_sku7d,campaign_budget_amount,purchases7d,units_sold_same_sku30d,cost_per_click,units_sold_clicks14d,ad_group_name,campaign_id,click_through_rate,kindle_edition_normalized_pages_read14d,acos_clicks14d,units_sold_clicks30d,qualified_borrows,portfolio_id,ad_id,campaign_budget_currency_code,roas_clicks7d,units_sold_same_sku14d,units_sold_clicks7d,attributed_sales_same_sku7d,royalty_qualified_borrows,sales1d,ad_group_id,add_to_list,purchases_same_sku14d,units_sold_other_sku7d,spend,purchases_same_sku1d,campaign_budget_type,advertised_asin,purchases1d,units_sold_same_sku7d,cost,retailer,sales14d,acos_clicks7d,sales30d,impressions,purchases_same_sku30d,purchases14d,purchases30d,clicks,campaign_name,report_type_request,country_code_request,customer_request,file_name_request,parse_time_request
34533,2026-04-21 01:59:19.956075,2026-04-21 01:59:19.956075,2026-04-04,209.93,1.5415060395785143,8,239.92,269.91,260.07,0,7,ENABLED,IBU_CTMP_12G1F,59.98,7,700.0,9,9,3.4131578947368424,10,Inner-SP-KW-Creatine Gummies-creatine gummies-BM-CPC-600,391617266091470,1.1604234527687296,0,64.87162387462489,12,0,197748004457307.0,299979392074112,USD,1.3873554356206632,8,9,209.93,0,239.92,425782617077083,0,8,2,194.55,7,DAILY_BUDGET,B0FNBN38V4,8,7,194.55,Amazon,299.9,72.07958208291653,348.84,4912,9,10,12,57,Inner-SP-KW-Creatine Gummies-creatine gummies-BM-CPC-600,spAdvertisedProduct,US,INNERBRIGHTNESS,spAdvertisedProduct_innerbrightness_US_2026-03-21_2026-04-20.json,2026-04-21 01:59:19
34534,2026-04-21 01:59:19.956075,2026-04-21 01:59:19.956075,2026-04-05,239.92,2.3624094107761793,14,269.91,449.85,290.06,0,8,ENABLED,IBU_CTMP_12G1F,179.94,9,700.0,15,10,3.5262962962962963,15,Inner-SP-KW-Creatine Gummies-creatine gummies-BM-CPC-600,391617266091470,1.0119940029985006,0,42.3296654440369,16,0,197748004457307.0,299979392074112,USD,2.3624094107761793,9,15,269.91,0,419.86,425782617077083,0,9,6,190.42,8,DAILY_BUDGET,B0FNBN38V4,14,9,190.42,Amazon,449.85,42.3296654440369,470.0,5336,10,15,16,54,Inner-SP-KW-Creatine Gummies-creatine gummies-BM-CPC-600,spAdvertisedProduct,US,INNERBRIGHTNESS,spAdvertisedProduct_innerbrightness_US_2026-03-21_2026-04-20.json,2026-04-21 01:59:19
34535,2026-04-21 01:59:19.956075,2026-04-21 01:59:19.956075,2026-04-06,149.95,1.2373813780772935,5,179.94,149.95,179.94,0,5,ENABLED,IBU_CTMP_12G1F,0.0,5,700.0,5,6,3.462380952380952,6,Inner-SP-KW-Creatine Gummies-creatine gummies-BM-CPC-600,391617266091470,0.7622504537205083,0,80.8158274980549,6,0,197748004457307.0,299979392074112,USD,1.0311511483977445,6,5,149.95,0,149.95,425782617077083,0,6,0,145.42,5,DAILY_BUDGET,B0FNBN38V4,5,5,145.42,Amazon,179.94,96.9789929976659,179.94,5510,6,6,6,42,Inner-SP-KW-Creatine Gummies-creatine gummies-BM-CPC-600,spAdvertisedProduct,US,INNERBRIGHTNESS,spAdvertisedProduct_innerbrightness_US_2026-03-21_2026-04-20.json,2026-04-21 01:59:19
34536,2026-04-21 01:59:19.956075,2026-04-21 01:59:19.956075,2026-04-07,179.94,1.1500493042620796,6,179.94,209.93,179.94,0,6,ENABLED,IBU_CTMP_12G1F,29.99,6,700.0,7,6,3.6508,7,Inner-SP-KW-Creatine Gummies-creatine gummies-BM-CPC-600,391617266091470,1.064282673478076,0,86.95279378840566,7,0,197748004457307.0,299979392074112,USD,1.1500493042620796,6,7,179.94,0,179.94,425782617077083,0,6,1,182.54,6,DAILY_BUDGET,B0FNBN38V4,6,6,182.54,Amazon,209.93,86.95279378840566,209.93,4698,6,7,7,50,Inner-SP-KW-Creatine Gummies-creatine gummies-BM-CPC-600,spAdvertisedProduct,US,INNERBRIGHTNESS,spAdvertisedProduct_innerbrightness_US_2026-03-21_2026-04-20.json,2026-04-21 01:59:19
34537,2026-04-21 01:59:19.956075,2026-04-21 01:59:19.956075,2026-04-08,239.92,1.870575393731483,12,239.92,359.88,239.92,0,8,ENABLED,IBU_CTMP_12G1F,119.96,8,700.0,12,8,3.5627777777777774,12,Inner-SP-KW-Creatine Gummies-creatine gummies-BM-CPC-600,391617266091470,1.1954837281381447,0,53.459486495498496,12,0,197748004457307.0,299979392074112,USD,1.870575393731483,8,12,239.92,0,359.88,425782617077083,0,8,4,192.39,8,DAILY_BUDGET,B0FNBN38V4,12,8,192.39,Amazon,359.88,53.459486495498496,359.88,4517,8,12,12,54,Inner-SP-KW-Creatine Gummies-creatine gummies-BM-CPC-600,spAdvertisedProduct,US,INNERBRIGHTNESS,spAdvertisedProduct_innerbrightness_US_2026-03-21_2026-04-20.json,2026-04-21 01:59:19
34538,2026-04-21 01:59:19.956075,2026-04-21 01:59:19.956075,2026-04-09,299.9,2.1254429482636428,10,359.88,359.88,359.88,0,10,ENABLED,IBU_CTMP_12G1F,0.0,12,700.0,12,12,3.3864,12,Inner-SP-KW-Creatine Gummies-creatine gummies-BM-CPC-600,391617266091470,0.8118201006656925,0,47.049016338779595,12,0,197748004457307.0,299979392074112,USD,2.1254429482636428,12,12,359.88,0,299.9,425782617077083,0,12,0,169.32,10,DAILY_BUDGET,B0FNBN38V4,10,12,169.32,Amazon,359.88,47.049016338779595,359.88,6159,12,12,12,50,Inner-SP-KW-Creatine Gummies-creatine gummies-BM-CPC-600,spAdvertisedProduct,US,INNERBRIGHTNESS,spAdvertisedProduct_innerbrightness_US_2026-03-21_2026-04-20.json,2026-04-21 01:59:19
34539,2026-04-21 01:59:19.956075,2026-04-21 01:59:19.956075,2026-04-10,149.95,1.515411824153613,7,179.94,239.92,179.94,0,5,ENABLED,IBU_CTMP_12G1F,59.98,6,700.0,8,6,3.518222222222222,8,Inner-SP-KW-Creatine Gummies-creatine gummies-BM-CPC-600,391617266091470,0.5558300395256917,0,65.98866288762922,8,0,197748004457307.0,299979392074112,USD,1.515411824153613,6,8,179.94,0,209.93,425782617077083,0,6,2,158.32,5,DAILY_BUDGET,B0FNBN38V4,7,6,158.32,Amazon,239.92,65.98866288762922,239.92,8096,6,8,8,45,Inner-SP-KW-Creatine Gummies-creatine gummies-BM-CPC-600,spAdvertisedProduct,US,INNERBRIGHTNESS,spAdvertisedProduct_innerbrightness_US_2026-03-21_2026-04-20.json,2026-04-21 01:59:19
34554,2026-04-21 01:59:19.956075,2026-04-21 01:59:19.956075,2026-04-04,539.82,1.2149399372952407,22,569.81,689.77,569.81,0,18,ENABLED,IBU_CTMP_12G1F,119.96,19,1000.0,23,19,4.770924369747899,23,Inner-SP-KW-Creatine Gummies-creatine gummies-EM-CPC-800,297069838936079,1.7456359102244388,0,82.30859561882947,23,0,197748004457307.0,480030069992580,USD,1.2149399372952407,19,23,569.81,0,659.78,439851151117545,0,19,4,567.74,18,DAILY_BUDGET,B0FNBN38V4,22,19,567.74,Amazon,689.77,82.30859561882947,689.77,6817,19,23,23,119,Inner-SP-KW-Creatine Gummies-creatine gummies-EM-CPC-800,spAdvertisedProduct,US,INNERBRIGHTNESS,spAdvertisedProduct_innerbrightness_US_2026-03-21_2026-04-20.json,2026-04-21 01:59:19
34555,2026-04-21 01:59:19.956075,2026-04-21 01:59:19.956075,2026-04-05,599.8,1.5355280374717917,26,629.79,779.74,629.79,0,20,ENABLED,IBU_CTMP_12G1F,179.94,20,1000.0,26,21,4.708303571428572,27,Inner-SP-KW-Creatine Gummies-creatine gummies-EM-CPC-800,297069838936079,1.4713610089332634,0,65.12417719486743,27,0,197748004457307.0,480030069992580,USD,1.4786566286765401,21,26,599.8,0,779.74,439851151117545,0,21,6,527.33,20,DAILY_BUDGET,B0FNBN38V4,26,20,527.33,Amazon,809.73,67.62895324082386,809.73,7612,21,27,27,112,Inner-SP-KW-Creatine Gummies-creatine gummies-EM-CPC-800,spAdvertisedProduct,US,INNERBRIGHTNESS,spAdvertisedProduct_innerbrightness_US_2026-03-21_2026-04-20.json,2026-04-21 01:59:19
34556,2026-04-21 01:59:19.956075,2026-04-21 01:59:19.956075,2026-04-06,749.75,1.6071237183380371,28,779.74,869.71,779.74,0,25,ENABLED,IBU_CTMP_12G1F,119.96,25,1000.0,29,26,4.5513821138211386,30,Inner-SP-KW-Creatine Gummies-creatine gummies-EM-CPC-800,297069838936079,1.3645440426003994,0,62.222963209958884,30,0,197748004457307.0,480030069992580,USD,1.5535529277267692,26,29,749.75,0,839.72,439851151117545,0,26,4,559.82,25,DAILY_BUDGET,B0FNBN38V4,28,25,559.82,Amazon,899.7,64.36858263099194,899.7,9014,26,30,30,123,Inner-SP-KW-Creatine Gummies-creatine gummies-EM-CPC-800,spAdvertisedProduct,US,INNERBRIGHTNESS,spAdvertisedProduct_innerbrightness_US_2026-03-21_2026-04-20.json,2026-04-21 01:59:19
34557,2026-04-21 01:59:19.956075,2026-04-21 01:59:19.956075,2026-04-07,449.85,1.3835056302291933,19,539.82,629.79,539.82,0,15,ENABLED,IBU_CTMP_12G1F,119.96,16,1000.0,20,18,4.675392156862745,22,Inner-SP-KW-Creatine Gummies-creatine gummies-EM-CPC-800,297069838936079,1.215298463004885,0,72.28015399072419,22,0,197748004457307.0,480030069992580,USD,1.3206190106733209,18,21,509.83,0,569.81,439851151117545,0,17,4,476.89,14,DAILY_BUDGET,B0FNBN38V4,18,17,476.89,Amazon,659.78,75.72206608552057,659.78,8393,17,21,21,102,Inner-SP-KW-Creatine Gummies-creatine gummies-EM-CPC-800,spAdvertisedProduct,US,INNERBRIGHTNESS,spAdvertisedProduct_innerbrightness_US_2026-03-21_2026-04-20.json,2026-04-21 01:59:19
34558,2026-04-21 01:59:19.956075,2026-04-21 01:59:19.956075,2026-04-08,539.82,1.6187521107733873,21,649.94,689.77,649.94,0,18,ENABLED,IBU_CTMP_12G1F,89.97,20,1000.0,23,22,4.69069306930693,26,Inner-SP-KW-Creatine Gummies-creatine gummies-EM-CPC-800,297069838936079,1.0172222781750428,0,61.775981223106015,26,0,197748004457307.0,480030069992580,USD,1.4559481594056063,22,23,599.8,0,629.79,439851151117545,0,22,3,473.76,18,DAILY_BUDGET,B0FNBN38V4,21,20,473.76,Amazon,766.9,68.68376415326848,766.9,9929,22,26,26,101,Inner-SP-KW-Creatine Gummies-creatine gummies-EM-CPC-800,spAdvertisedProduct,US,INNERBRIGHTNESS,spAdvertisedProduct_innerbrightness_US_2026-03-21_2026-04-20.json,2026-04-21 01:59:19
34559,2026-04-21 01:59:19.956075,2026-04-21 01:59:19.956075,2026-04-09,599.8,1.8336706725701033,27,629.79,869.71,629.79,0,20,ENABLED,IBU_CTMP_12G1F,239.92,21,1000.0,28,21,4.474528301886792,29,Inner-SP-KW-Creatine Gummies-creatine gummies-EM-CPC-800,297069838936079,1.0824058000612682,0,54.53541985259454,29,0,197748004457307.0,480030069992580,USD,1.8336706725701033,21,29,629.79,0,809.73,439851151117545,0,21,8,474.3,20,DAILY_BUDGET,B0FNBN38V4,26,21,474.3,Amazon,869.71,54.53541985259454,869.71,9793,21,28,28,106,Inner-SP-KW-Creatine Gummies-creatine gummies-EM-CPC-800,spAdvertisedProduct,US,INNERBRIGHTNESS,spAdvertisedProduct_innerbrightness_US_2026-03-21_2026-04-20.json,2026-04-21 01:59:19
34560,2026-04-21 01:59:19.956075,2026-04-21 01:59:19.956075,2026-04-10,869.71,2.1596046846426207,33,969.99,1049.65,969.99,0,29,ENABLED,IBU_CTMP_12G1F,119.96,28,1000.0,32,33,4.431206896551724,38,Inner-SP-KW-Creatine Gummies-creatine gummies-EM-CPC-800,297069838936079,1.1793411956079707,0,46.304770827327765,38,0,197748004457307.0,480030069992580,USD,2.0420411657133966,33,35,929.69,0,989.67,439851151117545,0,29,4,514.02,26,DAILY_BUDGET,B0FNBN38V4,30,31,514.02,Amazon,1110.08,48.97060925070261,1110.08,9836,29,34,34,116,Inner-SP-KW-Creatine Gummies-creatine gummies-EM-CPC-800,spAdvertisedProduct,US,INNERBRIGHTNESS,spAdvertisedProduct_innerbrightness_US_2026-03-21_2026-04-20.json,2026-04-21 01:59:19
34561,2026-04-21 01:59:19.956075,2026-04-21 01:59:19.956075,2026-04-10,29.99,9.143292682926829,1,29.99,29.99,29.99,0,1,PAUSED,IBU_CTMP_12G1F,0.0,1,100.0,1,1,3.28,1,Inner-SP-Auto-Creatine Gummies-CPC,506739018117344,1.0869565217391304,0,10.936978992997666,1,0,197748004457307.0,464542971154601,USD,9.143292682926829,1,1,29.99,0,29.99,557203492769823,0,1,0,3.28,1,DAILY_BUDGET,B0FNBN38V4,1,1,3.28,Amazon,29.99,10.936978992997666,29.99,92,1,1,1,1,Inner-SP-Auto-Creatine Gummies-CPC,spAdvertisedProduct,US,INNERBRIGHTNESS,spAdvertisedProduct_innerbrightness_US_2026-03-21_2026-04-20.json,2026-04-21 01:59:19
34563,2026-04-21 01:59:19.956075,2026-04-21 01:59:19.956075,2026-04-07,0.0,nan,0,0.0,0.0,0.0,0,0,ENABLED,IBG_INUF_12C1F,0.0,0,50.0,0,0,nan,0,IB-SP-KW-inositol-myo inositol-PM,1182589332550,nan,0,nan,0,0,209298027301784.0,414934921529017,USD,nan,0,0,0.0,0,0.0,487700417776058,0,0,0,0.0,0,DAILY_BUDGET,B0FYFBZ7W5,0,0,0.0,Amazon,0.0,nan,0.0,0,0,0,0,0,IB-SP-KW-inositol-myo inositol-PM,spAdvertisedProduct,US,INNERBRIGHTNESS,spAdvertisedProduct_innerbrightness_US_2026-03-21_2026-04-20.json,2026-04-21 01:59:19
34577,2026-04-21 01:59:19.956075,2026-04-21 01:59:19.956075,2026-04-04,119.96,3.3042280677592615,6,149.95,239.92,149.95,0,4,ENABLED,IBU_CTMP_12G1F,89.97,5,100.0,8,5,3.0254166666666666,8,Inner-SP-KW-Creatine Gummies-creatine-BM-CPC-70,313950625346433,0.6818181818181818,0,30.264254751583863,8,0,197748004457307.0,454898076582687,USD,3.3042280677592615,5,8,149.95,0,179.94,343251949063559,0,5,3,72.61,4,DAILY_BUDGET,B0FNBN38V4,6,5,72.61,Amazon,239.92,30.264254751583863,239.92,3520,5,8,8,24,Inner-SP-KW-Creatine Gummies-creatine-BM-CPC-70,spAdvertisedProduct,US,INNERBRIGHTNESS,spAdvertisedProduct_innerbrightness_US_2026-03-21_2026-04-20.json,2026-04-21 01:59:19
34578,2026-04-21 01:59:19.956075,2026-04-21 01:59:19.956075,2026-04-05,0.0,0.5517939282428702,0,29.99,29.99,29.99,0,0,ENABLED,IBU_CTMP_12G1F,0.0,1,100.0,1,1,3.197058823529412,1,Inner-SP-KW-Creatine Gummies-creatine-BM-CPC-70,313950625346433,0.3875085479826761,0,181.2270756918973,1,0,197748004457307.0,454898076582687,USD,0.5517939282428702,1,1,29.99,0,0.0,343251949063559,0,1,0,54.35,0,DAILY_BUDGET,B0FNBN38V4,0,1,54.35,Amazon,29.99,181.2270756918973,29.99,4387,1,1,1,17,Inner-SP-KW-Creatine Gummies-creatine-BM-CPC-70,spAdvertisedProduct,US,INNERBRIGHTNESS,spAdvertisedProduct_innerbrightness_US_2026-03-21_2026-04-20.json,2026-04-21 01:59:19
34579,2026-04-21 01:59:19.956075,2026-04-21 01:59:19.956075,2026-04-06,269.91,2.345167344385361,9,299.9,299.9,299.9,0,9,ENABLED,IBU_CTMP_12G1F,0.0,8,100.0,8,10,3.197,10,Inner-SP-KW-Creatine Gummies-creatine-BM-CPC-70,313950625346433,0.7858546168958742,0,42.640880293431145,10,0,197748004457307.0,454898076582687,USD,2.345167344385361,10,10,299.9,0,269.91,343251949063559,0,8,0,127.88,7,DAILY_BUDGET,B0FNBN38V4,7,10,127.88,Amazon,299.9,42.640880293431145,299.9,5090,8,8,8,40,Inner-SP-KW-Creatine Gummies-creatine-BM-CPC-70,spAdvertisedProduct,US,INNERBRIGHTNESS,spAdvertisedProduct_innerbrightness_US_2026-03-21_2026-04-20.json,2026-04-21 01:59:19
34580,2026-04-21 01:59:19.956075,2026-04-21 01:59:19.956075,2026-04-07,89.97,1.7040538238800886,5,110.12,179.94,110.12,0,3,ENABLED,IBU_CTMP_12G1F,89.97,3,100.0,6,4,3.09,7,Inner-SP-KW-Creatine Gummies-creatine-BM-CPC-70,313950625346433,0.7794871794871795,0,58.68359238342745,7,0,197748004457307.0,454898076582687,USD,1.5324476239141542,4,6,89.97,0,149.95,343251949063559,0,4,3,117.42,3,DAILY_BUDGET,B0FNBN38V4,5,3,117.42,Amazon,200.09,65.25508502834279,200.09,4875,4,7,7,38,Inner-SP-KW-Creatine Gummies-creatine-BM-CPC-70,spAdvertisedProduct,US,INNERBRIGHTNESS,spAdvertisedProduct_innerbrightness_US_2026-03-21_2026-04-20.json,2026-04-21 01:59:19
34581,2026-04-21 01:59:19.956075,2026-04-21 01:59:19.956075,2026-04-08,59.98,0.765832482124617,2,59.98,59.98,59.98,0,2,ENABLED,IBU_CTMP_12G1F,0.0,2,100.0,2,2,3.4052173913043475,2,Inner-SP-KW-Creatine Gummies-creatine-BM-CPC-70,313950625346433,0.5530175522962251,0,130.5768589529843,2,0,197748004457307.0,454898076582687,USD,0.765832482124617,2,2,59.98,0,59.98,343251949063559,0,2,0,78.32,2,DAILY_BUDGET,B0FNBN38V4,2,2,78.32,Amazon,59.98,130.5768589529843,59.98,4159,2,2,2,23,Inner-SP-KW-Creatine Gummies-creatine-BM-CPC-70,spAdvertisedProduct,US,INNERBRIGHTNESS,spAdvertisedProduct_innerbrightness_US_2026-03-21_2026-04-20.json,2026-04-21 01:59:19
34582,2026-04-21 01:59:19.956075,2026-04-21 01:59:19.956075,2026-04-09,149.95,1.5206625538747571,6,149.95,179.94,149.95,0,5,ENABLED,IBU_CTMP_12G1F,29.99,5,100.0,6,5,3.113947368421053,6,Inner-SP-KW-Creatine Gummies-creatine-BM-CPC-70,313950625346433,0.3003240338259701,0,65.76080915860842,6,0,197748004457307.0,454898076582687,USD,1.5206625538747571,5,6,149.95,0,179.94,343251949063559,0,5,1,118.33,5,DAILY_BUDGET,B0FNBN38V4,6,5,118.33,Amazon,179.94,65.76080915860842,179.94,12653,5,6,6,38,Inner-SP-KW-Creatine Gummies-creatine-BM-CPC-70,spAdvertisedProduct,US,INNERBRIGHTNESS,spAdvertisedProduct_innerbrightness_US_2026-03-21_2026-04-20.json,2026-04-21 01:59:19
34583,2026-04-21 01:59:19.956075,2026-04-21 01:59:19.956075,2026-04-10,59.98,1.2576181157394464,2,59.98,89.97,59.98,0,2,ENABLED,IBU_CTMP_12G1F,29.99,2,100.0,3,2,2.9808333333333334,3,Inner-SP-KW-Creatine Gummies-creatine-BM-CPC-70,313950625346433,0.1682439537329127,0,79.51539402022897,3,0,197748004457307.0,454898076582687,USD,1.2576181157394464,2,3,59.98,0,59.98,343251949063559,0,2,1,71.54,2,DAILY_BUDGET,B0FNBN38V4,2,2,71.54,Amazon,89.97,79.51539402022897,89.97,14265,2,3,3,24,Inner-SP-KW-Creatine Gummies-creatine-BM-CPC-70,spAdvertisedProduct,US,INNERBRIGHTNESS,spAdvertisedProduct_innerbrightness_US_2026-03-21_2026-04-20.json,2026-04-21 01:59:19
34601,2026-04-21 01:59:19.956075,2026-04-21 01:59:19.956075,2026-04-04,389.87,2.1382291341740562,15,419.86,479.84,440.01,0,13,ENABLED,IBU_CTMP_12G1F,59.98,14,300.0,16,15,4.675208333333333,16,Inner-SP-KW-Creatine Gummies-creatine-EM-CPC-60,427396974780100,0.7896035532159895,0,46.76767255751918,17,0,197748004457307.0,499950997002014,USD,2.1382291341740562,14,16,419.86,0,449.85,531228150922353,0,14,2,224.41,13,DAILY_BUDGET,B0FNBN38V4,15,14,224.41,Amazon,479.84,46.76767255751918,499.99,6079,15,16,17,48,Inner-SP-KW-Creatine Gummies-creatine-EM-CPC-60,spAdvertisedProduct,US,INNERBRIGHTNESS,spAdvertisedProduct_innerbrightness_US_2026-03-21_2026-04-20.json,2026-04-21 01:59:19
34602,2026-04-21 01:59:19.956075,2026-04-21 01:59:19.956075,2026-04-05,389.87,1.7198335167859107,13,499.99,479.84,499.99,0,13,ENABLED,IBU_CTMP_12G1F,0.0,16,300.0,16,17,4.5425,17,Inner-SP-KW-Creatine Gummies-creatine-EM-CPC-60,427396974780100,0.6481012658227848,0,58.145162903258075,17,0,197748004457307.0,499950997002014,USD,1.6505228398458995,17,16,479.84,0,389.87,531228150922353,0,17,0,290.72,13,DAILY_BUDGET,B0FNBN38V4,13,16,290.72,Amazon,499.99,60.586862287429156,499.99,9875,17,17,17,64,Inner-SP-KW-Creatine Gummies-creatine-EM-CPC-60,spAdvertisedProduct,US,INNERBRIGHTNESS,spAdvertisedProduct_innerbrightness_US_2026-03-21_2026-04-20.json,2026-04-21 01:59:19
34603,2026-04-21 01:59:19.956075,2026-04-21 01:59:19.956075,2026-04-06,449.85,1.5065190090192944,21,479.84,659.78,479.84,0,15,ENABLED,IBU_CTMP_12G1F,179.94,16,300.0,22,16,5.033908045977012,22,Inner-SP-KW-Creatine Gummies-creatine-EM-CPC-60,427396974780100,0.8522727272727272,0,66.37818666828336,22,0,197748004457307.0,499950997002014,USD,1.5065190090192944,16,22,479.84,0,629.79,531228150922353,0,16,6,437.95,15,DAILY_BUDGET,B0FNBN38V4,21,16,437.95,Amazon,659.78,66.37818666828336,659.78,10208,16,22,22,87,Inner-SP-KW-Creatine Gummies-creatine-EM-CPC-60,spAdvertisedProduct,US,INNERBRIGHTNESS,spAdvertisedProduct_innerbrightness_US_2026-03-21_2026-04-20.json,2026-04-21 01:59:19
34604,2026-04-21 01:59:19.956075,2026-04-21 01:59:19.956075,2026-04-07,209.93,0.9706468157147836,11,269.91,359.88,269.91,0,7,ENABLED,IBU_CTMP_12G1F,119.96,8,300.0,12,9,4.67046511627907,13,Inner-SP-KW-Creatine Gummies-creatine-EM-CPC-60,427396974780100,0.7431731766332527,0,103.02408495139406,13,0,197748004457307.0,499950997002014,USD,0.8959816760444156,9,12,239.92,0,329.89,531228150922353,0,9,4,401.66,7,DAILY_BUDGET,B0FNBN38V4,11,8,401.66,Amazon,389.87,111.60942536401024,389.87,11572,9,13,13,86,Inner-SP-KW-Creatine Gummies-creatine-EM-CPC-60,spAdvertisedProduct,US,INNERBRIGHTNESS,spAdvertisedProduct_innerbrightness_US_2026-03-21_2026-04-20.json,2026-04-21 01:59:19
34605,2026-04-21 01:59:19.956075,2026-04-21 01:59:19.956075,2026-04-08,539.82,1.9153054457026355,23,599.8,779.74,599.8,0,18,ENABLED,IBU_CTMP_12G1F,179.94,20,300.0,26,20,4.964756097560976,26,Inner-SP-KW-Creatine Gummies-creatine-EM-CPC-60,427396974780100,0.7998439328911432,0,52.2109934080591,26,0,197748004457307.0,499950997002014,USD,1.9153054457026355,20,26,599.8,0,689.77,531228150922353,0,20,6,407.11,18,DAILY_BUDGET,B0FNBN38V4,23,20,407.11,Amazon,779.74,52.2109934080591,779.74,10252,20,26,26,82,Inner-SP-KW-Creatine Gummies-creatine-EM-CPC-60,spAdvertisedProduct,US,INNERBRIGHTNESS,spAdvertisedProduct_innerbrightness_US_2026-03-21_2026-04-20.json,2026-04-21 01:59:19
34606,2026-04-21 01:59:19.956075,2026-04-21 01:59:19.956075,2026-04-09,509.83,1.4560019419832504,20,509.83,599.8,509.83,0,17,ENABLED,IBU_CTMP_12G1F,89.97,16,300.0,19,17,5.023780487804878,20,Inner-SP-KW-Creatine Gummies-creatine-EM-CPC-60,427396974780100,0.616634080312829,0,68.6812270756919,20,0,197748004457307.0,499950997002014,USD,1.4560019419832504,17,20,509.83,0,599.8,531228150922353,0,16,3,411.95,16,DAILY_BUDGET,B0FNBN38V4,19,17,411.95,Amazon,599.8,68.6812270756919,599.8,13298,16,19,19,82,Inner-SP-KW-Creatine Gummies-creatine-EM-CPC-60,spAdvertisedProduct,US,INNERBRIGHTNESS,spAdvertisedProduct_innerbrightness_US_2026-03-21_2026-04-20.json,2026-04-21 01:59:19
34607,2026-04-21 01:59:19.956075,2026-04-21 01:59:19.956075,2026-04-10,359.88,1.21028592308395,16,389.87,509.83,389.87,0,12,ENABLED,IBU_CTMP_12G1F,119.96,13,300.0,17,13,4.865333333333333,18,Inner-SP-KW-Creatine Gummies-creatine-EM-CPC-60,427396974780100,0.8254608823259654,0,82.62510378141747,18,0,197748004457307.0,499950997002014,USD,1.164314424043117,13,17,389.87,0,479.84,531228150922353,0,13,4,437.88,12,DAILY_BUDGET,B0FNBN38V4,16,13,437.88,Amazon,529.96,85.8874526803052,529.96,10903,13,18,18,90,Inner-SP-KW-Creatine Gummies-creatine-EM-CPC-60,spAdvertisedProduct,US,INNERBRIGHTNESS,spAdvertisedProduct_innerbrightness_US_2026-03-21_2026-04-20.json,2026-04-21 01:59:19
34622,2026-04-21 01:59:19.956075,2026-04-21 01:59:19.956075,2026-04-04,89.97,1.9678477690288714,3,89.97,89.97,89.97,0,3,ENABLED,IBU_CTLM_12G1F,0.0,3,1000.0,3,3,3.048,3,Inner-SP-KW-Creatine Gummies-creatine gummies-EM-CPC-800,297069838936079,0.8192244675040962,0,50.81693897965989,3,0,197748004457307.0,399175395039376,USD,1.9678477690288714,3,3,89.97,0,89.97,439851151117545,0,3,0,45.72,3,DAILY_BUDGET,B0FNBYKPZT,3,3,45.72,Amazon,89.97,50.81693897965989,89.97,1831,3,3,3,15,Inner-SP-KW-Creatine Gummies-creatine gummies-EM-CPC-800,spAdvertisedProduct,US,INNERBRIGHTNESS,spAdvertisedProduct_innerbrightness_US_2026-03-21_2026-04-20.json,2026-04-21 01:59:19
34623,2026-04-21 01:59:19.956075,2026-04-21 01:59:19.956075,2026-04-05,29.99,0.5942143847830395,1,29.99,29.99,29.99,0,1,ENABLED,IBU_CTLM_12G1F,0.0,1,1000.0,1,1,3.882307692307692,1,Inner-SP-KW-Creatine Gummies-creatine gummies-EM-CPC-800,297069838936079,0.6575619625695498,0,168.28942980993665,1,0,197748004457307.0,399175395039376,USD,0.5942143847830395,1,1,29.99,0,29.99,439851151117545,0,1,0,50.47,1,DAILY_BUDGET,B0FNBYKPZT,1,1,50.47,Amazon,29.99,168.28942980993665,29.99,1977,1,1,1,13,Inner-SP-KW-Creatine Gummies-creatine gummies-EM-CPC-800,spAdvertisedProduct,US,INNERBRIGHTNESS,spAdvertisedProduct_innerbrightness_US_2026-03-21_2026-04-20.json,2026-04-21 01:59:19
34624,2026-04-21 01:59:19.956075,2026-04-21 01:59:19.956075,2026-04-06,29.99,0.8605451936872309,1,29.99,29.99,29.99,0,1,ENABLED,IBU_CTLM_12G1F,0.0,1,1000.0,1,1,3.4850000000000003,1,Inner-SP-KW-Creatine Gummies-creatine gummies-EM-CPC-800,297069838936079,0.41649312786339027,0,116.20540180060021,1,0,197748004457307.0,399175395039376,USD,0.8605451936872309,1,1,29.99,0,29.99,439851151117545,0,1,0,34.85,1,DAILY_BUDGET,B0FNBYKPZT,1,1,34.85,Amazon,29.99,116.20540180060021,29.99,2401,1,1,1,10,Inner-SP-KW-Creatine Gummies-creatine gummies-EM-CPC-800,spAdvertisedProduct,US,INNERBRIGHTNESS,spAdvertisedProduct_innerbrightness_US_2026-03-21_2026-04-20.json,2026-04-21 01:59:19
34625,2026-04-21 01:59:19.956075,2026-04-21 01:59:19.956075,2026-04-07,29.99,1.8331295843520783,1,59.98,59.98,59.98,0,1,ENABLED,IBU_CTLM_12G1F,0.0,2,1000.0,2,2,3.272,2,Inner-SP-KW-Creatine Gummies-creatine gummies-EM-CPC-800,297069838936079,0.28876696505919724,0,54.551517172390795,2,0,197748004457307.0,399175395039376,USD,1.8331295843520783,2,2,59.98,0,29.99,439851151117545,0,2,0,32.72,1,DAILY_BUDGET,B0FNBYKPZT,1,2,32.72,Amazon,59.98,54.551517172390795,59.98,3463,2,2,2,10,Inner-SP-KW-Creatine Gummies-creatine gummies-EM-CPC-800,spAdvertisedProduct,US,INNERBRIGHTNESS,spAdvertisedProduct_innerbrightness_US_2026-03-21_2026-04-20.json,2026-04-21 01:59:19
34626,2026-04-21 01:59:19.956075,2026-04-21 01:59:19.956075,2026-04-08,59.98,1.8861635220125785,3,59.98,89.97,59.98,0,2,ENABLED,IBU_CTLM_12G1F,29.99,2,1000.0,3,2,3.18,3,Inner-SP-KW-Creatine Gummies-creatine gummies-EM-CPC-800,297069838936079,0.44709388971684055,0,53.01767255751918,3,0,197748004457307.0,399175395039376,USD,1.8861635220125785,2,3,59.98,0,89.97,439851151117545,0,2,1,47.7,2,DAILY_BUDGET,B0FNBYKPZT,3,2,47.7,Amazon,89.97,53.01767255751918,89.97,3355,2,3,3,15,Inner-SP-KW-Creatine Gummies-creatine gummies-EM-CPC-800,spAdvertisedProduct,US,INNERBRIGHTNESS,spAdvertisedProduct_innerbrightness_US_2026-03-21_2026-04-20.json,2026-04-21 01:59:19
34627,2026-04-21 01:59:19.956075,2026-04-21 01:59:19.956075,2026-04-09,119.96,3.9434582511505583,4,119.96,119.96,119.96,0,4,ENABLED,IBU_CTLM_12G1F,0.0,4,1000.0,4,4,2.7654545454545456,4,Inner-SP-KW-Creatine Gummies-creatine gummies-EM-CPC-800,297069838936079,0.2380952380952381,0,25.35845281760587,4,0,197748004457307.0,399175395039376,USD,3.9434582511505583,4,4,119.96,0,119.96,439851151117545,0,4,0,30.42,4,DAILY_BUDGET,B0FNBYKPZT,4,4,30.42,Amazon,119.96,25.35845281760587,119.96,4620,4,4,4,11,Inner-SP-KW-Creatine Gummies-creatine gummies-EM-CPC-800,spAdvertisedProduct,US,INNERBRIGHTNESS,spAdvertisedProduct_innerbrightness_US_2026-03-21_2026-04-20.json,2026-04-21 01:59:19
34628,2026-04-21 01:59:19.956075,2026-04-21 01:59:19.956075,2026-04-10,0.0,0.0,0,0.0,0.0,0.0,0,0,ENABLED,IBU_CTLM_12G1F,0.0,0,1000.0,0,0,3.190909090909091,0,Inner-SP-KW-Creatine Gummies-creatine gummies-EM-CPC-800,297069838936079,0.3242924528301887,0,nan,0,0,197748004457307.0,399175395039376,USD,0.0,0,0,0.0,0,0.0,439851151117545,0,0,0,35.1,0,DAILY_BUDGET,B0FNBYKPZT,0,0,35.1,Amazon,0.0,nan,0.0,3392,0,0,0,11,Inner-SP-KW-Creatine Gummies-creatine gummies-EM-CPC-800,spAdvertisedProduct,US,INNERBRIGHTNESS,spAdvertisedProduct_innerbrightness_US_2026-03-21_2026-04-20.json,2026-04-21 01:59:19
34643,2026-04-21 01:59:19.956075,2026-04-21 01:59:19.956075,2026-04-04,0.0,0.0,0,0.0,0.0,0.0,0,0,ENABLED,IBU_BBUF_06C1,0.0,0,150.0,0,0,3.63,0,Inner-SP-KW-Berberine Capsules-EM-berberine with ceylon cinnamon-1w,486037133623874,3.7037037037037033,0,nan,0,0,189812334889736.0,476043793359021,USD,0.0,0,0,0.0,0,0.0,553363763288089,0,0,0,3.63,0,DAILY_BUDGET,B0G25Y3DVZ,0,0,3.63,Amazon,0.0,nan,0.0,27,0,0,0,1,Inner-SP-KW-Berberine Capsules-EM-berberine with ceylon cinnamon-1w,spAdvertisedProduct,US,INNERBRIGHTNESS,spAdvertisedProduct_innerbrightness_US_2026-03-21_2026-04-20.json,2026-04-21 01:59:19
34644,2026-04-21 01:59:19.956075,2026-04-21 01:59:19.956075,2026-04-05,0.0,0.0,0,0.0,0.0,0.0,0,0,ENABLED,IBU_BBUF_06C1,0.0,0,150.0,0,0,3.61,0,Inner-SP-KW-Berberine Capsules-EM-berberine with ceylon cinnamon-1w,486037133623874,2.2222222222222223,0,nan,0,0,189812334889736.0,476043793359021,USD,0.0,0,0,0.0,0,0.0,553363763288089,0,0,0,3.61,0,DAILY_BUDGET,B0G25Y3DVZ,0,0,3.61,Amazon,0.0,nan,0.0,45,0,0,0,1,Inner-SP-KW-Berberine Capsules-EM-berberine with ceylon cinnamon-1w,spAdvertisedProduct,US,INNERBRIGHTNESS,spAdvertisedProduct_innerbrightness_US_2026-03-21_2026-04-20.json,2026-04-21 01:59:19
34645,2026-04-21 01:59:19.956075,2026-04-21 01:59:19.956075,2026-04-06,0.0,0.0,0,0.0,0.0,0.0,0,0,ENABLED,IBU_BBUF_06C1,0.0,0,150.0,0,0,3.63,0,Inner-SP-KW-Berberine Capsules-EM-berberine with ceylon cinnamon-1w,486037133623874,0.3597122302158274,0,nan,0,0,189812334889736.0,476043793359021,USD,0.0,0,0,0.0,0,0.0,553363763288089,0,0,0,3.63,0,DAILY_BUDGET,B0G25Y3DVZ,0,0,3.63,Amazon,0.0,nan,0.0,278,0,0,0,1,Inner-SP-KW-Berberine Capsules-EM-berberine with ceylon cinnamon-1w,spAdvertisedProduct,US,INNERBRIGHTNESS,spAdvertisedProduct_innerbrightness_US_2026-03-21_2026-04-20.json,2026-04-21 01:59:19
34646,2026-04-21 01:59:19.956075,2026-04-21 01:59:19.956075,2026-04-07,0.0,0.0,0,0.0,0.0,0.0,0,0,ENABLED,IBU_BBUF_06C1,0.0,0,150.0,0,0,3.63,0,Inner-SP-KW-Berberine Capsules-EM-berberine with ceylon cinnamon-1w,486037133623874,2.7777777777777777,0,nan,0,0,189812334889736.0,476043793359021,USD,0.0,0,0,0.0,0,0.0,553363763288089,0,0,0,3.63,0,DAILY_BUDGET,B0G25Y3DVZ,0,0,3.63,Amazon,0.0,nan,0.0,36,0,0,0,1,Inner-SP-KW-Berberine Capsules-EM-berberine with ceylon cinnamon-1w,spAdvertisedProduct,US,INNERBRIGHTNESS,spAdvertisedProduct_innerbrightness_US_2026-03-21_2026-04-20.json,2026-04-21 01:59:19
34647,2026-04-21 01:59:19.956075,2026-04-21 01:59:19.956075,2026-04-08,0.0,0.0,0,0.0,0.0,0.0,0,0,ENABLED,IBU_BBUF_06C1,0.0,0,150.0,0,0,3.63,0,Inner-SP-KW-Berberine Capsules-EM-berberine with ceylon cinnamon-1w,486037133623874,0.4132231404958678,0,nan,0,0,189812334889736.0,476043793359021,USD,0.0,0,0,0.0,0,0.0,553363763288089,0,0,0,3.63,0,DAILY_BUDGET,B0G25Y3DVZ,0,0,3.63,Amazon,0.0,nan,0.0,242,0,0,0,1,Inner-SP-KW-Berberine Capsules-EM-berberine with ceylon cinnamon-1w,spAdvertisedProduct,US,INNERBRIGHTNESS,spAdvertisedProduct_innerbrightness_US_2026-03-21_2026-04-20.json,2026-04-21 01:59:19
34648,2026-04-21 01:59:19.956075,2026-04-21 01:59:19.956075,2026-04-09,0.0,0.0,0,0.0,0.0,0.0,0,0,ENABLED,IBU_BBUF_06C1,0.0,0,150.0,0,0,3.63,0,Inner-SP-KW-Berberine Capsules-EM-berberine with ceylon cinnamon-1w,486037133623874,0.5847953216374269,0,nan,0,0,189812334889736.0,476043793359021,USD,0.0,0,0,0.0,0,0.0,553363763288089,0,0,0,3.63,0,DAILY_BUDGET,B0G25Y3DVZ,0,0,3.63,Amazon,0.0,nan,0.0,171,0,0,0,1,Inner-SP-KW-Berberine Capsules-EM-berberine with ceylon cinnamon-1w,spAdvertisedProduct,US,INNERBRIGHTNESS,spAdvertisedProduct_innerbrightness_US_2026-03-21_2026-04-20.json,2026-04-21 01:59:19
34649,2026-04-21 01:59:19.956075,2026-04-21 01:59:19.956075,2026-04-10,0.0,0.0,0,0.0,0.0,0.0,0,0,ENABLED,IBU_BBUF_06C1,0.0,0,150.0,0,0,3.62,0,Inner-SP-KW-Berberine Capsules-EM-berberine with ceylon cinnamon-1w,486037133623874,0.3448275862068966,0,nan,0,0,189812334889736.0,476043793359021,USD,0.0,0,0,0.0,0,0.0,553363763288089,0,0,0,3.62,0,DAILY_BUDGET,B0G25Y3DVZ,0,0,3.62,Amazon,0.0,nan,0.0,290,0,0,0,1,Inner-SP-KW-Berberine Capsules-EM-berberine with ceylon cinnamon-1w,spAdvertisedProduct,US,INNERBRIGHTNESS,spAdvertisedProduct_innerbrightness_US_2026-03-21_2026-04-20.json,2026-04-21 01:59:19
34664,2026-04-21 01:59:19.956075,2026-04-21 01:59:19.956075,2026-04-04,21.99,1.5186464088397789,1,21.99,21.99,21.99,0,1,ENABLED,IBU_BBUF_06C1,0.0,1,1.0,1,1,2.4133333333333336,1,Inner-SP-KW-Berberine Capsules-PM-Berberine,492405995934092,0.28341993386868214,0,65.84811277853571,1,0,189812334889736.0,489131853908928,USD,1.5186464088397789,1,1,21.99,0,21.99,554794794836811,0,1,0,14.48,1,DAILY_BUDGET,B0G25Y3DVZ,1,1,14.48,Amazon,21.99,65.84811277853571,21.99,2117,1,1,1,6,Inner-SP-KW-Berberine Capsules-PM-Berberine Supplement-2k,spAdvertisedProduct,US,INNERBRIGHTNESS,spAdvertisedProduct_innerbrightness_US_2026-03-21_2026-04-20.json,2026-04-21 01:59:19
34665,2026-04-21 01:59:19.956075,2026-04-21 01:59:19.956075,2026-04-05,21.99,2.623896409652737,2,21.99,44.58,21.99,0,1,ENABLED,IBU_BBUF_06C1,22.59,1,1.0,2,1,1.8877777777777776,2,Inner-SP-KW-Berberine Capsules-PM-Berberine,492405995934092,0.4511278195488722,0,38.11126065500224,2,0,189812334889736.0,489131853908928,USD,2.623896409652737,1,2,21.99,0,44.58,554794794836811,0,1,1,16.99,1,DAILY_BUDGET,B0G25Y3DVZ,2,1,16.99,Amazon,44.58,38.11126065500224,44.58,1995,1,2,2,9,Inner-SP-KW-Berberine Capsules-PM-Berberine Supplement-2k,spAdvertisedProduct,US,INNERBRIGHTNESS,spAdvertisedProduct_innerbrightness_US_2026-03-21_2026-04-20.json,2026-04-21 01:59:19
34666,2026-04-21 01:59:19.956075,2026-04-21 01:59:19.956075,2026-04-06,21.99,0.8329545454545454,1,21.99,21.99,21.99,0,1,ENABLED,IBU_BBUF_06C1,0.0,1,1.0,1,1,2.1999999999999997,1,Inner-SP-KW-Berberine Capsules-PM-Berberine,492405995934092,0.49281314168377827,0,120.05457025920873,1,0,189812334889736.0,489131853908928,USD,0.8329545454545454,1,1,21.99,0,21.99,554794794836811,0,1,0,26.4,1,DAILY_BUDGET,B0G25Y3DVZ,1,1,26.4,Amazon,21.99,120.05457025920873,21.99,2435,1,1,1,12,Inner-SP-KW-Berberine Capsules-PM-Berberine Supplement-2k,spAdvertisedProduct,US,INNERBRIGHTNESS,spAdvertisedProduct_innerbrightness_US_2026-03-21_2026-04-20.json,2026-04-21 01:59:19
34667,2026-04-21 01:59:19.956075,2026-04-21 01:59:19.956075,2026-04-07,0.0,0.0,0,0.0,0.0,0.0,0,0,ENABLED,IBU_BBUF_06C1,0.0,0,1.0,0,0,2.5561538461538458,0,Inner-SP-KW-Berberine Capsules-PM-Berberine,492405995934092,0.5982512655315232,0,nan,0,0,189812334889736.0,489131853908928,USD,0.0,0,0,0.0,0,0.0,554794794836811,0,0,0,33.23,0,DAILY_BUDGET,B0G25Y3DVZ,0,0,33.23,Amazon,0.0,nan,0.0,2173,0,0,0,13,Inner-SP-KW-Berberine Capsules-PM-Berberine Supplement-2k,spAdvertisedProduct,US,INNERBRIGHTNESS,spAdvertisedProduct_innerbrightness_US_2026-03-21_2026-04-20.json,2026-04-21 01:59:19
34668,2026-04-21 01:59:19.956075,2026-04-21 01:59:19.956075,2026-04-08,24.49,0.8524190741385311,1,24.49,24.49,24.49,0,1,ENABLED,IBU_BBUF_06C1,0.0,1,1.0,1,1,2.3941666666666666,1,Inner-SP-KW-Berberine Capsules-PM-Berberine,492405995934092,1.0889292196007259,0,117.31318905675788,1,0,189812334889736.0,489131853908928,USD,0.8524190741385311,1,1,24.49,0,24.49,554794794836811,0,1,0,28.73,1,DAILY_BUDGET,B0G25Y3DVZ,1,1,28.73,Amazon,24.49,117.31318905675788,24.49,1102,1,1,1,12,Inner-SP-KW-Berberine Capsules-PM-Berberine Supplement-2k,spAdvertisedProduct,US,INNERBRIGHTNESS,spAdvertisedProduct_innerbrightness_US_2026-03-21_2026-04-20.json,2026-04-21 01:59:19
34669,2026-04-21 01:59:19.956075,2026-04-21 01:59:19.956075,2026-04-09,48.98,1.3888468809073724,2,73.47,73.47,73.47,0,2,ENABLED,IBU_BBUF_06C1,0.0,3,1.0,3,3,2.2041666666666666,3,Inner-SP-KW-Berberine Capsules-PM-Berberine,492405995934092,0.7421150278293136,0,72.00217775962979,3,0,189812334889736.0,489131853908928,USD,1.3888468809073724,3,3,73.47,0,48.98,554794794836811,0,3,0,52.9,2,DAILY_BUDGET,B0G25Y3DVZ,2,3,52.9,Amazon,73.47,72.00217775962979,73.47,3234,3,3,3,24,Inner-SP-KW-Berberine Capsules-PM-Berberine Supplement-2k,spAdvertisedProduct,US,INNERBRIGHTNESS,spAdvertisedProduct_innerbrightness_US_2026-03-21_2026-04-20.json,2026-04-21 01:59:19
34670,2026-04-21 01:59:19.956075,2026-04-21 01:59:19.956075,2026-04-10,24.49,0.32575152966214416,1,24.49,24.49,24.49,0,1,ENABLED,IBU_BBUF_06C1,0.0,1,1.0,1,1,1.978421052631579,1,Inner-SP-KW-Berberine Capsules-PM-Berberine,492405995934092,0.9906152241918665,0,306.982441812985,1,0,189812334889736.0,489131853908928,USD,0.32575152966214416,1,1,24.49,0,24.49,554794794836811,0,1,0,75.18,1,DAILY_BUDGET,B0G25Y3DVZ,1,1,75.18,Amazon,24.49,306.982441812985,24.49,3836,1,1,1,38,Inner-SP-KW-Berberine Capsules-PM-Berberine Supplement-2k,spAdvertisedProduct,US,INNERBRIGHTNESS,spAdvertisedProduct_innerbrightness_US_2026-03-21_2026-04-20.json,2026-04-21 01:59:19
34680,2026-04-21 01:59:19.956075,2026-04-21 01:59:19.956075,2026-04-07,45.98,0.5933668860498129,2,45.98,45.98,45.98,0,2,PAUSED,IBX_VBUF_90C1,0.0,2,40.0,2,2,2.980384615384615,2,Inner-SP-VB-auto,71902167295137,0.8119925046845722,0,168.5297955632884,2,0,128011262266839.0,327583563003683,USD,0.5933668860498129,2,2,45.98,0,45.98,540600850303009,0,2,0,77.49,2,DAILY_BUDGET,B0GKSVSK3P,2,2,77.49,Amazon,45.98,168.5297955632884,45.98,3202,2,2,2,26,Inner-SP-VB-auto,spAdvertisedProduct,US,INNERBRIGHTNESS,spAdvertisedProduct_innerbrightness_US_2026-03-21_2026-04-20.json,2026-04-21 01:59:19
34686,2026-04-21 01:59:19.956075,2026-04-21 01:59:19.956075,2026-04-04,71.97,1.4628048780487803,3,71.97,71.97,71.97,0,3,PAUSED,IBU_MCUF_90C1,0.0,3,1.0,3,3,2.46,3,Inner-SP-KW-Complex-magnesium complex for women-EM-CPC-1k,345330397911117,1.0209290454313424,0,68.36181742392664,3,0,18976432727508.0,293940290754815,USD,1.4628048780487803,3,3,71.97,0,71.97,455241455675192,0,3,0,49.2,3,DAILY_BUDGET,B0G26383JK,3,3,49.2,Amazon,71.97,68.36181742392664,71.97,1959,3,3,3,20,Inner-SP-KW-Complex-magnesium complex for women-EM-CPC-1k,spAdvertisedProduct,US,INNERBRIGHTNESS,spAdvertisedProduct_innerbrightness_US_2026-03-21_2026-04-20.json,2026-04-21 01:59:19
34687,2026-04-21 01:59:19.956075,2026-04-21 01:59:19.956075,2026-04-05,23.99,1.0197557964055426,1,74.33,23.99,74.33,0,1,PAUSED,IBU_MCUF_90C1,0.0,1,1.0,1,4,2.603214285714286,4,Inner-SP-KW-Complex-magnesium complex for women-EM-CPC-1k,345330397911117,1.003944065973467,0,98.06269339432262,4,0,18976432727508.0,293940290754815,USD,0.3291260803951159,4,1,23.99,0,23.99,455241455675192,0,4,0,72.89,1,DAILY_BUDGET,B0G26383JK,1,1,72.89,Amazon,74.33,303.83493122134223,74.33,2789,4,4,4,28,Inner-SP-KW-Complex-magnesium complex for women-EM-CPC-1k,spAdvertisedProduct,US,INNERBRIGHTNESS,spAdvertisedProduct_innerbrightness_US_2026-03-21_2026-04-20.json,2026-04-21 01:59:19
34688,2026-04-21 01:59:19.956075,2026-04-21 01:59:19.956075,2026-04-06,71.97,0.7714653231857648,3,71.97,71.97,71.97,0,3,PAUSED,IBU_MCUF_90C1,0.0,3,1.0,3,3,2.591388888888889,3,Inner-SP-KW-Complex-magnesium complex for women-EM-CPC-1k,345330397911117,1.2815948736205056,0,129.6234542170349,3,0,18976432727508.0,293940290754815,USD,0.7714653231857648,3,3,71.97,0,71.97,455241455675192,0,3,0,93.29,3,DAILY_BUDGET,B0G26383JK,3,3,93.29,Amazon,71.97,129.6234542170349,71.97,2809,3,3,3,36,Inner-SP-KW-Complex-magnesium complex for women-EM-CPC-1k,spAdvertisedProduct,US,INNERBRIGHTNESS,spAdvertisedProduct_innerbrightness_US_2026-03-21_2026-04-20.json,2026-04-21 01:59:19
34689,2026-04-21 01:59:19.956075,2026-04-21 01:59:19.956075,2026-04-07,0.0,0.0,0,0.0,0.0,0.0,0,0,PAUSED,IBU_MCUF_90C1,0.0,0,1.0,0,0,2.732222222222222,0,Inner-SP-KW-Complex-magnesium complex for women-EM-CPC-1k,345330397911117,0.953053300388281,0,nan,0,0,18976432727508.0,293940290754815,USD,0.0,0,0,0.0,0,0.0,455241455675192,0,0,0,73.77,0,DAILY_BUDGET,B0G26383JK,0,0,73.77,Amazon,0.0,nan,0.0,2833,0,0,0,27,Inner-SP-KW-Complex-magnesium complex for women-EM-CPC-1k,spAdvertisedProduct,US,INNERBRIGHTNESS,spAdvertisedProduct_innerbrightness_US_2026-03-21_2026-04-20.json,2026-04-21 01:59:19
34690,2026-04-21 01:59:19.956075,2026-04-21 01:59:19.956075,2026-04-08,0.0,0.0,0,0.0,0.0,0.0,0,0,PAUSED,IBU_MCUF_90C1,0.0,0,1.0,0,0,2.3,0,Inner-SP-KW-Complex-magnesium complex for women-EM-CPC-1k,345330397911117,0.21321961620469082,0,nan,0,0,18976432727508.0,293940290754815,USD,0.0,0,0,0.0,0,0.0,455241455675192,0,0,0,4.6,0,DAILY_BUDGET,B0G26383JK,0,0,4.6,Amazon,0.0,nan,0.0,938,0,0,0,2,Inner-SP-KW-Complex-magnesium complex for women-EM-CPC-1k,spAdvertisedProduct,US,INNERBRIGHTNESS,spAdvertisedProduct_innerbrightness_US_2026-03-21_2026-04-20.json,2026-04-21 01:59:19
34691,2026-04-21 01:59:19.956075,2026-04-21 01:59:19.956075,2026-04-09,0.0,0.0,0,0.0,0.0,0.0,0,0,PAUSED,IBU_MCUF_90C1,0.0,0,1.0,0,0,2.3,0,Inner-SP-KW-Complex-magnesium complex for women-EM-CPC-1k,345330397911117,0.12484394506866417,0,nan,0,0,18976432727508.0,293940290754815,USD,0.0,0,0,0.0,0,0.0,455241455675192,0,0,0,2.3,0,DAILY_BUDGET,B0G26383JK,0,0,2.3,Amazon,0.0,nan,0.0,801,0,0,0,1,Inner-SP-KW-Complex-magnesium complex for women-EM-CPC-1k,spAdvertisedProduct,US,INNERBRIGHTNESS,spAdvertisedProduct_innerbrightness_US_2026-03-21_2026-04-20.json,2026-04-21 01:59:19
34693,2026-04-21 01:59:19.956075,2026-04-21 01:59:19.956075,2026-04-10,0.0,0.0,0,0.0,0.0,0.0,0,0,PAUSED,IBU_MCUF_90C1,0.0,0,1.0,0,0,2.3,0,Inner-SP-KW-Complex-magnesium complex for women-EM-CPC-1k,345330397911117,0.39447731755424065,0,nan,0,0,18976432727508.0,293940290754815,USD,0.0,0,0,0.0,0,0.0,455241455675192,0,0,0,9.2,0,DAILY_BUDGET,B0G26383JK,0,0,9.2,Amazon,0.0,nan,0.0,1014,0,0,0,4,Inner-SP-KW-Complex-magnesium complex for women-EM-CPC-1k,spAdvertisedProduct,US,INNERBRIGHTNESS,spAdvertisedProduct_innerbrightness_US_2026-03-21_2026-04-20.json,2026-04-21 01:59:19
34704,2026-04-21 01:59:19.956075,2026-04-21 01:59:19.956075,2026-04-06,68.97,1.1040419161676647,3,88.5,68.97,88.5,0,3,PAUSED,IBX_VBUF_90C1,0.0,3,40.0,3,4,2.968888888888889,4,Inner-SP-VB-auto,71902167295137,0.6540697674418605,0,90.57627118644066,4,0,128011262266839.0,327583563003683,USD,0.8604041916167665,4,3,68.97,0,68.97,540600850303009,0,4,0,80.16,3,DAILY_BUDGET,B0GKSVSK3P,3,3,80.16,Amazon,88.5,116.22444541104828,88.5,4128,4,4,4,27,Inner-SP-VB-auto,spAdvertisedProduct,US,INNERBRIGHTNESS,spAdvertisedProduct_innerbrightness_US_2026-03-21_2026-04-20.json,2026-04-21 01:59:19
34709,2026-04-21 01:59:19.956075,2026-04-21 01:59:19.956075,2026-04-04,0.0,1.2522388059701492,0,16.78,0.0,16.78,0,0,ENABLED,IBU_MCUF_90C1,0.0,0,200.0,0,1,2.2333333333333334,1,Inner-SP-KW-Complex-magnesium complex for women-BM-CPC-1k,385122874231334,2.2388059701492535,0,79.85697258641238,1,0,18976432727508.0,367550942768642,USD,0.0,1,0,0.0,0,0.0,534961527455391,0,1,0,13.4,0,DAILY_BUDGET,B0G26383JK,0,0,13.4,Amazon,16.78,nan,16.78,268,1,1,1,6,Inner-SP-KW-Complex-magnesium complex for women-BM-CPC-1k,spAdvertisedProduct,US,INNERBRIGHTNESS,spAdvertisedProduct_innerbrightness_US_2026-03-21_2026-04-20.json,2026-04-21 01:59:19
34710,2026-04-21 01:59:19.956075,2026-04-21 01:59:19.956075,2026-04-05,0.0,0.0,0,0.0,0.0,0.0,0,0,ENABLED,IBU_MCUF_90C1,0.0,0,200.0,0,0,2.1,0,Inner-SP-KW-Complex-magnesium complex for women-BM-CPC-1k,385122874231334,0.2638522427440633,0,nan,0,0,18976432727508.0,367550942768642,USD,0.0,0,0,0.0,0,0.0,534961527455391,0,0,0,2.1,0,DAILY_BUDGET,B0G26383JK,0,0,2.1,Amazon,0.0,nan,0.0,379,0,0,0,1,Inner-SP-KW-Complex-magnesium complex for women-BM-CPC-1k,spAdvertisedProduct,US,INNERBRIGHTNESS,spAdvertisedProduct_innerbrightness_US_2026-03-21_2026-04-20.json,2026-04-21 01:59:19
34711,2026-04-21 01:59:19.956075,2026-04-21 01:59:19.956075,2026-04-06,0.0,0.0,0,0.0,0.0,0.0,0,0,ENABLED,IBU_MCUF_90C1,0.0,0,200.0,0,0,2.1,0,Inner-SP-KW-Complex-magnesium complex for women-BM-CPC-1k,385122874231334,1.3262599469496021,0,nan,0,0,18976432727508.0,367550942768642,USD,0.0,0,0,0.0,0,0.0,534961527455391,0,0,0,10.5,0,DAILY_BUDGET,B0G26383JK,0,0,10.5,Amazon,0.0,nan,0.0,377,0,0,0,5,Inner-SP-KW-Complex-magnesium complex for women-BM-CPC-1k,spAdvertisedProduct,US,INNERBRIGHTNESS,spAdvertisedProduct_innerbrightness_US_2026-03-21_2026-04-20.json,2026-04-21 01:59:19
34712,2026-04-21 01:59:19.956075,2026-04-21 01:59:19.956075,2026-04-07,71.97,4.470186335403726,3,71.97,71.97,71.97,0,3,ENABLED,IBU_MCUF_90C1,0.0,3,200.0,3,3,2.0125,3,Inner-SP-KW-Complex-magnesium complex for women-BM-CPC-1k,385122874231334,1.2403100775193798,0,22.37043212449632,3,0,18976432727508.0,367550942768642,USD,4.470186335403726,3,3,71.97,0,71.97,534961527455391,0,3,0,16.1,3,DAILY_BUDGET,B0G26383JK,3,3,16.1,Amazon,71.97,22.37043212449632,71.97,645,3,3,3,8,Inner-SP-KW-Complex-magnesium complex for women-BM-CPC-1k,spAdvertisedProduct,US,INNERBRIGHTNESS,spAdvertisedProduct_innerbrightness_US_2026-03-21_2026-04-20.json,2026-04-21 01:59:19
34713,2026-04-21 01:59:19.956075,2026-04-21 01:59:19.956075,2026-04-08,47.98,1.5284399339155064,2,64.76,64.76,64.76,0,2,ENABLED,IBU_MCUF_90C1,0.0,3,200.0,3,3,3.259230769230769,3,Inner-SP-KW-Complex-magnesium complex for women-BM-CPC-1k,385122874231334,8.024691358024691,0,65.42618900555898,3,0,18976432727508.0,367550942768642,USD,1.5284399339155064,3,3,64.76,0,47.98,534961527455391,0,3,0,42.37,2,DAILY_BUDGET,B0G26383JK,2,3,42.37,Amazon,64.76,65.42618900555898,64.76,162,3,3,3,13,Inner-SP-KW-Complex-magnesium complex for women-BM-CPC-1k,spAdvertisedProduct,US,INNERBRIGHTNESS,spAdvertisedProduct_innerbrightness_US_2026-03-21_2026-04-20.json,2026-04-21 01:59:19
34714,2026-04-21 01:59:19.956075,2026-04-21 01:59:19.956075,2026-04-09,0.0,0.5750514050719672,0,16.78,16.78,16.78,0,0,ENABLED,IBU_MCUF_90C1,0.0,1,200.0,1,1,3.2422222222222223,1,Inner-SP-KW-Complex-magnesium complex for women-BM-CPC-1k,385122874231334,5.0,0,173.8974970202622,1,0,18976432727508.0,367550942768642,USD,0.5750514050719672,1,1,16.78,0,0.0,534961527455391,0,1,0,29.18,0,DAILY_BUDGET,B0G26383JK,0,1,29.18,Amazon,16.78,173.8974970202622,16.78,180,1,1,1,9,Inner-SP-KW-Complex-magnesium complex for women-BM-CPC-1k,spAdvertisedProduct,US,INNERBRIGHTNESS,spAdvertisedProduct_innerbrightness_US_2026-03-21_2026-04-20.json,2026-04-21 01:59:19
34715,2026-04-21 01:59:19.956075,2026-04-21 01:59:19.956075,2026-04-10,47.98,0.7415324548560273,3,47.98,75.97,47.98,0,2,ENABLED,IBU_MCUF_90C1,27.99,2,200.0,3,2,3.532758620689655,3,Inner-SP-KW-Complex-magnesium complex for women-BM-CPC-1k,385122874231334,5.7654075546719685,0,134.85586415690406,3,0,18976432727508.0,367550942768642,USD,0.7415324548560273,2,3,47.98,0,75.97,534961527455391,0,2,1,102.45,2,DAILY_BUDGET,B0G26383JK,3,2,102.45,Amazon,75.97,134.85586415690406,75.97,503,2,3,3,29,Inner-SP-KW-Complex-magnesium complex for women-BM-CPC-1k,spAdvertisedProduct,US,INNERBRIGHTNESS,spAdvertisedProduct_innerbrightness_US_2026-03-21_2026-04-20.json,2026-04-21 01:59:19
34716,2026-04-21 01:59:19.956075,2026-04-21 01:59:19.956075,2026-04-07,0.0,1.613315400134499,0,23.99,23.99,23.99,0,0,ENABLED,IBU_MCUF_90C1,0.0,1,1.0,1,1,2.9739999999999998,1,Inner-SP-Auto-Magnesium Complex-CPC-Low bid,387720267759382,0.8103727714748784,0,61.98416006669446,1,0,18976432727508.0,352698934210986,USD,1.613315400134499,1,1,23.99,0,0.0,450215071199945,0,1,0,14.87,0,DAILY_BUDGET,B0G26383JK,0,1,14.87,Amazon,23.99,61.98416006669446,23.99,617,1,1,1,5,Inner-SP-Auto-Magnesium Complex-CPC-Low bid,spAdvertisedProduct,US,INNERBRIGHTNESS,spAdvertisedProduct_innerbrightness_US_2026-03-21_2026-04-20.json,2026-04-21 01:59:19
34717,2026-04-21 01:59:19.956075,2026-04-21 01:59:19.956075,2026-04-08,23.99,0.7996666666666666,1,47.98,47.98,47.98,0,1,ENABLED,IBU_MCUF_90C1,0.0,2,1.0,2,2,3.0,2,Inner-SP-Auto-Magnesium Complex-CPC-Low bid,387720267759382,0.4481290611696168,0,125.05210504376825,2,0,18976432727508.0,352698934210986,USD,0.7996666666666666,2,2,47.98,0,23.99,450215071199945,0,2,0,60.0,1,DAILY_BUDGET,B0G26383JK,1,2,60.0,Amazon,47.98,125.05210504376825,47.98,4463,2,2,2,20,Inner-SP-Auto-Magnesium Complex-CPC-Low bid,spAdvertisedProduct,US,INNERBRIGHTNESS,spAdvertisedProduct_innerbrightness_US_2026-03-21_2026-04-20.json,2026-04-21 01:59:19
34718,2026-04-21 01:59:19.956075,2026-04-21 01:59:19.956075,2026-04-09,23.99,0.5317594887178818,1,40.77,23.99,40.77,0,1,ENABLED,IBU_MCUF_90C1,0.0,1,1.0,1,2,2.948846153846154,2,Inner-SP-Auto-Magnesium Complex-CPC-Low bid,387720267759382,0.6165520512212473,0,188.05494235957812,2,0,18976432727508.0,352698934210986,USD,0.3128994391548193,2,1,23.99,0,23.99,450215071199945,0,2,0,76.67,1,DAILY_BUDGET,B0G26383JK,1,1,76.67,Amazon,40.77,319.59149645685704,40.77,4217,2,2,2,26,Inner-SP-Auto-Magnesium Complex-CPC-Low bid,spAdvertisedProduct,US,INNERBRIGHTNESS,spAdvertisedProduct_innerbrightness_US_2026-03-21_2026-04-20.json,2026-04-21 01:59:19
34719,2026-04-21 01:59:19.956075,2026-04-21 01:59:19.956075,2026-04-10,0.0,0.0,0,0.0,0.0,0.0,0,0,ENABLED,IBU_MCUF_90C1,0.0,0,1.0,0,0,2.458125,0,Inner-SP-Auto-Magnesium Complex-CPC-Low bid,387720267759382,0.38957876795714635,0,nan,0,0,18976432727508.0,352698934210986,USD,0.0,0,0,0.0,0,0.0,450215071199945,0,0,0,39.33,0,DAILY_BUDGET,B0G26383JK,0,0,39.33,Amazon,0.0,nan,0.0,4107,0,0,0,16,Inner-SP-Auto-Magnesium Complex-CPC-Low bid,spAdvertisedProduct,US,INNERBRIGHTNESS,spAdvertisedProduct_innerbrightness_US_2026-03-21_2026-04-20.json,2026-04-21 01:59:19
34734,2026-04-21 01:59:19.956075,2026-04-21 01:59:19.956075,2026-04-04,99.95,3.730869727510265,5,99.95,99.95,99.95,0,5,ENABLED,IBM_MGMB_06G1FR,0.0,5,600.0,5,5,1.2757142857142856,5,Inner-SP-KW-gumm-magnesium glycinate gummies-EM-CPC-8k,552923299547324,0.6620428751576293,0,26.803401700850422,5,0,269179459475581.0,375378915116145,USD,3.730869727510265,5,5,99.95,0,99.95,439217402283731,0,5,0,26.79,5,DAILY_BUDGET,B0DKT3PXRP,5,5,26.79,Amazon,99.95,26.803401700850422,99.95,3172,5,5,5,21,Inner-SP-KW-gumm-magnesium glycinate gummies-EM-CPC-8k,spAdvertisedProduct,US,INNERBRIGHTNESS,spAdvertisedProduct_innerbrightness_US_2026-03-21_2026-04-20.json,2026-04-21 01:59:19
34735,2026-04-21 01:59:19.956075,2026-04-21 01:59:19.956075,2026-04-05,0.0,0.9519047619047618,0,19.99,19.99,19.99,0,0,ENABLED,IBM_MGMB_06G1FR,0.0,1,600.0,1,1,1.5,1,Inner-SP-KW-gumm-magnesium glycinate gummies-EM-CPC-8k,552923299547324,0.5124450951683748,0,105.05252626313157,1,0,269179459475581.0,375378915116145,USD,0.9519047619047618,1,1,19.99,0,0.0,439217402283731,0,1,0,21.0,0,DAILY_BUDGET,B0DKT3PXRP,0,1,21.0,Amazon,19.99,105.05252626313157,19.99,2732,1,1,1,14,Inner-SP-KW-gumm-magnesium glycinate gummies-EM-CPC-8k,spAdvertisedProduct,US,INNERBRIGHTNESS,spAdvertisedProduct_innerbrightness_US_2026-03-21_2026-04-20.json,2026-04-21 01:59:19
34736,2026-04-21 01:59:19.956075,2026-04-21 01:59:19.956075,2026-04-06,0.0,0.0,0,0.0,0.0,0.0,0,0,ENABLED,IBM_MGMB_06G1FR,0.0,0,600.0,0,0,1.5,0,Inner-SP-KW-gumm-magnesium glycinate gummies-EM-CPC-8k,552923299547324,0.30349013657056145,0,nan,0,0,269179459475581.0,375378915116145,USD,0.0,0,0,0.0,0,0.0,439217402283731,0,0,0,15.0,0,DAILY_BUDGET,B0DKT3PXRP,0,0,15.0,Amazon,0.0,nan,0.0,3295,0,0,0,10,Inner-SP-KW-gumm-magnesium glycinate gummies-EM-CPC-8k,spAdvertisedProduct,US,INNERBRIGHTNESS,spAdvertisedProduct_innerbrightness_US_2026-03-21_2026-04-20.json,2026-04-21 01:59:19
34737,2026-04-21 01:59:19.956075,2026-04-21 01:59:19.956075,2026-04-07,0.0,2.9639830508474576,0,13.99,0.0,13.99,0,0,ENABLED,IBM_MGMB_06G1FR,0.0,0,600.0,0,1,1.18,1,Inner-SP-KW-gumm-magnesium glycinate gummies-EM-CPC-8k,552923299547324,0.27991602519244224,0,33.738384560400284,1,0,269179459475581.0,375378915116145,USD,0.0,1,0,0.0,0,0.0,439217402283731,0,1,0,4.72,0,DAILY_BUDGET,B0DKT3PXRP,0,0,4.72,Amazon,13.99,nan,13.99,1429,1,1,1,4,Inner-SP-KW-gumm-magnesium glycinate gummies-EM-CPC-8k,spAdvertisedProduct,US,INNERBRIGHTNESS,spAdvertisedProduct_innerbrightness_US_2026-03-21_2026-04-20.json,2026-04-21 01:59:19
34738,2026-04-21 01:59:19.956075,2026-04-21 01:59:19.956075,2026-04-08,79.96,2.021730217302173,5,119.94,147.93,119.94,0,4,ENABLED,IBM_MGMB_06G1FR,27.99,6,600.0,7,6,2.3603225806451613,7,Inner-SP-KW-gumm-magnesium glycinate gummies-EM-CPC-8k,552923299547324,1.6976998904709748,0,49.46258365443115,7,0,269179459475581.0,375378915116145,USD,2.021730217302173,6,7,119.94,0,107.95,439217402283731,0,6,1,73.17,4,DAILY_BUDGET,B0DKT3PXRP,5,6,73.17,Amazon,147.93,49.46258365443115,147.93,1826,6,7,7,31,Inner-SP-KW-gumm-magnesium glycinate gummies-EM-CPC-8k,spAdvertisedProduct,US,INNERBRIGHTNESS,spAdvertisedProduct_innerbrightness_US_2026-03-21_2026-04-20.json,2026-04-21 01:59:19
34739,2026-04-21 01:59:19.956075,2026-04-21 01:59:19.956075,2026-04-09,19.99,1.9038095238095236,1,19.99,19.99,19.99,0,1,ENABLED,IBM_MGMB_06G1FR,0.0,1,600.0,1,1,1.5,1,Inner-SP-KW-gumm-magnesium glycinate gummies-EM-CPC-8k,552923299547324,0.32243205895900506,0,52.526263131565784,1,0,269179459475581.0,375378915116145,USD,1.9038095238095236,1,1,19.99,0,19.99,439217402283731,0,1,0,10.5,1,DAILY_BUDGET,B0DKT3PXRP,1,1,10.5,Amazon,19.99,52.526263131565784,19.99,2171,1,1,1,7,Inner-SP-KW-gumm-magnesium glycinate gummies-EM-CPC-8k,spAdvertisedProduct,US,INNERBRIGHTNESS,spAdvertisedProduct_innerbrightness_US_2026-03-21_2026-04-20.json,2026-04-21 01:59:19
34740,2026-04-21 01:59:19.956075,2026-04-21 01:59:19.956075,2026-04-10,0.0,0.0,0,0.0,0.0,0.0,0,0,ENABLED,IBM_MGMB_06G1FR,0.0,0,600.0,0,0,1.5,0,Inner-SP-KW-gumm-magnesium glycinate gummies-EM-CPC-8k,552923299547324,0.31503150315031503,0,nan,0,0,269179459475581.0,375378915116145,USD,0.0,0,0,0.0,0,0.0,439217402283731,0,0,0,10.5,0,DAILY_BUDGET,B0DKT3PXRP,0,0,10.5,Amazon,0.0,nan,0.0,2222,0,0,0,7,Inner-SP-KW-gumm-magnesium glycinate gummies-EM-CPC-8k,spAdvertisedProduct,US,INNERBRIGHTNESS,spAdvertisedProduct_innerbrightness_US_2026-03-21_2026-04-20.json,2026-04-21 01:59:19
34754,2026-04-21 01:59:19.956075,2026-04-21 01:59:19.956075,2026-04-04,65.97,1.2734906616476038,3,87.96,87.96,87.96,0,3,ENABLED,IBU_BBUF_06C1,0.0,3,180.0,3,4,3.139545454545454,4,Inner-SP-KW-Berberine Capsules-PAT,287272276943680,2.4043715846994536,0,78.5243292405639,4,0,189812334889736.0,355586468617788,USD,1.2734906616476038,4,4,87.96,0,65.97,301827846242541,0,3,0,69.07,2,DAILY_BUDGET,B0G25Y3DVZ,2,4,69.07,Amazon,87.96,78.5243292405639,87.96,915,3,3,3,22,Inner-SP-KW-Berberine Capsules-PAT,spAdvertisedProduct,US,INNERBRIGHTNESS,spAdvertisedProduct_innerbrightness_US_2026-03-21_2026-04-20.json,2026-04-21 01:59:19
34755,2026-04-21 01:59:19.956075,2026-04-21 01:59:19.956075,2026-04-05,109.95,2.4604752290728373,5,158.43,158.43,158.43,0,5,ENABLED,IBU_BBUF_06C1,0.0,7,180.0,7,7,3.066190476190476,7,Inner-SP-KW-Berberine Capsules-PAT,287272276943680,2.0854021847070507,0,40.642555071640466,7,0,189812334889736.0,355586468617788,USD,2.4604752290728373,7,7,158.43,0,109.95,301827846242541,0,7,0,64.39,5,DAILY_BUDGET,B0G25Y3DVZ,5,7,64.39,Amazon,158.43,40.642555071640466,158.43,1007,7,7,7,21,Inner-SP-KW-Berberine Capsules-PAT,spAdvertisedProduct,US,INNERBRIGHTNESS,spAdvertisedProduct_innerbrightness_US_2026-03-21_2026-04-20.json,2026-04-21 01:59:19
34756,2026-04-21 01:59:19.956075,2026-04-21 01:59:19.956075,2026-04-06,65.97,1.1829475611350857,3,90.46,90.46,90.46,0,3,ENABLED,IBU_BBUF_06C1,0.0,4,180.0,4,4,3.0587999999999997,4,Inner-SP-KW-Berberine Capsules-PAT,287272276943680,5.434782608695652,0,84.53460092858722,4,0,189812334889736.0,355586468617788,USD,1.1829475611350857,4,4,90.46,0,65.97,301827846242541,0,4,0,76.47,3,DAILY_BUDGET,B0G25Y3DVZ,3,4,76.47,Amazon,90.46,84.53460092858722,90.46,460,4,4,4,25,Inner-SP-KW-Berberine Capsules-PAT,spAdvertisedProduct,US,INNERBRIGHTNESS,spAdvertisedProduct_innerbrightness_US_2026-03-21_2026-04-20.json,2026-04-21 01:59:19
34757,2026-04-21 01:59:19.956075,2026-04-21 01:59:19.956075,2026-04-07,119.95,1.414838405284265,5,119.95,119.95,119.95,0,5,ENABLED,IBU_BBUF_06C1,0.0,5,180.0,5,5,3.027857142857143,5,Inner-SP-KW-Berberine Capsules-PAT,287272276943680,2.1638330757341575,0,70.67944977073782,5,0,189812334889736.0,355586468617788,USD,1.414838405284265,5,5,119.95,0,119.95,301827846242541,0,5,0,84.78,5,DAILY_BUDGET,B0G25Y3DVZ,5,5,84.78,Amazon,119.95,70.67944977073782,119.95,1294,5,5,5,28,Inner-SP-KW-Berberine Capsules-PAT,spAdvertisedProduct,US,INNERBRIGHTNESS,spAdvertisedProduct_innerbrightness_US_2026-03-21_2026-04-20.json,2026-04-21 01:59:19
34758,2026-04-21 01:59:19.956075,2026-04-21 01:59:19.956075,2026-04-08,24.49,0.5709955700629517,1,24.49,24.49,24.49,0,1,ENABLED,IBU_BBUF_06C1,0.0,1,180.0,1,1,3.0635714285714286,1,Inner-SP-KW-Berberine Capsules-PAT,287272276943680,1.9830028328611897,0,175.1327072274398,1,0,189812334889736.0,355586468617788,USD,0.5709955700629517,1,1,24.49,0,24.49,301827846242541,0,1,0,42.89,1,DAILY_BUDGET,B0G25Y3DVZ,1,1,42.89,Amazon,24.49,175.1327072274398,24.49,706,1,1,1,14,Inner-SP-KW-Berberine Capsules-PAT,spAdvertisedProduct,US,INNERBRIGHTNESS,spAdvertisedProduct_innerbrightness_US_2026-03-21_2026-04-20.json,2026-04-21 01:59:19
34759,2026-04-21 01:59:19.956075,2026-04-21 01:59:19.956075,2026-04-09,0.0,0.0,0,0.0,0.0,0.0,0,0,ENABLED,IBU_BBUF_06C1,0.0,0,180.0,0,0,2.5,0,Inner-SP-KW-Berberine Capsules-PAT,287272276943680,2.857142857142857,0,nan,0,0,189812334889736.0,355586468617788,USD,0.0,0,0,0.0,0,0.0,301827846242541,0,0,0,2.5,0,DAILY_BUDGET,B0G25Y3DVZ,0,0,2.5,Amazon,0.0,nan,0.0,35,0,0,0,1,Inner-SP-KW-Berberine Capsules-PAT,spAdvertisedProduct,US,INNERBRIGHTNESS,spAdvertisedProduct_innerbrightness_US_2026-03-21_2026-04-20.json,2026-04-21 01:59:19
34760,2026-04-21 01:59:19.956075,2026-04-21 01:59:19.956075,2026-04-10,0.0,0.0,0,0.0,0.0,0.0,0,0,ENABLED,IBU_BBUF_06C1,0.0,0,180.0,0,0,2.5,0,Inner-SP-KW-Berberine Capsules-PAT,287272276943680,20.0,0,nan,0,0,189812334889736.0,355586468617788,USD,0.0,0,0,0.0,0,0.0,301827846242541,0,0,0,2.5,0,DAILY_BUDGET,B0G25Y3DVZ,0,0,2.5,Amazon,0.0,nan,0.0,5,0,0,0,1,Inner-SP-KW-Berberine Capsules-PAT,spAdvertisedProduct,US,INNERBRIGHTNESS,spAdvertisedProduct_innerbrightness_US_2026-03-21_2026-04-20.json,2026-04-21 01:59:19
34784,2026-04-21 01:59:19.956075,2026-04-21 01:59:19.956075,2026-04-04,67.77,1.1724913494809688,3,67.77,67.77,67.77,0,3,ENABLED,IBG_INUF_12C1F,0.0,3,40.0,3,3,3.0421052631578944,3,IB-SP-KW-inositol-inositol supplement for women-EM-2w,467019307309442,1.532258064516129,0,85.28847572672274,3,0,209298027301784.0,298924021225174,USD,1.1724913494809688,3,3,67.77,0,67.77,364613545350368,0,3,0,57.8,3,DAILY_BUDGET,B0FYFBZ7W5,3,3,57.8,Amazon,67.77,85.28847572672274,67.77,1240,3,3,3,19,IB-SP-KW-inositol-inositol supplement for women-EM-2w,spAdvertisedProduct,US,INNERBRIGHTNESS,spAdvertisedProduct_innerbrightness_US_2026-03-21_2026-04-20.json,2026-04-21 01:59:19
34785,2026-04-21 01:59:19.956075,2026-04-21 01:59:19.956075,2026-04-05,90.36,1.0834532374100718,4,90.36,90.36,90.36,0,4,ENABLED,IBG_INUF_12C1F,0.0,4,40.0,4,4,3.088888888888889,4,IB-SP-KW-inositol-inositol supplement for women-EM-2w,467019307309442,2.111024237685692,0,92.29747675962815,4,0,209298027301784.0,298924021225174,USD,1.0834532374100718,4,4,90.36,0,90.36,364613545350368,0,4,0,83.4,4,DAILY_BUDGET,B0FYFBZ7W5,4,4,83.4,Amazon,90.36,92.29747675962815,90.36,1279,4,4,4,27,IB-SP-KW-inositol-inositol supplement for women-EM-2w,spAdvertisedProduct,US,INNERBRIGHTNESS,spAdvertisedProduct_innerbrightness_US_2026-03-21_2026-04-20.json,2026-04-21 01:59:19
34786,2026-04-21 01:59:19.956075,2026-04-21 01:59:19.956075,2026-04-06,0.0,0.3494199535962877,0,22.59,22.59,22.59,0,0,ENABLED,IBG_INUF_12C1F,0.0,1,40.0,1,1,2.938636363636364,1,IB-SP-KW-inositol-inositol supplement for women-EM-2w,467019307309442,1.096163428001993,0,286.18857901726426,1,0,209298027301784.0,298924021225174,USD,0.3494199535962877,1,1,22.59,0,0.0,364613545350368,0,1,0,64.65,0,DAILY_BUDGET,B0FYFBZ7W5,0,1,64.65,Amazon,22.59,286.18857901726426,22.59,2007,1,1,1,22,IB-SP-KW-inositol-inositol supplement for women-EM-2w,spAdvertisedProduct,US,INNERBRIGHTNESS,spAdvertisedProduct_innerbrightness_US_2026-03-21_2026-04-20.json,2026-04-21 01:59:19
34787,2026-04-21 01:59:19.956075,2026-04-21 01:59:19.956075,2026-04-07,90.36,1.348817769285885,4,112.95,90.36,112.95,0,4,ENABLED,IBG_INUF_12C1F,0.0,4,40.0,4,5,3.1014814814814815,5,IB-SP-KW-inositol-inositol supplement for women-EM-2w,467019307309442,1.8072289156626504,0,74.13899955732624,5,0,209298027301784.0,298924021225174,USD,1.079054215428708,5,4,90.36,0,90.36,364613545350368,0,5,0,83.74,4,DAILY_BUDGET,B0FYFBZ7W5,4,4,83.74,Amazon,112.95,92.67374944665781,112.95,1494,5,5,5,27,IB-SP-KW-inositol-inositol supplement for women-EM-2w,spAdvertisedProduct,US,INNERBRIGHTNESS,spAdvertisedProduct_innerbrightness_US_2026-03-21_2026-04-20.json,2026-04-21 01:59:19
34788,2026-04-21 01:59:19.956075,2026-04-21 01:59:19.956075,2026-04-08,22.59,1.0315068493150685,1,45.18,45.18,45.18,0,1,ENABLED,IBG_INUF_12C1F,0.0,2,40.0,2,2,2.92,2,IB-SP-KW-inositol-inositol supplement for women-EM-2w,467019307309442,1.0033444816053512,0,96.94555112881805,2,0,209298027301784.0,298924021225174,USD,1.0315068493150685,2,2,45.18,0,22.59,364613545350368,0,2,0,43.8,1,DAILY_BUDGET,B0FYFBZ7W5,1,2,43.8,Amazon,45.18,96.94555112881805,45.18,1495,2,2,2,15,IB-SP-KW-inositol-inositol supplement for women-EM-2w,spAdvertisedProduct,US,INNERBRIGHTNESS,spAdvertisedProduct_innerbrightness_US_2026-03-21_2026-04-20.json,2026-04-21 01:59:19
34789,2026-04-21 01:59:19.956075,2026-04-21 01:59:19.956075,2026-04-09,45.18,0.5444029401132667,2,45.18,45.18,45.18,0,2,ENABLED,IBG_INUF_12C1F,0.0,2,40.0,2,2,3.0737037037037034,2,IB-SP-KW-inositol-inositol supplement for women-EM-2w,467019307309442,1.530612244897959,0,183.68747233289065,2,0,209298027301784.0,298924021225174,USD,0.5444029401132667,2,2,45.18,0,45.18,364613545350368,0,2,0,82.99,2,DAILY_BUDGET,B0FYFBZ7W5,2,2,82.99,Amazon,45.18,183.68747233289065,45.18,1764,2,2,2,27,IB-SP-KW-inositol-inositol supplement for women-EM-2w,spAdvertisedProduct,US,INNERBRIGHTNESS,spAdvertisedProduct_innerbrightness_US_2026-03-21_2026-04-20.json,2026-04-21 01:59:19
34790,2026-04-21 01:59:19.956075,2026-04-21 01:59:19.956075,2026-04-10,45.18,0.8087112171837708,2,67.77,67.77,67.77,0,2,ENABLED,IBG_INUF_12C1F,0.0,3,40.0,3,3,3.1037037037037036,3,IB-SP-KW-inositol-inositol supplement for women-EM-2w,467019307309442,1.6004742145820983,0,123.65353401209975,3,0,209298027301784.0,298924021225174,USD,0.8087112171837708,3,3,67.77,0,45.18,364613545350368,0,3,0,83.8,2,DAILY_BUDGET,B0FYFBZ7W5,2,3,83.8,Amazon,67.77,123.65353401209975,67.77,1687,3,3,3,27,IB-SP-KW-inositol-inositol supplement for women-EM-2w,spAdvertisedProduct,US,INNERBRIGHTNESS,spAdvertisedProduct_innerbrightness_US_2026-03-21_2026-04-20.json,2026-04-21 01:59:19
34805,2026-04-21 01:59:19.956075,2026-04-21 01:59:19.956075,2026-04-04,179.91,1.0381923163768911,13,213.89,307.86,213.89,0,9,PAUSED,IBM_MGMB_06G1FR,107.96,10,100.0,14,11,3.2632631578947366,15,Inner-SP-KW-gumm-magnesium glycinate-EM-54,298402294383592,1.1165961448048896,0,96.32126767127544,15,0,269179459475581.0,384999211918150,USD,0.9930647398471018,11,14,199.9,0,287.87,401692569369608,0,11,4,310.01,9,DAILY_BUDGET,B0DKT3PXRP,13,10,310.01,Amazon,321.85,100.69836938868315,321.85,8508,11,15,15,95,Inner-SP-KW-gumm-magnesium glycinate-EM-54,spAdvertisedProduct,US,INNERBRIGHTNESS,spAdvertisedProduct_innerbrightness_US_2026-03-21_2026-04-20.json,2026-04-21 01:59:19
34806,2026-04-21 01:59:19.956075,2026-04-21 01:59:19.956075,2026-04-05,199.9,0.9700094352338591,12,233.88,273.87,233.88,0,10,PAUSED,IBM_MGMB_06G1FR,53.98,11,100.0,13,12,3.4506976744186044,14,Inner-SP-KW-gumm-magnesium glycinate-EM-54,298402294383592,1.4121510673234812,0,103.09178072674217,14,0,269179459475581.0,384999211918150,USD,0.922866963202588,12,13,219.89,0,253.88,401692569369608,0,12,2,296.76,10,DAILY_BUDGET,B0DKT3PXRP,12,11,296.76,Amazon,287.86,108.35798006353379,287.86,6090,12,14,14,86,Inner-SP-KW-gumm-magnesium glycinate-EM-54,spAdvertisedProduct,US,INNERBRIGHTNESS,spAdvertisedProduct_innerbrightness_US_2026-03-21_2026-04-20.json,2026-04-21 01:59:19
34807,2026-04-21 01:59:19.956075,2026-04-21 01:59:19.956075,2026-04-06,179.91,0.7840238669884687,11,179.91,233.89,179.91,0,9,PAUSED,IBM_MGMB_06G1FR,53.98,9,100.0,11,9,3.4289655172413793,11,Inner-SP-KW-gumm-magnesium glycinate-EM-54,298402294383592,1.56137832017229,0,127.5471375432896,11,0,269179459475581.0,384999211918150,USD,0.7840238669884687,9,11,179.91,0,233.89,401692569369608,0,9,2,298.32,9,DAILY_BUDGET,B0DKT3PXRP,11,9,298.32,Amazon,233.89,127.5471375432896,233.89,5572,9,11,11,87,Inner-SP-KW-gumm-magnesium glycinate-EM-54,spAdvertisedProduct,US,INNERBRIGHTNESS,spAdvertisedProduct_innerbrightness_US_2026-03-21_2026-04-20.json,2026-04-21 01:59:19
34808,2026-04-21 01:59:19.956075,2026-04-21 01:59:19.956075,2026-04-07,119.94,0.7196088923481053,7,119.94,147.93,119.94,0,6,PAUSED,IBM_MGMB_06G1FR,27.99,6,100.0,7,6,3.670892857142857,7,Inner-SP-KW-gumm-magnesium glycinate-EM-54,298402294383592,1.5110631408526713,0,138.96437504224969,7,0,269179459475581.0,384999211918150,USD,0.7196088923481053,6,7,119.94,0,147.93,401692569369608,0,6,1,205.57,6,DAILY_BUDGET,B0DKT3PXRP,7,6,205.57,Amazon,147.93,138.96437504224969,147.93,3706,6,7,7,56,Inner-SP-KW-gumm-magnesium glycinate-EM-54,spAdvertisedProduct,US,INNERBRIGHTNESS,spAdvertisedProduct_innerbrightness_US_2026-03-21_2026-04-20.json,2026-04-21 01:59:19
34809,2026-04-21 01:59:19.956075,2026-04-21 01:59:19.956075,2026-04-08,79.96,1.162365982191532,4,127.93,127.93,127.93,0,4,PAUSED,IBM_MGMB_06G1FR,0.0,7,100.0,7,7,3.237058823529412,7,Inner-SP-KW-gumm-magnesium glycinate-EM-54,298402294383592,0.6682389937106918,0,86.03142343469085,7,0,269179459475581.0,384999211918150,USD,1.162365982191532,7,7,127.93,0,79.96,401692569369608,0,7,0,110.06,4,DAILY_BUDGET,B0DKT3PXRP,4,7,110.06,Amazon,127.93,86.03142343469085,127.93,5088,7,7,7,34,Inner-SP-KW-gumm-magnesium glycinate-EM-54,spAdvertisedProduct,US,INNERBRIGHTNESS,spAdvertisedProduct_innerbrightness_US_2026-03-21_2026-04-20.json,2026-04-21 01:59:19
34810,2026-04-21 01:59:19.956075,2026-04-21 01:59:19.956075,2026-04-09,79.96,0.7565630536318247,4,93.95,93.95,93.95,0,4,PAUSED,IBM_MGMB_06G1FR,0.0,5,100.0,5,5,3.4494444444444445,5,Inner-SP-KW-gumm-magnesium glycinate-EM-54,298402294383592,0.99805932908234,0,132.17668972857902,5,0,269179459475581.0,384999211918150,USD,0.7565630536318247,5,5,93.95,0,79.96,401692569369608,0,5,0,124.18,4,DAILY_BUDGET,B0DKT3PXRP,4,5,124.18,Amazon,93.95,132.17668972857902,93.95,3607,5,5,5,36,Inner-SP-KW-gumm-magnesium glycinate-EM-54,spAdvertisedProduct,US,INNERBRIGHTNESS,spAdvertisedProduct_innerbrightness_US_2026-03-21_2026-04-20.json,2026-04-21 01:59:19
34811,2026-04-21 01:59:19.956075,2026-04-21 01:59:19.956075,2026-04-10,0.0,0.0,0,0.0,0.0,0.0,0,0,PAUSED,IBM_MGMB_06G1FR,0.0,0,100.0,0,0,2.1350000000000002,0,Inner-SP-KW-gumm-magnesium glycinate-EM-54,298402294383592,0.46765393608729544,0,nan,0,0,269179459475581.0,384999211918150,USD,0.0,0,0,0.0,0,0.0,401692569369608,0,0,0,12.81,0,DAILY_BUDGET,B0DKT3PXRP,0,0,12.81,Amazon,0.0,nan,0.0,1283,0,0,0,6,Inner-SP-KW-gumm-magnesium glycinate-EM-54,spAdvertisedProduct,US,INNERBRIGHTNESS,spAdvertisedProduct_innerbrightness_US_2026-03-21_2026-04-20.json,2026-04-21 01:59:19
34820,2026-04-21 01:59:19.956075,2026-04-21 01:59:19.956075,2026-04-04,279.86,1.0747104140109738,18,279.86,387.82,279.86,0,14,ENABLED,IBM_MGMB_06G1FR,107.96,14,1300.0,18,14,3.032436974789916,18,Inner-SP-Auto-gumm-magnesium-CPC-Low bid,558606714617685,1.364991970635467,0,93.04832138621009,18,0,269179459475581.0,512387332074245,USD,1.0747104140109738,14,18,279.86,0,387.82,285469202359062,0,14,4,360.86,14,DAILY_BUDGET,B0DKT3PXRP,18,14,360.86,Amazon,387.82,93.04832138621009,387.82,8718,14,18,18,119,Inner-SP-Auto-gumm-magnesium-CPC-Low bid,spAdvertisedProduct,US,INNERBRIGHTNESS,spAdvertisedProduct_innerbrightness_US_2026-03-21_2026-04-20.json,2026-04-21 01:59:19
34821,2026-04-21 01:59:19.956075,2026-04-21 01:59:19.956075,2026-04-05,479.76,1.2023544043228407,27,479.76,560.73,479.76,0,24,ENABLED,IBM_MGMB_06G1FR,80.97,23,1300.0,26,24,3.0481045751633986,27,Inner-SP-Auto-gumm-magnesium-CPC-Low bid,558606714617685,1.3173755811951093,0,83.17015319315891,27,0,269179459475581.0,512387332074245,USD,1.2023544043228407,24,27,479.76,0,560.73,285469202359062,0,23,3,466.36,23,DAILY_BUDGET,B0DKT3PXRP,26,24,466.36,Amazon,560.73,83.17015319315891,560.73,11614,23,26,26,153,Inner-SP-Auto-gumm-magnesium-CPC-Low bid,spAdvertisedProduct,US,INNERBRIGHTNESS,spAdvertisedProduct_innerbrightness_US_2026-03-21_2026-04-20.json,2026-04-21 01:59:19
34822,2026-04-21 01:59:19.956075,2026-04-21 01:59:19.956075,2026-04-06,579.71,1.4596188328373108,33,681.65,747.64,681.65,0,29,ENABLED,IBM_MGMB_06G1FR,107.96,32,1300.0,35,35,3.0563276836158195,39,Inner-SP-Auto-gumm-magnesium-CPC-Low bid,558606714617685,1.1512195121951219,0,68.51103709426172,39,0,269179459475581.0,512387332074245,USD,1.3820359724199123,35,36,639.68,0,687.67,285469202359062,0,35,4,540.97,29,DAILY_BUDGET,B0DKT3PXRP,32,32,540.97,Amazon,789.61,72.3570167460275,789.61,15375,35,38,38,177,Inner-SP-Auto-gumm-magnesium-CPC-Low bid,spAdvertisedProduct,US,INNERBRIGHTNESS,spAdvertisedProduct_innerbrightness_US_2026-03-21_2026-04-20.json,2026-04-21 01:59:19
34823,2026-04-21 01:59:19.956075,2026-04-21 01:59:19.956075,2026-04-07,1019.49,1.3247776641847084,58,1187.4,1436.31,1187.4,0,51,ENABLED,IBM_MGMB_06G1FR,276.89,57,1300.0,67,60,3.1853314121037464,70,Inner-SP-Auto-gumm-magnesium-CPC-Low bid,558606714617685,1.5569614573518193,0,75.48436443600653,70,0,269179459475581.0,512387332074245,USD,1.2994634989279026,60,68,1159.42,0,1215.42,285469202359062,0,59,10,1105.31,50,DAILY_BUDGET,B0DKT3PXRP,57,58,1105.31,Amazon,1464.29,76.95483565525548,1464.29,22287,59,69,69,347,Inner-SP-Auto-gumm-magnesium-CPC-Low bid,spAdvertisedProduct,US,INNERBRIGHTNESS,spAdvertisedProduct_innerbrightness_US_2026-03-21_2026-04-20.json,2026-04-21 01:59:19
34824,2026-04-21 01:59:19.956075,2026-04-21 01:59:19.956075,2026-04-08,879.56,1.1605442408845619,51,1137.41,1291.38,1137.41,0,44,ENABLED,IBM_MGMB_06G1FR,223.92,53,1300.0,61,59,3.161752021563342,67,Inner-SP-Auto-gumm-magnesium-CPC-Low bid,558606714617685,1.3601202478278402,0,86.16646955550821,67,0,269179459475581.0,512387332074245,USD,1.100911330679193,59,62,1067.46,0,1075.49,285469202359062,0,58,8,1173.01,44,DAILY_BUDGET,B0DKT3PXRP,51,54,1173.01,Amazon,1361.33,90.83383667084823,1361.33,27277,58,66,66,371,Inner-SP-Auto-gumm-magnesium-CPC-Low bid,spAdvertisedProduct,US,INNERBRIGHTNESS,spAdvertisedProduct_innerbrightness_US_2026-03-21_2026-04-20.json,2026-04-21 01:59:19
34825,2026-04-21 01:59:19.956075,2026-04-21 01:59:19.956075,2026-04-09,1059.47,1.1114707321050057,59,1195.39,1335.35,1195.39,0,53,ENABLED,IBM_MGMB_06G1FR,167.94,57,1300.0,63,61,3.129081632653061,67,Inner-SP-Auto-gumm-magnesium-CPC-Low bid,558606714617685,1.6485133941713275,0,89.97088012440128,67,0,269179459475581.0,512387332074245,USD,1.0886597097668351,61,65,1167.41,0,1227.41,285469202359062,0,59,6,1226.6,51,DAILY_BUDGET,B0DKT3PXRP,57,59,1226.6,Amazon,1363.33,91.85606769760737,1363.33,23779,59,65,65,392,Inner-SP-Auto-gumm-magnesium-CPC-Low bid,spAdvertisedProduct,US,INNERBRIGHTNESS,spAdvertisedProduct_innerbrightness_US_2026-03-21_2026-04-20.json,2026-04-21 01:59:19
34826,2026-04-21 01:59:19.956075,2026-04-21 01:59:19.956075,2026-04-10,919.54,1.327033932951758,55,1021.48,1298.37,1021.48,0,46,ENABLED,IBM_MGMB_06G1FR,276.89,49,1300.0,59,52,3.2397350993377483,62,Inner-SP-Auto-gumm-magnesium-CPC-Low bid,558606714617685,1.985796948974224,0,75.35602332154934,62,0,269179459475581.0,512387332074245,USD,1.327033932951758,52,62,1021.48,0,1171.45,285469202359062,0,49,10,978.4,43,DAILY_BUDGET,B0DKT3PXRP,52,52,978.4,Amazon,1298.37,75.35602332154934,1298.37,15208,49,59,59,302,Inner-SP-Auto-gumm-magnesium-CPC-Low bid,spAdvertisedProduct,US,INNERBRIGHTNESS,spAdvertisedProduct_innerbrightness_US_2026-03-21_2026-04-20.json,2026-04-21 01:59:19
34841,2026-04-21 01:59:19.956075,2026-04-21 01:59:19.956075,2026-04-04,339.83,0.8284781868780907,19,359.82,413.8,359.82,0,17,ENABLED,IBM_MGMB_06G1FR,53.98,18,1.0,20,18,3.1216875,20,Inner-SP-KW-gumm-magnesium glaycinate-PM-CPC-56,399896724869227,1.7410228509249184,0,120.70323827936203,20,0,269179459475581.0,502232459977664,USD,0.8284781868780907,18,20,359.82,0,393.81,423666555472075,0,18,2,499.47,17,DAILY_BUDGET,B0DKT3PXRP,19,18,499.47,Amazon,413.8,120.70323827936203,413.8,9190,18,20,20,160,Inner-SP-KW-gumm-magnesium glaycinate-PM-CPC-56,spAdvertisedProduct,US,INNERBRIGHTNESS,spAdvertisedProduct_innerbrightness_US_2026-03-21_2026-04-20.json,2026-04-21 01:59:19
34842,2026-04-21 01:59:19.956075,2026-04-21 01:59:19.956075,2026-04-05,379.81,1.136211127247233,25,521.73,638.7,521.73,0,19,ENABLED,IBM_MGMB_06G1FR,158.94,24,1.0,30,27,3.1364921465968587,33,Inner-SP-KW-gumm-magnesium glaycinate-PM-CPC-56,399896724869227,2.0130691399662735,0,88.01181189122484,33,0,269179459475581.0,502232459977664,USD,1.0661525364314688,27,30,479.76,0,538.75,423666555472075,0,27,6,599.07,19,DAILY_BUDGET,B0DKT3PXRP,25,24,599.07,Amazon,680.67,93.79520901831846,680.67,9488,27,33,33,191,Inner-SP-KW-gumm-magnesium glaycinate-PM-CPC-56,spAdvertisedProduct,US,INNERBRIGHTNESS,spAdvertisedProduct_innerbrightness_US_2026-03-21_2026-04-20.json,2026-04-21 01:59:19
34843,2026-04-21 01:59:19.956075,2026-04-21 01:59:19.956075,2026-04-06,759.62,1.2205959161340065,44,819.59,981.53,819.59,0,38,ENABLED,IBM_MGMB_06G1FR,161.94,37,1.0,43,41,3.1289494163424125,47,Inner-SP-KW-gumm-magnesium glaycinate-PM-CPC-56,399896724869227,1.9500720843766597,0,81.92719529713814,47,0,269179459475581.0,502232459977664,USD,1.2205959161340065,41,47,819.59,0,921.56,423666555472075,0,37,6,804.14,34,DAILY_BUDGET,B0DKT3PXRP,40,41,804.14,Amazon,981.53,81.92719529713814,981.53,13179,37,43,43,257,Inner-SP-KW-gumm-magnesium glaycinate-PM-CPC-56,spAdvertisedProduct,US,INNERBRIGHTNESS,spAdvertisedProduct_innerbrightness_US_2026-03-21_2026-04-20.json,2026-04-21 01:59:19
34844,2026-04-21 01:59:19.956075,2026-04-21 01:59:19.956075,2026-04-07,199.9,0.8674166331860185,12,239.88,323.85,239.88,0,10,ENABLED,IBM_MGMB_06G1FR,83.97,12,1.0,15,12,2.916796875,15,Inner-SP-KW-gumm-magnesium glaycinate-PM-CPC-56,399896724869227,1.1695906432748537,0,115.28485409911997,15,0,269179459475581.0,502232459977664,USD,0.8674166331860185,12,15,239.88,0,255.88,423666555472075,0,12,3,373.35,10,DAILY_BUDGET,B0DKT3PXRP,12,12,373.35,Amazon,323.85,115.28485409911997,323.85,10944,12,15,15,128,Inner-SP-KW-gumm-magnesium glaycinate-PM-CPC-56,spAdvertisedProduct,US,INNERBRIGHTNESS,spAdvertisedProduct_innerbrightness_US_2026-03-21_2026-04-20.json,2026-04-21 01:59:19
34845,2026-04-21 01:59:19.956075,2026-04-21 01:59:19.956075,2026-04-08,79.96,0.8458815199433563,7,113.94,211.91,113.94,0,4,ENABLED,IBM_MGMB_06G1FR,111.96,5,1.0,9,6,2.9658999999999995,11,Inner-SP-KW-gumm-magnesium glaycinate-PM-CPC-56,399896724869227,1.09217999126256,0,118.21986607142856,11,0,269179459475581.0,502232459977664,USD,0.7144880137563641,6,9,99.95,0,163.93,423666555472075,0,6,4,296.59,4,DAILY_BUDGET,B0DKT3PXRP,7,5,296.59,Amazon,250.88,139.96036053041385,250.88,9156,6,11,11,100,Inner-SP-KW-gumm-magnesium glaycinate-PM-CPC-56,spAdvertisedProduct,US,INNERBRIGHTNESS,spAdvertisedProduct_innerbrightness_US_2026-03-21_2026-04-20.json,2026-04-21 01:59:19
34846,2026-04-21 01:59:19.956075,2026-04-21 01:59:19.956075,2026-04-09,299.85,1.5184031383408332,17,313.84,380.81,313.84,0,15,ENABLED,IBM_MGMB_06G1FR,80.96,14,1.0,17,16,2.9214606741573035,19,Inner-SP-KW-gumm-magnesium glaycinate-PM-CPC-56,399896724869227,0.9920856091851522,0,65.85866261398175,19,0,269179459475581.0,502232459977664,USD,1.4645975154801738,16,18,299.85,0,355.83,423666555472075,0,15,3,260.01,14,DAILY_BUDGET,B0DKT3PXRP,16,15,260.01,Amazon,394.8,68.27814395630367,394.8,8971,15,18,18,89,Inner-SP-KW-gumm-magnesium glaycinate-PM-CPC-56,spAdvertisedProduct,US,INNERBRIGHTNESS,spAdvertisedProduct_innerbrightness_US_2026-03-21_2026-04-20.json,2026-04-21 01:59:19
34847,2026-04-21 01:59:19.956075,2026-04-21 01:59:19.956075,2026-04-10,339.83,1.503761242845462,18,339.83,367.82,339.83,0,17,ENABLED,IBM_MGMB_06G1FR,27.99,16,1.0,17,17,2.8776470588235292,18,Inner-SP-KW-gumm-magnesium glaycinate-PM-CPC-56,399896724869227,0.9851645804357904,0,66.49991843836659,18,0,269179459475581.0,502232459977664,USD,1.503761242845462,17,18,339.83,0,367.82,423666555472075,0,16,1,244.6,16,DAILY_BUDGET,B0DKT3PXRP,17,17,244.6,Amazon,367.82,66.49991843836659,367.82,8628,16,17,17,85,Inner-SP-KW-gumm-magnesium glaycinate-PM-CPC-56,spAdvertisedProduct,US,INNERBRIGHTNESS,spAdvertisedProduct_innerbrightness_US_2026-03-21_2026-04-20.json,2026-04-21 01:59:19
34862,2026-04-21 01:59:19.956075,2026-04-21 01:59:19.956075,2026-04-04,87.96,0.6416181672943057,4,112.45,112.45,112.45,0,4,ENABLED,IBU_BBUF_06C1,0.0,5,300.0,5,5,3.7289361702127657,5,Inner-SP-KW-Berberine Capsules-EM-berberine supplement-2k,158485660571374,1.7857142857142856,0,155.8559359715429,5,0,189812334889736.0,465382485221414,USD,0.6416181672943057,5,5,112.45,0,87.96,496839653442133,0,5,0,175.26,4,DAILY_BUDGET,B0G25Y3DVZ,4,5,175.26,Amazon,112.45,155.8559359715429,112.45,2632,5,5,5,47,Inner-SP-KW-Berberine Capsules-EM-berberine supplement-2k,spAdvertisedProduct,US,INNERBRIGHTNESS,spAdvertisedProduct_innerbrightness_US_2026-03-21_2026-04-20.json,2026-04-21 01:59:19
34863,2026-04-21 01:59:19.956075,2026-04-21 01:59:19.956075,2026-04-05,241.89,1.292768959435626,11,263.88,263.88,263.88,0,11,ENABLED,IBU_BBUF_06C1,0.0,12,300.0,12,12,3.851320754716981,12,Inner-SP-KW-Berberine Capsules-EM-berberine supplement-2k,158485660571374,2.0711215318483784,0,77.35334242837654,12,0,189812334889736.0,465382485221414,USD,1.292768959435626,12,12,263.88,0,241.89,496839653442133,0,12,0,204.12,11,DAILY_BUDGET,B0G25Y3DVZ,11,12,204.12,Amazon,263.88,77.35334242837654,263.88,2559,12,12,12,53,Inner-SP-KW-Berberine Capsules-EM-berberine supplement-2k,spAdvertisedProduct,US,INNERBRIGHTNESS,spAdvertisedProduct_innerbrightness_US_2026-03-21_2026-04-20.json,2026-04-21 01:59:19
34864,2026-04-21 01:59:19.956075,2026-04-21 01:59:19.956075,2026-04-06,131.94,0.9688467731945993,6,156.43,156.43,156.43,0,6,ENABLED,IBU_BBUF_06C1,0.0,7,300.0,7,7,3.5100000000000002,7,Inner-SP-KW-Berberine Capsules-EM-berberine supplement-2k,158485660571374,1.5834767641996557,0,103.21549574889728,7,0,189812334889736.0,465382485221414,USD,0.9688467731945993,7,7,156.43,0,131.94,496839653442133,0,7,0,161.46,6,DAILY_BUDGET,B0G25Y3DVZ,6,7,161.46,Amazon,156.43,103.21549574889728,156.43,2905,7,7,7,46,Inner-SP-KW-Berberine Capsules-EM-berberine supplement-2k,spAdvertisedProduct,US,INNERBRIGHTNESS,spAdvertisedProduct_innerbrightness_US_2026-03-21_2026-04-20.json,2026-04-21 01:59:19
34865,2026-04-21 01:59:19.956075,2026-04-21 01:59:19.956075,2026-04-07,95.96,0.7196640167991599,4,95.96,95.96,95.96,0,4,ENABLED,IBU_BBUF_06C1,0.0,4,300.0,4,4,3.921764705882353,4,Inner-SP-KW-Berberine Capsules-EM-berberine supplement-2k,158485660571374,2.9209621993127146,0,138.9537307211338,4,0,189812334889736.0,465382485221414,USD,0.7196640167991599,4,4,95.96,0,95.96,496839653442133,0,4,0,133.34,4,DAILY_BUDGET,B0G25Y3DVZ,4,4,133.34,Amazon,95.96,138.9537307211338,95.96,1164,4,4,4,34,Inner-SP-KW-Berberine Capsules-EM-berberine supplement-2k,spAdvertisedProduct,US,INNERBRIGHTNESS,spAdvertisedProduct_innerbrightness_US_2026-03-21_2026-04-20.json,2026-04-21 01:59:19
34866,2026-04-21 01:59:19.956075,2026-04-21 01:59:19.956075,2026-04-08,0.0,0.0,0,0.0,0.0,0.0,0,0,ENABLED,IBU_BBUF_06C1,0.0,0,300.0,0,0,3.4528571428571433,0,Inner-SP-KW-Berberine Capsules-EM-berberine supplement-2k,158485660571374,0.667302192564347,0,nan,0,0,189812334889736.0,465382485221414,USD,0.0,0,0,0.0,0,0.0,496839653442133,0,0,0,24.17,0,DAILY_BUDGET,B0G25Y3DVZ,0,0,24.17,Amazon,0.0,nan,0.0,1049,0,0,0,7,Inner-SP-KW-Berberine Capsules-EM-berberine supplement-2k,spAdvertisedProduct,US,INNERBRIGHTNESS,spAdvertisedProduct_innerbrightness_US_2026-03-21_2026-04-20.json,2026-04-21 01:59:19
34867,2026-04-21 01:59:19.956075,2026-04-21 01:59:19.956075,2026-04-09,97.96,2.0209605545469547,4,122.45,122.45,122.45,0,4,ENABLED,IBU_BBUF_06C1,0.0,5,300.0,5,5,2.2440740740740743,5,Inner-SP-KW-Berberine Capsules-EM-berberine supplement-2k,158485660571374,0.5512454062882809,0,49.48142098815843,5,0,189812334889736.0,465382485221414,USD,2.0209605545469547,5,5,122.45,0,97.96,496839653442133,0,5,0,60.59,4,DAILY_BUDGET,B0G25Y3DVZ,4,5,60.59,Amazon,122.45,49.48142098815843,122.45,4898,5,5,5,27,Inner-SP-KW-Berberine Capsules-EM-berberine supplement-2k,spAdvertisedProduct,US,INNERBRIGHTNESS,spAdvertisedProduct_innerbrightness_US_2026-03-21_2026-04-20.json,2026-04-21 01:59:19
34868,2026-04-21 01:59:19.956075,2026-04-21 01:59:19.956075,2026-04-10,0.0,0.0,0,0.0,0.0,0.0,0,0,ENABLED,IBU_BBUF_06C1,0.0,0,300.0,0,0,1.7853846153846153,0,Inner-SP-KW-Berberine Capsules-EM-berberine supplement-2k,158485660571374,0.3418353931107021,0,nan,0,0,189812334889736.0,465382485221414,USD,0.0,0,0,0.0,0,0.0,496839653442133,0,0,0,23.21,0,DAILY_BUDGET,B0G25Y3DVZ,0,0,23.21,Amazon,0.0,nan,0.0,3803,0,0,0,13,Inner-SP-KW-Berberine Capsules-EM-berberine supplement-2k,spAdvertisedProduct,US,INNERBRIGHTNESS,spAdvertisedProduct_innerbrightness_US_2026-03-21_2026-04-20.json,2026-04-21 01:59:19
34883,2026-04-21 01:59:19.956075,2026-04-21 01:59:19.956075,2026-04-04,21.99,0.5567088607594937,1,21.99,21.99,21.99,0,1,ENABLED,IBU_BBUF_06C1,0.0,1,1.0,1,1,2.8214285714285716,1,Inner-SP-KW-Berberine Capsules-BM-berberine with ceylon cinnamon-1w,181887194239676,0.6499535747446611,0,179.62710322874037,1,0,189812334889736.0,495733597507427,USD,0.5567088607594937,1,1,21.99,0,21.99,382442285328166,0,1,0,39.5,1,DAILY_BUDGET,B0G25Y3DVZ,1,1,39.5,Amazon,21.99,179.62710322874037,21.99,2154,1,1,1,14,Inner-SP-KW-Berberine Capsules-BM-berberine with ceylon cinnamon-1w,spAdvertisedProduct,US,INNERBRIGHTNESS,spAdvertisedProduct_innerbrightness_US_2026-03-21_2026-04-20.json,2026-04-21 01:59:19
34884,2026-04-21 01:59:19.956075,2026-04-21 01:59:19.956075,2026-04-05,0.0,0.0,0,0.0,0.0,0.0,0,0,ENABLED,IBU_BBUF_06C1,0.0,0,1.0,0,0,2.9,0,Inner-SP-KW-Berberine Capsules-BM-berberine with ceylon cinnamon-1w,181887194239676,0.6561679790026247,0,nan,0,0,189812334889736.0,495733597507427,USD,0.0,0,0,0.0,0,0.0,382442285328166,0,0,0,43.5,0,DAILY_BUDGET,B0G25Y3DVZ,0,0,43.5,Amazon,0.0,nan,0.0,2286,0,0,0,15,Inner-SP-KW-Berberine Capsules-BM-berberine with ceylon cinnamon-1w,spAdvertisedProduct,US,INNERBRIGHTNESS,spAdvertisedProduct_innerbrightness_US_2026-03-21_2026-04-20.json,2026-04-21 01:59:19
34885,2026-04-21 01:59:19.956075,2026-04-21 01:59:19.956075,2026-04-06,21.99,0.5434997528423133,1,21.99,21.99,21.99,0,1,ENABLED,IBU_BBUF_06C1,0.0,1,1.0,1,1,2.89,1,Inner-SP-KW-Berberine Capsules-BM-berberine with ceylon cinnamon-1w,181887194239676,0.6965174129353234,0,183.99272396543884,1,0,189812334889736.0,495733597507427,USD,0.5434997528423133,1,1,21.99,0,21.99,382442285328166,0,1,0,40.46,1,DAILY_BUDGET,B0G25Y3DVZ,1,1,40.46,Amazon,21.99,183.99272396543884,21.99,2010,1,1,1,14,Inner-SP-KW-Berberine Capsules-BM-berberine with ceylon cinnamon-1w,spAdvertisedProduct,US,INNERBRIGHTNESS,spAdvertisedProduct_innerbrightness_US_2026-03-21_2026-04-20.json,2026-04-21 01:59:19
34886,2026-04-21 01:59:19.956075,2026-04-21 01:59:19.956075,2026-04-07,23.99,0.462770061728395,1,23.99,23.99,23.99,0,1,ENABLED,IBU_BBUF_06C1,0.0,1,1.0,1,1,2.8800000000000003,1,Inner-SP-KW-Berberine Capsules-BM-berberine with ceylon cinnamon-1w,181887194239676,0.9513742071881607,0,216.09003751563156,1,0,189812334889736.0,495733597507427,USD,0.462770061728395,1,1,23.99,0,23.99,382442285328166,0,1,0,51.84,1,DAILY_BUDGET,B0G25Y3DVZ,1,1,51.84,Amazon,23.99,216.09003751563156,23.99,1892,1,1,1,18,Inner-SP-KW-Berberine Capsules-BM-berberine with ceylon cinnamon-1w,spAdvertisedProduct,US,INNERBRIGHTNESS,spAdvertisedProduct_innerbrightness_US_2026-03-21_2026-04-20.json,2026-04-21 01:59:19
34887,2026-04-21 01:59:19.956075,2026-04-21 01:59:19.956075,2026-04-08,24.49,0.4286714510764922,1,24.49,24.49,24.49,0,1,ENABLED,IBU_BBUF_06C1,0.0,1,1.0,1,1,2.7204761904761905,1,Inner-SP-KW-Berberine Capsules-BM-berberine with ceylon cinnamon-1w,181887194239676,0.7172131147540983,0,233.27888934258883,1,0,189812334889736.0,495733597507427,USD,0.4286714510764922,1,1,24.49,0,24.49,382442285328166,0,1,0,57.13,1,DAILY_BUDGET,B0G25Y3DVZ,1,1,57.13,Amazon,24.49,233.27888934258883,24.49,2928,1,1,1,21,Inner-SP-KW-Berberine Capsules-BM-berberine with ceylon cinnamon-1w,spAdvertisedProduct,US,INNERBRIGHTNESS,spAdvertisedProduct_innerbrightness_US_2026-03-21_2026-04-20.json,2026-04-21 01:59:19
34888,2026-04-21 01:59:19.956075,2026-04-21 01:59:19.956075,2026-04-09,48.98,0.9656940063091483,2,48.98,48.98,48.98,0,2,ENABLED,IBU_BBUF_06C1,0.0,2,1.0,2,2,2.415238095238095,2,Inner-SP-KW-Berberine Capsules-BM-berberine with ceylon cinnamon-1w,181887194239676,0.6055363321799307,0,103.55247039608004,2,0,189812334889736.0,495733597507427,USD,0.9656940063091483,2,2,48.98,0,48.98,382442285328166,0,2,0,50.72,2,DAILY_BUDGET,B0G25Y3DVZ,2,2,50.72,Amazon,48.98,103.55247039608004,48.98,3468,2,2,2,21,Inner-SP-KW-Berberine Capsules-BM-berberine with ceylon cinnamon-1w,spAdvertisedProduct,US,INNERBRIGHTNESS,spAdvertisedProduct_innerbrightness_US_2026-03-21_2026-04-20.json,2026-04-21 01:59:19
34889,2026-04-21 01:59:19.956075,2026-04-21 01:59:19.956075,2026-04-10,24.49,0.4715963797419603,1,24.49,24.49,24.49,0,1,ENABLED,IBU_BBUF_06C1,0.0,1,1.0,1,1,2.7331578947368422,1,Inner-SP-KW-Berberine Capsules-BM-berberine with ceylon cinnamon-1w,181887194239676,0.5480242284395731,0,212.0457329522254,1,0,189812334889736.0,495733597507427,USD,0.4715963797419603,1,1,24.49,0,24.49,382442285328166,0,1,0,51.93,1,DAILY_BUDGET,B0G25Y3DVZ,1,1,51.93,Amazon,24.49,212.0457329522254,24.49,3467,1,1,1,19,Inner-SP-KW-Berberine Capsules-BM-berberine with ceylon cinnamon-1w,spAdvertisedProduct,US,INNERBRIGHTNESS,spAdvertisedProduct_innerbrightness_US_2026-03-21_2026-04-20.json,2026-04-21 01:59:19
34904,2026-04-21 01:59:19.956075,2026-04-21 01:59:19.956075,2026-04-04,0.0,nan,0,0.0,0.0,0.0,0,0,ENABLED,IBG_INUF_12C1F,0.0,0,50.0,0,0,nan,0,IB-SP-KW-inositol-myo inositol-PM,1182589332550,nan,0,nan,0,0,209298027301784.0,414934921529017,USD,nan,0,0,0.0,0,0.0,487700417776058,0,0,0,0.0,0,DAILY_BUDGET,B0FYFBZ7W5,0,0,0.0,Amazon,0.0,nan,0.0,0,0,0,0,0,IB-SP-KW-inositol-myo inositol-PM,spAdvertisedProduct,US,INNERBRIGHTNESS,spAdvertisedProduct_innerbrightness_US_2026-03-21_2026-04-20.json,2026-04-21 01:59:19
34905,2026-04-21 01:59:19.956075,2026-04-21 01:59:19.956075,2026-04-06,0.0,nan,0,0.0,0.0,0.0,0,0,ENABLED,IBG_INUF_12C1F,0.0,0,50.0,0,0,nan,0,IB-SP-KW-inositol-myo inositol-PM,1182589332550,nan,0,nan,0,0,209298027301784.0,414934921529017,USD,nan,0,0,0.0,0,0.0,487700417776058,0,0,0,0.0,0,DAILY_BUDGET,B0FYFBZ7W5,0,0,0.0,Amazon,0.0,nan,0.0,0,0,0,0,0,IB-SP-KW-inositol-myo inositol-PM,spAdvertisedProduct,US,INNERBRIGHTNESS,spAdvertisedProduct_innerbrightness_US_2026-03-21_2026-04-20.json,2026-04-21 01:59:19
34913,2026-04-21 01:59:19.956075,2026-04-21 01:59:19.956075,2026-04-10,0.0,nan,0,0.0,0.0,0.0,0,0,PAUSED,IBM_MGMB_06G1FR,0.0,0,200.0,0,0,nan,0,Inner-SP-KW-gumm-magnesium gummies-EM-CPC-8k,292978254342032,nan,0,nan,0,0,269179459475581.0,343683418946716,USD,nan,0,0,0.0,0,0.0,412235548274635,0,0,0,0.0,0,DAILY_BUDGET,B0DKT3PXRP,0,0,0.0,Amazon,0.0,nan,0.0,0,0,0,0,0,Inner-SP-KW-gumm-magnesium gummies-EM-CPC-8k,spAdvertisedProduct,US,INNERBRIGHTNESS,spAdvertisedProduct_innerbrightness_US_2026-03-21_2026-04-20.json,2026-04-21 01:59:19
34928,2026-04-21 01:59:19.956075,2026-04-21 01:59:19.956075,2026-04-04,0.0,nan,0,0.0,0.0,0.0,0,0,ENABLED,IBU_NMUF_60C1,0.0,0,150.0,0,0,nan,0,Inner-SP-KW-NMN Capsules-nmn-EM-CPC-1.2w,112480725342057,0.0,0,nan,0,0,156346298397171.0,414287882317009,USD,nan,0,0,0.0,0,0.0,377263535703992,0,0,0,0.0,0,DAILY_BUDGET,B0G6L2NQP4,0,0,0.0,Amazon,0.0,nan,0.0,1,0,0,0,0,Inner-SP-KW-NMN Capsules-nmn-EM-CPC-1.2w,spAdvertisedProduct,US,INNERBRIGHTNESS,spAdvertisedProduct_innerbrightness_US_2026-03-21_2026-04-20.json,2026-04-21 01:59:19
34929,2026-04-21 01:59:19.956075,2026-04-21 01:59:19.956075,2026-04-05,0.0,nan,0,0.0,0.0,0.0,0,0,ENABLED,IBU_NMUF_60C1,0.0,0,150.0,0,0,nan,0,Inner-SP-KW-NMN Capsules-nmn-EM-CPC-1.2w,112480725342057,0.0,0,nan,0,0,156346298397171.0,414287882317009,USD,nan,0,0,0.0,0,0.0,377263535703992,0,0,0,0.0,0,DAILY_BUDGET,B0G6L2NQP4,0,0,0.0,Amazon,0.0,nan,0.0,4,0,0,0,0,Inner-SP-KW-NMN Capsules-nmn-EM-CPC-1.2w,spAdvertisedProduct,US,INNERBRIGHTNESS,spAdvertisedProduct_innerbrightness_US_2026-03-21_2026-04-20.json,2026-04-21 01:59:19
34930,2026-04-21 01:59:19.956075,2026-04-21 01:59:19.956075,2026-04-06,0.0,nan,0,0.0,0.0,0.0,0,0,ENABLED,IBU_NMUF_60C1,0.0,0,150.0,0,0,nan,0,Inner-SP-KW-NMN Capsules-nmn-EM-CPC-1.2w,112480725342057,nan,0,nan,0,0,156346298397171.0,414287882317009,USD,nan,0,0,0.0,0,0.0,377263535703992,0,0,0,0.0,0,DAILY_BUDGET,B0G6L2NQP4,0,0,0.0,Amazon,0.0,nan,0.0,0,0,0,0,0,Inner-SP-KW-NMN Capsules-nmn-EM-CPC-1.2w,spAdvertisedProduct,US,INNERBRIGHTNESS,spAdvertisedProduct_innerbrightness_US_2026-03-21_2026-04-20.json,2026-04-21 01:59:19
34931,2026-04-21 01:59:19.956075,2026-04-21 01:59:19.956075,2026-04-07,35.99,42.8452380952381,1,35.99,35.99,35.99,0,1,ENABLED,IBU_NMUF_60C1,0.0,1,150.0,1,1,0.84,1,Inner-SP-KW-NMN Capsules-nmn-EM-CPC-1.2w,112480725342057,16.666666666666664,0,2.3339816615726585,1,0,156346298397171.0,414287882317009,USD,42.8452380952381,1,1,35.99,0,35.99,377263535703992,0,1,0,0.84,1,DAILY_BUDGET,B0G6L2NQP4,1,1,0.84,Amazon,35.99,2.3339816615726585,35.99,6,1,1,1,1,Inner-SP-KW-NMN Capsules-nmn-EM-CPC-1.2w,spAdvertisedProduct,US,INNERBRIGHTNESS,spAdvertisedProduct_innerbrightness_US_2026-03-21_2026-04-20.json,2026-04-21 01:59:19
34932,2026-04-21 01:59:19.956075,2026-04-21 01:59:19.956075,2026-04-08,0.0,nan,0,0.0,0.0,0.0,0,0,ENABLED,IBU_NMUF_60C1,0.0,0,150.0,0,0,nan,0,Inner-SP-KW-NMN Capsules-nmn-EM-CPC-1.2w,112480725342057,0.0,0,nan,0,0,156346298397171.0,414287882317009,USD,nan,0,0,0.0,0,0.0,377263535703992,0,0,0,0.0,0,DAILY_BUDGET,B0G6L2NQP4,0,0,0.0,Amazon,0.0,nan,0.0,4,0,0,0,0,Inner-SP-KW-NMN Capsules-nmn-EM-CPC-1.2w,spAdvertisedProduct,US,INNERBRIGHTNESS,spAdvertisedProduct_innerbrightness_US_2026-03-21_2026-04-20.json,2026-04-21 01:59:19
34933,2026-04-21 01:59:19.956075,2026-04-21 01:59:19.956075,2026-04-09,0.0,nan,0,0.0,0.0,0.0,0,0,ENABLED,IBU_NMUF_60C1,0.0,0,150.0,0,0,nan,0,Inner-SP-KW-NMN Capsules-nmn-EM-CPC-1.2w,112480725342057,0.0,0,nan,0,0,156346298397171.0,414287882317009,USD,nan,0,0,0.0,0,0.0,377263535703992,0,0,0,0.0,0,DAILY_BUDGET,B0G6L2NQP4,0,0,0.0,Amazon,0.0,nan,0.0,2,0,0,0,0,Inner-SP-KW-NMN Capsules-nmn-EM-CPC-1.2w,spAdvertisedProduct,US,INNERBRIGHTNESS,spAdvertisedProduct_innerbrightness_US_2026-03-21_2026-04-20.json,2026-04-21 01:59:19
34934,2026-04-21 01:59:19.956075,2026-04-21 01:59:19.956075,2026-04-10,0.0,nan,0,0.0,0.0,0.0,0,0,ENABLED,IBU_NMUF_60C1,0.0,0,150.0,0,0,nan,0,Inner-SP-KW-NMN Capsules-nmn-EM-CPC-1.2w,112480725342057,0.0,0,nan,0,0,156346298397171.0,414287882317009,USD,nan,0,0,0.0,0,0.0,377263535703992,0,0,0,0.0,0,DAILY_BUDGET,B0G6L2NQP4,0,0,0.0,Amazon,0.0,nan,0.0,1,0,0,0,0,Inner-SP-KW-NMN Capsules-nmn-EM-CPC-1.2w,spAdvertisedProduct,US,INNERBRIGHTNESS,spAdvertisedProduct_innerbrightness_US_2026-03-21_2026-04-20.json,2026-04-21 01:59:19
34949,2026-04-21 01:59:19.956075,2026-04-21 01:59:19.956075,2026-04-04,0.0,0.0,0,0.0,0.0,0.0,0,0,ENABLED,IBX_BIMB_06G1T,0.0,0,20.0,0,0,1.12,0,Inner-SP-KW-biotin gummies-Auto,2960493459434,0.42194092827004215,0,nan,0,0,105099487523342.0,386023533294994,USD,0.0,0,0,0.0,0,0.0,542233362908024,0,0,0,2.24,0,DAILY_BUDGET,B0GJBFKQZC,0,0,2.24,Amazon,0.0,nan,0.0,474,0,0,0,2,Inner-SP-KW-biotin gummies-Auto,spAdvertisedProduct,US,INNERBRIGHTNESS,spAdvertisedProduct_innerbrightness_US_2026-03-21_2026-04-20.json,2026-04-21 01:59:19
34950,2026-04-21 01:59:19.956075,2026-04-21 01:59:19.956075,2026-04-05,0.0,nan,0,0.0,0.0,0.0,0,0,ENABLED,IBX_BIMB_06G1T,0.0,0,20.0,0,0,nan,0,Inner-SP-KW-biotin gummies-Auto,2960493459434,0.0,0,nan,0,0,105099487523342.0,386023533294994,USD,nan,0,0,0.0,0,0.0,542233362908024,0,0,0,0.0,0,DAILY_BUDGET,B0GJBFKQZC,0,0,0.0,Amazon,0.0,nan,0.0,273,0,0,0,0,Inner-SP-KW-biotin gummies-Auto,spAdvertisedProduct,US,INNERBRIGHTNESS,spAdvertisedProduct_innerbrightness_US_2026-03-21_2026-04-20.json,2026-04-21 01:59:19
34951,2026-04-21 01:59:19.956075,2026-04-21 01:59:19.956075,2026-04-06,0.0,nan,0,0.0,0.0,0.0,0,0,ENABLED,IBX_BIMB_06G1T,0.0,0,20.0,0,0,nan,0,Inner-SP-KW-biotin gummies-Auto,2960493459434,0.0,0,nan,0,0,105099487523342.0,386023533294994,USD,nan,0,0,0.0,0,0.0,542233362908024,0,0,0,0.0,0,DAILY_BUDGET,B0GJBFKQZC,0,0,0.0,Amazon,0.0,nan,0.0,272,0,0,0,0,Inner-SP-KW-biotin gummies-Auto,spAdvertisedProduct,US,INNERBRIGHTNESS,spAdvertisedProduct_innerbrightness_US_2026-03-21_2026-04-20.json,2026-04-21 01:59:19
34952,2026-04-21 01:59:19.956075,2026-04-21 01:59:19.956075,2026-04-07,0.0,nan,0,0.0,0.0,0.0,0,0,ENABLED,IBX_BIMB_06G1T,0.0,0,20.0,0,0,nan,0,Inner-SP-KW-biotin gummies-Auto,2960493459434,0.0,0,nan,0,0,105099487523342.0,386023533294994,USD,nan,0,0,0.0,0,0.0,542233362908024,0,0,0,0.0,0,DAILY_BUDGET,B0GJBFKQZC,0,0,0.0,Amazon,0.0,nan,0.0,14,0,0,0,0,Inner-SP-KW-biotin gummies-Auto,spAdvertisedProduct,US,INNERBRIGHTNESS,spAdvertisedProduct_innerbrightness_US_2026-03-21_2026-04-20.json,2026-04-21 01:59:19
34953,2026-04-21 01:59:19.956075,2026-04-21 01:59:19.956075,2026-04-08,0.0,nan,0,0.0,0.0,0.0,0,0,ENABLED,IBX_BIMB_06G1T,0.0,0,20.0,0,0,nan,0,Inner-SP-KW-biotin gummies-Auto,2960493459434,0.0,0,nan,0,0,105099487523342.0,386023533294994,USD,nan,0,0,0.0,0,0.0,542233362908024,0,0,0,0.0,0,DAILY_BUDGET,B0GJBFKQZC,0,0,0.0,Amazon,0.0,nan,0.0,7,0,0,0,0,Inner-SP-KW-biotin gummies-Auto,spAdvertisedProduct,US,INNERBRIGHTNESS,spAdvertisedProduct_innerbrightness_US_2026-03-21_2026-04-20.json,2026-04-21 01:59:19
34954,2026-04-21 01:59:19.956075,2026-04-21 01:59:19.956075,2026-04-09,0.0,nan,0,0.0,0.0,0.0,0,0,ENABLED,IBX_BIMB_06G1T,0.0,0,20.0,0,0,nan,0,Inner-SP-KW-biotin gummies-Auto,2960493459434,0.0,0,nan,0,0,105099487523342.0,386023533294994,USD,nan,0,0,0.0,0,0.0,542233362908024,0,0,0,0.0,0,DAILY_BUDGET,B0GJBFKQZC,0,0,0.0,Amazon,0.0,nan,0.0,8,0,0,0,0,Inner-SP-KW-biotin gummies-Auto,spAdvertisedProduct,US,INNERBRIGHTNESS,spAdvertisedProduct_innerbrightness_US_2026-03-21_2026-04-20.json,2026-04-21 01:59:19
34955,2026-04-21 01:59:19.956075,2026-04-21 01:59:19.956075,2026-04-10,0.0,nan,0,0.0,0.0,0.0,0,0,ENABLED,IBX_BIMB_06G1T,0.0,0,20.0,0,0,nan,0,Inner-SP-KW-biotin gummies-Auto,2960493459434,0.0,0,nan,0,0,105099487523342.0,386023533294994,USD,nan,0,0,0.0,0,0.0,542233362908024,0,0,0,0.0,0,DAILY_BUDGET,B0GJBFKQZC,0,0,0.0,Amazon,0.0,nan,0.0,3,0,0,0,0,Inner-SP-KW-biotin gummies-Auto,spAdvertisedProduct,US,INNERBRIGHTNESS,spAdvertisedProduct_innerbrightness_US_2026-03-21_2026-04-20.json,2026-04-21 01:59:19
34970,2026-04-21 01:59:19.956075,2026-04-21 01:59:19.956075,2026-04-04,0.0,nan,0,0.0,0.0,0.0,0,0,ENABLED,IBX_BIMB_06G1T,0.0,0,150.0,0,0,nan,0,Inner-SP-KW-biotin gummies-EM-biotin gummies-1w,103105471930136,0.0,0,nan,0,0,105099487523342.0,543143644370737,USD,nan,0,0,0.0,0,0.0,353711061783975,0,0,0,0.0,0,DAILY_BUDGET,B0GJBFKQZC,0,0,0.0,Amazon,0.0,nan,0.0,386,0,0,0,0,Inner-SP-KW-biotin gummies-EM-biotin gummies-1w,spAdvertisedProduct,US,INNERBRIGHTNESS,spAdvertisedProduct_innerbrightness_US_2026-03-21_2026-04-20.json,2026-04-21 01:59:19
34971,2026-04-21 01:59:19.956075,2026-04-21 01:59:19.956075,2026-04-05,0.0,0.0,0,0.0,0.0,0.0,0,0,ENABLED,IBX_BIMB_06G1T,0.0,0,150.0,0,0,1.5,0,Inner-SP-KW-biotin gummies-EM-biotin gummies-1w,103105471930136,0.46511627906976744,0,nan,0,0,105099487523342.0,543143644370737,USD,0.0,0,0,0.0,0,0.0,353711061783975,0,0,0,1.5,0,DAILY_BUDGET,B0GJBFKQZC,0,0,1.5,Amazon,0.0,nan,0.0,215,0,0,0,1,Inner-SP-KW-biotin gummies-EM-biotin gummies-1w,spAdvertisedProduct,US,INNERBRIGHTNESS,spAdvertisedProduct_innerbrightness_US_2026-03-21_2026-04-20.json,2026-04-21 01:59:19
34972,2026-04-21 01:59:19.956075,2026-04-21 01:59:19.956075,2026-04-06,0.0,0.0,0,0.0,0.0,0.0,0,0,ENABLED,IBX_BIMB_06G1T,0.0,0,150.0,0,0,1.4666666666666668,0,Inner-SP-KW-biotin gummies-EM-biotin gummies-1w,103105471930136,0.9174311926605505,0,nan,0,0,105099487523342.0,543143644370737,USD,0.0,0,0,0.0,0,0.0,353711061783975,0,0,0,4.4,0,DAILY_BUDGET,B0GJBFKQZC,0,0,4.4,Amazon,0.0,nan,0.0,327,0,0,0,3,Inner-SP-KW-biotin gummies-EM-biotin gummies-1w,spAdvertisedProduct,US,INNERBRIGHTNESS,spAdvertisedProduct_innerbrightness_US_2026-03-21_2026-04-20.json,2026-04-21 01:59:19
34973,2026-04-21 01:59:19.956075,2026-04-21 01:59:19.956075,2026-04-08,0.0,nan,0,0.0,0.0,0.0,0,0,ENABLED,IBX_BIMB_06G1T,0.0,0,150.0,0,0,nan,0,Inner-SP-KW-biotin gummies-EM-biotin gummies-1w,103105471930136,0.0,0,nan,0,0,105099487523342.0,543143644370737,USD,nan,0,0,0.0,0,0.0,353711061783975,0,0,0,0.0,0,DAILY_BUDGET,B0GJBFKQZC,0,0,0.0,Amazon,0.0,nan,0.0,1,0,0,0,0,Inner-SP-KW-biotin gummies-EM-biotin gummies-1w,spAdvertisedProduct,US,INNERBRIGHTNESS,spAdvertisedProduct_innerbrightness_US_2026-03-21_2026-04-20.json,2026-04-21 01:59:19
34974,2026-04-21 01:59:19.956075,2026-04-21 01:59:19.956075,2026-04-09,0.0,nan,0,0.0,0.0,0.0,0,0,ENABLED,IBX_BIMB_06G1T,0.0,0,150.0,0,0,nan,0,Inner-SP-KW-biotin gummies-EM-biotin gummies-1w,103105471930136,0.0,0,nan,0,0,105099487523342.0,543143644370737,USD,nan,0,0,0.0,0,0.0,353711061783975,0,0,0,0.0,0,DAILY_BUDGET,B0GJBFKQZC,0,0,0.0,Amazon,0.0,nan,0.0,4,0,0,0,0,Inner-SP-KW-biotin gummies-EM-biotin gummies-1w,spAdvertisedProduct,US,INNERBRIGHTNESS,spAdvertisedProduct_innerbrightness_US_2026-03-21_2026-04-20.json,2026-04-21 01:59:19
34975,2026-04-21 01:59:19.956075,2026-04-21 01:59:19.956075,2026-04-10,0.0,nan,0,0.0,0.0,0.0,0,0,ENABLED,IBX_BIMB_06G1T,0.0,0,150.0,0,0,nan,0,Inner-SP-KW-biotin gummies-EM-biotin gummies-1w,103105471930136,0.0,0,nan,0,0,105099487523342.0,543143644370737,USD,nan,0,0,0.0,0,0.0,353711061783975,0,0,0,0.0,0,DAILY_BUDGET,B0GJBFKQZC,0,0,0.0,Amazon,0.0,nan,0.0,4,0,0,0,0,Inner-SP-KW-biotin gummies-EM-biotin gummies-1w,spAdvertisedProduct,US,INNERBRIGHTNESS,spAdvertisedProduct_innerbrightness_US_2026-03-21_2026-04-20.json,2026-04-21 01:59:19
34990,2026-04-21 01:59:19.956075,2026-04-21 01:59:19.956075,2026-04-04,22.99,0.44442296539725495,1,22.99,22.99,22.99,0,1,ENABLED,IBX_VBUF_90C1,0.0,1,145.0,1,1,4.702727272727272,1,Inner-SP-KW-VB-vitamin b complex-PM,57298629983623,2.4774774774774775,0,225.01087429317096,1,0,128011262266839.0,287813611436025,USD,0.44442296539725495,1,1,22.99,0,22.99,308862798962255,0,1,0,51.73,1,DAILY_BUDGET,B0GKSVSK3P,1,1,51.73,Amazon,22.99,225.01087429317096,22.99,444,1,1,1,11,Inner-SP-KW-VB-vitamin b complex-PM-3K,spAdvertisedProduct,US,INNERBRIGHTNESS,spAdvertisedProduct_innerbrightness_US_2026-03-21_2026-04-20.json,2026-04-21 01:59:19
34991,2026-04-21 01:59:19.956075,2026-04-21 01:59:19.956075,2026-04-05,0.0,0.0,0,0.0,0.0,0.0,0,0,ENABLED,IBX_VBUF_90C1,0.0,0,145.0,0,0,4.308,0,Inner-SP-KW-VB-vitamin b complex-PM,57298629983623,1.9083969465648856,0,nan,0,0,128011262266839.0,287813611436025,USD,0.0,0,0,0.0,0,0.0,308862798962255,0,0,0,43.08,0,DAILY_BUDGET,B0GKSVSK3P,0,0,43.08,Amazon,0.0,nan,0.0,524,0,0,0,10,Inner-SP-KW-VB-vitamin b complex-PM-3K,spAdvertisedProduct,US,INNERBRIGHTNESS,spAdvertisedProduct_innerbrightness_US_2026-03-21_2026-04-20.json,2026-04-21 01:59:19
34992,2026-04-21 01:59:19.956075,2026-04-21 01:59:19.956075,2026-04-06,91.96,1.7626988690818477,4,91.96,91.96,91.96,0,4,ENABLED,IBX_VBUF_90C1,0.0,4,145.0,4,4,4.3475,4,Inner-SP-KW-VB-vitamin b complex-PM,57298629983623,1.9230769230769231,0,56.73118747281427,4,0,128011262266839.0,287813611436025,USD,1.7626988690818477,4,4,91.96,0,91.96,308862798962255,0,4,0,52.17,4,DAILY_BUDGET,B0GKSVSK3P,4,4,52.17,Amazon,91.96,56.73118747281427,91.96,624,4,4,4,12,Inner-SP-KW-VB-vitamin b complex-PM-3K,spAdvertisedProduct,US,INNERBRIGHTNESS,spAdvertisedProduct_innerbrightness_US_2026-03-21_2026-04-20.json,2026-04-21 01:59:19
34993,2026-04-21 01:59:19.956075,2026-04-21 01:59:19.956075,2026-04-07,22.99,0.20096153846153844,1,22.99,22.99,22.99,0,1,ENABLED,IBX_VBUF_90C1,0.0,1,145.0,1,1,4.4,1,Inner-SP-KW-VB-vitamin b complex-PM,57298629983623,2.73972602739726,0,497.6076555023924,1,0,128011262266839.0,287813611436025,USD,0.20096153846153844,1,1,22.99,0,22.99,308862798962255,0,1,0,114.4,1,DAILY_BUDGET,B0GKSVSK3P,1,1,114.4,Amazon,22.99,497.6076555023924,22.99,949,1,1,1,26,Inner-SP-KW-VB-vitamin b complex-PM-3K,spAdvertisedProduct,US,INNERBRIGHTNESS,spAdvertisedProduct_innerbrightness_US_2026-03-21_2026-04-20.json,2026-04-21 01:59:19
34994,2026-04-21 01:59:19.956075,2026-04-21 01:59:19.956075,2026-04-08,91.96,1.1911917098445595,4,91.96,91.96,91.96,0,4,ENABLED,IBX_VBUF_90C1,0.0,4,145.0,4,4,4.288888888888889,4,Inner-SP-KW-VB-vitamin b complex-PM,57298629983623,1.9251336898395723,0,83.94954327968684,4,0,128011262266839.0,287813611436025,USD,1.1911917098445595,4,4,91.96,0,91.96,308862798962255,0,4,0,77.2,4,DAILY_BUDGET,B0GKSVSK3P,4,4,77.2,Amazon,91.96,83.94954327968684,91.96,935,4,4,4,18,Inner-SP-KW-VB-vitamin b complex-PM-3K,spAdvertisedProduct,US,INNERBRIGHTNESS,spAdvertisedProduct_innerbrightness_US_2026-03-21_2026-04-20.json,2026-04-21 01:59:19
34995,2026-04-21 01:59:19.956075,2026-04-21 01:59:19.956075,2026-04-09,45.98,0.8533778767631773,2,45.98,45.98,45.98,0,2,ENABLED,IBX_VBUF_90C1,0.0,2,145.0,2,2,4.49,2,Inner-SP-KW-VB-vitamin b complex-PM,57298629983623,2.3300970873786406,0,117.18138321009135,2,0,128011262266839.0,287813611436025,USD,0.8533778767631773,2,2,45.98,0,45.98,308862798962255,0,2,0,53.88,2,DAILY_BUDGET,B0GKSVSK3P,2,2,53.88,Amazon,45.98,117.18138321009135,45.98,515,2,2,2,12,Inner-SP-KW-VB-vitamin b complex-PM-3K,spAdvertisedProduct,US,INNERBRIGHTNESS,spAdvertisedProduct_innerbrightness_US_2026-03-21_2026-04-20.json,2026-04-21 01:59:19
34996,2026-04-21 01:59:19.956075,2026-04-21 01:59:19.956075,2026-04-10,22.99,0.8320665942815779,1,22.99,22.99,22.99,0,1,ENABLED,IBX_VBUF_90C1,0.0,1,145.0,1,1,3.947142857142857,1,Inner-SP-KW-VB-vitamin b complex-PM,57298629983623,1.2259194395796849,0,120.18268812527187,1,0,128011262266839.0,287813611436025,USD,0.8320665942815779,1,1,22.99,0,22.99,308862798962255,0,1,0,27.63,1,DAILY_BUDGET,B0GKSVSK3P,1,1,27.63,Amazon,22.99,120.18268812527187,22.99,571,1,1,1,7,Inner-SP-KW-VB-vitamin b complex-PM-3K,spAdvertisedProduct,US,INNERBRIGHTNESS,spAdvertisedProduct_innerbrightness_US_2026-03-21_2026-04-20.json,2026-04-21 01:59:19
35010,2026-04-21 01:59:19.956075,2026-04-21 01:59:19.956075,2026-04-06,0.0,nan,0,0.0,0.0,0.0,0,0,PAUSED,IBM_MGMB_06G1FR,0.0,0,400.0,0,0,nan,0,Inner-SP-KW-gumm-magnesium supplement-EM-CPC-9k,49806989748035,nan,0,nan,0,0,269179459475581.0,466959229206915,USD,nan,0,0,0.0,0,0.0,409304911275062,0,0,0,0.0,0,DAILY_BUDGET,B0DKT3PXRP,0,0,0.0,Amazon,0.0,nan,0.0,0,0,0,0,0,Inner-SP-KW-gumm-magnesium supplement-EM-CPC-9k,spAdvertisedProduct,US,INNERBRIGHTNESS,spAdvertisedProduct_innerbrightness_US_2026-03-21_2026-04-20.json,2026-04-21 01:59:19
35025,2026-04-21 01:59:19.956075,2026-04-21 01:59:19.956075,2026-04-04,137.94,1.1087533156498675,6,137.94,137.94,137.94,0,6,ENABLED,IBX_VBUF_90C1,0.0,6,364.0,6,6,5.18375,6,Inner-SP-KW-VB-vitamin b complex-EM,16573246879315,0.74487895716946,0,90.19138755980862,6,0,128011262266839.0,323410767431345,USD,1.1087533156498675,6,6,137.94,0,137.94,557962024699161,0,6,0,124.41,6,DAILY_BUDGET,B0GKSVSK3P,6,6,124.41,Amazon,137.94,90.19138755980862,137.94,3222,6,6,6,24,Inner-SP-KW-VB-vitamin b complex-EM-3K,spAdvertisedProduct,US,INNERBRIGHTNESS,spAdvertisedProduct_innerbrightness_US_2026-03-21_2026-04-20.json,2026-04-21 01:59:19
35026,2026-04-21 01:59:19.956075,2026-04-21 01:59:19.956075,2026-04-05,68.97,0.603200979534721,3,68.97,68.97,68.97,0,3,ENABLED,IBX_VBUF_90C1,0.0,3,364.0,3,3,5.197272727272727,3,Inner-SP-KW-VB-vitamin b complex-EM,16573246879315,0.5452292441140025,0,165.7822241554299,3,0,128011262266839.0,323410767431345,USD,0.603200979534721,3,3,68.97,0,68.97,557962024699161,0,3,0,114.34,3,DAILY_BUDGET,B0GKSVSK3P,3,3,114.34,Amazon,68.97,165.7822241554299,68.97,4035,3,3,3,22,Inner-SP-KW-VB-vitamin b complex-EM-3K,spAdvertisedProduct,US,INNERBRIGHTNESS,spAdvertisedProduct_innerbrightness_US_2026-03-21_2026-04-20.json,2026-04-21 01:59:19
35027,2026-04-21 01:59:19.956075,2026-04-21 01:59:19.956075,2026-04-06,183.92,1.099590795557209,8,206.91,206.91,206.91,0,8,ENABLED,IBX_VBUF_90C1,0.0,9,364.0,9,9,5.226944444444444,9,Inner-SP-KW-VB-vitamin b complex-EM,16573246879315,0.7843137254901961,0,90.94292204340051,9,0,128011262266839.0,323410767431345,USD,1.099590795557209,9,9,206.91,0,183.92,557962024699161,0,9,0,188.17,8,DAILY_BUDGET,B0GKSVSK3P,8,9,188.17,Amazon,206.91,90.94292204340051,206.91,4590,9,9,9,36,Inner-SP-KW-VB-vitamin b complex-EM-3K,spAdvertisedProduct,US,INNERBRIGHTNESS,spAdvertisedProduct_innerbrightness_US_2026-03-21_2026-04-20.json,2026-04-21 01:59:19
35028,2026-04-21 01:59:19.956075,2026-04-21 01:59:19.956075,2026-04-07,160.93,1.1582798459563544,7,180.46,160.93,180.46,0,7,ENABLED,IBX_VBUF_90C1,0.0,7,364.0,7,8,5.372413793103449,8,Inner-SP-KW-VB-vitamin b complex-EM,16573246879315,0.5161060686954975,0,86.33492186634157,8,0,128011262266839.0,323410767431345,USD,1.0329268292682927,8,7,160.93,0,160.93,557962024699161,0,8,0,155.8,7,DAILY_BUDGET,B0GKSVSK3P,7,7,155.8,Amazon,180.46,96.81227863046044,180.46,5619,8,8,8,29,Inner-SP-KW-VB-vitamin b complex-EM-3K,spAdvertisedProduct,US,INNERBRIGHTNESS,spAdvertisedProduct_innerbrightness_US_2026-03-21_2026-04-20.json,2026-04-21 01:59:19
35029,2026-04-21 01:59:19.956075,2026-04-21 01:59:19.956075,2026-04-08,183.92,1.0714063794531896,8,206.91,206.91,206.91,0,8,ENABLED,IBX_VBUF_90C1,0.0,9,364.0,9,9,5.082105263157895,9,Inner-SP-KW-VB-vitamin b complex-EM,16573246879315,0.72367168158446,0,93.33526654100817,9,0,128011262266839.0,323410767431345,USD,1.0714063794531896,9,9,206.91,0,183.92,557962024699161,0,9,0,193.12,8,DAILY_BUDGET,B0GKSVSK3P,8,9,193.12,Amazon,206.91,93.33526654100817,206.91,5251,9,9,9,38,Inner-SP-KW-VB-vitamin b complex-EM-3K,spAdvertisedProduct,US,INNERBRIGHTNESS,spAdvertisedProduct_innerbrightness_US_2026-03-21_2026-04-20.json,2026-04-21 01:59:19
35030,2026-04-21 01:59:19.956075,2026-04-21 01:59:19.956075,2026-04-09,137.94,1.0855460845035876,6,177.02,177.02,177.02,0,6,ENABLED,IBX_VBUF_90C1,0.0,7,364.0,7,8,5.0959375,8,Inner-SP-KW-VB-vitamin b complex-EM,16573246879315,0.7160438576862832,0,92.11953451587391,8,0,128011262266839.0,323410767431345,USD,1.0855460845035876,8,8,177.02,0,137.94,557962024699161,0,7,0,163.07,5,DAILY_BUDGET,B0GKSVSK3P,5,8,163.07,Amazon,177.02,92.11953451587391,177.02,4469,7,7,7,32,Inner-SP-KW-VB-vitamin b complex-EM-3K,spAdvertisedProduct,US,INNERBRIGHTNESS,spAdvertisedProduct_innerbrightness_US_2026-03-21_2026-04-20.json,2026-04-21 01:59:19
35031,2026-04-21 01:59:19.956075,2026-04-21 01:59:19.956075,2026-04-10,229.9,1.3045653856074284,10,252.89,252.89,252.89,0,10,ENABLED,IBX_VBUF_90C1,0.0,11,364.0,11,11,5.384722222222222,11,Inner-SP-KW-VB-vitamin b complex-EM,16573246879315,0.8046490835940991,0,76.65388113408991,11,0,128011262266839.0,323410767431345,USD,1.3045653856074284,11,11,252.89,0,229.9,557962024699161,0,11,0,193.85,10,DAILY_BUDGET,B0GKSVSK3P,10,11,193.85,Amazon,252.89,76.65388113408991,252.89,4474,11,11,11,36,Inner-SP-KW-VB-vitamin b complex-EM-3K,spAdvertisedProduct,US,INNERBRIGHTNESS,spAdvertisedProduct_innerbrightness_US_2026-03-21_2026-04-20.json,2026-04-21 01:59:19
35051,2026-04-21 01:59:19.956075,2026-04-21 01:59:19.956075,2026-04-04,45.98,1.0484949832775918,2,68.97,68.97,68.97,0,2,PAUSED,IBX_VBUF_90C1,0.0,3,40.0,3,3,2.99,3,Inner-SP-VB-auto,71902167295137,0.554016620498615,0,95.37480063795853,3,0,128011262266839.0,327583563003683,USD,1.0484949832775918,3,3,68.97,0,45.98,540600850303009,0,3,0,65.78,2,DAILY_BUDGET,B0GKSVSK3P,2,3,65.78,Amazon,68.97,95.37480063795853,68.97,3971,3,3,3,22,Inner-SP-VB-auto,spAdvertisedProduct,US,INNERBRIGHTNESS,spAdvertisedProduct_innerbrightness_US_2026-03-21_2026-04-20.json,2026-04-21 01:59:19
35052,2026-04-21 01:59:19.956075,2026-04-21 01:59:19.956075,2026-04-05,22.99,0.33537563822027716,1,22.99,22.99,22.99,0,1,PAUSED,IBX_VBUF_90C1,0.0,1,40.0,1,1,2.9804347826086954,1,Inner-SP-VB-auto,71902167295137,0.7438551099611902,0,298.1731187472815,1,0,128011262266839.0,327583563003683,USD,0.33537563822027716,1,1,22.99,0,22.99,540600850303009,0,1,0,68.55,1,DAILY_BUDGET,B0GKSVSK3P,1,1,68.55,Amazon,22.99,298.1731187472815,22.99,3092,1,1,1,23,Inner-SP-VB-auto,spAdvertisedProduct,US,INNERBRIGHTNESS,spAdvertisedProduct_innerbrightness_US_2026-03-21_2026-04-20.json,2026-04-21 01:59:19
35053,2026-04-21 01:59:19.956075,2026-04-21 01:59:19.956075,2026-04-08,68.97,0.934173100365705,3,68.97,68.97,68.97,0,3,PAUSED,IBX_VBUF_90C1,0.0,3,40.0,3,3,2.9532,3,Inner-SP-VB-auto,71902167295137,0.4420866489832007,0,107.04654197477164,3,0,128011262266839.0,327583563003683,USD,0.934173100365705,3,3,68.97,0,68.97,540600850303009,0,3,0,73.83,3,DAILY_BUDGET,B0GKSVSK3P,3,3,73.83,Amazon,68.97,107.04654197477164,68.97,5655,3,3,3,25,Inner-SP-VB-auto,spAdvertisedProduct,US,INNERBRIGHTNESS,spAdvertisedProduct_innerbrightness_US_2026-03-21_2026-04-20.json,2026-04-21 01:59:19
35054,2026-04-21 01:59:19.956075,2026-04-21 01:59:19.956075,2026-04-09,0.0,0.0,0,0.0,0.0,0.0,0,0,PAUSED,IBX_VBUF_90C1,0.0,0,40.0,0,0,3.0,0,Inner-SP-VB-auto,71902167295137,0.2931691586045148,0,nan,0,0,128011262266839.0,327583563003683,USD,0.0,0,0,0.0,0,0.0,540600850303009,0,0,0,30.0,0,DAILY_BUDGET,B0GKSVSK3P,0,0,30.0,Amazon,0.0,nan,0.0,3411,0,0,0,10,Inner-SP-VB-auto,spAdvertisedProduct,US,INNERBRIGHTNESS,spAdvertisedProduct_innerbrightness_US_2026-03-21_2026-04-20.json,2026-04-21 01:59:19
35055,2026-04-21 01:59:19.956075,2026-04-21 01:59:19.956075,2026-04-10,68.97,1.100175466581592,3,68.97,68.97,68.97,0,3,PAUSED,IBX_VBUF_90C1,0.0,3,40.0,3,3,2.8495454545454546,3,Inner-SP-VB-auto,71902167295137,0.5223171889838557,0,90.89459185152965,3,0,128011262266839.0,327583563003683,USD,1.100175466581592,3,3,68.97,0,68.97,540600850303009,0,3,0,62.69,3,DAILY_BUDGET,B0GKSVSK3P,3,3,62.69,Amazon,68.97,90.89459185152965,68.97,4212,3,3,3,22,Inner-SP-VB-auto,spAdvertisedProduct,US,INNERBRIGHTNESS,spAdvertisedProduct_innerbrightness_US_2026-03-21_2026-04-20.json,2026-04-21 01:59:19
35067,2026-04-21 01:59:19.956075,2026-04-21 01:59:19.956075,2026-04-04,0.0,0.0,0,0.0,0.0,0.0,0,0,ENABLED,IBX_BIMB_06G1T,0.0,0,40.0,0,0,2.3385714285714285,0,Inner-SP-KW-biotin-biotin-EM-2K,90609254666494,0.1733960862026257,0,nan,0,0,105099487523342.0,319700192325308,USD,0.0,0,0,0.0,0,0.0,69195557591815,0,0,0,16.37,0,DAILY_BUDGET,B0GJBFKQZC,0,0,16.37,Amazon,0.0,nan,0.0,4037,0,0,0,7,Inner-SP-KW-biotin-biotin-EM-2K,spAdvertisedProduct,US,INNERBRIGHTNESS,spAdvertisedProduct_innerbrightness_US_2026-03-21_2026-04-20.json,2026-04-21 01:59:19
35068,2026-04-21 01:59:19.956075,2026-04-21 01:59:19.956075,2026-04-05,23.99,0.9489715189873417,1,23.99,23.99,23.99,0,1,ENABLED,IBX_BIMB_06G1T,0.0,1,40.0,1,1,2.2981818181818183,1,Inner-SP-KW-biotin-biotin-EM-2K,90609254666494,0.45852438516048355,0,105.37724051688204,1,0,105099487523342.0,319700192325308,USD,0.9489715189873417,1,1,23.99,0,23.99,69195557591815,0,1,0,25.28,1,DAILY_BUDGET,B0GJBFKQZC,1,1,25.28,Amazon,23.99,105.37724051688204,23.99,2399,1,1,1,11,Inner-SP-KW-biotin-biotin-EM-2K,spAdvertisedProduct,US,INNERBRIGHTNESS,spAdvertisedProduct_innerbrightness_US_2026-03-21_2026-04-20.json,2026-04-21 01:59:19
35069,2026-04-21 01:59:19.956075,2026-04-21 01:59:19.956075,2026-04-06,0.0,0.0,0,0.0,0.0,0.0,0,0,ENABLED,IBX_BIMB_06G1T,0.0,0,40.0,0,0,2.3266666666666667,0,Inner-SP-KW-biotin-biotin-EM-2K,90609254666494,0.29469548133595286,0,nan,0,0,105099487523342.0,319700192325308,USD,0.0,0,0,0.0,0,0.0,69195557591815,0,0,0,13.96,0,DAILY_BUDGET,B0GJBFKQZC,0,0,13.96,Amazon,0.0,nan,0.0,2036,0,0,0,6,Inner-SP-KW-biotin-biotin-EM-2K,spAdvertisedProduct,US,INNERBRIGHTNESS,spAdvertisedProduct_innerbrightness_US_2026-03-21_2026-04-20.json,2026-04-21 01:59:19
35070,2026-04-21 01:59:19.956075,2026-04-21 01:59:19.956075,2026-04-07,23.99,2.0399659863945576,1,23.99,23.99,23.99,0,1,ENABLED,IBX_BIMB_06G1T,0.0,1,40.0,1,1,3.92,1,Inner-SP-KW-biotin-biotin-EM-2K,90609254666494,0.36991368680641185,0,49.02042517715715,1,0,105099487523342.0,319700192325308,USD,2.0399659863945576,1,1,23.99,0,23.99,69195557591815,0,1,0,11.76,1,DAILY_BUDGET,B0GJBFKQZC,1,1,11.76,Amazon,23.99,49.02042517715715,23.99,811,1,1,1,3,Inner-SP-KW-biotin-biotin-EM-2K,spAdvertisedProduct,US,INNERBRIGHTNESS,spAdvertisedProduct_innerbrightness_US_2026-03-21_2026-04-20.json,2026-04-21 01:59:19
35071,2026-04-21 01:59:19.956075,2026-04-21 01:59:19.956075,2026-04-08,23.99,1.5457474226804122,1,23.99,23.99,23.99,0,1,ENABLED,IBX_BIMB_06G1T,0.0,1,40.0,1,1,3.88,1,Inner-SP-KW-biotin-biotin-EM-2K,90609254666494,0.4158004158004158,0,64.69362234264277,1,0,105099487523342.0,319700192325308,USD,1.5457474226804122,1,1,23.99,0,23.99,69195557591815,0,1,0,15.52,1,DAILY_BUDGET,B0GJBFKQZC,1,1,15.52,Amazon,23.99,64.69362234264277,23.99,962,1,1,1,4,Inner-SP-KW-biotin-biotin-EM-2K,spAdvertisedProduct,US,INNERBRIGHTNESS,spAdvertisedProduct_innerbrightness_US_2026-03-21_2026-04-20.json,2026-04-21 01:59:19
35072,2026-04-21 01:59:19.956075,2026-04-21 01:59:19.956075,2026-04-09,23.99,1.9599673202614378,1,23.99,23.99,23.99,0,1,ENABLED,IBX_BIMB_06G1T,0.0,1,40.0,1,1,4.08,1,Inner-SP-KW-biotin-biotin-EM-2K,90609254666494,0.1744186046511628,0,51.02125885785745,1,0,105099487523342.0,319700192325308,USD,1.9599673202614378,1,1,23.99,0,23.99,69195557591815,0,1,0,12.24,1,DAILY_BUDGET,B0GJBFKQZC,1,1,12.24,Amazon,23.99,51.02125885785745,23.99,1720,1,1,1,3,Inner-SP-KW-biotin-biotin-EM-2K,spAdvertisedProduct,US,INNERBRIGHTNESS,spAdvertisedProduct_innerbrightness_US_2026-03-21_2026-04-20.json,2026-04-21 01:59:19
35073,2026-04-21 01:59:19.956075,2026-04-21 01:59:19.956075,2026-04-10,0.0,0.0,0,0.0,0.0,0.0,0,0,ENABLED,IBX_BIMB_06G1T,0.0,0,40.0,0,0,4.08,0,Inner-SP-KW-biotin-biotin-EM-2K,90609254666494,0.28328611898017,0,nan,0,0,105099487523342.0,319700192325308,USD,0.0,0,0,0.0,0,0.0,69195557591815,0,0,0,4.08,0,DAILY_BUDGET,B0GJBFKQZC,0,0,4.08,Amazon,0.0,nan,0.0,353,0,0,0,1,Inner-SP-KW-biotin-biotin-EM-2K,spAdvertisedProduct,US,INNERBRIGHTNESS,spAdvertisedProduct_innerbrightness_US_2026-03-21_2026-04-20.json,2026-04-21 01:59:19
35085,2026-04-21 01:59:19.956075,2026-04-21 01:59:19.956075,2026-04-04,0.0,0.0,0,0.0,0.0,0.0,0,0,ENABLED,IBX_VBUF_90C1,0.0,0,180.0,0,0,4.32,0,Inner-SP-KW-VB-b complex-EM-8K,133485526455499,2.7027027027027026,0,nan,0,0,128011262266839.0,513258321750434,USD,0.0,0,0,0.0,0,0.0,331857307014632,0,0,0,8.64,0,DAILY_BUDGET,B0GKSVSK3P,0,0,8.64,Amazon,0.0,nan,0.0,74,0,0,0,2,Inner-SP-KW-VB-b complex-EM-8K,spAdvertisedProduct,US,INNERBRIGHTNESS,spAdvertisedProduct_innerbrightness_US_2026-03-21_2026-04-20.json,2026-04-21 01:59:19
35086,2026-04-21 01:59:19.956075,2026-04-21 01:59:19.956075,2026-04-05,0.0,4.1237668161434975,0,45.98,45.98,45.98,0,0,ENABLED,IBX_VBUF_90C1,0.0,1,180.0,1,2,5.575,2,Inner-SP-KW-VB-b complex-EM-8K,133485526455499,2.941176470588235,0,24.249673771204876,2,0,128011262266839.0,513258321750434,USD,4.1237668161434975,2,2,45.98,0,0.0,331857307014632,0,1,0,11.15,0,DAILY_BUDGET,B0GKSVSK3P,0,2,11.15,Amazon,45.98,24.249673771204876,45.98,68,1,1,1,2,Inner-SP-KW-VB-b complex-EM-8K,spAdvertisedProduct,US,INNERBRIGHTNESS,spAdvertisedProduct_innerbrightness_US_2026-03-21_2026-04-20.json,2026-04-21 01:59:19
35087,2026-04-21 01:59:19.956075,2026-04-21 01:59:19.956075,2026-04-06,22.99,1.533689126084056,1,22.99,22.99,22.99,0,1,ENABLED,IBX_VBUF_90C1,0.0,1,180.0,1,1,4.996666666666667,1,Inner-SP-KW-VB-b complex-EM-8K,133485526455499,3.4482758620689653,0,65.20226185297956,1,0,128011262266839.0,513258321750434,USD,1.533689126084056,1,1,22.99,0,22.99,331857307014632,0,1,0,14.99,1,DAILY_BUDGET,B0GKSVSK3P,1,1,14.99,Amazon,22.99,65.20226185297956,22.99,87,1,1,1,3,Inner-SP-KW-VB-b complex-EM-8K,spAdvertisedProduct,US,INNERBRIGHTNESS,spAdvertisedProduct_innerbrightness_US_2026-03-21_2026-04-20.json,2026-04-21 01:59:19
35088,2026-04-21 01:59:19.956075,2026-04-21 01:59:19.956075,2026-04-07,0.0,0.0,0,0.0,0.0,0.0,0,0,ENABLED,IBX_VBUF_90C1,0.0,0,180.0,0,0,5.345,0,Inner-SP-KW-VB-b complex-EM-8K,133485526455499,4.166666666666666,0,nan,0,0,128011262266839.0,513258321750434,USD,0.0,0,0,0.0,0,0.0,331857307014632,0,0,0,21.38,0,DAILY_BUDGET,B0GKSVSK3P,0,0,21.38,Amazon,0.0,nan,0.0,96,0,0,0,4,Inner-SP-KW-VB-b complex-EM-8K,spAdvertisedProduct,US,INNERBRIGHTNESS,spAdvertisedProduct_innerbrightness_US_2026-03-21_2026-04-20.json,2026-04-21 01:59:19
35089,2026-04-21 01:59:19.956075,2026-04-21 01:59:19.956075,2026-04-08,22.99,1.1257202723939235,2,22.99,42.98,22.99,0,1,ENABLED,IBX_VBUF_90C1,19.99,1,180.0,2,1,6.363333333333333,2,Inner-SP-KW-VB-b complex-EM-8K,133485526455499,7.4074074074074066,0,88.83201489064682,2,0,128011262266839.0,513258321750434,USD,1.1257202723939235,1,2,22.99,0,42.98,331857307014632,0,1,1,38.18,1,DAILY_BUDGET,B0GKSVSK3P,2,1,38.18,Amazon,42.98,88.83201489064682,42.98,81,1,2,2,6,Inner-SP-KW-VB-b complex-EM-8K,spAdvertisedProduct,US,INNERBRIGHTNESS,spAdvertisedProduct_innerbrightness_US_2026-03-21_2026-04-20.json,2026-04-21 01:59:19
35090,2026-04-21 01:59:19.956075,2026-04-21 01:59:19.956075,2026-04-09,22.99,0.717764595691539,1,22.99,22.99,22.99,0,1,ENABLED,IBX_VBUF_90C1,0.0,1,180.0,1,1,6.406000000000001,1,Inner-SP-KW-VB-b complex-EM-8K,133485526455499,6.756756756756757,0,139.32144410613313,1,0,128011262266839.0,513258321750434,USD,0.717764595691539,1,1,22.99,0,22.99,331857307014632,0,1,0,32.03,1,DAILY_BUDGET,B0GKSVSK3P,1,1,32.03,Amazon,22.99,139.32144410613313,22.99,74,1,1,1,5,Inner-SP-KW-VB-b complex-EM-8K,spAdvertisedProduct,US,INNERBRIGHTNESS,spAdvertisedProduct_innerbrightness_US_2026-03-21_2026-04-20.json,2026-04-21 01:59:19
35091,2026-04-21 01:59:19.956075,2026-04-21 01:59:19.956075,2026-04-10,45.98,0.67807108096151,2,45.98,45.98,45.98,0,2,ENABLED,IBX_VBUF_90C1,0.0,2,180.0,2,2,6.164545454545455,2,Inner-SP-KW-VB-b complex-EM-8K,133485526455499,6.145251396648044,0,147.47716398434102,2,0,128011262266839.0,513258321750434,USD,0.67807108096151,2,2,45.98,0,45.98,331857307014632,0,2,0,67.81,2,DAILY_BUDGET,B0GKSVSK3P,2,2,67.81,Amazon,45.98,147.47716398434102,45.98,179,2,2,2,11,Inner-SP-KW-VB-b complex-EM-8K,spAdvertisedProduct,US,INNERBRIGHTNESS,spAdvertisedProduct_innerbrightness_US_2026-03-21_2026-04-20.json,2026-04-21 01:59:19
35103,2026-04-21 01:59:19.956075,2026-04-21 01:59:19.956075,2026-04-04,0.0,0.0,0,0.0,0.0,0.0,0,0,ENABLED,IBX_VBUF_90C1,0.0,0,30.0,0,0,4.543333333333334,0,Inner-SP-KW-VB-b complex vitamins-EM-1.5w,86707689409336,0.5633802816901409,0,nan,0,0,NaN,551824610577948,USD,0.0,0,0,0.0,0,0.0,358090685783492,0,0,0,27.26,0,DAILY_BUDGET,B0GKSVSK3P,0,0,27.26,Amazon,0.0,nan,0.0,1065,0,0,0,6,Campaign - 3/24/2026 08:56:17.623,spAdvertisedProduct,US,INNERBRIGHTNESS,spAdvertisedProduct_innerbrightness_US_2026-03-21_2026-04-20.json,2026-04-21 01:59:19
35104,2026-04-21 01:59:19.956075,2026-04-21 01:59:19.956075,2026-04-05,0.0,0.0,0,0.0,0.0,0.0,0,0,ENABLED,IBX_VBUF_90C1,0.0,0,30.0,0,0,4.438571428571429,0,Inner-SP-KW-VB-b complex vitamins-EM-1.5w,86707689409336,0.3818876159301691,0,nan,0,0,NaN,551824610577948,USD,0.0,0,0,0.0,0,0.0,358090685783492,0,0,0,31.07,0,DAILY_BUDGET,B0GKSVSK3P,0,0,31.07,Amazon,0.0,nan,0.0,1833,0,0,0,7,Campaign - 3/24/2026 08:56:17.623,spAdvertisedProduct,US,INNERBRIGHTNESS,spAdvertisedProduct_innerbrightness_US_2026-03-21_2026-04-20.json,2026-04-21 01:59:19
35105,2026-04-21 01:59:19.956075,2026-04-21 01:59:19.956075,2026-04-06,45.98,1.383689437255492,2,45.98,45.98,45.98,0,2,ENABLED,IBX_VBUF_90C1,0.0,2,30.0,2,2,4.747142857142856,2,Inner-SP-KW-VB-b complex vitamins-EM-1.5w,86707689409336,0.546448087431694,0,72.27055241409307,2,0,NaN,551824610577948,USD,1.383689437255492,2,2,45.98,0,45.98,358090685783492,0,2,0,33.23,2,DAILY_BUDGET,B0GKSVSK3P,2,2,33.23,Amazon,45.98,72.27055241409307,45.98,1281,2,2,2,7,Campaign - 3/24/2026 08:56:17.623,spAdvertisedProduct,US,INNERBRIGHTNESS,spAdvertisedProduct_innerbrightness_US_2026-03-21_2026-04-20.json,2026-04-21 01:59:19
35106,2026-04-21 01:59:19.956075,2026-04-21 01:59:19.956075,2026-04-07,0.0,0.0,0,0.0,0.0,0.0,0,0,ENABLED,IBX_VBUF_90C1,0.0,0,30.0,0,0,4.412857142857143,0,Inner-SP-KW-VB-b complex vitamins-EM-1.5w,86707689409336,0.5654281098546041,0,nan,0,0,NaN,551824610577948,USD,0.0,0,0,0.0,0,0.0,358090685783492,0,0,0,30.89,0,DAILY_BUDGET,B0GKSVSK3P,0,0,30.89,Amazon,0.0,nan,0.0,1238,0,0,0,7,Campaign - 3/24/2026 08:56:17.623,spAdvertisedProduct,US,INNERBRIGHTNESS,spAdvertisedProduct_innerbrightness_US_2026-03-21_2026-04-20.json,2026-04-21 01:59:19
35107,2026-04-21 01:59:19.956075,2026-04-21 01:59:19.956075,2026-04-08,22.99,0.7527832351015062,1,22.99,22.99,22.99,0,1,ENABLED,IBX_VBUF_90C1,0.0,1,30.0,1,1,4.362857142857143,1,Inner-SP-KW-VB-b complex vitamins-EM-1.5w,86707689409336,0.37253858435337944,0,132.84036537625056,1,0,NaN,551824610577948,USD,0.7527832351015062,1,1,22.99,0,22.99,358090685783492,0,1,0,30.54,1,DAILY_BUDGET,B0GKSVSK3P,1,1,30.54,Amazon,22.99,132.84036537625056,22.99,1879,1,1,1,7,Campaign - 3/24/2026 08:56:17.623,spAdvertisedProduct,US,INNERBRIGHTNESS,spAdvertisedProduct_innerbrightness_US_2026-03-21_2026-04-20.json,2026-04-21 01:59:19
35108,2026-04-21 01:59:19.956075,2026-04-21 01:59:19.956075,2026-04-09,0.0,0.0,0,0.0,0.0,0.0,0,0,ENABLED,IBX_VBUF_90C1,0.0,0,30.0,0,0,4.15875,0,Inner-SP-KW-VB-b complex vitamins-EM-1.5w,86707689409336,0.5509641873278237,0,nan,0,0,NaN,551824610577948,USD,0.0,0,0,0.0,0,0.0,358090685783492,0,0,0,33.27,0,DAILY_BUDGET,B0GKSVSK3P,0,0,33.27,Amazon,0.0,nan,0.0,1452,0,0,0,8,Campaign - 3/24/2026 08:56:17.623,spAdvertisedProduct,US,INNERBRIGHTNESS,spAdvertisedProduct_innerbrightness_US_2026-03-21_2026-04-20.json,2026-04-21 01:59:19
35109,2026-04-21 01:59:19.956075,2026-04-21 01:59:19.956075,2026-04-10,0.0,0.0,0,0.0,0.0,0.0,0,0,ENABLED,IBX_VBUF_90C1,0.0,0,30.0,0,0,4.723333333333334,0,Inner-SP-KW-VB-b complex vitamins-EM-1.5w,86707689409336,0.7604562737642585,0,nan,0,0,NaN,551824610577948,USD,0.0,0,0,0.0,0,0.0,358090685783492,0,0,0,28.34,0,DAILY_BUDGET,B0GKSVSK3P,0,0,28.34,Amazon,0.0,nan,0.0,789,0,0,0,6,Campaign - 3/24/2026 08:56:17.623,spAdvertisedProduct,US,INNERBRIGHTNESS,spAdvertisedProduct_innerbrightness_US_2026-03-21_2026-04-20.json,2026-04-21 01:59:19
35113,2026-04-21 01:59:19.956075,2026-04-21 01:59:19.956075,2026-04-07,0.0,nan,0,0.0,0.0,0.0,0,0,PAUSED,IBX_BIMB_06G1T,0.0,0,30.0,0,0,nan,0,Inner-SP-KW-biotin gummies-EM-weem hair skin and nails gummies-4K,204611304066301,nan,0,nan,0,0,NaN,326333922706922,USD,nan,0,0,0.0,0,0.0,222863366743016,0,0,0,0.0,0,DAILY_BUDGET,B0GJBFKQZC,0,0,0.0,Amazon,0.0,nan,0.0,0,0,0,0,0,Inner-SP-KW-biotin gummies-EM-weem hair skin and nails gummies-4K,spAdvertisedProduct,US,INNERBRIGHTNESS,spAdvertisedProduct_innerbrightness_US_2026-03-21_2026-04-20.json,2026-04-21 01:59:19
35122,2026-04-21 01:59:19.956075,2026-04-21 01:59:19.956075,2026-04-04,0.0,0.0,0,0.0,0.0,0.0,0,0,PAUSED,IBM_MGMB_06G1FR,0.0,0,300.0,0,0,3.0,0,Inner-SP-KW-gumm-magnesium-EM-CPC-222,423904171460856,0.34662045060658575,0,nan,0,0,269179459475581.0,293673797155032,USD,0.0,0,0,0.0,0,0.0,515353240338806,0,0,0,12.0,0,DAILY_BUDGET,B0DKT3PXRP,0,0,12.0,Amazon,0.0,nan,0.0,1154,0,0,0,4,Inner-SP-KW-gumm-magnesium-EM-CPC-222,spAdvertisedProduct,US,INNERBRIGHTNESS,spAdvertisedProduct_innerbrightness_US_2026-03-21_2026-04-20.json,2026-04-21 01:59:19
35123,2026-04-21 01:59:19.956075,2026-04-21 01:59:19.956075,2026-04-05,19.99,1.764838467317806,2,19.99,46.98,19.99,0,1,PAUSED,IBM_MGMB_06G1FR,26.99,1,300.0,2,1,2.957777777777778,2,Inner-SP-KW-gumm-magnesium-EM-CPC-222,423904171460856,0.7936507936507936,0,56.662409535972756,2,0,269179459475581.0,293673797155032,USD,1.764838467317806,1,2,19.99,0,46.98,515353240338806,0,1,1,26.62,1,DAILY_BUDGET,B0DKT3PXRP,2,1,26.62,Amazon,46.98,56.662409535972756,46.98,1134,1,2,2,9,Inner-SP-KW-gumm-magnesium-EM-CPC-222,spAdvertisedProduct,US,INNERBRIGHTNESS,spAdvertisedProduct_innerbrightness_US_2026-03-21_2026-04-20.json,2026-04-21 01:59:19
35124,2026-04-21 01:59:19.956075,2026-04-21 01:59:19.956075,2026-04-06,19.99,1.0419598644774564,1,39.98,39.98,39.98,0,1,PAUSED,IBM_MGMB_06G1FR,0.0,2,300.0,2,2,2.9515384615384614,2,Inner-SP-KW-gumm-magnesium-EM-CPC-222,423904171460856,0.9200283085633405,0,95.97298649324662,2,0,269179459475581.0,293673797155032,USD,1.0419598644774564,2,2,39.98,0,19.99,515353240338806,0,2,0,38.37,1,DAILY_BUDGET,B0DKT3PXRP,1,2,38.37,Amazon,39.98,95.97298649324662,39.98,1413,2,2,2,13,Inner-SP-KW-gumm-magnesium-EM-CPC-222,spAdvertisedProduct,US,INNERBRIGHTNESS,spAdvertisedProduct_innerbrightness_US_2026-03-21_2026-04-20.json,2026-04-21 01:59:19
35125,2026-04-21 01:59:19.956075,2026-04-21 01:59:19.956075,2026-04-07,19.99,2.321238509917755,2,19.99,47.98,19.99,0,1,PAUSED,IBM_MGMB_06G1FR,27.99,1,300.0,2,1,2.9528571428571433,2,Inner-SP-KW-gumm-magnesium-EM-CPC-222,423904171460856,0.9900990099009901,0,43.080450187578165,2,0,269179459475581.0,293673797155032,USD,2.321238509917755,1,2,19.99,0,47.98,515353240338806,0,1,1,20.67,1,DAILY_BUDGET,B0DKT3PXRP,2,1,20.67,Amazon,47.98,43.080450187578165,47.98,707,1,2,2,7,Inner-SP-KW-gumm-magnesium-EM-CPC-222,spAdvertisedProduct,US,INNERBRIGHTNESS,spAdvertisedProduct_innerbrightness_US_2026-03-21_2026-04-20.json,2026-04-21 01:59:19
35126,2026-04-21 01:59:19.956075,2026-04-21 01:59:19.956075,2026-04-08,19.99,1.1449026345933562,1,19.99,19.99,19.99,0,1,PAUSED,IBM_MGMB_06G1FR,0.0,1,300.0,1,1,2.91,1,Inner-SP-KW-gumm-magnesium-EM-CPC-222,423904171460856,0.641025641025641,0,87.34367183591797,1,0,269179459475581.0,293673797155032,USD,1.1449026345933562,1,1,19.99,0,19.99,515353240338806,0,1,0,17.46,1,DAILY_BUDGET,B0DKT3PXRP,1,1,17.46,Amazon,19.99,87.34367183591797,19.99,936,1,1,1,6,Inner-SP-KW-gumm-magnesium-EM-CPC-222,spAdvertisedProduct,US,INNERBRIGHTNESS,spAdvertisedProduct_innerbrightness_US_2026-03-21_2026-04-20.json,2026-04-21 01:59:19
35127,2026-04-21 01:59:19.956075,2026-04-21 01:59:19.956075,2026-04-09,59.97,0.9686157912124215,4,59.97,87.96,59.97,0,3,PAUSED,IBM_MGMB_06G1FR,27.99,3,300.0,4,3,3.027,4,Inner-SP-KW-gumm-magnesium-EM-CPC-222,423904171460856,0.7694280584765324,0,103.24010914051843,4,0,269179459475581.0,293673797155032,USD,0.9686157912124215,3,4,59.97,0,87.96,515353240338806,0,3,1,90.81,3,DAILY_BUDGET,B0DKT3PXRP,4,3,90.81,Amazon,87.96,103.24010914051843,87.96,3899,3,4,4,30,Inner-SP-KW-gumm-magnesium-EM-CPC-222,spAdvertisedProduct,US,INNERBRIGHTNESS,spAdvertisedProduct_innerbrightness_US_2026-03-21_2026-04-20.json,2026-04-21 01:59:19
35128,2026-04-21 01:59:19.956075,2026-04-21 01:59:19.956075,2026-04-10,19.99,0.7123689727463312,1,33.98,33.98,33.98,0,1,PAUSED,IBM_MGMB_06G1FR,0.0,2,300.0,2,2,2.98125,2,Inner-SP-KW-gumm-magnesium-EM-CPC-222,423904171460856,0.4904966278356836,0,140.37669217186584,2,0,269179459475581.0,293673797155032,USD,0.7123689727463312,2,2,33.98,0,19.99,515353240338806,0,2,0,47.7,1,DAILY_BUDGET,B0DKT3PXRP,1,2,47.7,Amazon,33.98,140.37669217186584,33.98,3262,2,2,2,16,Inner-SP-KW-gumm-magnesium-EM-CPC-222,spAdvertisedProduct,US,INNERBRIGHTNESS,spAdvertisedProduct_innerbrightness_US_2026-03-21_2026-04-20.json,2026-04-21 01:59:19
35137,2026-04-21 01:59:19.956075,2026-04-21 01:59:19.956075,2026-04-04,22.99,0.36091051805337515,1,22.99,22.99,22.99,0,1,ENABLED,IBX_VBUF_90C1,0.0,1,140.0,1,1,4.55,1,Inner-SP-KW-VB-methylated b complex-EM-1.9W,124155407961116,1.1075949367088607,0,277.0769899956503,1,0,128011262266839.0,354593987155188,USD,0.36091051805337515,1,1,22.99,0,22.99,82937763590039,0,1,0,63.7,1,DAILY_BUDGET,B0GKSVSK3P,1,1,63.7,Amazon,22.99,277.0769899956503,22.99,1264,1,1,1,14,Inner-SP-KW-VB-methylated b complex-EM-1.9W,spAdvertisedProduct,US,INNERBRIGHTNESS,spAdvertisedProduct_innerbrightness_US_2026-03-21_2026-04-20.json,2026-04-21 01:59:19
35138,2026-04-21 01:59:19.956075,2026-04-21 01:59:19.956075,2026-04-05,22.99,0.3886728655959425,1,22.99,22.99,22.99,0,1,ENABLED,IBX_VBUF_90C1,0.0,1,140.0,1,1,4.55,1,Inner-SP-KW-VB-methylated b complex-EM-1.9W,124155407961116,1.0132501948558068,0,257.28577642453246,1,0,128011262266839.0,354593987155188,USD,0.3886728655959425,1,1,22.99,0,22.99,82937763590039,0,1,0,59.15,1,DAILY_BUDGET,B0GKSVSK3P,1,1,59.15,Amazon,22.99,257.28577642453246,22.99,1283,1,1,1,13,Inner-SP-KW-VB-methylated b complex-EM-1.9W,spAdvertisedProduct,US,INNERBRIGHTNESS,spAdvertisedProduct_innerbrightness_US_2026-03-21_2026-04-20.json,2026-04-21 01:59:19
35139,2026-04-21 01:59:19.956075,2026-04-21 01:59:19.956075,2026-04-06,114.95,1.3506050992832805,5,114.95,114.95,114.95,0,5,ENABLED,IBX_VBUF_90C1,0.0,5,140.0,5,5,4.479473684210526,5,Inner-SP-KW-VB-methylated b complex-EM-1.9W,124155407961116,1.1692307692307693,0,74.04088734232275,5,0,128011262266839.0,354593987155188,USD,1.3506050992832805,5,5,114.95,0,114.95,82937763590039,0,5,0,85.11,5,DAILY_BUDGET,B0GKSVSK3P,5,5,85.11,Amazon,114.95,74.04088734232275,114.95,1625,5,5,5,19,Inner-SP-KW-VB-methylated b complex-EM-1.9W,spAdvertisedProduct,US,INNERBRIGHTNESS,spAdvertisedProduct_innerbrightness_US_2026-03-21_2026-04-20.json,2026-04-21 01:59:19
35140,2026-04-21 01:59:19.956075,2026-04-21 01:59:19.956075,2026-04-07,22.99,0.5688481999257701,1,45.98,45.98,45.98,0,1,ENABLED,IBX_VBUF_90C1,0.0,2,140.0,2,2,4.490555555555556,2,Inner-SP-KW-VB-methylated b complex-EM-1.9W,124155407961116,1.2448132780082988,0,175.7938234014789,2,0,128011262266839.0,354593987155188,USD,0.5688481999257701,2,2,45.98,0,22.99,82937763590039,0,2,0,80.83,1,DAILY_BUDGET,B0GKSVSK3P,1,2,80.83,Amazon,45.98,175.7938234014789,45.98,1446,2,2,2,18,Inner-SP-KW-VB-methylated b complex-EM-1.9W,spAdvertisedProduct,US,INNERBRIGHTNESS,spAdvertisedProduct_innerbrightness_US_2026-03-21_2026-04-20.json,2026-04-21 01:59:19
35141,2026-04-21 01:59:19.956075,2026-04-21 01:59:19.956075,2026-04-08,183.92,2.409914764377388,8,245.98,226.45,245.98,0,8,ENABLED,IBX_VBUF_90C1,0.0,10,140.0,10,11,4.437826086956521,11,Inner-SP-KW-VB-methylated b complex-EM-1.9W,124155407961116,1.795472287275566,0,41.49524351573299,11,0,128011262266839.0,354593987155188,USD,2.2185754874106007,11,10,226.45,0,183.92,82937763590039,0,11,0,102.07,8,DAILY_BUDGET,B0GKSVSK3P,8,10,102.07,Amazon,245.98,45.07396776330316,245.98,1281,11,11,11,23,Inner-SP-KW-VB-methylated b complex-EM-1.9W,spAdvertisedProduct,US,INNERBRIGHTNESS,spAdvertisedProduct_innerbrightness_US_2026-03-21_2026-04-20.json,2026-04-21 01:59:19
35142,2026-04-21 01:59:19.956075,2026-04-21 01:59:19.956075,2026-04-09,45.98,0.5470553242117787,2,45.98,45.98,45.98,0,2,ENABLED,IBX_VBUF_90C1,0.0,2,140.0,2,2,4.423684210526315,2,Inner-SP-KW-VB-methylated b complex-EM-1.9W,124155407961116,1.3639626704953338,0,182.7968682035668,2,0,128011262266839.0,354593987155188,USD,0.5470553242117787,2,2,45.98,0,45.98,82937763590039,0,2,0,84.05,2,DAILY_BUDGET,B0GKSVSK3P,2,2,84.05,Amazon,45.98,182.7968682035668,45.98,1393,2,2,2,19,Inner-SP-KW-VB-methylated b complex-EM-1.9W,spAdvertisedProduct,US,INNERBRIGHTNESS,spAdvertisedProduct_innerbrightness_US_2026-03-21_2026-04-20.json,2026-04-21 01:59:19
35143,2026-04-21 01:59:19.956075,2026-04-21 01:59:19.956075,2026-04-10,68.97,1.4873424906345782,3,131.02,91.96,131.02,0,3,ENABLED,IBX_VBUF_90C1,0.0,4,140.0,4,6,4.4045000000000005,6,Inner-SP-KW-VB-methylated b complex-EM-1.9W,124155407961116,1.015744032503809,0,67.23401007479774,6,0,128011262266839.0,354593987155188,USD,1.043932341923033,6,4,91.96,0,68.97,82937763590039,0,6,0,88.09,3,DAILY_BUDGET,B0GKSVSK3P,3,4,88.09,Amazon,131.02,95.79164854284473,131.02,1969,6,6,6,20,Inner-SP-KW-VB-methylated b complex-EM-1.9W,spAdvertisedProduct,US,INNERBRIGHTNESS,spAdvertisedProduct_innerbrightness_US_2026-03-21_2026-04-20.json,2026-04-21 01:59:19
35149,2026-04-21 01:59:19.956075,2026-04-21 01:59:19.956075,2026-04-04,0.0,3.9637931034482756,0,22.99,22.99,22.99,0,0,ENABLED,IBX_VBUF_90C1,0.0,1,20.0,1,1,5.8,1,Inner-SP-KW-VB-b vitamins complex-EM-1W,250659622813733,0.2976190476190476,0,25.228360156589822,1,0,128011262266839.0,385461348891100,USD,3.9637931034482756,1,1,22.99,0,0.0,113941798014442,0,1,0,5.8,0,DAILY_BUDGET,B0GKSVSK3P,0,1,5.8,Amazon,22.99,25.228360156589822,22.99,336,1,1,1,1,Inner-SP-KW-VB-b vitamins complex-EM-1W,spAdvertisedProduct,US,INNERBRIGHTNESS,spAdvertisedProduct_innerbrightness_US_2026-03-21_2026-04-20.json,2026-04-21 01:59:19
35150,2026-04-21 01:59:19.956075,2026-04-21 01:59:19.956075,2026-04-05,0.0,0.0,0,0.0,0.0,0.0,0,0,ENABLED,IBX_VBUF_90C1,0.0,0,20.0,0,0,4.9,0,Inner-SP-KW-VB-b vitamins complex-EM-1W,250659622813733,1.3020833333333335,0,nan,0,0,128011262266839.0,385461348891100,USD,0.0,0,0,0.0,0,0.0,113941798014442,0,0,0,24.5,0,DAILY_BUDGET,B0GKSVSK3P,0,0,24.5,Amazon,0.0,nan,0.0,384,0,0,0,5,Inner-SP-KW-VB-b vitamins complex-EM-1W,spAdvertisedProduct,US,INNERBRIGHTNESS,spAdvertisedProduct_innerbrightness_US_2026-03-21_2026-04-20.json,2026-04-21 01:59:19
35151,2026-04-21 01:59:19.956075,2026-04-21 01:59:19.956075,2026-04-06,22.99,3.9637931034482756,1,22.99,22.99,22.99,0,1,ENABLED,IBX_VBUF_90C1,0.0,1,20.0,1,1,5.8,1,Inner-SP-KW-VB-b vitamins complex-EM-1W,250659622813733,0.2136752136752137,0,25.228360156589822,1,0,128011262266839.0,385461348891100,USD,3.9637931034482756,1,1,22.99,0,22.99,113941798014442,0,1,0,5.8,1,DAILY_BUDGET,B0GKSVSK3P,1,1,5.8,Amazon,22.99,25.228360156589822,22.99,468,1,1,1,1,Inner-SP-KW-VB-b vitamins complex-EM-1W,spAdvertisedProduct,US,INNERBRIGHTNESS,spAdvertisedProduct_innerbrightness_US_2026-03-21_2026-04-20.json,2026-04-21 01:59:19
35152,2026-04-21 01:59:19.956075,2026-04-21 01:59:19.956075,2026-04-07,45.98,1.173857544038805,2,45.98,45.98,45.98,0,2,ENABLED,IBX_VBUF_90C1,0.0,2,20.0,2,2,5.595714285714286,2,Inner-SP-KW-VB-b vitamins complex-EM-1W,250659622813733,1.6129032258064515,0,85.18921270117443,2,0,128011262266839.0,385461348891100,USD,1.173857544038805,2,2,45.98,0,45.98,113941798014442,0,2,0,39.17,2,DAILY_BUDGET,B0GKSVSK3P,2,2,39.17,Amazon,45.98,85.18921270117443,45.98,434,2,2,2,7,Inner-SP-KW-VB-b vitamins complex-EM-1W,spAdvertisedProduct,US,INNERBRIGHTNESS,spAdvertisedProduct_innerbrightness_US_2026-03-21_2026-04-20.json,2026-04-21 01:59:19
35153,2026-04-21 01:59:19.956075,2026-04-21 01:59:19.956075,2026-04-08,114.95,2.1494016454749443,5,114.95,114.95,114.95,0,5,ENABLED,IBX_VBUF_90C1,0.0,5,20.0,5,5,5.348,5,Inner-SP-KW-VB-b vitamins complex-EM-1W,250659622813733,1.8083182640144666,0,46.524575902566326,5,0,128011262266839.0,385461348891100,USD,2.1494016454749443,5,5,114.95,0,114.95,113941798014442,0,5,0,53.48,5,DAILY_BUDGET,B0GKSVSK3P,5,5,53.48,Amazon,114.95,46.524575902566326,114.95,553,5,5,5,10,Inner-SP-KW-VB-b vitamins complex-EM-1W,spAdvertisedProduct,US,INNERBRIGHTNESS,spAdvertisedProduct_innerbrightness_US_2026-03-21_2026-04-20.json,2026-04-21 01:59:19
35154,2026-04-21 01:59:19.956075,2026-04-21 01:59:19.956075,2026-04-09,0.0,0.0,0,0.0,0.0,0.0,0,0,ENABLED,IBX_VBUF_90C1,0.0,0,20.0,0,0,5.362,0,Inner-SP-KW-VB-b vitamins complex-EM-1W,250659622813733,1.3850415512465373,0,nan,0,0,128011262266839.0,385461348891100,USD,0.0,0,0,0.0,0,0.0,113941798014442,0,0,0,26.81,0,DAILY_BUDGET,B0GKSVSK3P,0,0,26.81,Amazon,0.0,nan,0.0,361,0,0,0,5,Inner-SP-KW-VB-b vitamins complex-EM-1W,spAdvertisedProduct,US,INNERBRIGHTNESS,spAdvertisedProduct_innerbrightness_US_2026-03-21_2026-04-20.json,2026-04-21 01:59:19
35155,2026-04-21 01:59:19.956075,2026-04-21 01:59:19.956075,2026-04-10,68.97,2.5468980797636633,3,68.97,68.97,68.97,0,3,ENABLED,IBX_VBUF_90C1,0.0,3,20.0,3,3,4.513333333333333,3,Inner-SP-KW-VB-b vitamins complex-EM-1W,250659622813733,1.3793103448275863,0,39.26344787588806,3,0,128011262266839.0,385461348891100,USD,2.5468980797636633,3,3,68.97,0,68.97,113941798014442,0,3,0,27.08,3,DAILY_BUDGET,B0GKSVSK3P,3,3,27.08,Amazon,68.97,39.26344787588806,68.97,435,3,3,3,6,Inner-SP-KW-VB-b vitamins complex-EM-1W,spAdvertisedProduct,US,INNERBRIGHTNESS,spAdvertisedProduct_innerbrightness_US_2026-03-21_2026-04-20.json,2026-04-21 01:59:19
35156,2026-04-21 01:59:19.956075,2026-04-21 01:59:19.956075,2026-04-06,0.0,nan,0,0.0,0.0,0.0,0,0,ENABLED,IBX_VBUF_90C1,0.0,0,20.0,0,0,nan,0,Inner-SP-KW-VB-b complex vitamins-EM-1W,36760962650554,0.0,0,nan,0,0,128011262266839.0,320911456959756,USD,nan,0,0,0.0,0,0.0,216529654495592,0,0,0,0.0,0,DAILY_BUDGET,B0GKSVSK3P,0,0,0.0,Amazon,0.0,nan,0.0,63,0,0,0,0,Inner-SP-KW-VB-b complex vitamins-EM-1W,spAdvertisedProduct,US,INNERBRIGHTNESS,spAdvertisedProduct_innerbrightness_US_2026-03-21_2026-04-20.json,2026-04-21 01:59:19
35157,2026-04-21 01:59:19.956075,2026-04-21 01:59:19.956075,2026-04-07,22.99,1.0516925892040256,1,22.99,22.99,22.99,0,1,ENABLED,IBX_VBUF_90C1,0.0,1,20.0,1,1,4.372,1,Inner-SP-KW-VB-b complex vitamins-EM-1W,36760962650554,0.4916420845624385,0,95.08481948673337,1,0,128011262266839.0,320911456959756,USD,1.0516925892040256,1,1,22.99,0,22.99,216529654495592,0,1,0,21.86,1,DAILY_BUDGET,B0GKSVSK3P,1,1,21.86,Amazon,22.99,95.08481948673337,22.99,1017,1,1,1,5,Inner-SP-KW-VB-b complex vitamins-EM-1W,spAdvertisedProduct,US,INNERBRIGHTNESS,spAdvertisedProduct_innerbrightness_US_2026-03-21_2026-04-20.json,2026-04-21 01:59:19
35158,2026-04-21 01:59:19.956075,2026-04-21 01:59:19.956075,2026-04-08,22.99,0.656107305936073,1,22.99,22.99,22.99,0,1,ENABLED,IBX_VBUF_90C1,0.0,1,20.0,1,1,4.38,1,Inner-SP-KW-VB-b complex vitamins-EM-1W,36760962650554,1.092896174863388,0,152.41409308394955,1,0,128011262266839.0,320911456959756,USD,0.656107305936073,1,1,22.99,0,22.99,216529654495592,0,1,0,35.04,1,DAILY_BUDGET,B0GKSVSK3P,1,1,35.04,Amazon,22.99,152.41409308394955,22.99,732,1,1,1,8,Inner-SP-KW-VB-b complex vitamins-EM-1W,spAdvertisedProduct,US,INNERBRIGHTNESS,spAdvertisedProduct_innerbrightness_US_2026-03-21_2026-04-20.json,2026-04-21 01:59:19
35159,2026-04-21 01:59:19.956075,2026-04-21 01:59:19.956075,2026-04-09,22.99,3.2665130568356378,1,42.53,42.53,42.53,0,1,ENABLED,IBX_VBUF_90C1,0.0,2,20.0,2,2,4.34,2,Inner-SP-KW-VB-b complex vitamins-EM-1W,36760962650554,0.49916805324459235,0,30.61368445802962,2,0,128011262266839.0,320911456959756,USD,3.2665130568356378,2,2,42.53,0,22.99,216529654495592,0,2,0,13.02,1,DAILY_BUDGET,B0GKSVSK3P,1,2,13.02,Amazon,42.53,30.61368445802962,42.53,601,2,2,2,3,Inner-SP-KW-VB-b complex vitamins-EM-1W,spAdvertisedProduct,US,INNERBRIGHTNESS,spAdvertisedProduct_innerbrightness_US_2026-03-21_2026-04-20.json,2026-04-21 01:59:19
35160,2026-04-21 01:59:19.956075,2026-04-21 01:59:19.956075,2026-04-10,45.98,1.3243087557603686,2,45.98,45.98,45.98,0,2,ENABLED,IBX_VBUF_90C1,0.0,2,20.0,2,2,4.34,2,Inner-SP-KW-VB-b complex vitamins-EM-1W,36760962650554,0.7393715341959335,0,75.51109177903437,2,0,128011262266839.0,320911456959756,USD,1.3243087557603686,2,2,45.98,0,45.98,216529654495592,0,2,0,34.72,2,DAILY_BUDGET,B0GKSVSK3P,2,2,34.72,Amazon,45.98,75.51109177903437,45.98,1082,2,2,2,8,Inner-SP-KW-VB-b complex vitamins-EM-1W,spAdvertisedProduct,US,INNERBRIGHTNESS,spAdvertisedProduct_innerbrightness_US_2026-03-21_2026-04-20.json,2026-04-21 01:59:19
35161,2026-04-21 01:59:19.956075,2026-04-21 01:59:19.956075,2026-04-07,89.97,0.9924986210700496,3,89.97,89.97,89.97,0,3,PAUSED,IBM_CTRA_12G1,0.0,3,100.0,3,3,3.4865384615384616,3,Inner-SP-Auto-Creatine Gummies-CPC,506739018117344,1.1333914559721012,0,100.75580749138602,3,0,197748004457307.0,312219628878385,USD,0.9924986210700496,3,3,89.97,0,89.97,557203492769823,0,3,0,90.65,3,DAILY_BUDGET,B0GJ66LHGM,3,3,90.65,Amazon,89.97,100.75580749138602,89.97,2294,3,3,3,26,Inner-SP-Auto-Creatine Gummies-CPC,spAdvertisedProduct,US,INNERBRIGHTNESS,spAdvertisedProduct_innerbrightness_US_2026-03-21_2026-04-20.json,2026-04-21 01:59:19
35162,2026-04-21 01:59:19.956075,2026-04-21 01:59:19.956075,2026-04-08,59.98,1.3295797127150202,4,89.97,119.96,89.97,0,2,PAUSED,IBM_CTRA_12G1,59.98,2,100.0,4,3,3.524375,5,Inner-SP-Auto-Creatine Gummies-CPC,506739018117344,0.9950248756218906,0,75.2117372457486,5,0,197748004457307.0,312219628878385,USD,1.0636637701720162,3,4,59.98,0,119.96,557203492769823,0,3,2,112.78,2,DAILY_BUDGET,B0GJ66LHGM,4,2,112.78,Amazon,149.95,94.01467155718574,149.95,3216,3,5,5,32,Inner-SP-Auto-Creatine Gummies-CPC,spAdvertisedProduct,US,INNERBRIGHTNESS,spAdvertisedProduct_innerbrightness_US_2026-03-21_2026-04-20.json,2026-04-21 01:59:19
35163,2026-04-21 01:59:19.956075,2026-04-21 01:59:19.956075,2026-04-09,59.98,0.6089340101522842,2,59.98,59.98,59.98,0,2,PAUSED,IBM_CTRA_12G1,0.0,2,100.0,2,2,3.6481481481481484,2,Inner-SP-Auto-Creatine Gummies-CPC,506739018117344,1.4547413793103448,0,164.22140713571193,2,0,197748004457307.0,312219628878385,USD,0.6089340101522842,2,2,59.98,0,59.98,557203492769823,0,2,0,98.5,2,DAILY_BUDGET,B0GJ66LHGM,2,2,98.5,Amazon,59.98,164.22140713571193,59.98,1856,2,2,2,27,Inner-SP-Auto-Creatine Gummies-CPC,spAdvertisedProduct,US,INNERBRIGHTNESS,spAdvertisedProduct_innerbrightness_US_2026-03-21_2026-04-20.json,2026-04-21 01:59:19
35164,2026-04-21 01:59:19.956075,2026-04-21 01:59:19.956075,2026-04-10,0.0,0.9293461419274868,2,29.99,89.97,29.99,0,0,PAUSED,IBM_CTRA_12G1,59.98,1,100.0,3,1,3.7234615384615384,3,Inner-SP-Auto-Creatine Gummies-CPC,506739018117344,3.4993270524899054,0,107.60253417805936,3,0,197748004457307.0,312219628878385,USD,0.9293461419274868,1,3,29.99,0,59.98,557203492769823,0,1,2,96.81,0,DAILY_BUDGET,B0GJ66LHGM,2,1,96.81,Amazon,89.97,107.60253417805936,89.97,743,1,3,3,26,Inner-SP-Auto-Creatine Gummies-CPC,spAdvertisedProduct,US,INNERBRIGHTNESS,spAdvertisedProduct_innerbrightness_US_2026-03-21_2026-04-20.json,2026-04-21 01:59:19
35165,2026-04-21 01:59:19.956075,2026-04-21 01:59:19.956075,2026-04-09,79.96,1.4413930653574718,4,93.95,93.95,93.95,0,4,ENABLED,IBM_MGMB_06G1FR,0.0,4,300.0,4,5,2.506923076923077,5,Inner-SP-Auto-gumm-magnesium-CPC-New,31526300125663,0.6142215922513584,0,69.3773283661522,5,0,269179459475581.0,527203642117694,USD,1.4413930653574718,5,5,93.95,0,79.96,343806971340416,0,4,0,65.17999999999999,3,DAILY_BUDGET,B0DKT3PXRP,3,5,65.18,Amazon,93.95,69.3773283661522,93.95,4233,4,4,4,26,Inner-SP-Auto-gumm-magnesium-CPC-New,spAdvertisedProduct,US,INNERBRIGHTNESS,spAdvertisedProduct_innerbrightness_US_2026-03-21_2026-04-20.json,2026-04-21 01:59:19
35166,2026-04-21 01:59:19.956075,2026-04-21 01:59:19.956075,2026-04-10,59.97,1.5459141943638934,7,99.95,207.91,99.95,0,3,ENABLED,IBM_MGMB_06G1FR,107.96,5,300.0,8,5,2.4905555555555554,9,Inner-SP-Auto-gumm-magnesium-CPC-New,31526300125663,0.6852791878172589,0,64.68664325910248,9,0,269179459475581.0,527203642117694,USD,1.5459141943638934,5,9,99.95,0,167.93,343806971340416,0,5,4,134.48999999999998,3,DAILY_BUDGET,B0DKT3PXRP,6,5,134.49,Amazon,207.91,64.68664325910248,207.91,7880,5,8,8,54,Inner-SP-Auto-gumm-magnesium-CPC-New,spAdvertisedProduct,US,INNERBRIGHTNESS,spAdvertisedProduct_innerbrightness_US_2026-03-21_2026-04-20.json,2026-04-21 01:59:19
35167,2026-04-21 01:59:19.956075,2026-04-21 01:59:19.956075,2026-04-11,329.89,2.3514475271411337,12,359.88,389.87,359.88,0,11,ENABLED,IBU_CTMP_12G1F,29.99,11,700.0,12,12,3.454166666666667,13,Inner-SP-KW-Creatine Gummies-creatine gummies-BM-CPC-600,391617266091470,0.5535055350553505,0,42.52699617821325,13,0,197748004457307.0,299979392074112,USD,2.3514475271411337,12,13,359.88,0,359.88,425782617077083,0,11,1,165.8,10,DAILY_BUDGET,B0FNBN38V4,11,12,165.8,Amazon,389.87,42.52699617821325,389.87,8672,11,12,12,48,Inner-SP-KW-Creatine Gummies-creatine gummies-BM-CPC-600,spAdvertisedProduct,US,INNERBRIGHTNESS,spAdvertisedProduct_innerbrightness_US_2026-03-21_2026-04-20.json,2026-04-21 01:59:19
35168,2026-04-21 01:59:19.956075,2026-04-21 01:59:19.956075,2026-04-12,179.94,2.0479976586507975,8,299.9,419.86,299.9,0,6,ENABLED,IBU_CTMP_12G1F,119.96,10,700.0,14,10,3.4747457627118643,14,Inner-SP-KW-Creatine Gummies-creatine gummies-BM-CPC-600,391617266091470,0.5131327187336928,0,48.828180822178815,14,0,197748004457307.0,299979392074112,USD,2.0479976586507975,10,14,299.9,0,239.92,425782617077083,0,10,4,205.01,6,DAILY_BUDGET,B0FNBN38V4,8,10,205.01,Amazon,419.86,48.828180822178815,419.86,11498,10,14,14,59,Inner-SP-KW-Creatine Gummies-creatine gummies-BM-CPC-600,spAdvertisedProduct,US,INNERBRIGHTNESS,spAdvertisedProduct_innerbrightness_US_2026-03-21_2026-04-20.json,2026-04-21 01:59:19
35169,2026-04-21 01:59:19.956075,2026-04-21 01:59:19.956075,2026-04-13,359.88,2.059079317334728,18,419.86,629.79,419.86,0,12,ENABLED,IBU_CTMP_12G1F,209.93,13,700.0,20,14,3.2888172043010755,21,Inner-SP-KW-Creatine Gummies-creatine gummies-BM-CPC-600,391617266091470,0.7035327937060293,0,48.565394814144405,21,0,197748004457307.0,299979392074112,USD,2.059079317334728,14,21,419.86,0,539.82,425782617077083,0,13,7,305.86,11,DAILY_BUDGET,B0FNBN38V4,17,14,305.86,Amazon,629.79,48.565394814144405,629.79,13219,13,20,20,93,Inner-SP-KW-Creatine Gummies-creatine gummies-BM-CPC-600,spAdvertisedProduct,US,INNERBRIGHTNESS,spAdvertisedProduct_innerbrightness_US_2026-03-21_2026-04-20.json,2026-04-21 01:59:19
35170,2026-04-21 01:59:19.956075,2026-04-21 01:59:19.956075,2026-04-14,149.95,1.1671531426347537,7,149.95,239.92,149.95,0,5,ENABLED,IBU_CTMP_12G1F,89.97,5,700.0,8,5,3.8066666666666666,8,Inner-SP-KW-Creatine Gummies-creatine gummies-BM-CPC-600,391617266091470,0.6720597386434349,0,85.67855951983995,8,0,197748004457307.0,299979392074112,USD,1.1671531426347537,5,8,149.95,0,209.93,425782617077083,0,5,3,205.56,5,DAILY_BUDGET,B0FNBN38V4,7,5,205.56,Amazon,239.92,85.67855951983995,239.92,8035,5,8,8,54,Inner-SP-KW-Creatine Gummies-creatine gummies-BM-CPC-600,spAdvertisedProduct,US,INNERBRIGHTNESS,spAdvertisedProduct_innerbrightness_US_2026-03-21_2026-04-20.json,2026-04-21 01:59:19
35171,2026-04-21 01:59:19.956075,2026-04-21 01:59:19.956075,2026-04-15,89.97,2.4599610376294474,7,89.97,239.92,89.97,0,3,ENABLED,IBU_CTMP_12G1F,149.95,3,700.0,8,3,3.483214285714286,8,Inner-SP-KW-Creatine Gummies-creatine gummies-BM-CPC-600,391617266091470,0.546448087431694,0,40.651050350116705,8,0,197748004457307.0,299979392074112,USD,2.4599610376294474,3,8,89.97,0,209.93,425782617077083,0,3,5,97.53,3,DAILY_BUDGET,B0FNBN38V4,7,3,97.53,Amazon,239.92,40.651050350116705,239.92,5124,3,8,8,28,Inner-SP-KW-Creatine Gummies-creatine gummies-BM-CPC-600,spAdvertisedProduct,US,INNERBRIGHTNESS,spAdvertisedProduct_innerbrightness_US_2026-03-21_2026-04-20.json,2026-04-21 01:59:19
35172,2026-04-21 01:59:19.956075,2026-04-21 01:59:19.956075,2026-04-16,299.9,2.5896236597826867,12,299.9,359.88,299.9,0,10,ENABLED,IBU_CTMP_12G1F,59.98,10,700.0,12,10,3.308809523809524,12,Inner-SP-KW-Creatine Gummies-creatine gummies-BM-CPC-600,391617266091470,1.1400651465798046,0,38.61564966099811,12,0,197748004457307.0,299979392074112,USD,2.5896236597826867,10,12,299.9,0,359.88,425782617077083,0,10,2,138.97,10,DAILY_BUDGET,B0FNBN38V4,12,10,138.97,Amazon,359.88,38.61564966099811,359.88,3684,10,12,12,42,Inner-SP-KW-Creatine Gummies-creatine gummies-BM-CPC-600,spAdvertisedProduct,US,INNERBRIGHTNESS,spAdvertisedProduct_innerbrightness_US_2026-03-21_2026-04-20.json,2026-04-21 01:59:19
35173,2026-04-21 01:59:19.956075,2026-04-21 01:59:19.956075,2026-04-17,149.95,2.4510731789758324,9,170.1,290.06,170.1,0,5,ENABLED,IBU_CTMP_12G1F,119.96,5,700.0,8,6,3.8174193548387096,10,Inner-SP-KW-Creatine Gummies-creatine gummies-BM-CPC-600,391617266091470,0.8771929824561403,0,40.798455491967175,10,0,197748004457307.0,299979392074112,USD,2.4510731789758324,6,10,170.1,0,269.91,425782617077083,0,5,4,118.34,4,DAILY_BUDGET,B0FNBN38V4,7,6,118.34,Amazon,290.06,40.798455491967175,290.06,3534,5,8,8,31,Inner-SP-KW-Creatine Gummies-creatine gummies-BM-CPC-600,spAdvertisedProduct,US,INNERBRIGHTNESS,spAdvertisedProduct_innerbrightness_US_2026-03-21_2026-04-20.json,2026-04-21 01:59:19
35175,2026-04-21 01:59:19.956075,2026-04-21 01:59:19.956075,2026-04-17,0.0,nan,0,0.0,0.0,0.0,0,0,PAUSED,IBM_MGMB_06G1FR,0.0,0,100.0,0,0,nan,0,Inner-SP-KW-gumm-magnesium glycinate-EM-54,298402294383592,nan,0,nan,0,0,269179459475581.0,384999211918150,USD,nan,0,0,0.0,0,0.0,401692569369608,0,0,0,0.0,0,DAILY_BUDGET,B0DKT3PXRP,0,0,0.0,Amazon,0.0,nan,0.0,0,0,0,0,0,Inner-SP-KW-gumm-magnesium glycinate-EM-54,spAdvertisedProduct,US,INNERBRIGHTNESS,spAdvertisedProduct_innerbrightness_US_2026-03-21_2026-04-20.json,2026-04-21 01:59:19
35178,2026-04-21 01:59:19.956075,2026-04-21 01:59:19.956075,2026-04-11,479.84,1.6933276221257374,25,539.82,869.71,539.82,0,16,ENABLED,IBU_CTMP_12G1F,329.89,18,1000.0,29,18,4.505350877192982,29,Inner-SP-KW-Creatine Gummies-creatine gummies-EM-CPC-800,297069838936079,1.271611823759063,0,59.05531728967127,29,0,197748004457307.0,480030069992580,USD,1.6933276221257374,18,29,539.82,0,749.75,439851151117545,0,18,11,513.61,16,DAILY_BUDGET,B0FNBN38V4,25,18,513.61,Amazon,869.71,59.05531728967127,869.71,8965,18,29,29,114,Inner-SP-KW-Creatine Gummies-creatine gummies-EM-CPC-800,spAdvertisedProduct,US,INNERBRIGHTNESS,spAdvertisedProduct_innerbrightness_US_2026-03-21_2026-04-20.json,2026-04-21 01:59:19
35179,2026-04-21 01:59:19.956075,2026-04-21 01:59:19.956075,2026-04-12,869.71,1.9474929263880514,37,959.68,1259.58,959.68,0,29,ENABLED,IBU_CTMP_12G1F,299.9,31,1000.0,41,32,4.522867132867133,42,Inner-SP-KW-Creatine Gummies-creatine gummies-EM-CPC-800,297069838936079,1.2311665949203616,0,51.34806840375363,42,0,197748004457307.0,480030069992580,USD,1.9474929263880514,32,42,959.68,0,1109.63,439851151117545,0,31,10,646.77,28,DAILY_BUDGET,B0FNBN38V4,36,32,646.77,Amazon,1259.58,51.34806840375363,1259.58,11615,31,41,41,143,Inner-SP-KW-Creatine Gummies-creatine gummies-EM-CPC-800,spAdvertisedProduct,US,INNERBRIGHTNESS,spAdvertisedProduct_innerbrightness_US_2026-03-21_2026-04-20.json,2026-04-21 01:59:19
35180,2026-04-21 01:59:19.956075,2026-04-21 01:59:19.956075,2026-04-13,689.77,1.332999972219907,31,719.76,959.68,719.76,0,23,ENABLED,IBU_CTMP_12G1F,239.92,24,1000.0,32,24,4.644774193548387,32,Inner-SP-KW-Creatine Gummies-creatine gummies-EM-CPC-800,297069838936079,1.015461215932914,0,75.01875625208405,32,0,197748004457307.0,480030069992580,USD,1.332999972219907,24,32,719.76,0,929.69,439851151117545,0,24,8,719.94,23,DAILY_BUDGET,B0FNBN38V4,31,24,719.94,Amazon,959.68,75.01875625208405,959.68,15264,24,32,32,155,Inner-SP-KW-Creatine Gummies-creatine gummies-EM-CPC-800,spAdvertisedProduct,US,INNERBRIGHTNESS,spAdvertisedProduct_innerbrightness_US_2026-03-21_2026-04-20.json,2026-04-21 01:59:19
35181,2026-04-21 01:59:19.956075,2026-04-21 01:59:19.956075,2026-04-14,809.73,1.6625815737622447,38,829.88,1189.76,829.88,0,27,ENABLED,IBU_CTMP_12G1F,359.88,28,1000.0,40,28,4.558025477707006,40,Inner-SP-KW-Creatine Gummies-creatine gummies-EM-CPC-800,297069838936079,1.0774826710589527,0,60.14742469069392,40,0,197748004457307.0,480030069992580,USD,1.6625815737622447,28,40,829.88,0,1139.62,439851151117545,0,28,12,715.61,27,DAILY_BUDGET,B0FNBN38V4,38,28,715.61,Amazon,1189.76,60.14742469069392,1189.76,14571,28,40,40,157,Inner-SP-KW-Creatine Gummies-creatine gummies-EM-CPC-800,spAdvertisedProduct,US,INNERBRIGHTNESS,spAdvertisedProduct_innerbrightness_US_2026-03-21_2026-04-20.json,2026-04-21 01:59:19
35182,2026-04-21 01:59:19.956075,2026-04-21 01:59:19.956075,2026-04-15,779.74,1.867923291263727,35,869.71,1139.62,869.71,0,26,ENABLED,IBU_CTMP_12G1F,269.91,28,1000.0,37,29,4.729457364341085,38,Inner-SP-KW-Creatine Gummies-creatine gummies-EM-CPC-800,297069838936079,1.0914628987223962,0,53.53538898931224,38,0,197748004457307.0,480030069992580,USD,1.867923291263727,29,38,869.71,0,1049.65,439851151117545,0,28,9,610.1,25,DAILY_BUDGET,B0FNBN38V4,34,29,610.1,Amazon,1139.62,53.53538898931224,1139.62,11819,28,37,37,129,Inner-SP-KW-Creatine Gummies-creatine gummies-EM-CPC-800,spAdvertisedProduct,US,INNERBRIGHTNESS,spAdvertisedProduct_innerbrightness_US_2026-03-21_2026-04-20.json,2026-04-21 01:59:19
35183,2026-04-21 01:59:19.956075,2026-04-21 01:59:19.956075,2026-04-16,509.83,1.2749041219504333,24,550.13,791.18,550.13,0,17,ENABLED,IBU_CTMP_12G1F,241.05,19,1000.0,28,19,4.631194029850747,28,Inner-SP-KW-Creatine Gummies-creatine gummies-EM-CPC-800,297069838936079,0.8705821205821206,0,78.43727091180264,28,0,197748004457307.0,480030069992580,USD,1.2749041219504333,19,28,550.13,0,703.76,439851151117545,0,19,9,620.58,17,DAILY_BUDGET,B0FNBN38V4,24,19,620.58,Amazon,791.18,78.43727091180264,791.18,15392,19,28,28,134,Inner-SP-KW-Creatine Gummies-creatine gummies-EM-CPC-800,spAdvertisedProduct,US,INNERBRIGHTNESS,spAdvertisedProduct_innerbrightness_US_2026-03-21_2026-04-20.json,2026-04-21 01:59:19
35184,2026-04-21 01:59:19.956075,2026-04-21 01:59:19.956075,2026-04-17,419.86,1.2740666474076843,25,419.86,749.75,419.86,0,14,ENABLED,IBU_CTMP_12G1F,329.89,14,1000.0,25,14,4.670396825396826,25,Inner-SP-KW-Creatine Gummies-creatine gummies-EM-CPC-800,297069838936079,0.7846556233653008,0,78.48882960986995,25,0,197748004457307.0,480030069992580,USD,1.2740666474076843,14,25,419.86,0,749.75,439851151117545,0,14,11,588.47,14,DAILY_BUDGET,B0FNBN38V4,25,14,588.47,Amazon,749.75,78.48882960986995,749.75,16058,14,25,25,126,Inner-SP-KW-Creatine Gummies-creatine gummies-EM-CPC-800,spAdvertisedProduct,US,INNERBRIGHTNESS,spAdvertisedProduct_innerbrightness_US_2026-03-21_2026-04-20.json,2026-04-21 01:59:19
35188,2026-04-21 01:59:19.956075,2026-04-21 01:59:19.956075,2026-04-11,0.0,nan,0,0.0,0.0,0.0,0,0,PAUSED,IBU_CTMP_12G1F,0.0,0,100.0,0,0,nan,0,Inner-SP-Auto-Creatine Gummies-CPC,506739018117344,0.0,0,nan,0,0,197748004457307.0,464542971154601,USD,nan,0,0,0.0,0,0.0,557203492769823,0,0,0,0.0,0,DAILY_BUDGET,B0FNBN38V4,0,0,0.0,Amazon,0.0,nan,0.0,67,0,0,0,0,Inner-SP-Auto-Creatine Gummies-CPC,spAdvertisedProduct,US,INNERBRIGHTNESS,spAdvertisedProduct_innerbrightness_US_2026-03-21_2026-04-20.json,2026-04-21 01:59:19
35189,2026-04-21 01:59:19.956075,2026-04-21 01:59:19.956075,2026-04-12,0.0,nan,0,0.0,0.0,0.0,0,0,PAUSED,IBU_CTMP_12G1F,0.0,0,100.0,0,0,nan,0,Inner-SP-Auto-Creatine Gummies-CPC,506739018117344,0.0,0,nan,0,0,197748004457307.0,464542971154601,USD,nan,0,0,0.0,0,0.0,557203492769823,0,0,0,0.0,0,DAILY_BUDGET,B0FNBN38V4,0,0,0.0,Amazon,0.0,nan,0.0,138,0,0,0,0,Inner-SP-Auto-Creatine Gummies-CPC,spAdvertisedProduct,US,INNERBRIGHTNESS,spAdvertisedProduct_innerbrightness_US_2026-03-21_2026-04-20.json,2026-04-21 01:59:19
35190,2026-04-21 01:59:19.956075,2026-04-21 01:59:19.956075,2026-04-13,0.0,0.0,0,0.0,0.0,0.0,0,0,PAUSED,IBU_CTMP_12G1F,0.0,0,100.0,0,0,1.7,0,Inner-SP-Auto-Creatine Gummies-CPC,506739018117344,1.4084507042253522,0,nan,0,0,197748004457307.0,464542971154601,USD,0.0,0,0,0.0,0,0.0,557203492769823,0,0,0,3.4,0,DAILY_BUDGET,B0FNBN38V4,0,0,3.4,Amazon,0.0,nan,0.0,142,0,0,0,2,Inner-SP-Auto-Creatine Gummies-CPC,spAdvertisedProduct,US,INNERBRIGHTNESS,spAdvertisedProduct_innerbrightness_US_2026-03-21_2026-04-20.json,2026-04-21 01:59:19
35191,2026-04-21 01:59:19.956075,2026-04-21 01:59:19.956075,2026-04-11,59.98,1.161952731499419,2,59.98,59.98,59.98,0,2,ENABLED,IBU_CTMP_12G1F,0.0,2,100.0,2,2,3.441333333333333,2,Inner-SP-KW-Creatine Gummies-creatine-BM-CPC-70,313950625346433,0.1355258402602096,0,86.06202067355785,2,0,197748004457307.0,454898076582687,USD,1.161952731499419,2,2,59.98,0,59.98,343251949063559,0,2,0,51.62,2,DAILY_BUDGET,B0FNBN38V4,2,2,51.62,Amazon,59.98,86.06202067355785,59.98,11068,2,2,2,15,Inner-SP-KW-Creatine Gummies-creatine-BM-CPC-70,spAdvertisedProduct,US,INNERBRIGHTNESS,spAdvertisedProduct_innerbrightness_US_2026-03-21_2026-04-20.json,2026-04-21 01:59:19
35192,2026-04-21 01:59:19.956075,2026-04-21 01:59:19.956075,2026-04-12,89.97,2.228556263269639,7,89.97,209.93,89.97,0,3,ENABLED,IBU_CTMP_12G1F,119.96,3,100.0,7,3,3.488888888888889,7,Inner-SP-KW-Creatine Gummies-creatine-BM-CPC-70,313950625346433,0.2514668901927913,0,44.87210022388415,7,0,197748004457307.0,454898076582687,USD,2.228556263269639,3,7,89.97,0,209.93,343251949063559,0,3,4,94.2,3,DAILY_BUDGET,B0FNBN38V4,7,3,94.2,Amazon,209.93,44.87210022388415,209.93,10737,3,7,7,27,Inner-SP-KW-Creatine Gummies-creatine-BM-CPC-70,spAdvertisedProduct,US,INNERBRIGHTNESS,spAdvertisedProduct_innerbrightness_US_2026-03-21_2026-04-20.json,2026-04-21 01:59:19
35193,2026-04-21 01:59:19.956075,2026-04-21 01:59:19.956075,2026-04-13,59.98,2.1455358430693785,3,59.98,148.75,59.98,0,2,ENABLED,IBU_CTMP_12G1F,88.77,2,100.0,5,2,3.301428571428571,5,Inner-SP-KW-Creatine Gummies-creatine-BM-CPC-70,313950625346433,0.1473270660867125,0,46.608403361344536,5,0,197748004457307.0,454898076582687,USD,2.1455358430693785,2,5,59.98,0,89.97,343251949063559,0,2,3,69.33,2,DAILY_BUDGET,B0FNBN38V4,3,2,69.33,Amazon,148.75,46.608403361344536,148.75,14254,2,5,5,21,Inner-SP-KW-Creatine Gummies-creatine-BM-CPC-70,spAdvertisedProduct,US,INNERBRIGHTNESS,spAdvertisedProduct_innerbrightness_US_2026-03-21_2026-04-20.json,2026-04-21 01:59:19
35194,2026-04-21 01:59:19.956075,2026-04-21 01:59:19.956075,2026-04-14,119.96,1.878876474887752,6,119.96,179.94,119.96,0,4,ENABLED,IBU_CTMP_12G1F,59.98,4,100.0,6,4,3.547037037037037,6,Inner-SP-KW-Creatine Gummies-creatine-BM-CPC-70,313950625346433,0.2932232841007819,0,53.22329665444037,6,0,197748004457307.0,454898076582687,USD,1.878876474887752,4,6,119.96,0,179.94,343251949063559,0,4,2,95.77,4,DAILY_BUDGET,B0FNBN38V4,6,4,95.77,Amazon,179.94,53.22329665444037,179.94,9208,4,6,6,27,Inner-SP-KW-Creatine Gummies-creatine-BM-CPC-70,spAdvertisedProduct,US,INNERBRIGHTNESS,spAdvertisedProduct_innerbrightness_US_2026-03-21_2026-04-20.json,2026-04-21 01:59:19
35195,2026-04-21 01:59:19.956075,2026-04-21 01:59:19.956075,2026-04-15,29.99,0.8122968580715059,2,29.99,59.98,29.99,0,1,ENABLED,IBU_CTMP_12G1F,29.99,1,100.0,2,1,3.3563636363636364,2,Inner-SP-KW-Creatine Gummies-creatine-BM-CPC-70,313950625346433,0.4613126441602013,0,123.10770256752252,2,0,197748004457307.0,454898076582687,USD,0.8122968580715059,1,2,29.99,0,59.98,343251949063559,0,1,1,73.84,1,DAILY_BUDGET,B0FNBN38V4,2,1,73.84,Amazon,59.98,123.10770256752252,59.98,4769,1,2,2,22,Inner-SP-KW-Creatine Gummies-creatine-BM-CPC-70,spAdvertisedProduct,US,INNERBRIGHTNESS,spAdvertisedProduct_innerbrightness_US_2026-03-21_2026-04-20.json,2026-04-21 01:59:19
35196,2026-04-21 01:59:19.956075,2026-04-21 01:59:19.956075,2026-04-16,29.99,0.5748514471918726,1,29.99,29.99,29.99,0,1,ENABLED,IBU_CTMP_12G1F,0.0,1,100.0,1,1,3.260625,1,Inner-SP-KW-Creatine Gummies-creatine-BM-CPC-70,313950625346433,0.3727865796831314,0,173.9579859953318,1,0,197748004457307.0,454898076582687,USD,0.5748514471918726,1,1,29.99,0,29.99,343251949063559,0,1,0,52.17,1,DAILY_BUDGET,B0FNBN38V4,1,1,52.17,Amazon,29.99,173.9579859953318,29.99,4292,1,1,1,16,Inner-SP-KW-Creatine Gummies-creatine-BM-CPC-70,spAdvertisedProduct,US,INNERBRIGHTNESS,spAdvertisedProduct_innerbrightness_US_2026-03-21_2026-04-20.json,2026-04-21 01:59:19
35197,2026-04-21 01:59:19.956075,2026-04-21 01:59:19.956075,2026-04-17,29.99,1.1712556141378636,2,29.99,59.98,29.99,0,1,ENABLED,IBU_CTMP_12G1F,29.99,1,100.0,2,1,2.845,2,Inner-SP-KW-Creatine Gummies-creatine-BM-CPC-70,313950625346433,0.34849951597289447,0,85.3784594864955,2,0,197748004457307.0,454898076582687,USD,1.1712556141378636,1,2,29.99,0,59.98,343251949063559,0,1,1,51.21,1,DAILY_BUDGET,B0FNBN38V4,2,1,51.21,Amazon,59.98,85.3784594864955,59.98,5165,1,2,2,18,Inner-SP-KW-Creatine Gummies-creatine-BM-CPC-70,spAdvertisedProduct,US,INNERBRIGHTNESS,spAdvertisedProduct_innerbrightness_US_2026-03-21_2026-04-20.json,2026-04-21 01:59:19
35201,2026-04-21 01:59:19.956075,2026-04-21 01:59:19.956075,2026-04-11,269.91,0.9047619047619047,12,290.06,389.87,290.06,0,9,ENABLED,IBU_CTMP_12G1F,119.96,9,300.0,13,10,4.925869565217392,14,Inner-SP-KW-Creatine Gummies-creatine-EM-CPC-60,427396974780100,0.7457242441436329,0,110.5263157894737,14,0,197748004457307.0,499950997002014,USD,0.8602983362019506,10,13,269.91,0,359.88,531228150922353,0,10,4,453.18,9,DAILY_BUDGET,B0FNBN38V4,12,9,453.18,Amazon,410.02,116.23874624874959,410.02,12337,10,14,14,92,Inner-SP-KW-Creatine Gummies-creatine-EM-CPC-60,spAdvertisedProduct,US,INNERBRIGHTNESS,spAdvertisedProduct_innerbrightness_US_2026-03-21_2026-04-20.json,2026-04-21 01:59:19
35202,2026-04-21 01:59:19.956075,2026-04-21 01:59:19.956075,2026-04-12,299.9,1.1754336197114605,15,410.02,539.82,410.02,0,10,ENABLED,IBU_CTMP_12G1F,149.95,13,300.0,18,14,4.655849056603773,20,Inner-SP-KW-Creatine Gummies-creatine-EM-CPC-60,427396974780100,0.8312421580928481,0,85.07498707119461,20,0,197748004457307.0,499950997002014,USD,1.0938158534608529,14,18,389.87,0,449.85,531228150922353,0,14,5,493.52,10,DAILY_BUDGET,B0FNBN38V4,15,13,493.52,Amazon,580.1,91.423066948242,580.1,12752,14,20,20,106,Inner-SP-KW-Creatine Gummies-creatine-EM-CPC-60,spAdvertisedProduct,US,INNERBRIGHTNESS,spAdvertisedProduct_innerbrightness_US_2026-03-21_2026-04-20.json,2026-04-21 01:59:19
35203,2026-04-21 01:59:19.956075,2026-04-21 01:59:19.956075,2026-04-13,209.93,1.7672362993517974,10,239.92,359.88,239.92,0,7,ENABLED,IBU_CTMP_12G1F,119.96,8,300.0,12,8,4.628181818181818,12,Inner-SP-KW-Creatine Gummies-creatine-EM-CPC-60,427396974780100,0.7743752199929602,0,56.58552850950317,12,0,197748004457307.0,499950997002014,USD,1.7672362993517974,8,12,239.92,0,299.9,531228150922353,0,8,4,203.64,7,DAILY_BUDGET,B0FNBN38V4,10,8,203.64,Amazon,359.88,56.58552850950317,359.88,5682,8,12,12,44,Inner-SP-KW-Creatine Gummies-creatine-EM-CPC-60,spAdvertisedProduct,US,INNERBRIGHTNESS,spAdvertisedProduct_innerbrightness_US_2026-03-21_2026-04-20.json,2026-04-21 01:59:19
35204,2026-04-21 01:59:19.956075,2026-04-21 01:59:19.956075,2026-04-14,119.96,2.1191018293161656,7,179.94,269.91,179.94,0,4,ENABLED,IBU_CTMP_12G1F,89.97,6,300.0,9,6,4.392068965517241,9,Inner-SP-KW-Creatine Gummies-creatine-EM-CPC-60,427396974780100,0.7487735605473793,0,47.18980400874365,9,0,197748004457307.0,499950997002014,USD,2.1191018293161656,6,9,179.94,0,209.93,531228150922353,0,6,3,127.37,4,DAILY_BUDGET,B0FNBN38V4,7,6,127.37,Amazon,269.91,47.18980400874365,269.91,3873,6,9,9,29,Inner-SP-KW-Creatine Gummies-creatine-EM-CPC-60,spAdvertisedProduct,US,INNERBRIGHTNESS,spAdvertisedProduct_innerbrightness_US_2026-03-21_2026-04-20.json,2026-04-21 01:59:19
35205,2026-04-21 01:59:19.956075,2026-04-21 01:59:19.956075,2026-04-15,89.97,2.0088995215311005,7,89.97,209.93,89.97,0,3,ENABLED,IBU_CTMP_12G1F,119.96,3,300.0,7,3,4.543478260869565,7,Inner-SP-KW-Creatine Gummies-creatine-EM-CPC-60,427396974780100,0.6222943722943723,0,49.77849759443624,7,0,197748004457307.0,499950997002014,USD,2.0088995215311005,3,7,89.97,0,209.93,531228150922353,0,3,4,104.5,3,DAILY_BUDGET,B0FNBN38V4,7,3,104.5,Amazon,209.93,49.77849759443624,209.93,3696,3,7,7,23,Inner-SP-KW-Creatine Gummies-creatine-EM-CPC-60,spAdvertisedProduct,US,INNERBRIGHTNESS,spAdvertisedProduct_innerbrightness_US_2026-03-21_2026-04-20.json,2026-04-21 01:59:19
35206,2026-04-21 01:59:19.956075,2026-04-21 01:59:19.956075,2026-04-16,119.96,1.2562133482267521,6,119.96,179.94,119.96,0,4,ENABLED,IBU_CTMP_12G1F,59.98,4,300.0,6,4,3.7694736842105265,6,Inner-SP-KW-Creatine Gummies-creatine-EM-CPC-60,427396974780100,0.5982367758186398,0,79.60431254862733,6,0,197748004457307.0,499950997002014,USD,1.2562133482267521,4,6,119.96,0,179.94,531228150922353,0,4,2,143.24,4,DAILY_BUDGET,B0FNBN38V4,6,4,143.24,Amazon,179.94,79.60431254862733,179.94,6352,4,6,6,38,Inner-SP-KW-Creatine Gummies-creatine-EM-CPC-60,spAdvertisedProduct,US,INNERBRIGHTNESS,spAdvertisedProduct_innerbrightness_US_2026-03-21_2026-04-20.json,2026-04-21 01:59:19
35207,2026-04-21 01:59:19.956075,2026-04-21 01:59:19.956075,2026-04-17,209.93,2.168239323408122,9,250.23,310.21,250.23,0,7,ENABLED,IBU_CTMP_12G1F,59.98,9,300.0,11,9,4.087714285714285,11,Inner-SP-KW-Creatine Gummies-creatine-EM-CPC-60,427396974780100,0.5210659520619324,0,46.12037007188678,11,0,197748004457307.0,499950997002014,USD,2.168239323408122,9,11,250.23,0,269.91,531228150922353,0,9,2,143.07,7,DAILY_BUDGET,B0FNBN38V4,9,9,143.07,Amazon,310.21,46.12037007188678,310.21,6717,9,11,11,35,Inner-SP-KW-Creatine Gummies-creatine-EM-CPC-60,spAdvertisedProduct,US,INNERBRIGHTNESS,spAdvertisedProduct_innerbrightness_US_2026-03-21_2026-04-20.json,2026-04-21 01:59:19
35211,2026-04-21 01:59:19.956075,2026-04-21 01:59:19.956075,2026-04-11,149.95,3.8861532765642353,6,149.95,209.93,149.95,0,5,ENABLED,IBU_CTLM_12G1F,59.98,4,1000.0,6,5,3.6013333333333337,7,Inner-SP-KW-Creatine Gummies-creatine gummies-EM-CPC-800,297069838936079,0.421822272215973,0,25.732386986138238,7,0,197748004457307.0,399175395039376,USD,3.8861532765642353,5,7,149.95,0,179.94,439851151117545,0,4,2,54.02,4,DAILY_BUDGET,B0FNBYKPZT,5,5,54.02,Amazon,209.93,25.732386986138238,209.93,3556,4,6,6,15,Inner-SP-KW-Creatine Gummies-creatine gummies-EM-CPC-800,spAdvertisedProduct,US,INNERBRIGHTNESS,spAdvertisedProduct_innerbrightness_US_2026-03-21_2026-04-20.json,2026-04-21 01:59:19
35212,2026-04-21 01:59:19.956075,2026-04-21 01:59:19.956075,2026-04-12,59.98,2.780069524913094,4,59.98,119.96,59.98,0,2,ENABLED,IBU_CTLM_12G1F,59.98,2,1000.0,4,2,3.082142857142857,4,Inner-SP-KW-Creatine Gummies-creatine gummies-EM-CPC-800,297069838936079,0.19355730678833125,0,35.97032344114705,4,0,197748004457307.0,399175395039376,USD,2.780069524913094,2,4,59.98,0,119.96,439851151117545,0,2,2,43.15,2,DAILY_BUDGET,B0FNBYKPZT,4,2,43.15,Amazon,119.96,35.97032344114705,119.96,7233,2,4,4,14,Inner-SP-KW-Creatine Gummies-creatine gummies-EM-CPC-800,spAdvertisedProduct,US,INNERBRIGHTNESS,spAdvertisedProduct_innerbrightness_US_2026-03-21_2026-04-20.json,2026-04-21 01:59:19
35213,2026-04-21 01:59:19.956075,2026-04-21 01:59:19.956075,2026-04-13,119.96,1.3087497272528912,4,119.96,119.96,119.96,0,4,ENABLED,IBU_CTLM_12G1F,0.0,3,1000.0,3,4,3.6664,4,Inner-SP-KW-Creatine Gummies-creatine gummies-EM-CPC-800,297069838936079,0.31324395439168023,0,76.40880293431144,4,0,197748004457307.0,399175395039376,USD,1.3087497272528912,4,4,119.96,0,119.96,439851151117545,0,3,0,91.66,3,DAILY_BUDGET,B0FNBYKPZT,3,4,91.66,Amazon,119.96,76.40880293431144,119.96,7981,3,3,3,25,Inner-SP-KW-Creatine Gummies-creatine gummies-EM-CPC-800,spAdvertisedProduct,US,INNERBRIGHTNESS,spAdvertisedProduct_innerbrightness_US_2026-03-21_2026-04-20.json,2026-04-21 01:59:19
35214,2026-04-21 01:59:19.956075,2026-04-21 01:59:19.956075,2026-04-14,59.98,1.6465915826911677,3,80.11,138.89,80.11,0,2,ENABLED,IBU_CTLM_12G1F,58.78,3,1000.0,5,3,3.667391304347826,5,Inner-SP-KW-Creatine Gummies-creatine gummies-EM-CPC-800,297069838936079,0.3804168044988422,0,60.73151414788682,5,0,197748004457307.0,399175395039376,USD,1.6465915826911677,3,5,80.11,0,89.97,439851151117545,0,3,2,84.35,2,DAILY_BUDGET,B0FNBYKPZT,3,3,84.35,Amazon,138.89,60.73151414788682,138.89,6046,3,5,5,23,Inner-SP-KW-Creatine Gummies-creatine gummies-EM-CPC-800,spAdvertisedProduct,US,INNERBRIGHTNESS,spAdvertisedProduct_innerbrightness_US_2026-03-21_2026-04-20.json,2026-04-21 01:59:19
35215,2026-04-21 01:59:19.956075,2026-04-21 01:59:19.956075,2026-04-15,119.96,2.8152071878771627,7,119.96,209.93,119.96,0,4,ENABLED,IBU_CTLM_12G1F,89.97,4,1000.0,7,4,4.3864705882352935,7,Inner-SP-KW-Creatine Gummies-creatine gummies-EM-CPC-800,297069838936079,0.2516281823564239,0,35.52136426427857,7,0,197748004457307.0,399175395039376,USD,2.8152071878771627,4,7,119.96,0,209.93,439851151117545,0,4,3,74.57,4,DAILY_BUDGET,B0FNBYKPZT,7,4,74.57,Amazon,209.93,35.52136426427857,209.93,6756,4,7,7,17,Inner-SP-KW-Creatine Gummies-creatine gummies-EM-CPC-800,spAdvertisedProduct,US,INNERBRIGHTNESS,spAdvertisedProduct_innerbrightness_US_2026-03-21_2026-04-20.json,2026-04-21 01:59:19
35216,2026-04-21 01:59:19.956075,2026-04-21 01:59:19.956075,2026-04-16,89.97,1.8033674082982563,4,89.97,119.96,89.97,0,3,ENABLED,IBU_CTLM_12G1F,29.99,3,1000.0,4,3,3.912941176470588,4,Inner-SP-KW-Creatine Gummies-creatine gummies-EM-CPC-800,297069838936079,0.14830323650004362,0,55.451817272424144,4,0,197748004457307.0,399175395039376,USD,1.8033674082982563,3,4,89.97,0,119.96,439851151117545,0,3,1,66.52,3,DAILY_BUDGET,B0FNBYKPZT,4,3,66.52,Amazon,119.96,55.451817272424144,119.96,11463,3,4,4,17,Inner-SP-KW-Creatine Gummies-creatine gummies-EM-CPC-800,spAdvertisedProduct,US,INNERBRIGHTNESS,spAdvertisedProduct_innerbrightness_US_2026-03-21_2026-04-20.json,2026-04-21 01:59:19
35217,2026-04-21 01:59:19.956075,2026-04-21 01:59:19.956075,2026-04-17,119.96,1.8320097739767869,5,119.96,149.95,119.96,0,4,ENABLED,IBU_CTLM_12G1F,29.99,4,1000.0,5,4,3.7204545454545452,5,Inner-SP-KW-Creatine Gummies-creatine gummies-EM-CPC-800,297069838936079,0.18554440414944756,0,54.58486162054018,5,0,197748004457307.0,399175395039376,USD,1.8320097739767869,4,5,119.96,0,149.95,439851151117545,0,4,1,81.85,4,DAILY_BUDGET,B0FNBYKPZT,5,4,81.85,Amazon,149.95,54.58486162054018,149.95,11857,4,5,5,22,Inner-SP-KW-Creatine Gummies-creatine gummies-EM-CPC-800,spAdvertisedProduct,US,INNERBRIGHTNESS,spAdvertisedProduct_innerbrightness_US_2026-03-21_2026-04-20.json,2026-04-21 01:59:19
35221,2026-04-21 01:59:19.956075,2026-04-21 01:59:19.956075,2026-04-11,0.0,0.0,0,0.0,0.0,0.0,0,0,ENABLED,IBU_BBUF_06C1,0.0,0,150.0,0,0,3.41,0,Inner-SP-KW-Berberine Capsules-EM-berberine with ceylon cinnamon-1w,486037133623874,33.33333333333333,0,nan,0,0,189812334889736.0,476043793359021,USD,0.0,0,0,0.0,0,0.0,553363763288089,0,0,0,3.41,0,DAILY_BUDGET,B0G25Y3DVZ,0,0,3.41,Amazon,0.0,nan,0.0,3,0,0,0,1,Inner-SP-KW-Berberine Capsules-EM-berberine with ceylon cinnamon-1w,spAdvertisedProduct,US,INNERBRIGHTNESS,spAdvertisedProduct_innerbrightness_US_2026-03-21_2026-04-20.json,2026-04-21 01:59:19
35222,2026-04-21 01:59:19.956075,2026-04-21 01:59:19.956075,2026-04-12,0.0,0.0,0,0.0,0.0,0.0,0,0,ENABLED,IBU_BBUF_06C1,0.0,0,150.0,0,0,3.63,0,Inner-SP-KW-Berberine Capsules-EM-berberine with ceylon cinnamon-1w,486037133623874,1.9417475728155338,0,nan,0,0,189812334889736.0,476043793359021,USD,0.0,0,0,0.0,0,0.0,553363763288089,0,0,0,7.26,0,DAILY_BUDGET,B0G25Y3DVZ,0,0,7.26,Amazon,0.0,nan,0.0,103,0,0,0,2,Inner-SP-KW-Berberine Capsules-EM-berberine with ceylon cinnamon-1w,spAdvertisedProduct,US,INNERBRIGHTNESS,spAdvertisedProduct_innerbrightness_US_2026-03-21_2026-04-20.json,2026-04-21 01:59:19
35223,2026-04-21 01:59:19.956075,2026-04-21 01:59:19.956075,2026-04-13,0.0,0.0,0,0.0,0.0,0.0,0,0,ENABLED,IBU_BBUF_06C1,0.0,0,150.0,0,0,3.6300000000000003,0,Inner-SP-KW-Berberine Capsules-EM-berberine with ceylon cinnamon-1w,486037133623874,1.1952191235059761,0,nan,0,0,189812334889736.0,476043793359021,USD,0.0,0,0,0.0,0,0.0,553363763288089,0,0,0,10.89,0,DAILY_BUDGET,B0G25Y3DVZ,0,0,10.89,Amazon,0.0,nan,0.0,251,0,0,0,3,Inner-SP-KW-Berberine Capsules-EM-berberine with ceylon cinnamon-1w,spAdvertisedProduct,US,INNERBRIGHTNESS,spAdvertisedProduct_innerbrightness_US_2026-03-21_2026-04-20.json,2026-04-21 01:59:19
35224,2026-04-21 01:59:19.956075,2026-04-21 01:59:19.956075,2026-04-14,0.0,0.0,0,0.0,0.0,0.0,0,0,ENABLED,IBU_BBUF_06C1,0.0,0,150.0,0,0,4.29,0,Inner-SP-KW-Berberine Capsules-EM-berberine with ceylon cinnamon-1w,486037133623874,1.7421602787456445,0,nan,0,0,189812334889736.0,476043793359021,USD,0.0,0,0,0.0,0,0.0,553363763288089,0,0,0,21.45,0,DAILY_BUDGET,B0G25Y3DVZ,0,0,21.45,Amazon,0.0,nan,0.0,287,0,0,0,5,Inner-SP-KW-Berberine Capsules-EM-berberine with ceylon cinnamon-1w,spAdvertisedProduct,US,INNERBRIGHTNESS,spAdvertisedProduct_innerbrightness_US_2026-03-21_2026-04-20.json,2026-04-21 01:59:19
35225,2026-04-21 01:59:19.956075,2026-04-21 01:59:19.956075,2026-04-15,48.98,1.7455452601568069,2,48.98,48.98,48.98,0,2,ENABLED,IBU_BBUF_06C1,0.0,2,150.0,2,2,4.008571428571428,2,Inner-SP-KW-Berberine Capsules-EM-berberine with ceylon cinnamon-1w,486037133623874,1.2411347517730498,0,57.28868926092283,2,0,189812334889736.0,476043793359021,USD,1.7455452601568069,2,2,48.98,0,48.98,553363763288089,0,2,0,28.06,2,DAILY_BUDGET,B0G25Y3DVZ,2,2,28.06,Amazon,48.98,57.28868926092283,48.98,564,2,2,2,7,Inner-SP-KW-Berberine Capsules-EM-berberine with ceylon cinnamon-1w,spAdvertisedProduct,US,INNERBRIGHTNESS,spAdvertisedProduct_innerbrightness_US_2026-03-21_2026-04-20.json,2026-04-21 01:59:19
35226,2026-04-21 01:59:19.956075,2026-04-21 01:59:19.956075,2026-04-16,48.98,1.3631911854723526,2,66.81,66.81,66.81,0,2,ENABLED,IBU_BBUF_06C1,0.0,3,150.0,3,3,3.77,3,Inner-SP-KW-Berberine Capsules-EM-berberine with ceylon cinnamon-1w,486037133623874,0.7336343115124153,0,73.35728184403531,3,0,189812334889736.0,476043793359021,USD,1.3631911854723526,3,3,66.81,0,48.98,553363763288089,0,3,0,49.01,2,DAILY_BUDGET,B0G25Y3DVZ,2,3,49.01,Amazon,66.81,73.35728184403531,66.81,1772,3,3,3,13,Inner-SP-KW-Berberine Capsules-EM-berberine with ceylon cinnamon-1w,spAdvertisedProduct,US,INNERBRIGHTNESS,spAdvertisedProduct_innerbrightness_US_2026-03-21_2026-04-20.json,2026-04-21 01:59:19
35227,2026-04-21 01:59:19.956075,2026-04-21 01:59:19.956075,2026-04-17,48.98,1.2597736625514402,2,48.98,48.98,48.98,0,2,ENABLED,IBU_BBUF_06C1,0.0,2,150.0,2,2,3.8880000000000003,2,Inner-SP-KW-Berberine Capsules-EM-berberine with ceylon cinnamon-1w,486037133623874,0.33400133600534404,0,79.37933850551246,2,0,189812334889736.0,476043793359021,USD,1.2597736625514402,2,2,48.98,0,48.98,553363763288089,0,2,0,38.88,2,DAILY_BUDGET,B0G25Y3DVZ,2,2,38.88,Amazon,48.98,79.37933850551246,48.98,2994,2,2,2,10,Inner-SP-KW-Berberine Capsules-EM-berberine with ceylon cinnamon-1w,spAdvertisedProduct,US,INNERBRIGHTNESS,spAdvertisedProduct_innerbrightness_US_2026-03-21_2026-04-20.json,2026-04-21 01:59:19
35231,2026-04-21 01:59:19.956075,2026-04-21 01:59:19.956075,2026-04-11,24.49,0.9668377418081326,1,24.49,24.49,24.49,0,1,ENABLED,IBU_BBUF_06C1,0.0,1,1.0,1,1,1.9484615384615382,1,Inner-SP-KW-Berberine Capsules-PM-Berberine,492405995934092,0.6516290726817042,0,103.42997141690486,1,0,189812334889736.0,489131853908928,USD,0.9668377418081326,1,1,24.49,0,24.49,554794794836811,0,1,0,25.33,1,DAILY_BUDGET,B0G25Y3DVZ,1,1,25.33,Amazon,24.49,103.42997141690486,24.49,1995,1,1,1,13,Inner-SP-KW-Berberine Capsules-PM-Berberine Supplement-2k,spAdvertisedProduct,US,INNERBRIGHTNESS,spAdvertisedProduct_innerbrightness_US_2026-03-21_2026-04-20.json,2026-04-21 01:59:19
35232,2026-04-21 01:59:19.956075,2026-04-21 01:59:19.956075,2026-04-12,0.0,0.0,0,0.0,0.0,0.0,0,0,ENABLED,IBU_BBUF_06C1,0.0,0,1.0,0,0,1.9124999999999999,0,Inner-SP-KW-Berberine Capsules-PM-Berberine,492405995934092,0.7633587786259541,0,nan,0,0,189812334889736.0,489131853908928,USD,0.0,0,0,0.0,0,0.0,554794794836811,0,0,0,22.95,0,DAILY_BUDGET,B0G25Y3DVZ,0,0,22.95,Amazon,0.0,nan,0.0,1572,0,0,0,12,Inner-SP-KW-Berberine Capsules-PM-Berberine Supplement-2k,spAdvertisedProduct,US,INNERBRIGHTNESS,spAdvertisedProduct_innerbrightness_US_2026-03-21_2026-04-20.json,2026-04-21 01:59:19
35233,2026-04-21 01:59:19.956075,2026-04-21 01:59:19.956075,2026-04-13,24.49,0.8479916897506925,1,24.49,24.49,24.49,0,1,ENABLED,IBU_BBUF_06C1,0.0,1,1.0,1,1,1.805,1,Inner-SP-KW-Berberine Capsules-PM-Berberine,492405995934092,0.9070294784580499,0,117.92568395263375,1,0,189812334889736.0,489131853908928,USD,0.8479916897506925,1,1,24.49,0,24.49,554794794836811,0,1,0,28.88,1,DAILY_BUDGET,B0G25Y3DVZ,1,1,28.88,Amazon,24.49,117.92568395263375,24.49,1764,1,1,1,16,Inner-SP-KW-Berberine Capsules-PM-Berberine Supplement-2k,spAdvertisedProduct,US,INNERBRIGHTNESS,spAdvertisedProduct_innerbrightness_US_2026-03-21_2026-04-20.json,2026-04-21 01:59:19
35234,2026-04-21 01:59:19.956075,2026-04-21 01:59:19.956075,2026-04-14,73.47,1.3833553003200905,3,73.47,73.47,73.47,0,3,ENABLED,IBU_BBUF_06C1,0.0,3,1.0,3,3,1.8313793103448275,3,Inner-SP-KW-Berberine Capsules-PM-Berberine,492405995934092,0.8782556026650515,0,72.28800871103851,3,0,189812334889736.0,489131853908928,USD,1.3833553003200905,3,3,73.47,0,73.47,554794794836811,0,3,0,53.11,3,DAILY_BUDGET,B0G25Y3DVZ,3,3,53.11,Amazon,73.47,72.28800871103851,73.47,3302,3,3,3,29,Inner-SP-KW-Berberine Capsules-PM-Berberine Supplement-2k,spAdvertisedProduct,US,INNERBRIGHTNESS,spAdvertisedProduct_innerbrightness_US_2026-03-21_2026-04-20.json,2026-04-21 01:59:19
35235,2026-04-21 01:59:19.956075,2026-04-21 01:59:19.956075,2026-04-15,0.0,0.0,0,0.0,0.0,0.0,0,0,ENABLED,IBU_BBUF_06C1,0.0,0,1.0,0,0,1.9407692307692308,0,Inner-SP-KW-Berberine Capsules-PM-Berberine,492405995934092,0.5879692446856626,0,nan,0,0,189812334889736.0,489131853908928,USD,0.0,0,0,0.0,0,0.0,554794794836811,0,0,0,25.23,0,DAILY_BUDGET,B0G25Y3DVZ,0,0,25.23,Amazon,0.0,nan,0.0,2211,0,0,0,13,Inner-SP-KW-Berberine Capsules-PM-Berberine Supplement-2k,spAdvertisedProduct,US,INNERBRIGHTNESS,spAdvertisedProduct_innerbrightness_US_2026-03-21_2026-04-20.json,2026-04-21 01:59:19
35236,2026-04-21 01:59:19.956075,2026-04-21 01:59:19.956075,2026-04-16,0.0,0.0,0,0.0,0.0,0.0,0,0,ENABLED,IBU_BBUF_06C1,0.0,0,1.0,0,0,1.7699999999999998,0,Inner-SP-KW-Berberine Capsules-PM-Berberine,492405995934092,0.4098360655737705,0,nan,0,0,189812334889736.0,489131853908928,USD,0.0,0,0,0.0,0,0.0,554794794836811,0,0,0,10.62,0,DAILY_BUDGET,B0G25Y3DVZ,0,0,10.62,Amazon,0.0,nan,0.0,1464,0,0,0,6,Inner-SP-KW-Berberine Capsules-PM-Berberine Supplement-2k,spAdvertisedProduct,US,INNERBRIGHTNESS,spAdvertisedProduct_innerbrightness_US_2026-03-21_2026-04-20.json,2026-04-21 01:59:19
35237,2026-04-21 01:59:19.956075,2026-04-21 01:59:19.956075,2026-04-17,0.0,0.0,0,0.0,0.0,0.0,0,0,ENABLED,IBU_BBUF_06C1,0.0,0,1.0,0,0,1.5599999999999998,0,Inner-SP-KW-Berberine Capsules-PM-Berberine,492405995934092,0.4243281471004243,0,nan,0,0,189812334889736.0,489131853908928,USD,0.0,0,0,0.0,0,0.0,554794794836811,0,0,0,4.68,0,DAILY_BUDGET,B0G25Y3DVZ,0,0,4.68,Amazon,0.0,nan,0.0,707,0,0,0,3,Inner-SP-KW-Berberine Capsules-PM-Berberine Supplement-2k,spAdvertisedProduct,US,INNERBRIGHTNESS,spAdvertisedProduct_innerbrightness_US_2026-03-21_2026-04-20.json,2026-04-21 01:59:19
35241,2026-04-21 01:59:19.956075,2026-04-21 01:59:19.956075,2026-04-11,95.96,5.246582832148715,4,95.96,95.96,95.96,0,4,PAUSED,IBU_MCUF_90C1,0.0,3,1.0,3,4,2.28625,4,Inner-SP-KW-Complex-magnesium complex for women-EM-CPC-1k,345330397911117,0.8743169398907104,0,19.060025010421008,4,0,18976432727508.0,293940290754815,USD,5.246582832148715,4,4,95.96,0,95.96,455241455675192,0,3,0,18.29,3,DAILY_BUDGET,B0G26383JK,3,4,18.29,Amazon,95.96,19.060025010421008,95.96,915,3,3,3,8,Inner-SP-KW-Complex-magnesium complex for women-EM-CPC-1k,spAdvertisedProduct,US,INNERBRIGHTNESS,spAdvertisedProduct_innerbrightness_US_2026-03-21_2026-04-20.json,2026-04-21 01:59:19
35242,2026-04-21 01:59:19.956075,2026-04-21 01:59:19.956075,2026-04-12,0.0,0.0,0,0.0,0.0,0.0,0,0,PAUSED,IBU_MCUF_90C1,0.0,0,1.0,0,0,2.28,0,Inner-SP-KW-Complex-magnesium complex for women-EM-CPC-1k,345330397911117,0.546448087431694,0,nan,0,0,18976432727508.0,293940290754815,USD,0.0,0,0,0.0,0,0.0,455241455675192,0,0,0,13.68,0,DAILY_BUDGET,B0G26383JK,0,0,13.68,Amazon,0.0,nan,0.0,1098,0,0,0,6,Inner-SP-KW-Complex-magnesium complex for women-EM-CPC-1k,spAdvertisedProduct,US,INNERBRIGHTNESS,spAdvertisedProduct_innerbrightness_US_2026-03-21_2026-04-20.json,2026-04-21 01:59:19
35243,2026-04-21 01:59:19.956075,2026-04-21 01:59:19.956075,2026-04-13,16.78,0.9801401869158879,1,33.56,33.56,33.56,0,1,PAUSED,IBU_MCUF_90C1,0.0,2,1.0,2,2,2.2826666666666666,2,Inner-SP-KW-Complex-magnesium complex for women-EM-CPC-1k,345330397911117,1.179245283018868,0,102.02622169249108,2,0,18976432727508.0,293940290754815,USD,0.9801401869158879,2,2,33.56,0,16.78,455241455675192,0,2,0,34.24,1,DAILY_BUDGET,B0G26383JK,1,2,34.24,Amazon,33.56,102.02622169249108,33.56,1272,2,2,2,15,Inner-SP-KW-Complex-magnesium complex for women-EM-CPC-1k,spAdvertisedProduct,US,INNERBRIGHTNESS,spAdvertisedProduct_innerbrightness_US_2026-03-21_2026-04-20.json,2026-04-21 01:59:19
35244,2026-04-21 01:59:19.956075,2026-04-21 01:59:19.956075,2026-04-14,0.0,nan,0,0.0,0.0,0.0,0,0,PAUSED,IBU_MCUF_90C1,0.0,0,1.0,0,0,nan,0,Inner-SP-KW-Complex-magnesium complex for women-EM-CPC-1k,345330397911117,nan,0,nan,0,0,18976432727508.0,293940290754815,USD,nan,0,0,0.0,0,0.0,455241455675192,0,0,0,0.0,0,DAILY_BUDGET,B0G26383JK,0,0,0.0,Amazon,0.0,nan,0.0,0,0,0,0,0,Inner-SP-KW-Complex-magnesium complex for women-EM-CPC-1k,spAdvertisedProduct,US,INNERBRIGHTNESS,spAdvertisedProduct_innerbrightness_US_2026-03-21_2026-04-20.json,2026-04-21 01:59:19
35245,2026-04-21 01:59:19.956075,2026-04-21 01:59:19.956075,2026-04-15,0.0,nan,0,0.0,0.0,0.0,0,0,PAUSED,IBU_MCUF_90C1,0.0,0,1.0,0,0,nan,0,Inner-SP-KW-Complex-magnesium complex for women-EM-CPC-1k,345330397911117,nan,0,nan,0,0,18976432727508.0,293940290754815,USD,nan,0,0,0.0,0,0.0,455241455675192,0,0,0,0.0,0,DAILY_BUDGET,B0G26383JK,0,0,0.0,Amazon,0.0,nan,0.0,0,0,0,0,0,Inner-SP-KW-Complex-magnesium complex for women-EM-CPC-1k,spAdvertisedProduct,US,INNERBRIGHTNESS,spAdvertisedProduct_innerbrightness_US_2026-03-21_2026-04-20.json,2026-04-21 01:59:19
35246,2026-04-21 01:59:19.956075,2026-04-21 01:59:19.956075,2026-04-16,0.0,nan,0,0.0,0.0,0.0,0,0,PAUSED,IBU_MCUF_90C1,0.0,0,1.0,0,0,nan,0,Inner-SP-KW-Complex-magnesium complex for women-EM-CPC-1k,345330397911117,nan,0,nan,0,0,18976432727508.0,293940290754815,USD,nan,0,0,0.0,0,0.0,455241455675192,0,0,0,0.0,0,DAILY_BUDGET,B0G26383JK,0,0,0.0,Amazon,0.0,nan,0.0,0,0,0,0,0,Inner-SP-KW-Complex-magnesium complex for women-EM-CPC-1k,spAdvertisedProduct,US,INNERBRIGHTNESS,spAdvertisedProduct_innerbrightness_US_2026-03-21_2026-04-20.json,2026-04-21 01:59:19
35247,2026-04-21 01:59:19.956075,2026-04-21 01:59:19.956075,2026-04-17,0.0,nan,0,0.0,0.0,0.0,0,0,PAUSED,IBU_MCUF_90C1,0.0,0,1.0,0,0,nan,0,Inner-SP-KW-Complex-magnesium complex for women-EM-CPC-1k,345330397911117,nan,0,nan,0,0,18976432727508.0,293940290754815,USD,nan,0,0,0.0,0,0.0,455241455675192,0,0,0,0.0,0,DAILY_BUDGET,B0G26383JK,0,0,0.0,Amazon,0.0,nan,0.0,0,0,0,0,0,Inner-SP-KW-Complex-magnesium complex for women-EM-CPC-1k,spAdvertisedProduct,US,INNERBRIGHTNESS,spAdvertisedProduct_innerbrightness_US_2026-03-21_2026-04-20.json,2026-04-21 01:59:19
35248,2026-04-21 01:59:19.956075,2026-04-21 01:59:19.956075,2026-04-11,95.96,0.6767471787764798,4,136.73,136.73,136.73,0,4,ENABLED,IBU_MCUF_90C1,0.0,6,200.0,6,6,3.6078571428571427,6,Inner-SP-KW-Complex-magnesium complex for women-BM-CPC-1k,385122874231334,7.898448519040903,0,147.76566956776128,6,0,18976432727508.0,367550942768642,USD,0.6767471787764798,6,6,136.73,0,95.96,534961527455391,0,6,0,202.04,4,DAILY_BUDGET,B0G26383JK,4,6,202.04,Amazon,136.73,147.76566956776128,136.73,709,6,6,6,56,Inner-SP-KW-Complex-magnesium complex for women-BM-CPC-1k,spAdvertisedProduct,US,INNERBRIGHTNESS,spAdvertisedProduct_innerbrightness_US_2026-03-21_2026-04-20.json,2026-04-21 01:59:19
35249,2026-04-21 01:59:19.956075,2026-04-21 01:59:19.956075,2026-04-12,215.91,1.1378484107579463,9,232.69,232.69,232.69,0,9,ENABLED,IBU_MCUF_90C1,0.0,10,200.0,10,10,3.587719298245614,10,Inner-SP-KW-Complex-magnesium complex for women-BM-CPC-1k,385122874231334,7.251908396946565,0,87.88516910911514,10,0,18976432727508.0,367550942768642,USD,1.1378484107579463,10,10,232.69,0,215.91,534961527455391,0,10,0,204.5,9,DAILY_BUDGET,B0G26383JK,9,10,204.5,Amazon,232.69,87.88516910911514,232.69,786,10,10,10,57,Inner-SP-KW-Complex-magnesium complex for women-BM-CPC-1k,spAdvertisedProduct,US,INNERBRIGHTNESS,spAdvertisedProduct_innerbrightness_US_2026-03-21_2026-04-20.json,2026-04-21 01:59:19
35250,2026-04-21 01:59:19.956075,2026-04-21 01:59:19.956075,2026-04-13,369.16,1.0797568934166937,23,419.5,433.49,419.5,0,22,ENABLED,IBU_MCUF_90C1,13.99,25,200.0,26,25,3.55283185840708,26,Inner-SP-KW-Complex-magnesium complex for women-BM-CPC-1k,385122874231334,2.624245239201115,0,92.61343975639576,26,0,18976432727508.0,367550942768642,USD,1.0797568934166937,25,26,419.5,0,383.15,534961527455391,0,25,1,401.47,22,DAILY_BUDGET,B0G26383JK,23,25,401.47,Amazon,433.49,92.61343975639576,433.49,4306,25,26,26,113,Inner-SP-KW-Complex-magnesium complex for women-BM-CPC-1k,spAdvertisedProduct,US,INNERBRIGHTNESS,spAdvertisedProduct_innerbrightness_US_2026-03-21_2026-04-20.json,2026-04-21 01:59:19
35251,2026-04-21 01:59:19.956075,2026-04-21 01:59:19.956075,2026-04-14,167.8,0.718156378600823,10,218.14,218.14,218.14,0,10,ENABLED,IBU_MCUF_90C1,0.0,12,200.0,12,13,3.1973684210526314,13,Inner-SP-KW-Complex-magnesium complex for women-BM-CPC-1k,385122874231334,1.1214732617164442,0,139.24543870908593,13,0,18976432727508.0,367550942768642,USD,0.718156378600823,13,13,218.14,0,167.8,534961527455391,0,12,0,303.75,9,DAILY_BUDGET,B0G26383JK,9,13,303.75,Amazon,218.14,139.24543870908593,218.14,8471,12,12,12,95,Inner-SP-KW-Complex-magnesium complex for women-BM-CPC-1k,spAdvertisedProduct,US,INNERBRIGHTNESS,spAdvertisedProduct_innerbrightness_US_2026-03-21_2026-04-20.json,2026-04-21 01:59:19
35252,2026-04-21 01:59:19.956075,2026-04-21 01:59:19.956075,2026-04-15,67.12,0.4571895647435461,4,67.12,67.12,67.12,0,4,ENABLED,IBU_MCUF_90C1,0.0,4,200.0,4,4,2.621607142857143,4,Inner-SP-KW-Complex-magnesium complex for women-BM-CPC-1k,385122874231334,0.8205128205128205,0,218.72765196662692,4,0,18976432727508.0,367550942768642,USD,0.4571895647435461,4,4,67.12,0,67.12,534961527455391,0,4,0,146.81,4,DAILY_BUDGET,B0G26383JK,4,4,146.81,Amazon,67.12,218.72765196662692,67.12,6825,4,4,4,56,Inner-SP-KW-Complex-magnesium complex for women-BM-CPC-1k,spAdvertisedProduct,US,INNERBRIGHTNESS,spAdvertisedProduct_innerbrightness_US_2026-03-21_2026-04-20.json,2026-04-21 01:59:19
35253,2026-04-21 01:59:19.956075,2026-04-21 01:59:19.956075,2026-04-16,100.68,1.1023932426091037,6,117.46,117.46,117.46,0,6,ENABLED,IBU_MCUF_90C1,0.0,7,200.0,7,7,2.732051282051282,7,Inner-SP-KW-Complex-magnesium complex for women-BM-CPC-1k,385122874231334,0.693950177935943,0,90.7117316533288,7,0,18976432727508.0,367550942768642,USD,1.1023932426091037,7,7,117.46,0,100.68,534961527455391,0,7,0,106.55,6,DAILY_BUDGET,B0G26383JK,6,7,106.55,Amazon,117.46,90.7117316533288,117.46,5620,7,7,7,39,Inner-SP-KW-Complex-magnesium complex for women-BM-CPC-1k,spAdvertisedProduct,US,INNERBRIGHTNESS,spAdvertisedProduct_innerbrightness_US_2026-03-21_2026-04-20.json,2026-04-21 01:59:19
35254,2026-04-21 01:59:19.956075,2026-04-21 01:59:19.956075,2026-04-17,167.8,0.8492762425346695,10,167.8,167.8,167.8,0,10,ENABLED,IBU_MCUF_90C1,0.0,9,200.0,9,10,2.6344000000000003,10,Inner-SP-KW-Complex-magnesium complex for women-BM-CPC-1k,385122874231334,0.6693440428380187,0,117.74731823599522,10,0,18976432727508.0,367550942768642,USD,0.8492762425346695,10,10,167.8,0,167.8,534961527455391,0,9,0,197.58,9,DAILY_BUDGET,B0G26383JK,9,10,197.58,Amazon,167.8,117.74731823599522,167.8,11205,9,9,9,75,Inner-SP-KW-Complex-magnesium complex for women-BM-CPC-1k,spAdvertisedProduct,US,INNERBRIGHTNESS,spAdvertisedProduct_innerbrightness_US_2026-03-21_2026-04-20.json,2026-04-21 01:59:19
35259,2026-04-21 01:59:19.956075,2026-04-21 01:59:19.956075,2026-04-11,143.94,4.112571428571428,6,143.94,143.94,143.94,0,6,ENABLED,IBU_MCUF_90C1,0.0,5,1.0,5,6,2.6923076923076925,6,Inner-SP-Auto-Magnesium Complex-CPC-Low bid,387720267759382,0.391330523780855,0,24.315687091843824,6,0,18976432727508.0,352698934210986,USD,4.112571428571428,6,6,143.94,0,143.94,450215071199945,0,5,0,35.0,5,DAILY_BUDGET,B0G26383JK,5,6,35.0,Amazon,143.94,24.315687091843824,143.94,3322,5,5,5,13,Inner-SP-Auto-Magnesium Complex-CPC-Low bid,spAdvertisedProduct,US,INNERBRIGHTNESS,spAdvertisedProduct_innerbrightness_US_2026-03-21_2026-04-20.json,2026-04-21 01:59:19
35260,2026-04-21 01:59:19.956075,2026-04-21 01:59:19.956075,2026-04-12,23.99,0.6276818419675563,1,23.99,23.99,23.99,0,1,ENABLED,IBU_MCUF_90C1,0.0,1,1.0,1,1,2.548,1,Inner-SP-Auto-Magnesium Complex-CPC-Low bid,387720267759382,0.44629574531389465,0,159.31638182576074,1,0,18976432727508.0,352698934210986,USD,0.6276818419675563,1,1,23.99,0,23.99,450215071199945,0,1,0,38.22,1,DAILY_BUDGET,B0G26383JK,1,1,38.22,Amazon,23.99,159.31638182576074,23.99,3361,1,1,1,15,Inner-SP-Auto-Magnesium Complex-CPC-Low bid,spAdvertisedProduct,US,INNERBRIGHTNESS,spAdvertisedProduct_innerbrightness_US_2026-03-21_2026-04-20.json,2026-04-21 01:59:19
35261,2026-04-21 01:59:19.956075,2026-04-21 01:59:19.956075,2026-04-13,50.34,0.6959767731231855,3,50.34,50.34,50.34,0,3,ENABLED,IBU_MCUF_90C1,0.0,3,1.0,3,3,3.01375,3,Inner-SP-Auto-Magnesium Complex-CPC-Low bid,387720267759382,0.164631636712855,0,143.6829558998808,3,0,18976432727508.0,352698934210986,USD,0.6959767731231855,3,3,50.34,0,50.34,450215071199945,0,3,0,72.33,3,DAILY_BUDGET,B0G26383JK,3,3,72.33,Amazon,50.34,143.6829558998808,50.34,14578,3,3,3,24,Inner-SP-Auto-Magnesium Complex-CPC-Low bid,spAdvertisedProduct,US,INNERBRIGHTNESS,spAdvertisedProduct_innerbrightness_US_2026-03-21_2026-04-20.json,2026-04-21 01:59:19
35262,2026-04-21 01:59:19.956075,2026-04-21 01:59:19.956075,2026-04-14,0.0,0.0,0,0.0,0.0,0.0,0,0,ENABLED,IBU_MCUF_90C1,0.0,0,1.0,0,0,3.5,0,Inner-SP-Auto-Magnesium Complex-CPC-Low bid,387720267759382,0.3194888178913738,0,nan,0,0,18976432727508.0,352698934210986,USD,0.0,0,0,0.0,0,0.0,450215071199945,0,0,0,3.5,0,DAILY_BUDGET,B0G26383JK,0,0,3.5,Amazon,0.0,nan,0.0,313,0,0,0,1,Inner-SP-Auto-Magnesium Complex-CPC-Low bid,spAdvertisedProduct,US,INNERBRIGHTNESS,spAdvertisedProduct_innerbrightness_US_2026-03-21_2026-04-20.json,2026-04-21 01:59:19
35263,2026-04-21 01:59:19.956075,2026-04-21 01:59:19.956075,2026-04-15,0.0,0.0,0,0.0,0.0,0.0,0,0,ENABLED,IBU_MCUF_90C1,0.0,0,1.0,0,0,3.5,0,Inner-SP-Auto-Magnesium Complex-CPC-Low bid,387720267759382,1.0,0,nan,0,0,18976432727508.0,352698934210986,USD,0.0,0,0,0.0,0,0.0,450215071199945,0,0,0,3.5,0,DAILY_BUDGET,B0G26383JK,0,0,3.5,Amazon,0.0,nan,0.0,100,0,0,0,1,Inner-SP-Auto-Magnesium Complex-CPC-Low bid,spAdvertisedProduct,US,INNERBRIGHTNESS,spAdvertisedProduct_innerbrightness_US_2026-03-21_2026-04-20.json,2026-04-21 01:59:19
35264,2026-04-21 01:59:19.956075,2026-04-21 01:59:19.956075,2026-04-16,0.0,0.0,0,0.0,0.0,0.0,0,0,ENABLED,IBU_MCUF_90C1,0.0,0,1.0,0,0,3.46,0,Inner-SP-Auto-Magnesium Complex-CPC-Low bid,387720267759382,0.33670033670033667,0,nan,0,0,18976432727508.0,352698934210986,USD,0.0,0,0,0.0,0,0.0,450215071199945,0,0,0,3.46,0,DAILY_BUDGET,B0G26383JK,0,0,3.46,Amazon,0.0,nan,0.0,297,0,0,0,1,Inner-SP-Auto-Magnesium Complex-CPC-Low bid,spAdvertisedProduct,US,INNERBRIGHTNESS,spAdvertisedProduct_innerbrightness_US_2026-03-21_2026-04-20.json,2026-04-21 01:59:19
35265,2026-04-21 01:59:19.956075,2026-04-21 01:59:19.956075,2026-04-17,0.0,0.0,0,0.0,0.0,0.0,0,0,ENABLED,IBU_MCUF_90C1,0.0,0,1.0,0,0,3.5,0,Inner-SP-Auto-Magnesium Complex-CPC-Low bid,387720267759382,0.8620689655172413,0,nan,0,0,18976432727508.0,352698934210986,USD,0.0,0,0,0.0,0,0.0,450215071199945,0,0,0,3.5,0,DAILY_BUDGET,B0G26383JK,0,0,3.5,Amazon,0.0,nan,0.0,116,0,0,0,1,Inner-SP-Auto-Magnesium Complex-CPC-Low bid,spAdvertisedProduct,US,INNERBRIGHTNESS,spAdvertisedProduct_innerbrightness_US_2026-03-21_2026-04-20.json,2026-04-21 01:59:19
35269,2026-04-21 01:59:19.956075,2026-04-21 01:59:19.956075,2026-04-11,0.0,0.0,0,0.0,0.0,0.0,0,0,ENABLED,IBM_MGMB_06G1FR,0.0,0,600.0,0,0,1.624285714285714,0,Inner-SP-KW-gumm-magnesium glycinate gummies-EM-CPC-8k,552923299547324,0.4660452729693742,0,nan,0,0,269179459475581.0,375378915116145,USD,0.0,0,0,0.0,0,0.0,439217402283731,0,0,0,11.37,0,DAILY_BUDGET,B0DKT3PXRP,0,0,11.37,Amazon,0.0,nan,0.0,1502,0,0,0,7,Inner-SP-KW-gumm-magnesium glycinate gummies-EM-CPC-8k,spAdvertisedProduct,US,INNERBRIGHTNESS,spAdvertisedProduct_innerbrightness_US_2026-03-21_2026-04-20.json,2026-04-21 01:59:19
35270,2026-04-21 01:59:19.956075,2026-04-21 01:59:19.956075,2026-04-12,0.0,0.0,0,0.0,0.0,0.0,0,0,ENABLED,IBM_MGMB_06G1FR,0.0,0,600.0,0,0,1.4966666666666668,0,Inner-SP-KW-gumm-magnesium glycinate gummies-EM-CPC-8k,552923299547324,0.3097573567372225,0,nan,0,0,269179459475581.0,375378915116145,USD,0.0,0,0,0.0,0,0.0,439217402283731,0,0,0,8.98,0,DAILY_BUDGET,B0DKT3PXRP,0,0,8.98,Amazon,0.0,nan,0.0,1937,0,0,0,6,Inner-SP-KW-gumm-magnesium glycinate gummies-EM-CPC-8k,spAdvertisedProduct,US,INNERBRIGHTNESS,spAdvertisedProduct_innerbrightness_US_2026-03-21_2026-04-20.json,2026-04-21 01:59:19
35271,2026-04-21 01:59:19.956075,2026-04-21 01:59:19.956075,2026-04-13,0.0,0.0,0,0.0,0.0,0.0,0,0,ENABLED,IBM_MGMB_06G1FR,0.0,0,600.0,0,0,1.5,0,Inner-SP-KW-gumm-magnesium glycinate gummies-EM-CPC-8k,552923299547324,0.291970802919708,0,nan,0,0,269179459475581.0,375378915116145,USD,0.0,0,0,0.0,0,0.0,439217402283731,0,0,0,12.0,0,DAILY_BUDGET,B0DKT3PXRP,0,0,12.0,Amazon,0.0,nan,0.0,2740,0,0,0,8,Inner-SP-KW-gumm-magnesium glycinate gummies-EM-CPC-8k,spAdvertisedProduct,US,INNERBRIGHTNESS,spAdvertisedProduct_innerbrightness_US_2026-03-21_2026-04-20.json,2026-04-21 01:59:19
35272,2026-04-21 01:59:19.956075,2026-04-21 01:59:19.956075,2026-04-14,209.85,1.1678392745465915,18,223.84,298.78,223.84,0,15,ENABLED,IBM_MGMB_06G1FR,74.94,16,600.0,19,16,3.045714285714286,19,Inner-SP-KW-gumm-magnesium glycinate gummies-EM-CPC-8k,552923299547324,2.5172310458495653,0,85.62822143383092,19,0,269179459475581.0,375378915116145,USD,1.1678392745465915,16,19,223.84,0,284.79,439217402283731,0,16,3,255.84,15,DAILY_BUDGET,B0DKT3PXRP,18,16,255.84,Amazon,298.78,85.62822143383092,298.78,3337,16,19,19,84,Inner-SP-KW-gumm-magnesium glycinate gummies-EM-CPC-8k,spAdvertisedProduct,US,INNERBRIGHTNESS,spAdvertisedProduct_innerbrightness_US_2026-03-21_2026-04-20.json,2026-04-21 01:59:19
35273,2026-04-21 01:59:19.956075,2026-04-21 01:59:19.956075,2026-04-15,349.75,1.2611405835543765,27,433.69,475.45,433.69,0,25,ENABLED,IBM_MGMB_06G1FR,41.76,30,600.0,32,31,3.016,33,Inner-SP-KW-gumm-magnesium glycinate gummies-EM-CPC-8k,552923299547324,2.4390243902439024,0,79.29330108318436,33,0,269179459475581.0,375378915116145,USD,1.2611405835543765,31,33,433.69,0,391.51,439217402283731,0,30,2,377.0,24,DAILY_BUDGET,B0DKT3PXRP,26,31,377.0,Amazon,475.45,79.29330108318436,475.45,5125,30,32,32,125,Inner-SP-KW-gumm-magnesium glycinate gummies-EM-CPC-8k,spAdvertisedProduct,US,INNERBRIGHTNESS,spAdvertisedProduct_innerbrightness_US_2026-03-21_2026-04-20.json,2026-04-21 01:59:19
35274,2026-04-21 01:59:19.956075,2026-04-21 01:59:19.956075,2026-04-16,587.58,1.49326041083502,44,643.54,693.5,643.54,0,42,ENABLED,IBM_MGMB_06G1FR,49.96,44,600.0,46,46,2.902625,48,Inner-SP-KW-gumm-magnesium glycinate gummies-EM-CPC-8k,552923299547324,2.729909571745436,0,66.96755587599135,48,0,269179459475581.0,375378915116145,USD,1.49326041083502,46,48,643.54,0,637.54,439217402283731,0,44,2,464.42,40,DAILY_BUDGET,B0DKT3PXRP,42,46,464.42,Amazon,693.5,66.96755587599135,693.5,5861,44,46,46,160,Inner-SP-KW-gumm-magnesium glycinate gummies-EM-CPC-8k,spAdvertisedProduct,US,INNERBRIGHTNESS,spAdvertisedProduct_innerbrightness_US_2026-03-21_2026-04-20.json,2026-04-21 01:59:19
35275,2026-04-21 01:59:19.956075,2026-04-21 01:59:19.956075,2026-04-17,475.66,1.0462852714936404,36,503.64,553.6,503.64,0,34,ENABLED,IBM_MGMB_06G1FR,49.96,35,600.0,37,36,2.75578125,38,Inner-SP-KW-gumm-magnesium glycinate gummies-EM-CPC-8k,552923299547324,2.619729840360213,0,95.57622832369943,38,0,269179459475581.0,375378915116145,USD,1.0462852714936404,36,38,503.64,0,525.62,439217402283731,0,35,2,529.11,33,DAILY_BUDGET,B0DKT3PXRP,35,36,529.11,Amazon,553.6,95.57622832369943,553.6,7329,35,37,37,192,Inner-SP-KW-gumm-magnesium glycinate gummies-EM-CPC-8k,spAdvertisedProduct,US,INNERBRIGHTNESS,spAdvertisedProduct_innerbrightness_US_2026-03-21_2026-04-20.json,2026-04-21 01:59:19
35279,2026-04-21 01:59:19.956075,2026-04-21 01:59:19.956075,2026-04-11,146.94,3.748469387755102,6,146.94,146.94,146.94,0,6,ENABLED,IBU_BBUF_06C1,0.0,2,180.0,2,6,2.45,6,Inner-SP-KW-Berberine Capsules-PAT,287272276943680,1.9417475728155338,0,26.677555464815573,6,0,189812334889736.0,355586468617788,USD,3.748469387755102,6,6,146.94,0,146.94,301827846242541,0,2,0,39.2,2,DAILY_BUDGET,B0G25Y3DVZ,2,6,39.2,Amazon,146.94,26.677555464815573,146.94,824,2,2,2,16,Inner-SP-KW-Berberine Capsules-PAT,spAdvertisedProduct,US,INNERBRIGHTNESS,spAdvertisedProduct_innerbrightness_US_2026-03-21_2026-04-20.json,2026-04-21 01:59:19
35280,2026-04-21 01:59:19.956075,2026-04-21 01:59:19.956075,2026-04-12,73.47,1.6640996602491507,3,73.47,73.47,73.47,0,3,ENABLED,IBU_BBUF_06C1,0.0,3,180.0,3,3,2.4527777777777775,3,Inner-SP-KW-Berberine Capsules-PAT,287272276943680,1.4527845036319613,0,60.09255478426569,3,0,189812334889736.0,355586468617788,USD,1.6640996602491507,3,3,73.47,0,73.47,301827846242541,0,3,0,44.15,3,DAILY_BUDGET,B0G25Y3DVZ,3,3,44.15,Amazon,73.47,60.09255478426569,73.47,1239,3,3,3,18,Inner-SP-KW-Berberine Capsules-PAT,spAdvertisedProduct,US,INNERBRIGHTNESS,spAdvertisedProduct_innerbrightness_US_2026-03-21_2026-04-20.json,2026-04-21 01:59:19
35281,2026-04-21 01:59:19.956075,2026-04-21 01:59:19.956075,2026-04-13,0.0,0.8424492604059167,0,24.49,24.49,24.49,0,0,ENABLED,IBU_BBUF_06C1,0.0,1,180.0,1,1,2.2361538461538464,1,Inner-SP-KW-Berberine Capsules-PAT,287272276943680,1.169064748201439,0,118.70151082074317,1,0,189812334889736.0,355586468617788,USD,0.8424492604059167,1,1,24.49,0,0.0,301827846242541,0,1,0,29.07,0,DAILY_BUDGET,B0G25Y3DVZ,0,1,29.07,Amazon,24.49,118.70151082074317,24.49,1112,1,1,1,13,Inner-SP-KW-Berberine Capsules-PAT,spAdvertisedProduct,US,INNERBRIGHTNESS,spAdvertisedProduct_innerbrightness_US_2026-03-21_2026-04-20.json,2026-04-21 01:59:19
35282,2026-04-21 01:59:19.956075,2026-04-21 01:59:19.956075,2026-04-14,73.47,2.474987367357251,3,97.96,97.96,97.96,0,3,ENABLED,IBU_BBUF_06C1,0.0,4,180.0,4,4,2.47375,4,Inner-SP-KW-Berberine Capsules-PAT,287272276943680,3.4482758620689653,0,40.40424663127807,4,0,189812334889736.0,355586468617788,USD,2.474987367357251,4,4,97.96,0,73.47,301827846242541,0,4,0,39.58,3,DAILY_BUDGET,B0G25Y3DVZ,3,4,39.58,Amazon,97.96,40.40424663127807,97.96,464,4,4,4,16,Inner-SP-KW-Berberine Capsules-PAT,spAdvertisedProduct,US,INNERBRIGHTNESS,spAdvertisedProduct_innerbrightness_US_2026-03-21_2026-04-20.json,2026-04-21 01:59:19
35283,2026-04-21 01:59:19.956075,2026-04-21 01:59:19.956075,2026-04-15,171.43,3.358738244514107,7,171.43,171.43,171.43,0,7,ENABLED,IBU_BBUF_06C1,0.0,6,180.0,6,7,2.4304761904761905,7,Inner-SP-KW-Berberine Capsules-PAT,287272276943680,1.7369727047146404,0,29.773085224289797,7,0,189812334889736.0,355586468617788,USD,3.358738244514107,7,7,171.43,0,171.43,301827846242541,0,6,0,51.04,6,DAILY_BUDGET,B0G25Y3DVZ,6,7,51.04,Amazon,171.43,29.773085224289797,171.43,1209,6,6,6,21,Inner-SP-KW-Berberine Capsules-PAT,spAdvertisedProduct,US,INNERBRIGHTNESS,spAdvertisedProduct_innerbrightness_US_2026-03-21_2026-04-20.json,2026-04-21 01:59:19
35284,2026-04-21 01:59:19.956075,2026-04-21 01:59:19.956075,2026-04-16,97.96,2.5704539490947256,4,97.96,97.96,97.96,0,4,ENABLED,IBU_BBUF_06C1,0.0,4,180.0,4,4,2.381875,4,Inner-SP-KW-Berberine Capsules-PAT,287272276943680,0.9232544720138488,0,38.903634136382195,4,0,189812334889736.0,355586468617788,USD,2.5704539490947256,4,4,97.96,0,97.96,301827846242541,0,4,0,38.11,4,DAILY_BUDGET,B0G25Y3DVZ,4,4,38.11,Amazon,97.96,38.903634136382195,97.96,1733,4,4,4,16,Inner-SP-KW-Berberine Capsules-PAT,spAdvertisedProduct,US,INNERBRIGHTNESS,spAdvertisedProduct_innerbrightness_US_2026-03-21_2026-04-20.json,2026-04-21 01:59:19
35285,2026-04-21 01:59:19.956075,2026-04-21 01:59:19.956075,2026-04-17,48.98,1.042127659574468,2,48.98,48.98,48.98,0,2,ENABLED,IBU_BBUF_06C1,0.0,2,180.0,2,2,2.473684210526316,2,Inner-SP-KW-Berberine Capsules-PAT,287272276943680,1.0337323177366704,0,95.95753368721928,2,0,189812334889736.0,355586468617788,USD,1.042127659574468,2,2,48.98,0,48.98,301827846242541,0,2,0,47.0,2,DAILY_BUDGET,B0G25Y3DVZ,2,2,47.0,Amazon,48.98,95.95753368721928,48.98,1838,2,2,2,19,Inner-SP-KW-Berberine Capsules-PAT,spAdvertisedProduct,US,INNERBRIGHTNESS,spAdvertisedProduct_innerbrightness_US_2026-03-21_2026-04-20.json,2026-04-21 01:59:19
35289,2026-04-21 01:59:19.956075,2026-04-21 01:59:19.956075,2026-04-11,67.77,0.8228508984944147,3,67.77,67.77,67.77,0,3,ENABLED,IBG_INUF_12C1F,0.0,3,40.0,3,3,3.167692307692308,3,IB-SP-KW-inositol-inositol supplement for women-EM-2w,467019307309442,2.138157894736842,0,121.5287000147558,3,0,209298027301784.0,298924021225174,USD,0.8228508984944147,3,3,67.77,0,67.77,364613545350368,0,3,0,82.36,3,DAILY_BUDGET,B0FYFBZ7W5,3,3,82.36,Amazon,67.77,121.5287000147558,67.77,1216,3,3,3,26,IB-SP-KW-inositol-inositol supplement for women-EM-2w,spAdvertisedProduct,US,INNERBRIGHTNESS,spAdvertisedProduct_innerbrightness_US_2026-03-21_2026-04-20.json,2026-04-21 01:59:19
35290,2026-04-21 01:59:19.956075,2026-04-21 01:59:19.956075,2026-04-12,0.0,0.0,0,0.0,0.0,0.0,0,0,ENABLED,IBG_INUF_12C1F,0.0,0,40.0,0,0,3.0310526315789477,0,IB-SP-KW-inositol-inositol supplement for women-EM-2w,467019307309442,1.2933968686181077,0,nan,0,0,209298027301784.0,298924021225174,USD,0.0,0,0,0.0,0,0.0,364613545350368,0,0,0,57.59,0,DAILY_BUDGET,B0FYFBZ7W5,0,0,57.59,Amazon,0.0,nan,0.0,1469,0,0,0,19,IB-SP-KW-inositol-inositol supplement for women-EM-2w,spAdvertisedProduct,US,INNERBRIGHTNESS,spAdvertisedProduct_innerbrightness_US_2026-03-21_2026-04-20.json,2026-04-21 01:59:19
35291,2026-04-21 01:59:19.956075,2026-04-21 01:59:19.956075,2026-04-13,22.59,1.0625587958607714,1,67.77,67.77,67.77,0,1,ENABLED,IBG_INUF_12C1F,0.0,3,40.0,3,3,2.899090909090909,3,IB-SP-KW-inositol-inositol supplement for women-EM-2w,467019307309442,1.334141904184354,0,94.11243913235946,3,0,209298027301784.0,298924021225174,USD,1.0625587958607714,3,3,67.77,0,22.59,364613545350368,0,3,0,63.78,1,DAILY_BUDGET,B0FYFBZ7W5,1,3,63.78,Amazon,67.77,94.11243913235946,67.77,1649,3,3,3,22,IB-SP-KW-inositol-inositol supplement for women-EM-2w,spAdvertisedProduct,US,INNERBRIGHTNESS,spAdvertisedProduct_innerbrightness_US_2026-03-21_2026-04-20.json,2026-04-21 01:59:19
35292,2026-04-21 01:59:19.956075,2026-04-21 01:59:19.956075,2026-04-14,112.95,1.9305335123916494,5,158.13,158.13,158.13,0,5,ENABLED,IBG_INUF_12C1F,0.0,6,40.0,6,7,3.150384615384615,7,IB-SP-KW-inositol-inositol supplement for women-EM-2w,467019307309442,1.74496644295302,0,51.799152595965346,7,0,209298027301784.0,298924021225174,USD,1.9305335123916494,7,7,158.13,0,112.95,364613545350368,0,6,0,81.91,4,DAILY_BUDGET,B0FYFBZ7W5,4,7,81.91,Amazon,158.13,51.799152595965346,158.13,1490,6,6,6,26,IB-SP-KW-inositol-inositol supplement for women-EM-2w,spAdvertisedProduct,US,INNERBRIGHTNESS,spAdvertisedProduct_innerbrightness_US_2026-03-21_2026-04-20.json,2026-04-21 01:59:19
35293,2026-04-21 01:59:19.956075,2026-04-21 01:59:19.956075,2026-04-15,22.59,0.8397769516728625,1,45.18,45.18,45.18,0,1,ENABLED,IBG_INUF_12C1F,0.0,2,40.0,2,2,2.988888888888889,2,IB-SP-KW-inositol-inositol supplement for women-EM-2w,467019307309442,2.2222222222222223,0,119.07923860115095,2,0,209298027301784.0,298924021225174,USD,0.8397769516728625,2,2,45.18,0,22.59,364613545350368,0,2,0,53.8,1,DAILY_BUDGET,B0FYFBZ7W5,1,2,53.8,Amazon,45.18,119.07923860115095,45.18,810,2,2,2,18,IB-SP-KW-inositol-inositol supplement for women-EM-2w,spAdvertisedProduct,US,INNERBRIGHTNESS,spAdvertisedProduct_innerbrightness_US_2026-03-21_2026-04-20.json,2026-04-21 01:59:19
35294,2026-04-21 01:59:19.956075,2026-04-21 01:59:19.956075,2026-04-16,112.95,1.7985668789808917,5,135.54,135.54,135.54,0,5,ENABLED,IBG_INUF_12C1F,0.0,6,40.0,6,6,3.14,6,IB-SP-KW-inositol-inositol supplement for women-EM-2w,467019307309442,2.0151133501259446,0,55.59982293050022,6,0,209298027301784.0,298924021225174,USD,1.7985668789808917,6,6,135.54,0,112.95,364613545350368,0,6,0,75.36,5,DAILY_BUDGET,B0FYFBZ7W5,5,6,75.36,Amazon,135.54,55.59982293050022,135.54,1191,6,6,6,24,IB-SP-KW-inositol-inositol supplement for women-EM-2w,spAdvertisedProduct,US,INNERBRIGHTNESS,spAdvertisedProduct_innerbrightness_US_2026-03-21_2026-04-20.json,2026-04-21 01:59:19
35295,2026-04-21 01:59:19.956075,2026-04-21 01:59:19.956075,2026-04-17,22.59,0.43367248992129004,1,22.59,22.59,22.59,0,1,ENABLED,IBG_INUF_12C1F,0.0,1,40.0,1,1,3.255625,1,IB-SP-KW-inositol-inositol supplement for women-EM-2w,467019307309442,2.5848142164781907,0,230.58875608676405,1,0,209298027301784.0,298924021225174,USD,0.43367248992129004,1,1,22.59,0,22.59,364613545350368,0,1,0,52.09,1,DAILY_BUDGET,B0FYFBZ7W5,1,1,52.09,Amazon,22.59,230.58875608676405,22.59,619,1,1,1,16,IB-SP-KW-inositol-inositol supplement for women-EM-2w,spAdvertisedProduct,US,INNERBRIGHTNESS,spAdvertisedProduct_innerbrightness_US_2026-03-21_2026-04-20.json,2026-04-21 01:59:19
35299,2026-04-21 01:59:19.956075,2026-04-21 01:59:19.956075,2026-04-11,0.0,0.0,0,0.0,0.0,0.0,0,0,PAUSED,IBM_MGMB_06G1FR,0.0,0,100.0,0,0,2.0566666666666666,0,Inner-SP-KW-gumm-magnesium glycinate-EM-54,298402294383592,0.18337408312958436,0,nan,0,0,269179459475581.0,384999211918150,USD,0.0,0,0,0.0,0,0.0,401692569369608,0,0,0,6.17,0,DAILY_BUDGET,B0DKT3PXRP,0,0,6.17,Amazon,0.0,nan,0.0,1636,0,0,0,3,Inner-SP-KW-gumm-magnesium glycinate-EM-54,spAdvertisedProduct,US,INNERBRIGHTNESS,spAdvertisedProduct_innerbrightness_US_2026-03-21_2026-04-20.json,2026-04-21 01:59:19
35300,2026-04-21 01:59:19.956075,2026-04-21 01:59:19.956075,2026-04-12,19.99,4.04212299915754,2,19.99,47.98,19.99,0,1,PAUSED,IBM_MGMB_06G1FR,27.99,1,100.0,2,1,1.9783333333333333,2,Inner-SP-KW-gumm-magnesium glycinate-EM-54,298402294383592,0.34662045060658575,0,24.739474781158815,2,0,269179459475581.0,384999211918150,USD,4.04212299915754,1,2,19.99,0,47.98,401692569369608,0,1,1,11.87,1,DAILY_BUDGET,B0DKT3PXRP,2,1,11.87,Amazon,47.98,24.739474781158815,47.98,1731,1,2,2,6,Inner-SP-KW-gumm-magnesium glycinate-EM-54,spAdvertisedProduct,US,INNERBRIGHTNESS,spAdvertisedProduct_innerbrightness_US_2026-03-21_2026-04-20.json,2026-04-21 01:59:19
35301,2026-04-21 01:59:19.956075,2026-04-21 01:59:19.956075,2026-04-13,125.91,1.5253084466940843,10,167.88,192.86,167.88,0,9,PAUSED,IBM_MGMB_06G1FR,24.98,9,100.0,10,12,2.4792156862745096,13,Inner-SP-KW-gumm-magnesium glycinate-EM-54,298402294383592,1.48471615720524,0,65.56051021466348,13,0,269179459475581.0,384999211918150,USD,1.5253084466940843,12,13,167.88,0,150.89,401692569369608,0,9,1,126.44,6,DAILY_BUDGET,B0DKT3PXRP,7,12,126.44,Amazon,192.86,65.56051021466348,192.86,3435,9,10,10,51,Inner-SP-KW-gumm-magnesium glycinate-EM-54,spAdvertisedProduct,US,INNERBRIGHTNESS,spAdvertisedProduct_innerbrightness_US_2026-03-21_2026-04-20.json,2026-04-21 01:59:19
35302,2026-04-21 01:59:19.956075,2026-04-21 01:59:19.956075,2026-04-14,97.93,1.381555572719549,7,153.89,178.87,153.89,0,7,PAUSED,IBM_MGMB_06G1FR,24.98,11,100.0,12,11,2.6422448979591837,12,Inner-SP-KW-gumm-magnesium glycinate-EM-54,298402294383592,1.8553578190079516,0,72.3821770000559,12,0,269179459475581.0,384999211918150,USD,1.381555572719549,11,12,153.89,0,97.93,401692569369608,0,11,1,129.47,7,DAILY_BUDGET,B0DKT3PXRP,7,11,129.47,Amazon,178.87,72.3821770000559,178.87,2641,11,12,12,49,Inner-SP-KW-gumm-magnesium glycinate-EM-54,spAdvertisedProduct,US,INNERBRIGHTNESS,spAdvertisedProduct_innerbrightness_US_2026-03-21_2026-04-20.json,2026-04-21 01:59:19
35303,2026-04-21 01:59:19.956075,2026-04-21 01:59:19.956075,2026-04-15,41.97,0.6169337057180655,3,41.97,41.97,41.97,0,3,PAUSED,IBM_MGMB_06G1FR,0.0,3,100.0,3,3,2.6165384615384615,3,Inner-SP-KW-gumm-magnesium glycinate-EM-54,298402294383592,1.015625,0,162.09197045508697,3,0,269179459475581.0,384999211918150,USD,0.6169337057180655,3,3,41.97,0,41.97,401692569369608,0,3,0,68.03,3,DAILY_BUDGET,B0DKT3PXRP,3,3,68.03,Amazon,41.97,162.09197045508697,41.97,2560,3,3,3,26,Inner-SP-KW-gumm-magnesium glycinate-EM-54,spAdvertisedProduct,US,INNERBRIGHTNESS,spAdvertisedProduct_innerbrightness_US_2026-03-21_2026-04-20.json,2026-04-21 01:59:19
35304,2026-04-21 01:59:19.956075,2026-04-21 01:59:19.956075,2026-04-16,0.0,nan,0,0.0,0.0,0.0,0,0,PAUSED,IBM_MGMB_06G1FR,0.0,0,100.0,0,0,nan,0,Inner-SP-KW-gumm-magnesium glycinate-EM-54,298402294383592,nan,0,nan,0,0,269179459475581.0,384999211918150,USD,nan,0,0,0.0,0,0.0,401692569369608,0,0,0,0.0,0,DAILY_BUDGET,B0DKT3PXRP,0,0,0.0,Amazon,0.0,nan,0.0,0,0,0,0,0,Inner-SP-KW-gumm-magnesium glycinate-EM-54,spAdvertisedProduct,US,INNERBRIGHTNESS,spAdvertisedProduct_innerbrightness_US_2026-03-21_2026-04-20.json,2026-04-21 01:59:19
35307,2026-04-21 01:59:19.956075,2026-04-21 01:59:19.956075,2026-04-11,619.69,0.9291316748534304,33,647.67,703.65,647.67,0,31,ENABLED,IBM_MGMB_06G1FR,55.98,33,1300.0,35,33,3.2643103448275865,35,Inner-SP-Auto-gumm-magnesium-CPC-Low bid,558606714617685,2.2101552824616557,0,107.62737156256664,35,0,269179459475581.0,512387332074245,USD,0.9291316748534304,33,35,647.67,0,675.67,285469202359062,0,33,2,757.32,31,DAILY_BUDGET,B0DKT3PXRP,33,33,757.32,Amazon,703.65,107.62737156256664,703.65,10497,33,35,35,232,Inner-SP-Auto-gumm-magnesium-CPC-Low bid,spAdvertisedProduct,US,INNERBRIGHTNESS,spAdvertisedProduct_innerbrightness_US_2026-03-21_2026-04-20.json,2026-04-21 01:59:19
35308,2026-04-21 01:59:19.956075,2026-04-21 01:59:19.956075,2026-04-12,1153.42,1.274174666354484,66,1307.31,1564.19,1307.31,0,58,ENABLED,IBM_MGMB_06G1FR,270.87,64,1300.0,74,69,3.242382198952879,79,Inner-SP-Auto-gumm-magnesium-CPC-Low bid,558606714617685,2.7800014554981445,0,78.48217567070928,79,0,269179459475581.0,512387332074245,USD,1.2628795646662738,69,78,1293.32,0,1374.33,285469202359062,0,65,10,1238.59,55,DAILY_BUDGET,B0DKT3PXRP,63,68,1238.59,Amazon,1578.18,79.18411446179812,1578.18,13741,65,75,75,382,Inner-SP-Auto-gumm-magnesium-CPC-Low bid,spAdvertisedProduct,US,INNERBRIGHTNESS,spAdvertisedProduct_innerbrightness_US_2026-03-21_2026-04-20.json,2026-04-21 01:59:19
35309,2026-04-21 01:59:19.956075,2026-04-21 01:59:19.956075,2026-04-13,741.47,1.242382467758352,58,839.4,950.31,839.4,0,53,ENABLED,IBM_MGMB_06G1FR,124.9,55,1300.0,60,60,3.2888559322033895,65,Inner-SP-Auto-gumm-magnesium-CPC-Low bid,558606714617685,5.707376058041112,0,80.49051125168516,65,0,269179459475581.0,512387332074245,USD,1.2243580658876276,60,64,825.41,0,866.37,285469202359062,0,56,5,776.17,49,DAILY_BUDGET,B0DKT3PXRP,54,59,776.17,Amazon,964.3,81.67545327314245,964.3,4135,56,61,61,236,Inner-SP-Auto-gumm-magnesium-CPC-Low bid,spAdvertisedProduct,US,INNERBRIGHTNESS,spAdvertisedProduct_innerbrightness_US_2026-03-21_2026-04-20.json,2026-04-21 01:59:19
35310,2026-04-21 01:59:19.956075,2026-04-21 01:59:19.956075,2026-04-14,167.88,1.1400083476325187,14,195.86,245.82,195.86,0,12,ENABLED,IBM_MGMB_06G1FR,49.96,14,1300.0,16,14,2.994861111111111,16,Inner-SP-Auto-gumm-magnesium-CPC-Low bid,558606714617685,9.171974522292993,0,87.71865592710112,16,0,269179459475581.0,512387332074245,USD,1.1400083476325187,14,16,195.86,0,217.84,285469202359062,0,14,2,215.63,12,DAILY_BUDGET,B0DKT3PXRP,14,14,215.63,Amazon,245.82,87.71865592710112,245.82,785,14,16,16,72,Inner-SP-Auto-gumm-magnesium-CPC-Low bid,spAdvertisedProduct,US,INNERBRIGHTNESS,spAdvertisedProduct_innerbrightness_US_2026-03-21_2026-04-20.json,2026-04-21 01:59:19
35311,2026-04-21 01:59:19.956075,2026-04-21 01:59:19.956075,2026-04-15,405.71,1.4795390976529246,30,461.67,486.65,461.67,0,29,ENABLED,IBM_MGMB_06G1FR,24.98,32,1300.0,33,33,2.910796460176991,34,Inner-SP-Auto-gumm-magnesium-CPC-Low bid,558606714617685,6.623681125439624,0,67.58861604849483,34,0,269179459475581.0,512387332074245,USD,1.4795390976529246,33,34,461.67,0,430.69,285469202359062,0,32,1,328.92,28,DAILY_BUDGET,B0DKT3PXRP,29,33,328.92,Amazon,486.65,67.58861604849483,486.65,1706,32,33,33,113,Inner-SP-Auto-gumm-magnesium-CPC-Low bid,spAdvertisedProduct,US,INNERBRIGHTNESS,spAdvertisedProduct_innerbrightness_US_2026-03-21_2026-04-20.json,2026-04-21 01:59:19
35312,2026-04-21 01:59:19.956075,2026-04-21 01:59:19.956075,2026-04-16,377.73,1.4268230494645588,27,391.72,391.72,391.72,0,27,ENABLED,IBM_MGMB_06G1FR,0.0,26,1300.0,26,28,2.7182178217821784,28,Inner-SP-Auto-gumm-magnesium-CPC-Low bid,558606714617685,4.9412915851272015,0,70.08577555396712,28,0,269179459475581.0,512387332074245,USD,1.4268230494645588,28,28,391.72,0,377.73,285469202359062,0,26,0,274.54,25,DAILY_BUDGET,B0DKT3PXRP,25,28,274.54,Amazon,391.72,70.08577555396712,391.72,2044,26,26,26,101,Inner-SP-Auto-gumm-magnesium-CPC-Low bid,spAdvertisedProduct,US,INNERBRIGHTNESS,spAdvertisedProduct_innerbrightness_US_2026-03-21_2026-04-20.json,2026-04-21 01:59:19
35313,2026-04-21 01:59:19.956075,2026-04-21 01:59:19.956075,2026-04-17,209.85,1.2852411063793177,18,223.84,298.78,223.84,0,15,ENABLED,IBM_MGMB_06G1FR,74.94,15,1300.0,18,16,2.8008433734939757,19,Inner-SP-Auto-gumm-magnesium-CPC-Low bid,558606714617685,6.561264822134387,0,77.80641274516368,19,0,269179459475581.0,512387332074245,USD,1.2852411063793177,16,19,223.84,0,284.79,285469202359062,0,15,3,232.47,14,DAILY_BUDGET,B0DKT3PXRP,17,16,232.47,Amazon,298.78,77.80641274516368,298.78,1265,15,18,18,83,Inner-SP-Auto-gumm-magnesium-CPC-Low bid,spAdvertisedProduct,US,INNERBRIGHTNESS,spAdvertisedProduct_innerbrightness_US_2026-03-21_2026-04-20.json,2026-04-21 01:59:19
35317,2026-04-21 01:59:19.956075,2026-04-21 01:59:19.956075,2026-04-11,79.96,0.6261286161783673,4,135.92,135.92,135.92,0,4,ENABLED,IBM_MGMB_06G1FR,0.0,8,1.0,8,8,3.015,8,Inner-SP-KW-gumm-magnesium glaycinate-PM-CPC-56,399896724869227,1.122894572676232,0,159.71159505591527,8,0,269179459475581.0,502232459977664,USD,0.6261286161783673,8,8,135.92,0,79.96,423666555472075,0,8,0,217.08,4,DAILY_BUDGET,B0DKT3PXRP,4,8,217.08,Amazon,135.92,159.71159505591527,135.92,6412,8,8,8,72,Inner-SP-KW-gumm-magnesium glaycinate-PM-CPC-56,spAdvertisedProduct,US,INNERBRIGHTNESS,spAdvertisedProduct_innerbrightness_US_2026-03-21_2026-04-20.json,2026-04-21 01:59:19
35318,2026-04-21 01:59:19.956075,2026-04-21 01:59:19.956075,2026-04-12,287.85,1.0662969004893963,15,301.84,326.82,301.84,0,15,ENABLED,IBM_MGMB_06G1FR,24.98,16,1.0,17,16,2.864485981308411,17,Inner-SP-KW-gumm-magnesium glaycinate-PM-CPC-56,399896724869227,1.281744130330618,0,93.78251025029068,17,0,269179459475581.0,502232459977664,USD,1.0662969004893963,16,17,301.84,0,287.85,423666555472075,0,16,1,306.5,15,DAILY_BUDGET,B0DKT3PXRP,15,16,306.5,Amazon,326.82,93.78251025029068,326.82,8348,16,17,17,107,Inner-SP-KW-gumm-magnesium glaycinate-PM-CPC-56,spAdvertisedProduct,US,INNERBRIGHTNESS,spAdvertisedProduct_innerbrightness_US_2026-03-21_2026-04-20.json,2026-04-21 01:59:19
35319,2026-04-21 01:59:19.956075,2026-04-21 01:59:19.956075,2026-04-13,223.84,1.3958868894601544,18,237.83,287.79,237.83,0,16,ENABLED,IBM_MGMB_06G1FR,49.96,16,1.0,18,17,2.6097468354430378,19,Inner-SP-KW-gumm-magnesium glaycinate-PM-CPC-56,399896724869227,1.4066951566951567,0,71.63904235727439,19,0,269179459475581.0,502232459977664,USD,1.3958868894601544,17,19,237.83,0,273.8,423666555472075,0,16,2,206.17,15,DAILY_BUDGET,B0DKT3PXRP,17,17,206.17,Amazon,287.79,71.63904235727439,287.79,5616,16,18,18,79,Inner-SP-KW-gumm-magnesium glaycinate-PM-CPC-56,spAdvertisedProduct,US,INNERBRIGHTNESS,spAdvertisedProduct_innerbrightness_US_2026-03-21_2026-04-20.json,2026-04-21 01:59:19
35320,2026-04-21 01:59:19.956075,2026-04-21 01:59:19.956075,2026-04-14,251.82,1.2684187850064628,21,307.78,382.72,307.78,0,18,ENABLED,IBM_MGMB_06G1FR,74.94,21,1.0,24,22,2.8199065420560747,25,Inner-SP-KW-gumm-magnesium glaycinate-PM-CPC-56,399896724869227,1.735041349116264,0,78.83831521739131,25,0,269179459475581.0,502232459977664,USD,1.2684187850064628,22,25,307.78,0,326.76,423666555472075,0,21,3,301.73,17,DAILY_BUDGET,B0DKT3PXRP,20,22,301.73,Amazon,382.72,78.83831521739131,382.72,6167,21,24,24,107,Inner-SP-KW-gumm-magnesium glaycinate-PM-CPC-56,spAdvertisedProduct,US,INNERBRIGHTNESS,spAdvertisedProduct_innerbrightness_US_2026-03-21_2026-04-20.json,2026-04-21 01:59:19
35321,2026-04-21 01:59:19.956075,2026-04-21 01:59:19.956075,2026-04-15,223.84,1.1420408163265308,16,237.83,237.83,237.83,0,16,ENABLED,IBM_MGMB_06G1FR,0.0,17,1.0,17,17,2.5090361445783134,17,Inner-SP-KW-gumm-magnesium glaycinate-PM-CPC-56,399896724869227,1.5866947046453834,0,87.56254467476768,17,0,269179459475581.0,502232459977664,USD,1.1420408163265308,17,17,237.83,0,223.84,423666555472075,0,17,0,208.25,16,DAILY_BUDGET,B0DKT3PXRP,16,17,208.25,Amazon,237.83,87.56254467476768,237.83,5231,17,17,17,83,Inner-SP-KW-gumm-magnesium glaycinate-PM-CPC-56,spAdvertisedProduct,US,INNERBRIGHTNESS,spAdvertisedProduct_innerbrightness_US_2026-03-21_2026-04-20.json,2026-04-21 01:59:19
35322,2026-04-21 01:59:19.956075,2026-04-21 01:59:19.956075,2026-04-16,237.83,1.4016557688251425,17,265.81,265.81,265.81,0,17,ENABLED,IBM_MGMB_06G1FR,0.0,18,1.0,18,19,2.2310588235294118,19,Inner-SP-KW-gumm-magnesium glaycinate-PM-CPC-56,399896724869227,1.716824883861846,0,71.34419322072156,19,0,269179459475581.0,502232459977664,USD,1.4016557688251425,19,19,265.81,0,237.83,423666555472075,0,18,0,189.64,16,DAILY_BUDGET,B0DKT3PXRP,16,19,189.64,Amazon,265.81,71.34419322072156,265.81,4951,18,18,18,85,Inner-SP-KW-gumm-magnesium glaycinate-PM-CPC-56,spAdvertisedProduct,US,INNERBRIGHTNESS,spAdvertisedProduct_innerbrightness_US_2026-03-21_2026-04-20.json,2026-04-21 01:59:19
35323,2026-04-21 01:59:19.956075,2026-04-21 01:59:19.956075,2026-04-17,167.88,1.345723798638374,13,195.86,270.8,195.86,0,12,ENABLED,IBM_MGMB_06G1FR,74.94,13,1.0,16,14,2.5153749999999997,17,Inner-SP-KW-gumm-magnesium glaycinate-PM-CPC-56,399896724869227,2.320185614849188,0,74.30945347119645,17,0,269179459475581.0,502232459977664,USD,1.345723798638374,14,17,195.86,0,192.86,423666555472075,0,13,3,201.23,11,DAILY_BUDGET,B0DKT3PXRP,12,14,201.23,Amazon,270.8,74.30945347119645,270.8,3448,13,16,16,80,Inner-SP-KW-gumm-magnesium glaycinate-PM-CPC-56,spAdvertisedProduct,US,INNERBRIGHTNESS,spAdvertisedProduct_innerbrightness_US_2026-03-21_2026-04-20.json,2026-04-21 01:59:19
35327,2026-04-21 01:59:19.956075,2026-04-21 01:59:19.956075,2026-04-11,24.49,1.2565418163160595,1,48.98,48.98,48.98,0,1,ENABLED,IBU_BBUF_06C1,0.0,2,300.0,2,2,2.43625,2,Inner-SP-KW-Berberine Capsules-EM-berberine supplement-2k,158485660571374,0.53085600530856,0,79.5835034708044,2,0,189812334889736.0,465382485221414,USD,1.2565418163160595,2,2,48.98,0,24.49,496839653442133,0,2,0,38.98,1,DAILY_BUDGET,B0G25Y3DVZ,1,2,38.98,Amazon,48.98,79.5835034708044,48.98,3014,2,2,2,16,Inner-SP-KW-Berberine Capsules-EM-berberine supplement-2k,spAdvertisedProduct,US,INNERBRIGHTNESS,spAdvertisedProduct_innerbrightness_US_2026-03-21_2026-04-20.json,2026-04-21 01:59:19
35328,2026-04-21 01:59:19.956075,2026-04-21 01:59:19.956075,2026-04-12,0.0,0.0,0,0.0,0.0,0.0,0,0,ENABLED,IBU_BBUF_06C1,0.0,0,300.0,0,0,1.9716666666666667,0,Inner-SP-KW-Berberine Capsules-EM-berberine supplement-2k,158485660571374,0.42674253200568996,0,nan,0,0,189812334889736.0,465382485221414,USD,0.0,0,0,0.0,0,0.0,496839653442133,0,0,0,23.66,0,DAILY_BUDGET,B0G25Y3DVZ,0,0,23.66,Amazon,0.0,nan,0.0,2812,0,0,0,12,Inner-SP-KW-Berberine Capsules-EM-berberine supplement-2k,spAdvertisedProduct,US,INNERBRIGHTNESS,spAdvertisedProduct_innerbrightness_US_2026-03-21_2026-04-20.json,2026-04-21 01:59:19
35329,2026-04-21 01:59:19.956075,2026-04-21 01:59:19.956075,2026-04-13,0.0,1.9959250203748982,0,24.49,24.49,24.49,0,0,ENABLED,IBU_BBUF_06C1,0.0,1,300.0,1,1,1.752857142857143,1,Inner-SP-KW-Berberine Capsules-EM-berberine supplement-2k,158485660571374,0.26943802925327176,0,50.10208248264598,1,0,189812334889736.0,465382485221414,USD,1.9959250203748982,1,1,24.49,0,0.0,496839653442133,0,1,0,12.27,0,DAILY_BUDGET,B0G25Y3DVZ,0,1,12.27,Amazon,24.49,50.10208248264598,24.49,2598,1,1,1,7,Inner-SP-KW-Berberine Capsules-EM-berberine supplement-2k,spAdvertisedProduct,US,INNERBRIGHTNESS,spAdvertisedProduct_innerbrightness_US_2026-03-21_2026-04-20.json,2026-04-21 01:59:19
35330,2026-04-21 01:59:19.956075,2026-04-21 01:59:19.956075,2026-04-14,24.49,0.8003267973856208,1,24.49,24.49,24.49,0,1,ENABLED,IBU_BBUF_06C1,0.0,1,300.0,1,1,2.7818181818181817,1,Inner-SP-KW-Berberine Capsules-EM-berberine supplement-2k,158485660571374,0.3896563939071909,0,124.94895875867702,1,0,189812334889736.0,465382485221414,USD,0.8003267973856208,1,1,24.49,0,24.49,496839653442133,0,1,0,30.6,1,DAILY_BUDGET,B0G25Y3DVZ,1,1,30.6,Amazon,24.49,124.94895875867702,24.49,2823,1,1,1,11,Inner-SP-KW-Berberine Capsules-EM-berberine supplement-2k,spAdvertisedProduct,US,INNERBRIGHTNESS,spAdvertisedProduct_innerbrightness_US_2026-03-21_2026-04-20.json,2026-04-21 01:59:19
35331,2026-04-21 01:59:19.956075,2026-04-21 01:59:19.956075,2026-04-15,24.49,0.8003267973856208,1,24.49,24.49,24.49,0,1,ENABLED,IBU_BBUF_06C1,0.0,1,300.0,1,1,3.06,1,Inner-SP-KW-Berberine Capsules-EM-berberine supplement-2k,158485660571374,1.1123470522803114,0,124.94895875867702,1,0,189812334889736.0,465382485221414,USD,0.8003267973856208,1,1,24.49,0,24.49,496839653442133,0,1,0,30.6,1,DAILY_BUDGET,B0G25Y3DVZ,1,1,30.6,Amazon,24.49,124.94895875867702,24.49,899,1,1,1,10,Inner-SP-KW-Berberine Capsules-EM-berberine supplement-2k,spAdvertisedProduct,US,INNERBRIGHTNESS,spAdvertisedProduct_innerbrightness_US_2026-03-21_2026-04-20.json,2026-04-21 01:59:19
35332,2026-04-21 01:59:19.956075,2026-04-21 01:59:19.956075,2026-04-16,0.0,0.0,0,0.0,0.0,0.0,0,0,ENABLED,IBU_BBUF_06C1,0.0,0,300.0,0,0,3.38875,0,Inner-SP-KW-Berberine Capsules-EM-berberine supplement-2k,158485660571374,0.9342156481121059,0,nan,0,0,189812334889736.0,465382485221414,USD,0.0,0,0,0.0,0,0.0,496839653442133,0,0,0,81.33,0,DAILY_BUDGET,B0G25Y3DVZ,0,0,81.33,Amazon,0.0,nan,0.0,2569,0,0,0,24,Inner-SP-KW-Berberine Capsules-EM-berberine supplement-2k,spAdvertisedProduct,US,INNERBRIGHTNESS,spAdvertisedProduct_innerbrightness_US_2026-03-21_2026-04-20.json,2026-04-21 01:59:19
35333,2026-04-21 01:59:19.956075,2026-04-21 01:59:19.956075,2026-04-17,97.96,1.6547368421052633,4,133.62,133.62,133.62,0,4,ENABLED,IBU_BBUF_06C1,0.0,5,300.0,5,6,3.6704545454545454,6,Inner-SP-KW-Berberine Capsules-EM-berberine supplement-2k,158485660571374,0.8490930142802007,0,60.43256997455471,6,0,189812334889736.0,465382485221414,USD,1.6547368421052633,6,6,133.62,0,97.96,496839653442133,0,5,0,80.75,4,DAILY_BUDGET,B0G25Y3DVZ,4,6,80.75,Amazon,133.62,60.43256997455471,133.62,2591,5,5,5,22,Inner-SP-KW-Berberine Capsules-EM-berberine supplement-2k,spAdvertisedProduct,US,INNERBRIGHTNESS,spAdvertisedProduct_innerbrightness_US_2026-03-21_2026-04-20.json,2026-04-21 01:59:19
35337,2026-04-21 01:59:19.956075,2026-04-21 01:59:19.956075,2026-04-11,24.49,0.5384784520668425,1,24.49,24.49,24.49,0,1,ENABLED,IBU_BBUF_06C1,0.0,1,1.0,1,1,2.675294117647059,1,Inner-SP-KW-Berberine Capsules-BM-berberine with ceylon cinnamon-1w,181887194239676,0.48949035416066805,0,185.7084524295631,1,0,189812334889736.0,495733597507427,USD,0.5384784520668425,1,1,24.49,0,24.49,382442285328166,0,1,0,45.48,1,DAILY_BUDGET,B0G25Y3DVZ,1,1,45.48,Amazon,24.49,185.7084524295631,24.49,3473,1,1,1,17,Inner-SP-KW-Berberine Capsules-BM-berberine with ceylon cinnamon-1w,spAdvertisedProduct,US,INNERBRIGHTNESS,spAdvertisedProduct_innerbrightness_US_2026-03-21_2026-04-20.json,2026-04-21 01:59:19
35338,2026-04-21 01:59:19.956075,2026-04-21 01:59:19.956075,2026-04-12,48.98,0.8951023391812866,2,48.98,48.98,48.98,0,2,ENABLED,IBU_BBUF_06C1,0.0,2,1.0,2,2,2.4872727272727273,2,Inner-SP-KW-Berberine Capsules-BM-berberine with ceylon cinnamon-1w,181887194239676,0.8181480104127928,0,111.71906900775828,2,0,189812334889736.0,495733597507427,USD,0.8951023391812866,2,2,48.98,0,48.98,382442285328166,0,2,0,54.72,2,DAILY_BUDGET,B0G25Y3DVZ,2,2,54.72,Amazon,48.98,111.71906900775828,48.98,2689,2,2,2,22,Inner-SP-KW-Berberine Capsules-BM-berberine with ceylon cinnamon-1w,spAdvertisedProduct,US,INNERBRIGHTNESS,spAdvertisedProduct_innerbrightness_US_2026-03-21_2026-04-20.json,2026-04-21 01:59:19
35339,2026-04-21 01:59:19.956075,2026-04-21 01:59:19.956075,2026-04-13,0.0,0.0,0,0.0,0.0,0.0,0,0,ENABLED,IBU_BBUF_06C1,0.0,0,1.0,0,0,2.7,0,Inner-SP-KW-Berberine Capsules-BM-berberine with ceylon cinnamon-1w,181887194239676,0.7751937984496124,0,nan,0,0,189812334889736.0,495733597507427,USD,0.0,0,0,0.0,0,0.0,382442285328166,0,0,0,5.4,0,DAILY_BUDGET,B0G25Y3DVZ,0,0,5.4,Amazon,0.0,nan,0.0,258,0,0,0,2,Inner-SP-KW-Berberine Capsules-BM-berberine with ceylon cinnamon-1w,spAdvertisedProduct,US,INNERBRIGHTNESS,spAdvertisedProduct_innerbrightness_US_2026-03-21_2026-04-20.json,2026-04-21 01:59:19
35340,2026-04-21 01:59:19.956075,2026-04-21 01:59:19.956075,2026-04-14,0.0,0.0,0,0.0,0.0,0.0,0,0,ENABLED,IBU_BBUF_06C1,0.0,0,1.0,0,0,2.368888888888889,0,Inner-SP-KW-Berberine Capsules-BM-berberine with ceylon cinnamon-1w,181887194239676,0.4368932038834952,0,nan,0,0,189812334889736.0,495733597507427,USD,0.0,0,0,0.0,0,0.0,382442285328166,0,0,0,21.32,0,DAILY_BUDGET,B0G25Y3DVZ,0,0,21.32,Amazon,0.0,nan,0.0,2060,0,0,0,9,Inner-SP-KW-Berberine Capsules-BM-berberine with ceylon cinnamon-1w,spAdvertisedProduct,US,INNERBRIGHTNESS,spAdvertisedProduct_innerbrightness_US_2026-03-21_2026-04-20.json,2026-04-21 01:59:19
35341,2026-04-21 01:59:19.956075,2026-04-21 01:59:19.956075,2026-04-15,0.0,0.0,0,0.0,0.0,0.0,0,0,ENABLED,IBU_BBUF_06C1,0.0,0,1.0,0,0,2.48875,0,Inner-SP-KW-Berberine Capsules-BM-berberine with ceylon cinnamon-1w,181887194239676,0.9205983889528193,0,nan,0,0,189812334889736.0,495733597507427,USD,0.0,0,0,0.0,0,0.0,382442285328166,0,0,0,19.91,0,DAILY_BUDGET,B0G25Y3DVZ,0,0,19.91,Amazon,0.0,nan,0.0,869,0,0,0,8,Inner-SP-KW-Berberine Capsules-BM-berberine with ceylon cinnamon-1w,spAdvertisedProduct,US,INNERBRIGHTNESS,spAdvertisedProduct_innerbrightness_US_2026-03-21_2026-04-20.json,2026-04-21 01:59:19
35342,2026-04-21 01:59:19.956075,2026-04-21 01:59:19.956075,2026-04-16,48.98,1.7054317548746518,2,48.98,48.98,48.98,0,2,ENABLED,IBU_BBUF_06C1,0.0,2,1.0,2,2,2.209230769230769,2,Inner-SP-KW-Berberine Capsules-BM-berberine with ceylon cinnamon-1w,181887194239676,0.4485852311939268,0,58.63617803184974,2,0,189812334889736.0,495733597507427,USD,1.7054317548746518,2,2,48.98,0,48.98,382442285328166,0,2,0,28.72,2,DAILY_BUDGET,B0G25Y3DVZ,2,2,28.72,Amazon,48.98,58.63617803184974,48.98,2898,2,2,2,13,Inner-SP-KW-Berberine Capsules-BM-berberine with ceylon cinnamon-1w,spAdvertisedProduct,US,INNERBRIGHTNESS,spAdvertisedProduct_innerbrightness_US_2026-03-21_2026-04-20.json,2026-04-21 01:59:19
35343,2026-04-21 01:59:19.956075,2026-04-21 01:59:19.956075,2026-04-17,24.49,0.47822690880687363,1,24.49,24.49,24.49,0,1,ENABLED,IBU_BBUF_06C1,0.0,1,1.0,1,1,2.5605,1,Inner-SP-KW-Berberine Capsules-BM-berberine with ceylon cinnamon-1w,181887194239676,0.6335128286347799,0,209.10575745202124,1,0,189812334889736.0,495733597507427,USD,0.47822690880687363,1,1,24.49,0,24.49,382442285328166,0,1,0,51.21,1,DAILY_BUDGET,B0G25Y3DVZ,1,1,51.21,Amazon,24.49,209.10575745202124,24.49,3157,1,1,1,20,Inner-SP-KW-Berberine Capsules-BM-berberine with ceylon cinnamon-1w,spAdvertisedProduct,US,INNERBRIGHTNESS,spAdvertisedProduct_innerbrightness_US_2026-03-21_2026-04-20.json,2026-04-21 01:59:19
35347,2026-04-21 01:59:19.956075,2026-04-21 01:59:19.956075,2026-04-15,22.59,1.4324667089410272,1,45.18,45.18,45.18,0,1,ENABLED,IBG_INUF_12C1F,0.0,2,50.0,2,2,2.1026666666666665,2,IB-SP-KW-inositol-myo inositol-PM,1182589332550,0.9715025906735751,0,69.80965028773794,2,0,209298027301784.0,414934921529017,USD,1.4324667089410272,2,2,45.18,0,22.59,487700417776058,0,2,0,31.54,1,DAILY_BUDGET,B0FYFBZ7W5,1,2,31.54,Amazon,45.18,69.80965028773794,45.18,1544,2,2,2,15,IB-SP-KW-inositol-myo inositol-PM,spAdvertisedProduct,US,INNERBRIGHTNESS,spAdvertisedProduct_innerbrightness_US_2026-03-21_2026-04-20.json,2026-04-21 01:59:19
35348,2026-04-21 01:59:19.956075,2026-04-21 01:59:19.956075,2026-04-16,22.59,2.277217741935484,1,22.59,22.59,22.59,0,1,ENABLED,IBG_INUF_12C1F,0.0,1,50.0,1,1,1.984,1,IB-SP-KW-inositol-myo inositol-PM,1182589332550,1.7857142857142856,0,43.913235945108454,1,0,209298027301784.0,414934921529017,USD,2.277217741935484,1,1,22.59,0,22.59,487700417776058,0,1,0,9.92,1,DAILY_BUDGET,B0FYFBZ7W5,1,1,9.92,Amazon,22.59,43.913235945108454,22.59,280,1,1,1,5,IB-SP-KW-inositol-myo inositol-PM,spAdvertisedProduct,US,INNERBRIGHTNESS,spAdvertisedProduct_innerbrightness_US_2026-03-21_2026-04-20.json,2026-04-21 01:59:19
35349,2026-04-21 01:59:19.956075,2026-04-21 01:59:19.956075,2026-04-17,45.18,1.4965220271613116,2,45.18,45.18,45.18,0,2,ENABLED,IBG_INUF_12C1F,0.0,1,50.0,1,2,2.0126666666666666,2,IB-SP-KW-inositol-myo inositol-PM,1182589332550,1.5923566878980893,0,66.82160247897299,2,0,209298027301784.0,414934921529017,USD,1.4965220271613116,2,2,45.18,0,45.18,487700417776058,0,1,0,30.19,1,DAILY_BUDGET,B0FYFBZ7W5,1,2,30.19,Amazon,45.18,66.82160247897299,45.18,942,1,1,1,15,IB-SP-KW-inositol-myo inositol-PM,spAdvertisedProduct,US,INNERBRIGHTNESS,spAdvertisedProduct_innerbrightness_US_2026-03-21_2026-04-20.json,2026-04-21 01:59:19
35353,2026-04-21 01:59:19.956075,2026-04-21 01:59:19.956075,2026-04-11,0.0,nan,0,0.0,0.0,0.0,0,0,ENABLED,IBU_NMUF_60C1,0.0,0,150.0,0,0,nan,0,Inner-SP-KW-NMN Capsules-nmn-EM-CPC-1.2w,112480725342057,0.0,0,nan,0,0,156346298397171.0,414287882317009,USD,nan,0,0,0.0,0,0.0,377263535703992,0,0,0,0.0,0,DAILY_BUDGET,B0G6L2NQP4,0,0,0.0,Amazon,0.0,nan,0.0,1,0,0,0,0,Inner-SP-KW-NMN Capsules-nmn-EM-CPC-1.2w,spAdvertisedProduct,US,INNERBRIGHTNESS,spAdvertisedProduct_innerbrightness_US_2026-03-21_2026-04-20.json,2026-04-21 01:59:19
35354,2026-04-21 01:59:19.956075,2026-04-21 01:59:19.956075,2026-04-12,0.0,nan,0,0.0,0.0,0.0,0,0,ENABLED,IBU_NMUF_60C1,0.0,0,150.0,0,0,nan,0,Inner-SP-KW-NMN Capsules-nmn-EM-CPC-1.2w,112480725342057,0.0,0,nan,0,0,156346298397171.0,414287882317009,USD,nan,0,0,0.0,0,0.0,377263535703992,0,0,0,0.0,0,DAILY_BUDGET,B0G6L2NQP4,0,0,0.0,Amazon,0.0,nan,0.0,7,0,0,0,0,Inner-SP-KW-NMN Capsules-nmn-EM-CPC-1.2w,spAdvertisedProduct,US,INNERBRIGHTNESS,spAdvertisedProduct_innerbrightness_US_2026-03-21_2026-04-20.json,2026-04-21 01:59:19
35355,2026-04-21 01:59:19.956075,2026-04-21 01:59:19.956075,2026-04-13,0.0,nan,0,0.0,0.0,0.0,0,0,ENABLED,IBU_NMUF_60C1,0.0,0,150.0,0,0,nan,0,Inner-SP-KW-NMN Capsules-nmn-EM-CPC-1.2w,112480725342057,0.0,0,nan,0,0,156346298397171.0,414287882317009,USD,nan,0,0,0.0,0,0.0,377263535703992,0,0,0,0.0,0,DAILY_BUDGET,B0G6L2NQP4,0,0,0.0,Amazon,0.0,nan,0.0,3,0,0,0,0,Inner-SP-KW-NMN Capsules-nmn-EM-CPC-1.2w,spAdvertisedProduct,US,INNERBRIGHTNESS,spAdvertisedProduct_innerbrightness_US_2026-03-21_2026-04-20.json,2026-04-21 01:59:19
35356,2026-04-21 01:59:19.956075,2026-04-21 01:59:19.956075,2026-04-14,0.0,nan,0,0.0,0.0,0.0,0,0,ENABLED,IBU_NMUF_60C1,0.0,0,150.0,0,0,nan,0,Inner-SP-KW-NMN Capsules-nmn-EM-CPC-1.2w,112480725342057,0.0,0,nan,0,0,156346298397171.0,414287882317009,USD,nan,0,0,0.0,0,0.0,377263535703992,0,0,0,0.0,0,DAILY_BUDGET,B0G6L2NQP4,0,0,0.0,Amazon,0.0,nan,0.0,2,0,0,0,0,Inner-SP-KW-NMN Capsules-nmn-EM-CPC-1.2w,spAdvertisedProduct,US,INNERBRIGHTNESS,spAdvertisedProduct_innerbrightness_US_2026-03-21_2026-04-20.json,2026-04-21 01:59:19
35357,2026-04-21 01:59:19.956075,2026-04-21 01:59:19.956075,2026-04-15,0.0,nan,0,0.0,0.0,0.0,0,0,ENABLED,IBU_NMUF_60C1,0.0,0,150.0,0,0,nan,0,Inner-SP-KW-NMN Capsules-nmn-EM-CPC-1.2w,112480725342057,0.0,0,nan,0,0,156346298397171.0,414287882317009,USD,nan,0,0,0.0,0,0.0,377263535703992,0,0,0,0.0,0,DAILY_BUDGET,B0G6L2NQP4,0,0,0.0,Amazon,0.0,nan,0.0,1,0,0,0,0,Inner-SP-KW-NMN Capsules-nmn-EM-CPC-1.2w,spAdvertisedProduct,US,INNERBRIGHTNESS,spAdvertisedProduct_innerbrightness_US_2026-03-21_2026-04-20.json,2026-04-21 01:59:19
35358,2026-04-21 01:59:19.956075,2026-04-21 01:59:19.956075,2026-04-16,0.0,nan,0,0.0,0.0,0.0,0,0,ENABLED,IBU_NMUF_60C1,0.0,0,150.0,0,0,nan,0,Inner-SP-KW-NMN Capsules-nmn-EM-CPC-1.2w,112480725342057,0.0,0,nan,0,0,156346298397171.0,414287882317009,USD,nan,0,0,0.0,0,0.0,377263535703992,0,0,0,0.0,0,DAILY_BUDGET,B0G6L2NQP4,0,0,0.0,Amazon,0.0,nan,0.0,6,0,0,0,0,Inner-SP-KW-NMN Capsules-nmn-EM-CPC-1.2w,spAdvertisedProduct,US,INNERBRIGHTNESS,spAdvertisedProduct_innerbrightness_US_2026-03-21_2026-04-20.json,2026-04-21 01:59:19
35359,2026-04-21 01:59:19.956075,2026-04-21 01:59:19.956075,2026-04-17,0.0,nan,0,0.0,0.0,0.0,0,0,ENABLED,IBU_NMUF_60C1,0.0,0,150.0,0,0,nan,0,Inner-SP-KW-NMN Capsules-nmn-EM-CPC-1.2w,112480725342057,0.0,0,nan,0,0,156346298397171.0,414287882317009,USD,nan,0,0,0.0,0,0.0,377263535703992,0,0,0,0.0,0,DAILY_BUDGET,B0G6L2NQP4,0,0,0.0,Amazon,0.0,nan,0.0,2,0,0,0,0,Inner-SP-KW-NMN Capsules-nmn-EM-CPC-1.2w,spAdvertisedProduct,US,INNERBRIGHTNESS,spAdvertisedProduct_innerbrightness_US_2026-03-21_2026-04-20.json,2026-04-21 01:59:19
35363,2026-04-21 01:59:19.956075,2026-04-21 01:59:19.956075,2026-04-11,0.0,nan,0,0.0,0.0,0.0,0,0,ENABLED,IBX_BIMB_06G1T,0.0,0,20.0,0,0,nan,0,Inner-SP-KW-biotin gummies-Auto,2960493459434,0.0,0,nan,0,0,105099487523342.0,386023533294994,USD,nan,0,0,0.0,0,0.0,542233362908024,0,0,0,0.0,0,DAILY_BUDGET,B0GJBFKQZC,0,0,0.0,Amazon,0.0,nan,0.0,6,0,0,0,0,Inner-SP-KW-biotin gummies-Auto,spAdvertisedProduct,US,INNERBRIGHTNESS,spAdvertisedProduct_innerbrightness_US_2026-03-21_2026-04-20.json,2026-04-21 01:59:19
35364,2026-04-21 01:59:19.956075,2026-04-21 01:59:19.956075,2026-04-12,0.0,0.9374712643678161,0,20.39,20.39,20.39,0,0,ENABLED,IBX_BIMB_06G1T,0.0,1,20.0,1,1,3.625,1,Inner-SP-KW-biotin gummies-Auto,2960493459434,1.1650485436893203,0,106.66993624325649,1,0,105099487523342.0,386023533294994,USD,0.9374712643678161,1,1,20.39,0,0.0,542233362908024,0,1,0,21.75,0,DAILY_BUDGET,B0GJBFKQZC,0,1,21.75,Amazon,20.39,106.66993624325649,20.39,515,1,1,1,6,Inner-SP-KW-biotin gummies-Auto,spAdvertisedProduct,US,INNERBRIGHTNESS,spAdvertisedProduct_innerbrightness_US_2026-03-21_2026-04-20.json,2026-04-21 01:59:19
35365,2026-04-21 01:59:19.956075,2026-04-21 01:59:19.956075,2026-04-13,21.59,0.28755394205082535,1,41.98,41.98,41.98,0,1,ENABLED,IBX_BIMB_06G1T,0.0,2,20.0,2,2,3.2442222222222226,2,Inner-SP-KW-biotin gummies-Auto,2960493459434,0.21930893318387834,0,347.76083849452124,2,0,105099487523342.0,386023533294994,USD,0.28755394205082535,2,2,41.98,0,21.59,542233362908024,0,2,0,145.99,1,DAILY_BUDGET,B0GJBFKQZC,1,2,145.99,Amazon,41.98,347.76083849452124,41.98,20519,2,2,2,45,Inner-SP-KW-biotin gummies-Auto,spAdvertisedProduct,US,INNERBRIGHTNESS,spAdvertisedProduct_innerbrightness_US_2026-03-21_2026-04-20.json,2026-04-21 01:59:19
35366,2026-04-21 01:59:19.956075,2026-04-21 01:59:19.956075,2026-04-14,40.78,2.45367027677497,2,40.78,40.78,40.78,0,2,ENABLED,IBX_BIMB_06G1T,0.0,2,20.0,2,2,1.510909090909091,2,Inner-SP-KW-biotin gummies-Auto,2960493459434,0.05512126678693125,0,40.755272192251105,2,0,105099487523342.0,386023533294994,USD,2.45367027677497,2,2,40.78,0,40.78,542233362908024,0,2,0,16.62,2,DAILY_BUDGET,B0GJBFKQZC,2,2,16.62,Amazon,40.78,40.755272192251105,40.78,19956,2,2,2,11,Inner-SP-KW-biotin gummies-Auto,spAdvertisedProduct,US,INNERBRIGHTNESS,spAdvertisedProduct_innerbrightness_US_2026-03-21_2026-04-20.json,2026-04-21 01:59:19
35367,2026-04-21 01:59:19.956075,2026-04-21 01:59:19.956075,2026-04-15,81.56,3.350862777321282,4,81.56,81.56,81.56,0,4,ENABLED,IBX_BIMB_06G1T,0.0,3,20.0,3,4,1.4317647058823528,4,Inner-SP-KW-biotin gummies-Auto,2960493459434,0.09213592759200044,0,29.843060323688082,4,0,105099487523342.0,386023533294994,USD,3.350862777321282,4,4,81.56,0,81.56,542233362908024,0,3,0,24.34,3,DAILY_BUDGET,B0GJBFKQZC,3,4,24.34,Amazon,81.56,29.843060323688082,81.56,18451,3,3,3,17,Inner-SP-KW-biotin gummies-Auto,spAdvertisedProduct,US,INNERBRIGHTNESS,spAdvertisedProduct_innerbrightness_US_2026-03-21_2026-04-20.json,2026-04-21 01:59:19
35368,2026-04-21 01:59:19.956075,2026-04-21 01:59:19.956075,2026-04-16,0.0,0.0,0,0.0,0.0,0.0,0,0,ENABLED,IBX_BIMB_06G1T,0.0,0,20.0,0,0,0.651,0,Inner-SP-KW-biotin gummies-Auto,2960493459434,0.06824075337791728,0,nan,0,0,105099487523342.0,386023533294994,USD,0.0,0,0,0.0,0,0.0,542233362908024,0,0,0,6.51,0,DAILY_BUDGET,B0GJBFKQZC,0,0,6.51,Amazon,0.0,nan,0.0,14654,0,0,0,10,Inner-SP-KW-biotin gummies-Auto,spAdvertisedProduct,US,INNERBRIGHTNESS,spAdvertisedProduct_innerbrightness_US_2026-03-21_2026-04-20.json,2026-04-21 01:59:19
35369,2026-04-21 01:59:19.956075,2026-04-21 01:59:19.956075,2026-04-17,0.0,0.0,0,0.0,0.0,0.0,0,0,ENABLED,IBX_BIMB_06G1T,0.0,0,20.0,0,0,0.635,0,Inner-SP-KW-biotin gummies-Auto,2960493459434,0.013024225058609014,0,nan,0,0,105099487523342.0,386023533294994,USD,0.0,0,0,0.0,0,0.0,542233362908024,0,0,0,1.27,0,DAILY_BUDGET,B0GJBFKQZC,0,0,1.27,Amazon,0.0,nan,0.0,15356,0,0,0,2,Inner-SP-KW-biotin gummies-Auto,spAdvertisedProduct,US,INNERBRIGHTNESS,spAdvertisedProduct_innerbrightness_US_2026-03-21_2026-04-20.json,2026-04-21 01:59:19
35373,2026-04-21 01:59:19.956075,2026-04-21 01:59:19.956075,2026-04-11,0.0,nan,0,0.0,0.0,0.0,0,0,ENABLED,IBX_BIMB_06G1T,0.0,0,150.0,0,0,nan,0,Inner-SP-KW-biotin gummies-EM-biotin gummies-1w,103105471930136,0.0,0,nan,0,0,105099487523342.0,543143644370737,USD,nan,0,0,0.0,0,0.0,353711061783975,0,0,0,0.0,0,DAILY_BUDGET,B0GJBFKQZC,0,0,0.0,Amazon,0.0,nan,0.0,3,0,0,0,0,Inner-SP-KW-biotin gummies-EM-biotin gummies-1w,spAdvertisedProduct,US,INNERBRIGHTNESS,spAdvertisedProduct_innerbrightness_US_2026-03-21_2026-04-20.json,2026-04-21 01:59:19
35374,2026-04-21 01:59:19.956075,2026-04-21 01:59:19.956075,2026-04-12,0.0,nan,0,0.0,0.0,0.0,0,0,ENABLED,IBX_BIMB_06G1T,0.0,0,150.0,0,0,nan,0,Inner-SP-KW-biotin gummies-EM-biotin gummies-1w,103105471930136,0.0,0,nan,0,0,105099487523342.0,543143644370737,USD,nan,0,0,0.0,0,0.0,353711061783975,0,0,0,0.0,0,DAILY_BUDGET,B0GJBFKQZC,0,0,0.0,Amazon,0.0,nan,0.0,30,0,0,0,0,Inner-SP-KW-biotin gummies-EM-biotin gummies-1w,spAdvertisedProduct,US,INNERBRIGHTNESS,spAdvertisedProduct_innerbrightness_US_2026-03-21_2026-04-20.json,2026-04-21 01:59:19
35375,2026-04-21 01:59:19.956075,2026-04-21 01:59:19.956075,2026-04-13,20.39,3.0207407407407407,1,40.78,40.78,40.78,0,1,ENABLED,IBX_BIMB_06G1T,0.0,2,150.0,2,2,4.5,2,Inner-SP-KW-biotin gummies-EM-biotin gummies-1w,103105471930136,0.20297699594046006,0,33.10446297204512,2,0,105099487523342.0,543143644370737,USD,3.0207407407407407,2,2,40.78,0,20.39,353711061783975,0,2,0,13.5,1,DAILY_BUDGET,B0GJBFKQZC,1,2,13.5,Amazon,40.78,33.10446297204512,40.78,1478,2,2,2,3,Inner-SP-KW-biotin gummies-EM-biotin gummies-1w,spAdvertisedProduct,US,INNERBRIGHTNESS,spAdvertisedProduct_innerbrightness_US_2026-03-21_2026-04-20.json,2026-04-21 01:59:19
35376,2026-04-21 01:59:19.956075,2026-04-21 01:59:19.956075,2026-04-14,203.9,1.5953368281042173,10,203.9,203.9,203.9,0,10,ENABLED,IBX_BIMB_06G1T,0.0,10,150.0,10,10,4.564642857142857,10,Inner-SP-KW-biotin gummies-EM-biotin gummies-1w,103105471930136,0.6224988883948421,0,62.68268759195684,10,0,105099487523342.0,543143644370737,USD,1.5953368281042173,10,10,203.9,0,203.9,353711061783975,0,10,0,127.81,10,DAILY_BUDGET,B0GJBFKQZC,10,10,127.81,Amazon,203.9,62.68268759195684,203.9,4498,10,10,10,28,Inner-SP-KW-biotin gummies-EM-biotin gummies-1w,spAdvertisedProduct,US,INNERBRIGHTNESS,spAdvertisedProduct_innerbrightness_US_2026-03-21_2026-04-20.json,2026-04-21 01:59:19
35377,2026-04-21 01:59:19.956075,2026-04-21 01:59:19.956075,2026-04-15,61.17,0.5261482883192844,3,61.17,61.17,61.17,0,3,ENABLED,IBX_BIMB_06G1T,0.0,3,150.0,3,3,4.152142857142858,3,Inner-SP-KW-biotin gummies-EM-biotin gummies-1w,103105471930136,0.3626943005181347,0,190.06048716691188,3,0,105099487523342.0,543143644370737,USD,0.5261482883192844,3,3,61.17,0,61.17,353711061783975,0,3,0,116.26,3,DAILY_BUDGET,B0GJBFKQZC,3,3,116.26,Amazon,61.17,190.06048716691188,61.17,7720,3,3,3,28,Inner-SP-KW-biotin gummies-EM-biotin gummies-1w,spAdvertisedProduct,US,INNERBRIGHTNESS,spAdvertisedProduct_innerbrightness_US_2026-03-21_2026-04-20.json,2026-04-21 01:59:19
35378,2026-04-21 01:59:19.956075,2026-04-21 01:59:19.956075,2026-04-16,61.17,0.9835037622998264,3,101.95,101.95,101.95,0,3,ENABLED,IBX_BIMB_06G1T,0.0,5,150.0,5,5,4.711818181818182,5,Inner-SP-KW-biotin gummies-EM-biotin gummies-1w,103105471930136,0.7352941176470588,0,101.67729279058362,5,0,105099487523342.0,543143644370737,USD,0.9835037622998264,5,5,101.95,0,61.17,353711061783975,0,5,0,103.66,3,DAILY_BUDGET,B0GJBFKQZC,3,5,103.66,Amazon,101.95,101.67729279058362,101.95,2992,5,5,5,22,Inner-SP-KW-biotin gummies-EM-biotin gummies-1w,spAdvertisedProduct,US,INNERBRIGHTNESS,spAdvertisedProduct_innerbrightness_US_2026-03-21_2026-04-20.json,2026-04-21 01:59:19
35379,2026-04-21 01:59:19.956075,2026-04-21 01:59:19.956075,2026-04-17,203.9,1.520733890214797,10,203.9,203.9,203.9,0,10,ENABLED,IBX_BIMB_06G1T,0.0,10,150.0,10,10,4.9659259259259265,10,Inner-SP-KW-biotin gummies-EM-biotin gummies-1w,103105471930136,0.847457627118644,0,65.75772437469348,10,0,105099487523342.0,543143644370737,USD,1.520733890214797,10,10,203.9,0,203.9,353711061783975,0,10,0,134.08,10,DAILY_BUDGET,B0GJBFKQZC,10,10,134.08,Amazon,203.9,65.75772437469348,203.9,3186,10,10,10,27,Inner-SP-KW-biotin gummies-EM-biotin gummies-1w,spAdvertisedProduct,US,INNERBRIGHTNESS,spAdvertisedProduct_innerbrightness_US_2026-03-21_2026-04-20.json,2026-04-21 01:59:19
35383,2026-04-21 01:59:19.956075,2026-04-21 01:59:19.956075,2026-04-11,68.97,1.3006612784717122,3,88.51,88.51,88.51,0,3,ENABLED,IBX_VBUF_90C1,0.0,4,145.0,4,4,3.7805555555555554,4,Inner-SP-KW-VB-vitamin b complex-PM,57298629983623,2.6200873362445414,0,76.88396791323014,4,0,128011262266839.0,287813611436025,USD,1.3006612784717122,4,4,88.51,0,68.97,308862798962255,0,4,0,68.05,3,DAILY_BUDGET,B0GKSVSK3P,3,4,68.05,Amazon,88.51,76.88396791323014,88.51,687,4,4,4,18,Inner-SP-KW-VB-vitamin b complex-PM-3K,spAdvertisedProduct,US,INNERBRIGHTNESS,spAdvertisedProduct_innerbrightness_US_2026-03-21_2026-04-20.json,2026-04-21 01:59:19
35384,2026-04-21 01:59:19.956075,2026-04-21 01:59:19.956075,2026-04-12,68.97,1.4356786011656952,3,68.97,68.97,68.97,0,3,ENABLED,IBX_VBUF_90C1,0.0,3,145.0,3,3,4.003333333333333,3,Inner-SP-KW-VB-vitamin b complex-PM,57298629983623,1.8575851393188854,0,69.65347252428592,3,0,128011262266839.0,287813611436025,USD,1.4356786011656952,3,3,68.97,0,68.97,308862798962255,0,3,0,48.04,3,DAILY_BUDGET,B0GKSVSK3P,3,3,48.04,Amazon,68.97,69.65347252428592,68.97,646,3,3,3,12,Inner-SP-KW-VB-vitamin b complex-PM-3K,spAdvertisedProduct,US,INNERBRIGHTNESS,spAdvertisedProduct_innerbrightness_US_2026-03-21_2026-04-20.json,2026-04-21 01:59:19
35385,2026-04-21 01:59:19.956075,2026-04-21 01:59:19.956075,2026-04-13,58.62,0.9809236947791165,3,58.62,58.62,58.62,0,3,ENABLED,IBX_VBUF_90C1,0.0,3,145.0,3,3,3.984,3,Inner-SP-KW-VB-vitamin b complex-PM,57298629983623,1.9230769230769231,0,101.94472876151484,3,0,128011262266839.0,287813611436025,USD,0.9809236947791165,3,3,58.62,0,58.62,308862798962255,0,3,0,59.76,3,DAILY_BUDGET,B0GKSVSK3P,3,3,59.76,Amazon,58.62,101.94472876151484,58.62,780,3,3,3,15,Inner-SP-KW-VB-vitamin b complex-PM-3K,spAdvertisedProduct,US,INNERBRIGHTNESS,spAdvertisedProduct_innerbrightness_US_2026-03-21_2026-04-20.json,2026-04-21 01:59:19
35386,2026-04-21 01:59:19.956075,2026-04-21 01:59:19.956075,2026-04-14,97.7,1.1328849721706866,5,97.7,97.7,97.7,0,5,ENABLED,IBX_VBUF_90C1,0.0,5,145.0,5,5,3.92,5,Inner-SP-KW-VB-vitamin b complex-PM,57298629983623,2.6506024096385543,0,88.27021494370521,5,0,128011262266839.0,287813611436025,USD,1.1328849721706866,5,5,97.7,0,97.7,308862798962255,0,5,0,86.24,5,DAILY_BUDGET,B0GKSVSK3P,5,5,86.24,Amazon,97.7,88.27021494370521,97.7,830,5,5,5,22,Inner-SP-KW-VB-vitamin b complex-PM-3K,spAdvertisedProduct,US,INNERBRIGHTNESS,spAdvertisedProduct_innerbrightness_US_2026-03-21_2026-04-20.json,2026-04-21 01:59:19
35387,2026-04-21 01:59:19.956075,2026-04-21 01:59:19.956075,2026-04-15,58.59,0.7195136927422325,3,58.59,58.59,58.59,0,3,ENABLED,IBX_VBUF_90C1,0.0,3,145.0,3,3,4.0715,3,Inner-SP-KW-VB-vitamin b complex-PM,57298629983623,2.4330900243309004,0,138.9827615634067,3,0,128011262266839.0,287813611436025,USD,0.7195136927422325,3,3,58.59,0,58.59,308862798962255,0,3,0,81.43,3,DAILY_BUDGET,B0GKSVSK3P,3,3,81.43,Amazon,58.59,138.9827615634067,58.59,822,3,3,3,20,Inner-SP-KW-VB-vitamin b complex-PM-3K,spAdvertisedProduct,US,INNERBRIGHTNESS,spAdvertisedProduct_innerbrightness_US_2026-03-21_2026-04-20.json,2026-04-21 01:59:19
35388,2026-04-21 01:59:19.956075,2026-04-21 01:59:19.956075,2026-04-16,0.0,0.0,0,0.0,0.0,0.0,0,0,ENABLED,IBX_VBUF_90C1,0.0,0,145.0,0,0,3.8538095238095242,0,Inner-SP-KW-VB-vitamin b complex-PM,57298629983623,3.343949044585987,0,nan,0,0,128011262266839.0,287813611436025,USD,0.0,0,0,0.0,0,0.0,308862798962255,0,0,0,80.93,0,DAILY_BUDGET,B0GKSVSK3P,0,0,80.93,Amazon,0.0,nan,0.0,628,0,0,0,21,Inner-SP-KW-VB-vitamin b complex-PM-3K,spAdvertisedProduct,US,INNERBRIGHTNESS,spAdvertisedProduct_innerbrightness_US_2026-03-21_2026-04-20.json,2026-04-21 01:59:19
35389,2026-04-21 01:59:19.956075,2026-04-21 01:59:19.956075,2026-04-17,97.65,1.4555075272022657,5,97.65,97.65,97.65,0,5,ENABLED,IBX_VBUF_90C1,0.0,5,145.0,5,5,3.727222222222222,5,Inner-SP-KW-VB-vitamin b complex-PM,57298629983623,4.10958904109589,0,68.70455709165387,5,0,128011262266839.0,287813611436025,USD,1.4555075272022657,5,5,97.65,0,97.65,308862798962255,0,5,0,67.09,5,DAILY_BUDGET,B0GKSVSK3P,5,5,67.09,Amazon,97.65,68.70455709165387,97.65,438,5,5,5,18,Inner-SP-KW-VB-vitamin b complex-PM-3K,spAdvertisedProduct,US,INNERBRIGHTNESS,spAdvertisedProduct_innerbrightness_US_2026-03-21_2026-04-20.json,2026-04-21 01:59:19
35394,2026-04-21 01:59:19.956075,2026-04-21 01:59:19.956075,2026-04-11,206.91,0.9982143581835153,9,245.97,245.97,245.97,0,9,ENABLED,IBX_VBUF_90C1,0.0,10,364.0,10,11,5.475777777777778,11,Inner-SP-KW-VB-vitamin b complex-EM,16573246879315,0.9733939000648929,0,100.17888360369152,11,0,128011262266839.0,323410767431345,USD,0.9982143581835153,11,11,245.97,0,206.91,557962024699161,0,10,0,246.41,9,DAILY_BUDGET,B0GKSVSK3P,9,11,246.41,Amazon,245.97,100.17888360369152,245.97,4623,10,10,10,45,Inner-SP-KW-VB-vitamin b complex-EM-3K,spAdvertisedProduct,US,INNERBRIGHTNESS,spAdvertisedProduct_innerbrightness_US_2026-03-21_2026-04-20.json,2026-04-21 01:59:19
35395,2026-04-21 01:59:19.956075,2026-04-21 01:59:19.956075,2026-04-12,68.97,0.5979632499446536,3,108.04,108.04,108.04,0,3,ENABLED,IBX_VBUF_90C1,0.0,5,364.0,5,5,5.314117647058824,5,Inner-SP-KW-VB-vitamin b complex-EM,16573246879315,0.6309148264984227,0,167.23435764531655,5,0,128011262266839.0,323410767431345,USD,0.5979632499446536,5,5,108.04,0,68.97,557962024699161,0,5,0,180.68,3,DAILY_BUDGET,B0GKSVSK3P,3,5,180.68,Amazon,108.04,167.23435764531655,108.04,5389,5,5,5,34,Inner-SP-KW-VB-vitamin b complex-EM-3K,spAdvertisedProduct,US,INNERBRIGHTNESS,spAdvertisedProduct_innerbrightness_US_2026-03-21_2026-04-20.json,2026-04-21 01:59:19
35396,2026-04-21 01:59:19.956075,2026-04-21 01:59:19.956075,2026-04-13,351.72,1.2065811915544316,18,410.31,410.31,410.31,0,18,ENABLED,IBX_VBUF_90C1,0.0,21,364.0,21,21,5.397777777777778,21,Inner-SP-KW-VB-vitamin b complex-EM,16573246879315,0.805523590333717,0,82.87879895688626,21,0,128011262266839.0,323410767431345,USD,1.2065811915544316,21,21,410.31,0,351.72,557962024699161,0,21,0,340.06,18,DAILY_BUDGET,B0GKSVSK3P,18,21,340.06,Amazon,410.31,82.87879895688626,410.31,7821,21,21,21,63,Inner-SP-KW-VB-vitamin b complex-EM-3K,spAdvertisedProduct,US,INNERBRIGHTNESS,spAdvertisedProduct_innerbrightness_US_2026-03-21_2026-04-20.json,2026-04-21 01:59:19
35397,2026-04-21 01:59:19.956075,2026-04-21 01:59:19.956075,2026-04-14,273.53,0.8146212647671994,14,293.06,293.06,293.06,0,14,ENABLED,IBX_VBUF_90C1,0.0,13,364.0,13,15,5.369402985074627,15,Inner-SP-KW-VB-vitamin b complex-EM,16573246879315,0.9411434190195251,0,122.75643212993926,15,0,128011262266839.0,323410767431345,USD,0.8146212647671994,15,15,293.06,0,273.53,557962024699161,0,13,0,359.75,12,DAILY_BUDGET,B0GKSVSK3P,12,15,359.75,Amazon,293.06,122.75643212993926,293.06,7119,13,13,13,67,Inner-SP-KW-VB-vitamin b complex-EM-3K,spAdvertisedProduct,US,INNERBRIGHTNESS,spAdvertisedProduct_innerbrightness_US_2026-03-21_2026-04-20.json,2026-04-21 01:59:19
35398,2026-04-21 01:59:19.956075,2026-04-21 01:59:19.956075,2026-04-15,273.42,0.9124462717249112,14,292.95,292.95,292.95,0,14,ENABLED,IBX_VBUF_90C1,0.0,14,364.0,14,15,4.864545454545454,15,Inner-SP-KW-VB-vitamin b complex-EM,16573246879315,0.4206769073873414,0,109.59549411162315,15,0,128011262266839.0,323410767431345,USD,0.9124462717249112,15,15,292.95,0,273.42,557962024699161,0,14,0,321.06,13,DAILY_BUDGET,B0GKSVSK3P,13,15,321.06,Amazon,292.95,109.59549411162315,292.95,15689,14,14,14,66,Inner-SP-KW-VB-vitamin b complex-EM-3K,spAdvertisedProduct,US,INNERBRIGHTNESS,spAdvertisedProduct_innerbrightness_US_2026-03-21_2026-04-20.json,2026-04-21 01:59:19
35399,2026-04-21 01:59:19.956075,2026-04-21 01:59:19.956075,2026-04-16,234.36,0.9292993378008645,12,234.36,234.36,234.36,0,12,ENABLED,IBX_VBUF_90C1,0.0,12,364.0,12,12,4.670185185185185,12,Inner-SP-KW-VB-vitamin b complex-EM,16573246879315,0.37604456824512533,0,107.6079535756955,12,0,128011262266839.0,323410767431345,USD,0.9292993378008645,12,12,234.36,0,234.36,557962024699161,0,12,0,252.19,12,DAILY_BUDGET,B0GKSVSK3P,12,12,252.19,Amazon,234.36,107.6079535756955,234.36,14360,12,12,12,54,Inner-SP-KW-VB-vitamin b complex-EM-3K,spAdvertisedProduct,US,INNERBRIGHTNESS,spAdvertisedProduct_innerbrightness_US_2026-03-21_2026-04-20.json,2026-04-21 01:59:19
35400,2026-04-21 01:59:19.956075,2026-04-21 01:59:19.956075,2026-04-17,312.48,1.26262481143596,16,351.54,351.54,351.54,0,16,ENABLED,IBX_VBUF_90C1,0.0,17,364.0,17,18,4.640333333333333,18,Inner-SP-KW-VB-vitamin b complex-EM,16573246879315,0.583373845405931,0,79.20009102804802,18,0,128011262266839.0,323410767431345,USD,1.26262481143596,18,18,351.54,0,312.48,557962024699161,0,17,0,278.42,15,DAILY_BUDGET,B0GKSVSK3P,15,18,278.42,Amazon,351.54,79.20009102804802,351.54,10285,17,17,17,60,Inner-SP-KW-VB-vitamin b complex-EM-3K,spAdvertisedProduct,US,INNERBRIGHTNESS,spAdvertisedProduct_innerbrightness_US_2026-03-21_2026-04-20.json,2026-04-21 01:59:19
35404,2026-04-21 01:59:19.956075,2026-04-21 01:59:19.956075,2026-04-11,68.97,0.8077058203536713,3,68.97,68.97,68.97,0,3,PAUSED,IBX_VBUF_90C1,0.0,3,40.0,3,3,2.754516129032258,3,Inner-SP-VB-auto,71902167295137,0.6076048608388867,0,123.80745251558649,3,0,128011262266839.0,327583563003683,USD,0.8077058203536713,3,3,68.97,0,68.97,540600850303009,0,3,0,85.39,3,DAILY_BUDGET,B0GKSVSK3P,3,3,85.39,Amazon,68.97,123.80745251558649,68.97,5102,3,3,3,31,Inner-SP-VB-auto,spAdvertisedProduct,US,INNERBRIGHTNESS,spAdvertisedProduct_innerbrightness_US_2026-03-21_2026-04-20.json,2026-04-21 01:59:19
35405,2026-04-21 01:59:19.956075,2026-04-21 01:59:19.956075,2026-04-12,91.96,0.9992393784635444,4,91.96,91.96,91.96,0,4,PAUSED,IBX_VBUF_90C1,0.0,4,40.0,4,4,2.8759375,4,Inner-SP-VB-auto,71902167295137,0.6589785831960462,0,100.07612005219661,4,0,128011262266839.0,327583563003683,USD,0.9992393784635444,4,4,91.96,0,91.96,540600850303009,0,4,0,92.03,4,DAILY_BUDGET,B0GKSVSK3P,4,4,92.03,Amazon,91.96,100.07612005219661,91.96,4856,4,4,4,32,Inner-SP-VB-auto,spAdvertisedProduct,US,INNERBRIGHTNESS,spAdvertisedProduct_innerbrightness_US_2026-03-21_2026-04-20.json,2026-04-21 01:59:19
35406,2026-04-21 01:59:19.956075,2026-04-21 01:59:19.956075,2026-04-13,39.08,0.4243213897937025,2,39.08,39.08,39.08,0,2,PAUSED,IBX_VBUF_90C1,0.0,2,40.0,2,2,2.9709677419354836,2,Inner-SP-VB-auto,71902167295137,0.5757800891530461,0,235.6704196519959,2,0,128011262266839.0,327583563003683,USD,0.4243213897937025,2,2,39.08,0,39.08,540600850303009,0,2,0,92.1,2,DAILY_BUDGET,B0GKSVSK3P,2,2,92.1,Amazon,39.08,235.6704196519959,39.08,5384,2,2,2,31,Inner-SP-VB-auto,spAdvertisedProduct,US,INNERBRIGHTNESS,spAdvertisedProduct_innerbrightness_US_2026-03-21_2026-04-20.json,2026-04-21 01:59:19
35407,2026-04-21 01:59:19.956075,2026-04-21 01:59:19.956075,2026-04-14,39.08,0.9135109864422627,2,39.08,39.08,39.08,0,2,PAUSED,IBX_VBUF_90C1,0.0,2,40.0,2,2,3.565,2,Inner-SP-VB-auto,71902167295137,0.3607937462417318,0,109.46775844421698,2,0,128011262266839.0,327583563003683,USD,0.9135109864422627,2,2,39.08,0,39.08,540600850303009,0,2,0,42.78,2,DAILY_BUDGET,B0GKSVSK3P,2,2,42.78,Amazon,39.08,109.46775844421698,39.08,3326,2,2,2,12,Inner-SP-VB-auto,spAdvertisedProduct,US,INNERBRIGHTNESS,spAdvertisedProduct_innerbrightness_US_2026-03-21_2026-04-20.json,2026-04-21 01:59:19
35408,2026-04-21 01:59:19.956075,2026-04-21 01:59:19.956075,2026-04-15,39.06,1.3623997209626788,2,39.06,39.06,39.06,0,2,PAUSED,IBX_VBUF_90C1,0.0,1,40.0,1,2,2.3891666666666667,2,Inner-SP-VB-auto,71902167295137,0.3386960203217612,0,73.39989759344598,2,0,128011262266839.0,327583563003683,USD,1.3623997209626788,2,2,39.06,0,39.06,540600850303009,0,1,0,28.67,1,DAILY_BUDGET,B0GKSVSK3P,1,2,28.67,Amazon,39.06,73.39989759344598,39.06,3543,1,1,1,12,Inner-SP-VB-auto,spAdvertisedProduct,US,INNERBRIGHTNESS,spAdvertisedProduct_innerbrightness_US_2026-03-21_2026-04-20.json,2026-04-21 01:59:19
35409,2026-04-21 01:59:19.956075,2026-04-21 01:59:19.956075,2026-04-16,0.0,nan,0,0.0,0.0,0.0,0,0,PAUSED,IBX_VBUF_90C1,0.0,0,40.0,0,0,nan,0,Inner-SP-VB-auto,71902167295137,0.0,0,nan,0,0,128011262266839.0,327583563003683,USD,nan,0,0,0.0,0,0.0,540600850303009,0,0,0,0.0,0,DAILY_BUDGET,B0GKSVSK3P,0,0,0.0,Amazon,0.0,nan,0.0,62,0,0,0,0,Inner-SP-VB-auto,spAdvertisedProduct,US,INNERBRIGHTNESS,spAdvertisedProduct_innerbrightness_US_2026-03-21_2026-04-20.json,2026-04-21 01:59:19
35411,2026-04-21 01:59:19.956075,2026-04-21 01:59:19.956075,2026-04-11,0.0,0.0,0,0.0,0.0,0.0,0,0,ENABLED,IBX_BIMB_06G1T,0.0,0,40.0,0,0,4.08,0,Inner-SP-KW-biotin-biotin-EM-2K,90609254666494,0.646551724137931,0,nan,0,0,105099487523342.0,319700192325308,USD,0.0,0,0,0.0,0,0.0,69195557591815,0,0,0,12.24,0,DAILY_BUDGET,B0GJBFKQZC,0,0,12.24,Amazon,0.0,nan,0.0,464,0,0,0,3,Inner-SP-KW-biotin-biotin-EM-2K,spAdvertisedProduct,US,INNERBRIGHTNESS,spAdvertisedProduct_innerbrightness_US_2026-03-21_2026-04-20.json,2026-04-21 01:59:19
35412,2026-04-21 01:59:19.956075,2026-04-21 01:59:19.956075,2026-04-12,0.0,0.0,0,0.0,0.0,0.0,0,0,ENABLED,IBX_BIMB_06G1T,0.0,0,40.0,0,0,3.535,0,Inner-SP-KW-biotin-biotin-EM-2K,90609254666494,0.149812734082397,0,nan,0,0,105099487523342.0,319700192325308,USD,0.0,0,0,0.0,0,0.0,69195557591815,0,0,0,7.07,0,DAILY_BUDGET,B0GJBFKQZC,0,0,7.07,Amazon,0.0,nan,0.0,1335,0,0,0,2,Inner-SP-KW-biotin-biotin-EM-2K,spAdvertisedProduct,US,INNERBRIGHTNESS,spAdvertisedProduct_innerbrightness_US_2026-03-21_2026-04-20.json,2026-04-21 01:59:19
35413,2026-04-21 01:59:19.956075,2026-04-21 01:59:19.956075,2026-04-13,64.77,0.8205820003854307,3,85.16,85.16,85.16,0,3,ENABLED,IBX_BIMB_06G1T,0.0,4,40.0,4,4,3.5786206896551724,4,Inner-SP-KW-biotin-biotin-EM-2K,90609254666494,0.20339458549586195,0,121.86472522310945,4,0,105099487523342.0,319700192325308,USD,0.8205820003854307,4,4,85.16,0,64.77,69195557591815,0,4,0,103.78,3,DAILY_BUDGET,B0GJBFKQZC,3,4,103.78,Amazon,85.16,121.86472522310945,85.16,14258,4,4,4,29,Inner-SP-KW-biotin-biotin-EM-2K,spAdvertisedProduct,US,INNERBRIGHTNESS,spAdvertisedProduct_innerbrightness_US_2026-03-21_2026-04-20.json,2026-04-21 01:59:19
35414,2026-04-21 01:59:19.956075,2026-04-21 01:59:19.956075,2026-04-14,122.34,1.4404077101624784,6,142.73,142.73,142.73,0,6,ENABLED,IBX_BIMB_06G1T,0.0,7,40.0,7,7,3.811153846153846,7,Inner-SP-KW-biotin-biotin-EM-2K,90609254666494,0.23567802755620013,0,69.42478806137463,7,0,105099487523342.0,319700192325308,USD,1.4404077101624784,7,7,142.73,0,122.34,69195557591815,0,7,0,99.09,6,DAILY_BUDGET,B0GJBFKQZC,6,7,99.09,Amazon,142.73,69.42478806137463,142.73,11032,7,7,7,26,Inner-SP-KW-biotin-biotin-EM-2K,spAdvertisedProduct,US,INNERBRIGHTNESS,spAdvertisedProduct_innerbrightness_US_2026-03-21_2026-04-20.json,2026-04-21 01:59:19
35415,2026-04-21 01:59:19.956075,2026-04-21 01:59:19.956075,2026-04-15,81.56,0.9178483006977268,4,81.56,81.56,81.56,0,4,ENABLED,IBX_BIMB_06G1T,0.0,4,40.0,4,4,3.5544,4,Inner-SP-KW-biotin-biotin-EM-2K,90609254666494,0.1492091912861832,0,108.95046591466404,4,0,105099487523342.0,319700192325308,USD,0.9178483006977268,4,4,81.56,0,81.56,69195557591815,0,4,0,88.86,4,DAILY_BUDGET,B0GJBFKQZC,4,4,88.86,Amazon,81.56,108.95046591466404,81.56,16755,4,4,4,25,Inner-SP-KW-biotin-biotin-EM-2K,spAdvertisedProduct,US,INNERBRIGHTNESS,spAdvertisedProduct_innerbrightness_US_2026-03-21_2026-04-20.json,2026-04-21 01:59:19
35416,2026-04-21 01:59:19.956075,2026-04-21 01:59:19.956075,2026-04-16,20.39,0.4895558223289316,1,20.39,20.39,20.39,0,1,ENABLED,IBX_BIMB_06G1T,0.0,1,40.0,1,1,3.2038461538461536,1,Inner-SP-KW-biotin-biotin-EM-2K,90609254666494,0.24190547078526237,0,204.26679744973026,1,0,105099487523342.0,319700192325308,USD,0.4895558223289316,1,1,20.39,0,20.39,69195557591815,0,1,0,41.65,1,DAILY_BUDGET,B0GJBFKQZC,1,1,41.65,Amazon,20.39,204.26679744973026,20.39,5374,1,1,1,13,Inner-SP-KW-biotin-biotin-EM-2K,spAdvertisedProduct,US,INNERBRIGHTNESS,spAdvertisedProduct_innerbrightness_US_2026-03-21_2026-04-20.json,2026-04-21 01:59:19
35417,2026-04-21 01:59:19.956075,2026-04-21 01:59:19.956075,2026-04-17,81.56,2.9842663739480426,4,81.56,81.56,81.56,0,4,ENABLED,IBX_BIMB_06G1T,0.0,4,40.0,4,4,3.904285714285714,4,Inner-SP-KW-biotin-biotin-EM-2K,90609254666494,0.10342789598108747,0,33.509073075036774,4,0,105099487523342.0,319700192325308,USD,2.9842663739480426,4,4,81.56,0,81.56,69195557591815,0,4,0,27.33,4,DAILY_BUDGET,B0GJBFKQZC,4,4,27.33,Amazon,81.56,33.509073075036774,81.56,6768,4,4,4,7,Inner-SP-KW-biotin-biotin-EM-2K,spAdvertisedProduct,US,INNERBRIGHTNESS,spAdvertisedProduct_innerbrightness_US_2026-03-21_2026-04-20.json,2026-04-21 01:59:19
35421,2026-04-21 01:59:19.956075,2026-04-21 01:59:19.956075,2026-04-11,22.99,0.5840955284552846,1,22.99,22.99,22.99,0,1,ENABLED,IBX_VBUF_90C1,0.0,1,180.0,1,1,6.56,1,Inner-SP-KW-VB-b complex-EM-8K,133485526455499,1.9736842105263157,0,171.2048716833406,1,0,128011262266839.0,513258321750434,USD,0.5840955284552846,1,1,22.99,0,22.99,331857307014632,0,1,0,39.36,1,DAILY_BUDGET,B0GKSVSK3P,1,1,39.36,Amazon,22.99,171.2048716833406,22.99,304,1,1,1,6,Inner-SP-KW-VB-b complex-EM-8K,spAdvertisedProduct,US,INNERBRIGHTNESS,spAdvertisedProduct_innerbrightness_US_2026-03-21_2026-04-20.json,2026-04-21 01:59:19
35422,2026-04-21 01:59:19.956075,2026-04-21 01:59:19.956075,2026-04-12,45.98,1.1714876033057853,2,85.05,85.05,85.05,0,2,ENABLED,IBX_VBUF_90C1,0.0,4,180.0,4,4,6.6,4,Inner-SP-KW-VB-b complex-EM-8K,133485526455499,3.4267912772585665,0,85.3615520282187,4,0,128011262266839.0,513258321750434,USD,1.1714876033057853,4,4,85.05,0,45.98,331857307014632,0,4,0,72.6,2,DAILY_BUDGET,B0GKSVSK3P,2,4,72.6,Amazon,85.05,85.3615520282187,85.05,321,4,4,4,11,Inner-SP-KW-VB-b complex-EM-8K,spAdvertisedProduct,US,INNERBRIGHTNESS,spAdvertisedProduct_innerbrightness_US_2026-03-21_2026-04-20.json,2026-04-21 01:59:19
35423,2026-04-21 01:59:19.956075,2026-04-21 01:59:19.956075,2026-04-13,58.62,0.7708621029788914,3,78.15,78.15,78.15,0,3,ENABLED,IBX_VBUF_90C1,0.0,4,180.0,4,4,6.33625,4,Inner-SP-KW-VB-b complex-EM-8K,133485526455499,2.26628895184136,0,129.7248880358285,4,0,128011262266839.0,513258321750434,USD,0.7708621029788914,4,4,78.15,0,58.62,331857307014632,0,4,0,101.38,3,DAILY_BUDGET,B0GKSVSK3P,3,4,101.38,Amazon,78.15,129.7248880358285,78.15,706,4,4,4,16,Inner-SP-KW-VB-b complex-EM-8K,spAdvertisedProduct,US,INNERBRIGHTNESS,spAdvertisedProduct_innerbrightness_US_2026-03-21_2026-04-20.json,2026-04-21 01:59:19
35424,2026-04-21 01:59:19.956075,2026-04-21 01:59:19.956075,2026-04-14,39.08,0.3982878108438646,2,39.08,39.08,39.08,0,2,ENABLED,IBX_VBUF_90C1,0.0,2,180.0,2,2,6.541333333333333,2,Inner-SP-KW-VB-b complex-EM-8K,133485526455499,2.479338842975207,0,251.07471852610033,2,0,128011262266839.0,513258321750434,USD,0.3982878108438646,2,2,39.08,0,39.08,331857307014632,0,2,0,98.12,2,DAILY_BUDGET,B0GKSVSK3P,2,2,98.12,Amazon,39.08,251.07471852610033,39.08,605,2,2,2,15,Inner-SP-KW-VB-b complex-EM-8K,spAdvertisedProduct,US,INNERBRIGHTNESS,spAdvertisedProduct_innerbrightness_US_2026-03-21_2026-04-20.json,2026-04-21 01:59:19
35425,2026-04-21 01:59:19.956075,2026-04-21 01:59:19.956075,2026-04-15,97.65,0.7476456626598269,5,97.65,97.65,97.65,0,5,ENABLED,IBX_VBUF_90C1,0.0,5,180.0,5,5,6.21952380952381,5,Inner-SP-KW-VB-b complex-EM-8K,133485526455499,2.1716649431230612,0,133.7532002048131,5,0,128011262266839.0,513258321750434,USD,0.7476456626598269,5,5,97.65,0,97.65,331857307014632,0,5,0,130.61,5,DAILY_BUDGET,B0GKSVSK3P,5,5,130.61,Amazon,97.65,133.7532002048131,97.65,967,5,5,5,21,Inner-SP-KW-VB-b complex-EM-8K,spAdvertisedProduct,US,INNERBRIGHTNESS,spAdvertisedProduct_innerbrightness_US_2026-03-21_2026-04-20.json,2026-04-21 01:59:19
35426,2026-04-21 01:59:19.956075,2026-04-21 01:59:19.956075,2026-04-16,39.06,0.30064655172413796,2,39.06,39.06,39.06,0,2,ENABLED,IBX_VBUF_90C1,0.0,2,180.0,2,2,5.905454545454545,2,Inner-SP-KW-VB-b complex-EM-8K,133485526455499,1.3496932515337423,0,332.6164874551971,2,0,128011262266839.0,513258321750434,USD,0.30064655172413796,2,2,39.06,0,39.06,331857307014632,0,2,0,129.92,2,DAILY_BUDGET,B0GKSVSK3P,2,2,129.92,Amazon,39.06,332.6164874551971,39.06,1630,2,2,2,22,Inner-SP-KW-VB-b complex-EM-8K,spAdvertisedProduct,US,INNERBRIGHTNESS,spAdvertisedProduct_innerbrightness_US_2026-03-21_2026-04-20.json,2026-04-21 01:59:19
35427,2026-04-21 01:59:19.956075,2026-04-21 01:59:19.956075,2026-04-17,97.65,0.9842096421972115,5,117.18,117.18,117.18,0,5,ENABLED,IBX_VBUF_90C1,0.0,6,180.0,6,6,6.266315789473684,6,Inner-SP-KW-VB-b complex-EM-8K,133485526455499,2.878787878787879,0,101.60436934630484,6,0,128011262266839.0,513258321750434,USD,0.9842096421972115,6,6,117.18,0,97.65,331857307014632,0,6,0,119.06,5,DAILY_BUDGET,B0GKSVSK3P,5,6,119.06,Amazon,117.18,101.60436934630484,117.18,660,6,6,6,19,Inner-SP-KW-VB-b complex-EM-8K,spAdvertisedProduct,US,INNERBRIGHTNESS,spAdvertisedProduct_innerbrightness_US_2026-03-21_2026-04-20.json,2026-04-21 01:59:19
35431,2026-04-21 01:59:19.956075,2026-04-21 01:59:19.956075,2026-04-11,22.99,0.8032844164919636,1,22.99,22.99,22.99,0,1,ENABLED,IBX_VBUF_90C1,0.0,1,30.0,1,1,4.7700000000000005,1,Inner-SP-KW-VB-b complex vitamins-EM-1.5w,86707689409336,0.9022556390977444,0,124.48890822096566,1,0,NaN,551824610577948,USD,0.8032844164919636,1,1,22.99,0,22.99,358090685783492,0,1,0,28.62,1,DAILY_BUDGET,B0GKSVSK3P,1,1,28.62,Amazon,22.99,124.48890822096566,22.99,665,1,1,1,6,Campaign - 3/24/2026 08:56:17.623,spAdvertisedProduct,US,INNERBRIGHTNESS,spAdvertisedProduct_innerbrightness_US_2026-03-21_2026-04-20.json,2026-04-21 01:59:19
35432,2026-04-21 01:59:19.956075,2026-04-21 01:59:19.956075,2026-04-12,22.99,0.8480265584655109,1,22.99,22.99,22.99,0,1,ENABLED,IBX_VBUF_90C1,0.0,1,30.0,1,1,4.5183333333333335,1,Inner-SP-KW-VB-b complex vitamins-EM-1.5w,86707689409336,2.247191011235955,0,117.92083514571554,1,0,NaN,551824610577948,USD,0.8480265584655109,1,1,22.99,0,22.99,358090685783492,0,1,0,27.11,1,DAILY_BUDGET,B0GKSVSK3P,1,1,27.11,Amazon,22.99,117.92083514571554,22.99,267,1,1,1,6,Campaign - 3/24/2026 08:56:17.623,spAdvertisedProduct,US,INNERBRIGHTNESS,spAdvertisedProduct_innerbrightness_US_2026-03-21_2026-04-20.json,2026-04-21 01:59:19
35433,2026-04-21 01:59:19.956075,2026-04-21 01:59:19.956075,2026-04-13,39.08,1.31009051290647,2,39.08,39.08,39.08,0,2,ENABLED,IBX_VBUF_90C1,0.0,1,30.0,1,2,4.261428571428572,2,Inner-SP-KW-VB-b complex vitamins-EM-1.5w,86707689409336,0.38293216630196936,0,76.33060388945752,2,0,NaN,551824610577948,USD,1.31009051290647,2,2,39.08,0,39.08,358090685783492,0,1,0,29.83,1,DAILY_BUDGET,B0GKSVSK3P,1,2,29.83,Amazon,39.08,76.33060388945752,39.08,1828,1,1,1,7,Campaign - 3/24/2026 08:56:17.623,spAdvertisedProduct,US,INNERBRIGHTNESS,spAdvertisedProduct_innerbrightness_US_2026-03-21_2026-04-20.json,2026-04-21 01:59:19
35434,2026-04-21 01:59:19.956075,2026-04-21 01:59:19.956075,2026-04-14,19.54,0.6865776528460997,1,19.54,19.54,19.54,0,1,ENABLED,IBX_VBUF_90C1,0.0,1,30.0,1,1,4.743333333333333,1,Inner-SP-KW-VB-b complex vitamins-EM-1.5w,86707689409336,1.9801980198019802,0,145.64994882292734,1,0,NaN,551824610577948,USD,0.6865776528460997,1,1,19.54,0,19.54,358090685783492,0,1,0,28.46,1,DAILY_BUDGET,B0GKSVSK3P,1,1,28.46,Amazon,19.54,145.64994882292734,19.54,303,1,1,1,6,Campaign - 3/24/2026 08:56:17.623,spAdvertisedProduct,US,INNERBRIGHTNESS,spAdvertisedProduct_innerbrightness_US_2026-03-21_2026-04-20.json,2026-04-21 01:59:19
35435,2026-04-21 01:59:19.956075,2026-04-21 01:59:19.956075,2026-04-15,39.06,1.4286759326993417,2,39.06,39.06,39.06,0,2,ENABLED,IBX_VBUF_90C1,0.0,2,30.0,2,2,4.556666666666667,2,Inner-SP-KW-VB-b complex vitamins-EM-1.5w,86707689409336,0.3188097768331562,0,69.99487967229902,2,0,NaN,551824610577948,USD,1.4286759326993417,2,2,39.06,0,39.06,358090685783492,0,2,0,27.34,2,DAILY_BUDGET,B0GKSVSK3P,2,2,27.34,Amazon,39.06,69.99487967229902,39.06,1882,2,2,2,6,Campaign - 3/24/2026 08:56:17.623,spAdvertisedProduct,US,INNERBRIGHTNESS,spAdvertisedProduct_innerbrightness_US_2026-03-21_2026-04-20.json,2026-04-21 01:59:19
35436,2026-04-21 01:59:19.956075,2026-04-21 01:59:19.956075,2026-04-16,0.0,0.0,0,0.0,0.0,0.0,0,0,ENABLED,IBX_VBUF_90C1,0.0,0,30.0,0,0,3.42,0,Inner-SP-KW-VB-b complex vitamins-EM-1.5w,86707689409336,0.23101357204735778,0,nan,0,0,NaN,551824610577948,USD,0.0,0,0,0.0,0,0.0,358090685783492,0,0,0,27.36,0,DAILY_BUDGET,B0GKSVSK3P,0,0,27.36,Amazon,0.0,nan,0.0,3463,0,0,0,8,Campaign - 3/24/2026 08:56:17.623,spAdvertisedProduct,US,INNERBRIGHTNESS,spAdvertisedProduct_innerbrightness_US_2026-03-21_2026-04-20.json,2026-04-21 01:59:19
35437,2026-04-21 01:59:19.956075,2026-04-21 01:59:19.956075,2026-04-17,0.0,0.0,0,0.0,0.0,0.0,0,0,ENABLED,IBX_VBUF_90C1,0.0,0,30.0,0,0,4.763333333333333,0,Inner-SP-KW-VB-b complex vitamins-EM-1.5w,86707689409336,0.32310177705977383,0,nan,0,0,NaN,551824610577948,USD,0.0,0,0,0.0,0,0.0,358090685783492,0,0,0,28.58,0,DAILY_BUDGET,B0GKSVSK3P,0,0,28.58,Amazon,0.0,nan,0.0,1857,0,0,0,6,Campaign - 3/24/2026 08:56:17.623,spAdvertisedProduct,US,INNERBRIGHTNESS,spAdvertisedProduct_innerbrightness_US_2026-03-21_2026-04-20.json,2026-04-21 01:59:19
35441,2026-04-21 01:59:19.956075,2026-04-21 01:59:19.956075,2026-04-11,0.0,0.0,0,0.0,0.0,0.0,0,0,PAUSED,IBM_MGMB_06G1FR,0.0,0,300.0,0,0,3.0,0,Inner-SP-KW-gumm-magnesium-EM-CPC-222,423904171460856,0.6041079339508658,0,nan,0,0,269179459475581.0,293673797155032,USD,0.0,0,0,0.0,0,0.0,515353240338806,0,0,0,45.0,0,DAILY_BUDGET,B0DKT3PXRP,0,0,45.0,Amazon,0.0,nan,0.0,2483,0,0,0,15,Inner-SP-KW-gumm-magnesium-EM-CPC-222,spAdvertisedProduct,US,INNERBRIGHTNESS,spAdvertisedProduct_innerbrightness_US_2026-03-21_2026-04-20.json,2026-04-21 01:59:19
35442,2026-04-21 01:59:19.956075,2026-04-21 01:59:19.956075,2026-04-12,53.97,0.6673673797452702,3,53.97,53.97,53.97,0,3,PAUSED,IBM_MGMB_06G1FR,0.0,3,300.0,3,3,2.888214285714286,3,Inner-SP-KW-gumm-magnesium-EM-CPC-222,423904171460856,0.9402283411685695,0,149.84250509542338,3,0,269179459475581.0,293673797155032,USD,0.6673673797452702,3,3,53.97,0,53.97,515353240338806,0,3,0,80.87,3,DAILY_BUDGET,B0DKT3PXRP,3,3,80.87,Amazon,53.97,149.84250509542338,53.97,2978,3,3,3,28,Inner-SP-KW-gumm-magnesium-EM-CPC-222,spAdvertisedProduct,US,INNERBRIGHTNESS,spAdvertisedProduct_innerbrightness_US_2026-03-21_2026-04-20.json,2026-04-21 01:59:19
35443,2026-04-21 01:59:19.956075,2026-04-21 01:59:19.956075,2026-04-13,55.96,0.7574445046020575,4,55.96,55.96,55.96,0,4,PAUSED,IBM_MGMB_06G1FR,0.0,4,300.0,4,4,2.9551999999999996,4,Inner-SP-KW-gumm-magnesium-EM-CPC-222,423904171460856,1.1405109489051095,0,132.02287348105787,4,0,269179459475581.0,293673797155032,USD,0.7574445046020575,4,4,55.96,0,55.96,515353240338806,0,4,0,73.88,4,DAILY_BUDGET,B0DKT3PXRP,4,4,73.88,Amazon,55.96,132.02287348105787,55.96,2192,4,4,4,25,Inner-SP-KW-gumm-magnesium-EM-CPC-222,spAdvertisedProduct,US,INNERBRIGHTNESS,spAdvertisedProduct_innerbrightness_US_2026-03-21_2026-04-20.json,2026-04-21 01:59:19
35444,2026-04-21 01:59:19.956075,2026-04-21 01:59:19.956075,2026-04-15,0.0,nan,0,0.0,0.0,0.0,0,0,PAUSED,IBM_MGMB_06G1FR,0.0,0,300.0,0,0,nan,0,Inner-SP-KW-gumm-magnesium-EM-CPC-222,423904171460856,nan,0,nan,0,0,269179459475581.0,293673797155032,USD,nan,0,0,0.0,0,0.0,515353240338806,0,0,0,0.0,0,DAILY_BUDGET,B0DKT3PXRP,0,0,0.0,Amazon,0.0,nan,0.0,0,0,0,0,0,Inner-SP-KW-gumm-magnesium-EM-CPC-222,spAdvertisedProduct,US,INNERBRIGHTNESS,spAdvertisedProduct_innerbrightness_US_2026-03-21_2026-04-20.json,2026-04-21 01:59:19
35445,2026-04-21 01:59:19.956075,2026-04-21 01:59:19.956075,2026-04-15,0.0,nan,0,0.0,0.0,0.0,0,0,PAUSED,IBM_MGMB_06G1FR,0.0,0,1.0,0,0,nan,0,Inner-SP-KW-gumm-magnesium gummies-PM-CPC-7k,379771125260003,nan,0,nan,0,0,269179459475581.0,328956319290431,USD,nan,0,0,0.0,0,0.0,406213779278243,0,0,0,0.0,0,DAILY_BUDGET,B0DKT3PXRP,0,0,0.0,Amazon,0.0,nan,0.0,0,0,0,0,0,Inner-SP-KW-gumm-magnesium-PM-CPC-222,spAdvertisedProduct,US,INNERBRIGHTNESS,spAdvertisedProduct_innerbrightness_US_2026-03-21_2026-04-20.json,2026-04-21 01:59:19
35446,2026-04-21 01:59:19.956075,2026-04-21 01:59:19.956075,2026-04-11,91.96,0.8915172079495879,4,91.96,91.96,91.96,0,4,ENABLED,IBX_VBUF_90C1,0.0,4,140.0,4,4,4.484782608695652,4,Inner-SP-KW-VB-methylated b complex-EM-1.9W,124155407961116,1.6874541452677916,0,112.16833405828623,4,0,128011262266839.0,354593987155188,USD,0.8915172079495879,4,4,91.96,0,91.96,82937763590039,0,4,0,103.15,4,DAILY_BUDGET,B0GKSVSK3P,4,4,103.15,Amazon,91.96,112.16833405828623,91.96,1363,4,4,4,23,Inner-SP-KW-VB-methylated b complex-EM-1.9W,spAdvertisedProduct,US,INNERBRIGHTNESS,spAdvertisedProduct_innerbrightness_US_2026-03-21_2026-04-20.json,2026-04-21 01:59:19
35447,2026-04-21 01:59:19.956075,2026-04-21 01:59:19.956075,2026-04-12,45.98,0.784373933810986,2,45.98,45.98,45.98,0,2,ENABLED,IBX_VBUF_90C1,0.0,2,140.0,2,2,4.509230769230769,2,Inner-SP-KW-VB-methylated b complex-EM-1.9W,124155407961116,0.7510109763142693,0,127.49021313614615,2,0,128011262266839.0,354593987155188,USD,0.784373933810986,2,2,45.98,0,45.98,82937763590039,0,2,0,58.62,2,DAILY_BUDGET,B0GKSVSK3P,2,2,58.62,Amazon,45.98,127.49021313614615,45.98,1731,2,2,2,13,Inner-SP-KW-VB-methylated b complex-EM-1.9W,spAdvertisedProduct,US,INNERBRIGHTNESS,spAdvertisedProduct_innerbrightness_US_2026-03-21_2026-04-20.json,2026-04-21 01:59:19
35448,2026-04-21 01:59:19.956075,2026-04-21 01:59:19.956075,2026-04-13,97.7,0.8794670987487623,5,97.7,97.7,97.7,0,5,ENABLED,IBX_VBUF_90C1,0.0,5,140.0,5,5,4.4436,5,Inner-SP-KW-VB-methylated b complex-EM-1.9W,124155407961116,1.3034410844629822,0,113.70522006141248,5,0,128011262266839.0,354593987155188,USD,0.8794670987487623,5,5,97.7,0,97.7,82937763590039,0,5,0,111.09,5,DAILY_BUDGET,B0GKSVSK3P,5,5,111.09,Amazon,97.7,113.70522006141248,97.7,1918,5,5,5,25,Inner-SP-KW-VB-methylated b complex-EM-1.9W,spAdvertisedProduct,US,INNERBRIGHTNESS,spAdvertisedProduct_innerbrightness_US_2026-03-21_2026-04-20.json,2026-04-21 01:59:19
35449,2026-04-21 01:59:19.956075,2026-04-21 01:59:19.956075,2026-04-14,136.78,1.4652383502945903,7,136.78,136.78,136.78,0,7,ENABLED,IBX_VBUF_90C1,0.0,7,140.0,7,7,4.4452380952380945,7,Inner-SP-KW-VB-methylated b complex-EM-1.9W,124155407961116,1.0510510510510511,0,68.24828191256032,7,0,128011262266839.0,354593987155188,USD,1.4652383502945903,7,7,136.78,0,136.78,82937763590039,0,7,0,93.35,7,DAILY_BUDGET,B0GKSVSK3P,7,7,93.35,Amazon,136.78,68.24828191256032,136.78,1998,7,7,7,21,Inner-SP-KW-VB-methylated b complex-EM-1.9W,spAdvertisedProduct,US,INNERBRIGHTNESS,spAdvertisedProduct_innerbrightness_US_2026-03-21_2026-04-20.json,2026-04-21 01:59:19
35450,2026-04-21 01:59:19.956075,2026-04-21 01:59:19.956075,2026-04-15,97.65,0.7797652319731694,5,97.65,97.65,97.65,0,5,ENABLED,IBX_VBUF_90C1,0.0,5,140.0,5,5,4.4725,5,Inner-SP-KW-VB-methylated b complex-EM-1.9W,124155407961116,1.342925659472422,0,128.2437275985663,5,0,128011262266839.0,354593987155188,USD,0.7797652319731694,5,5,97.65,0,97.65,82937763590039,0,5,0,125.23,5,DAILY_BUDGET,B0GKSVSK3P,5,5,125.23,Amazon,97.65,128.2437275985663,97.65,2085,5,5,5,28,Inner-SP-KW-VB-methylated b complex-EM-1.9W,spAdvertisedProduct,US,INNERBRIGHTNESS,spAdvertisedProduct_innerbrightness_US_2026-03-21_2026-04-20.json,2026-04-21 01:59:19
35451,2026-04-21 01:59:19.956075,2026-04-21 01:59:19.956075,2026-04-16,39.06,0.5165983335537627,2,39.06,39.06,39.06,0,2,ENABLED,IBX_VBUF_90C1,0.0,2,140.0,2,2,4.447647058823529,2,Inner-SP-KW-VB-methylated b complex-EM-1.9W,124155407961116,0.9204114780725501,0,193.57398873527904,2,0,128011262266839.0,354593987155188,USD,0.5165983335537627,2,2,39.06,0,39.06,82937763590039,0,2,0,75.61,2,DAILY_BUDGET,B0GKSVSK3P,2,2,75.61,Amazon,39.06,193.57398873527904,39.06,1847,2,2,2,17,Inner-SP-KW-VB-methylated b complex-EM-1.9W,spAdvertisedProduct,US,INNERBRIGHTNESS,spAdvertisedProduct_innerbrightness_US_2026-03-21_2026-04-20.json,2026-04-21 01:59:19
35452,2026-04-21 01:59:19.956075,2026-04-21 01:59:19.956075,2026-04-17,58.59,0.5663058186738837,3,58.59,58.59,58.59,0,3,ENABLED,IBX_VBUF_90C1,0.0,3,140.0,3,3,4.310833333333333,3,Inner-SP-KW-VB-methylated b complex-EM-1.9W,124155407961116,1.3969732246798603,0,176.58303464755076,3,0,128011262266839.0,354593987155188,USD,0.5663058186738837,3,3,58.59,0,58.59,82937763590039,0,3,0,103.46,3,DAILY_BUDGET,B0GKSVSK3P,3,3,103.46,Amazon,58.59,176.58303464755076,58.59,1718,3,3,3,24,Inner-SP-KW-VB-methylated b complex-EM-1.9W,spAdvertisedProduct,US,INNERBRIGHTNESS,spAdvertisedProduct_innerbrightness_US_2026-03-21_2026-04-20.json,2026-04-21 01:59:19
35456,2026-04-21 01:59:19.956075,2026-04-21 01:59:19.956075,2026-04-11,0.0,0.0,0,0.0,0.0,0.0,0,0,ENABLED,IBX_VBUF_90C1,0.0,0,20.0,0,0,5.32,0,Inner-SP-KW-VB-b vitamins complex-EM-1W,250659622813733,0.5813953488372093,0,nan,0,0,128011262266839.0,385461348891100,USD,0.0,0,0,0.0,0,0.0,113941798014442,0,0,0,15.96,0,DAILY_BUDGET,B0GKSVSK3P,0,0,15.96,Amazon,0.0,nan,0.0,516,0,0,0,3,Inner-SP-KW-VB-b vitamins complex-EM-1W,spAdvertisedProduct,US,INNERBRIGHTNESS,spAdvertisedProduct_innerbrightness_US_2026-03-21_2026-04-20.json,2026-04-21 01:59:19
35457,2026-04-21 01:59:19.956075,2026-04-21 01:59:19.956075,2026-04-12,68.97,2.383206634416033,3,68.97,68.97,68.97,0,3,ENABLED,IBX_VBUF_90C1,0.0,3,20.0,3,3,4.134285714285714,3,Inner-SP-KW-VB-b vitamins complex-EM-1W,250659622813733,0.9762900976290098,0,41.96027258228215,3,0,128011262266839.0,385461348891100,USD,2.383206634416033,3,3,68.97,0,68.97,113941798014442,0,3,0,28.94,3,DAILY_BUDGET,B0GKSVSK3P,3,3,28.94,Amazon,68.97,41.96027258228215,68.97,717,3,3,3,7,Inner-SP-KW-VB-b vitamins complex-EM-1W,spAdvertisedProduct,US,INNERBRIGHTNESS,spAdvertisedProduct_innerbrightness_US_2026-03-21_2026-04-20.json,2026-04-21 01:59:19
35458,2026-04-21 01:59:19.956075,2026-04-21 01:59:19.956075,2026-04-13,39.08,0.5058244887393217,2,39.08,39.08,39.08,0,2,ENABLED,IBX_VBUF_90C1,0.0,2,20.0,2,2,4.544705882352941,2,Inner-SP-KW-VB-b vitamins complex-EM-1W,250659622813733,0.6576402321083172,0,197.69703172978507,2,0,128011262266839.0,385461348891100,USD,0.5058244887393217,2,2,39.08,0,39.08,113941798014442,0,2,0,77.26,2,DAILY_BUDGET,B0GKSVSK3P,2,2,77.26,Amazon,39.08,197.69703172978507,39.08,2585,2,2,2,17,Inner-SP-KW-VB-b vitamins complex-EM-1W,spAdvertisedProduct,US,INNERBRIGHTNESS,spAdvertisedProduct_innerbrightness_US_2026-03-21_2026-04-20.json,2026-04-21 01:59:19
35459,2026-04-21 01:59:19.956075,2026-04-21 01:59:19.956075,2026-04-14,39.08,0.7557532392187197,2,39.08,39.08,39.08,0,2,ENABLED,IBX_VBUF_90C1,0.0,2,20.0,2,2,4.309166666666667,2,Inner-SP-KW-VB-b vitamins complex-EM-1W,250659622813733,0.4261363636363636,0,132.31832139201637,2,0,128011262266839.0,385461348891100,USD,0.7557532392187197,2,2,39.08,0,39.08,113941798014442,0,2,0,51.71,2,DAILY_BUDGET,B0GKSVSK3P,2,2,51.71,Amazon,39.08,132.31832139201637,39.08,2816,2,2,2,12,Inner-SP-KW-VB-b vitamins complex-EM-1W,spAdvertisedProduct,US,INNERBRIGHTNESS,spAdvertisedProduct_innerbrightness_US_2026-03-21_2026-04-20.json,2026-04-21 01:59:19
35460,2026-04-21 01:59:19.956075,2026-04-21 01:59:19.956075,2026-04-15,0.0,0.0,0,0.0,0.0,0.0,0,0,ENABLED,IBX_VBUF_90C1,0.0,0,20.0,0,0,4.478181818181818,0,Inner-SP-KW-VB-b vitamins complex-EM-1W,250659622813733,0.21330230754314522,0,nan,0,0,128011262266839.0,385461348891100,USD,0.0,0,0,0.0,0,0.0,113941798014442,0,0,0,49.26,0,DAILY_BUDGET,B0GKSVSK3P,0,0,49.26,Amazon,0.0,nan,0.0,5157,0,0,0,11,Inner-SP-KW-VB-b vitamins complex-EM-1W,spAdvertisedProduct,US,INNERBRIGHTNESS,spAdvertisedProduct_innerbrightness_US_2026-03-21_2026-04-20.json,2026-04-21 01:59:19
35461,2026-04-21 01:59:19.956075,2026-04-21 01:59:19.956075,2026-04-16,39.06,0.9843750000000001,2,39.06,39.06,39.06,0,2,ENABLED,IBX_VBUF_90C1,0.0,2,20.0,2,2,4.96,2,Inner-SP-KW-VB-b vitamins complex-EM-1W,250659622813733,0.520494469746259,0,101.58730158730158,2,0,128011262266839.0,385461348891100,USD,0.9843750000000001,2,2,39.06,0,39.06,113941798014442,0,2,0,39.68,2,DAILY_BUDGET,B0GKSVSK3P,2,2,39.68,Amazon,39.06,101.58730158730158,39.06,1537,2,2,2,8,Inner-SP-KW-VB-b vitamins complex-EM-1W,spAdvertisedProduct,US,INNERBRIGHTNESS,spAdvertisedProduct_innerbrightness_US_2026-03-21_2026-04-20.json,2026-04-21 01:59:19
35462,2026-04-21 01:59:19.956075,2026-04-21 01:59:19.956075,2026-04-17,58.59,0.9646032268686203,3,58.59,58.59,58.59,0,3,ENABLED,IBX_VBUF_90C1,0.0,3,20.0,3,3,3.5729411764705885,3,Inner-SP-KW-VB-b vitamins complex-EM-1W,250659622813733,0.4233067729083665,0,103.66956818569722,3,0,128011262266839.0,385461348891100,USD,0.9646032268686203,3,3,58.59,0,58.59,113941798014442,0,3,0,60.74,3,DAILY_BUDGET,B0GKSVSK3P,3,3,60.74,Amazon,58.59,103.66956818569722,58.59,4016,3,3,3,17,Inner-SP-KW-VB-b vitamins complex-EM-1W,spAdvertisedProduct,US,INNERBRIGHTNESS,spAdvertisedProduct_innerbrightness_US_2026-03-21_2026-04-20.json,2026-04-21 01:59:19
35466,2026-04-21 01:59:19.956075,2026-04-21 01:59:19.956075,2026-04-11,22.99,0.5935966950684224,1,22.99,22.99,22.99,0,1,ENABLED,IBX_VBUF_90C1,0.0,1,20.0,1,1,4.303333333333333,1,Inner-SP-KW-VB-b complex vitamins-EM-1W,36760962650554,0.7395234182415776,0,168.46454980426273,1,0,128011262266839.0,320911456959756,USD,0.5935966950684224,1,1,22.99,0,22.99,216529654495592,0,1,0,38.73,1,DAILY_BUDGET,B0GKSVSK3P,1,1,38.73,Amazon,22.99,168.46454980426273,22.99,1217,1,1,1,9,Inner-SP-KW-VB-b complex vitamins-EM-1W,spAdvertisedProduct,US,INNERBRIGHTNESS,spAdvertisedProduct_innerbrightness_US_2026-03-21_2026-04-20.json,2026-04-21 01:59:19
35467,2026-04-21 01:59:19.956075,2026-04-21 01:59:19.956075,2026-04-12,0.0,0.0,0,0.0,0.0,0.0,0,0,ENABLED,IBX_VBUF_90C1,0.0,0,20.0,0,0,4.34,0,Inner-SP-KW-VB-b complex vitamins-EM-1W,36760962650554,0.34207525655644244,0,nan,0,0,128011262266839.0,320911456959756,USD,0.0,0,0,0.0,0,0.0,216529654495592,0,0,0,26.04,0,DAILY_BUDGET,B0GKSVSK3P,0,0,26.04,Amazon,0.0,nan,0.0,1754,0,0,0,6,Inner-SP-KW-VB-b complex vitamins-EM-1W,spAdvertisedProduct,US,INNERBRIGHTNESS,spAdvertisedProduct_innerbrightness_US_2026-03-21_2026-04-20.json,2026-04-21 01:59:19
35468,2026-04-21 01:59:19.956075,2026-04-21 01:59:19.956075,2026-04-13,78.16,1.1229885057471265,4,78.16,78.16,78.16,0,4,ENABLED,IBX_VBUF_90C1,0.0,4,20.0,4,4,4.35,4,Inner-SP-KW-VB-b complex vitamins-EM-1W,36760962650554,0.6688963210702341,0,89.04810644831115,4,0,128011262266839.0,320911456959756,USD,1.1229885057471265,4,4,78.16,0,78.16,216529654495592,0,4,0,69.6,4,DAILY_BUDGET,B0GKSVSK3P,4,4,69.6,Amazon,78.16,89.04810644831115,78.16,2392,4,4,4,16,Inner-SP-KW-VB-b complex vitamins-EM-1W,spAdvertisedProduct,US,INNERBRIGHTNESS,spAdvertisedProduct_innerbrightness_US_2026-03-21_2026-04-20.json,2026-04-21 01:59:19
35469,2026-04-21 01:59:19.956075,2026-04-21 01:59:19.956075,2026-04-14,39.08,0.583022527226615,2,39.08,39.08,39.08,0,2,ENABLED,IBX_VBUF_90C1,0.0,2,20.0,2,2,4.189375,2,Inner-SP-KW-VB-b complex vitamins-EM-1W,36760962650554,0.8238928939237898,0,171.51995905834187,2,0,128011262266839.0,320911456959756,USD,0.583022527226615,2,2,39.08,0,39.08,216529654495592,0,2,0,67.03,2,DAILY_BUDGET,B0GKSVSK3P,2,2,67.03,Amazon,39.08,171.51995905834187,39.08,1942,2,2,2,16,Inner-SP-KW-VB-b complex vitamins-EM-1W,spAdvertisedProduct,US,INNERBRIGHTNESS,spAdvertisedProduct_innerbrightness_US_2026-03-21_2026-04-20.json,2026-04-21 01:59:19
35470,2026-04-21 01:59:19.956075,2026-04-21 01:59:19.956075,2026-04-15,78.12,1.1937652811735942,4,78.12,78.12,78.12,0,4,ENABLED,IBX_VBUF_90C1,0.0,3,20.0,3,4,4.362666666666667,4,Inner-SP-KW-VB-b complex vitamins-EM-1W,36760962650554,0.5115961800818555,0,83.76856118791602,4,0,128011262266839.0,320911456959756,USD,1.1937652811735942,4,4,78.12,0,78.12,216529654495592,0,3,0,65.44,3,DAILY_BUDGET,B0GKSVSK3P,3,4,65.44,Amazon,78.12,83.76856118791602,78.12,2932,3,3,3,15,Inner-SP-KW-VB-b complex vitamins-EM-1W,spAdvertisedProduct,US,INNERBRIGHTNESS,spAdvertisedProduct_innerbrightness_US_2026-03-21_2026-04-20.json,2026-04-21 01:59:19
35471,2026-04-21 01:59:19.956075,2026-04-21 01:59:19.956075,2026-04-16,0.0,0.0,0,0.0,0.0,0.0,0,0,ENABLED,IBX_VBUF_90C1,0.0,0,20.0,0,0,3.8083333333333336,0,Inner-SP-KW-VB-b complex vitamins-EM-1W,36760962650554,0.2824858757062147,0,nan,0,0,128011262266839.0,320911456959756,USD,0.0,0,0,0.0,0,0.0,216529654495592,0,0,0,22.85,0,DAILY_BUDGET,B0GKSVSK3P,0,0,22.85,Amazon,0.0,nan,0.0,2124,0,0,0,6,Inner-SP-KW-VB-b complex vitamins-EM-1W,spAdvertisedProduct,US,INNERBRIGHTNESS,spAdvertisedProduct_innerbrightness_US_2026-03-21_2026-04-20.json,2026-04-21 01:59:19
35472,2026-04-21 01:59:19.956075,2026-04-21 01:59:19.956075,2026-04-17,19.53,0.6503496503496503,1,19.53,19.53,19.53,0,1,ENABLED,IBX_VBUF_90C1,0.0,1,20.0,1,1,4.29,1,Inner-SP-KW-VB-b complex vitamins-EM-1W,36760962650554,0.3514056224899598,0,153.76344086021504,1,0,128011262266839.0,320911456959756,USD,0.6503496503496503,1,1,19.53,0,19.53,216529654495592,0,1,0,30.03,1,DAILY_BUDGET,B0GKSVSK3P,1,1,30.03,Amazon,19.53,153.76344086021504,19.53,1992,1,1,1,7,Inner-SP-KW-VB-b complex vitamins-EM-1W,spAdvertisedProduct,US,INNERBRIGHTNESS,spAdvertisedProduct_innerbrightness_US_2026-03-21_2026-04-20.json,2026-04-21 01:59:19
35476,2026-04-21 01:59:19.956075,2026-04-21 01:59:19.956075,2026-04-11,59.98,0.7867261280167891,2,59.98,59.98,59.98,0,2,PAUSED,IBM_CTRA_12G1,0.0,2,100.0,2,2,3.3147826086956518,2,Inner-SP-Auto-Creatine Gummies-CPC,506739018117344,6.3711911357340725,0,127.10903634544847,2,0,197748004457307.0,312219628878385,USD,0.7867261280167891,2,2,59.98,0,59.98,557203492769823,0,2,0,76.24,2,DAILY_BUDGET,B0GJ66LHGM,2,2,76.24,Amazon,59.98,127.10903634544847,59.98,361,2,2,2,23,Inner-SP-Auto-Creatine Gummies-CPC,spAdvertisedProduct,US,INNERBRIGHTNESS,spAdvertisedProduct_innerbrightness_US_2026-03-21_2026-04-20.json,2026-04-21 01:59:19
35477,2026-04-21 01:59:19.956075,2026-04-21 01:59:19.956075,2026-04-12,0.0,nan,0,0.0,0.0,0.0,0,0,PAUSED,IBM_CTRA_12G1,0.0,0,100.0,0,0,nan,0,Inner-SP-Auto-Creatine Gummies-CPC,506739018117344,nan,0,nan,0,0,197748004457307.0,312219628878385,USD,nan,0,0,0.0,0,0.0,557203492769823,0,0,0,0.0,0,DAILY_BUDGET,B0GJ66LHGM,0,0,0.0,Amazon,0.0,nan,0.0,0,0,0,0,0,Inner-SP-Auto-Creatine Gummies-CPC,spAdvertisedProduct,US,INNERBRIGHTNESS,spAdvertisedProduct_innerbrightness_US_2026-03-21_2026-04-20.json,2026-04-21 01:59:19
35478,2026-04-21 01:59:19.956075,2026-04-21 01:59:19.956075,2026-04-14,0.0,nan,0,0.0,0.0,0.0,0,0,PAUSED,IBM_CTRA_12G1,0.0,0,100.0,0,0,nan,0,Inner-SP-Auto-Creatine Gummies-CPC,506739018117344,nan,0,nan,0,0,197748004457307.0,312219628878385,USD,nan,0,0,0.0,0,0.0,557203492769823,0,0,0,0.0,0,DAILY_BUDGET,B0GJ66LHGM,0,0,0.0,Amazon,0.0,nan,0.0,0,0,0,0,0,Inner-SP-Auto-Creatine Gummies-CPC,spAdvertisedProduct,US,INNERBRIGHTNESS,spAdvertisedProduct_innerbrightness_US_2026-03-21_2026-04-20.json,2026-04-21 01:59:19
35479,2026-04-21 01:59:19.956075,2026-04-21 01:59:19.956075,2026-04-17,0.0,nan,0,0.0,0.0,0.0,0,0,PAUSED,IBM_CTRA_12G1,0.0,0,100.0,0,0,nan,0,Inner-SP-Auto-Creatine Gummies-CPC,506739018117344,nan,0,nan,0,0,197748004457307.0,312219628878385,USD,nan,0,0,0.0,0,0.0,557203492769823,0,0,0,0.0,0,DAILY_BUDGET,B0GJ66LHGM,0,0,0.0,Amazon,0.0,nan,0.0,0,0,0,0,0,Inner-SP-Auto-Creatine Gummies-CPC,spAdvertisedProduct,US,INNERBRIGHTNESS,spAdvertisedProduct_innerbrightness_US_2026-03-21_2026-04-20.json,2026-04-21 01:59:19
35480,2026-04-21 01:59:19.956075,2026-04-21 01:59:19.956075,2026-04-11,59.97,0.6405853186600556,4,59.97,105.94,59.97,0,3,ENABLED,IBM_MGMB_06G1FR,45.97,3,300.0,5,3,2.432058823529412,5,Inner-SP-Auto-gumm-magnesium-CPC-New,31526300125663,0.7647323436797121,0,156.10723050783463,5,0,269179459475581.0,527203642117694,USD,0.6405853186600556,3,5,59.97,0,80.96,343806971340416,0,3,2,165.38,3,DAILY_BUDGET,B0DKT3PXRP,4,3,165.38,Amazon,105.94,156.10723050783463,105.94,8892,3,5,5,68,Inner-SP-Auto-gumm-magnesium-CPC-New,spAdvertisedProduct,US,INNERBRIGHTNESS,spAdvertisedProduct_innerbrightness_US_2026-03-21_2026-04-20.json,2026-04-21 01:59:19
35481,2026-04-21 01:59:19.956075,2026-04-21 01:59:19.956075,2026-04-12,19.99,0.48613813229571984,1,19.99,19.99,19.99,0,1,ENABLED,IBM_MGMB_06G1FR,0.0,1,300.0,1,1,2.741333333333333,1,Inner-SP-Auto-gumm-magnesium-CPC-New,31526300125663,0.667853962600178,0,205.70285142571288,1,0,269179459475581.0,527203642117694,USD,0.48613813229571984,1,1,19.99,0,19.99,343806971340416,0,1,0,41.12,1,DAILY_BUDGET,B0DKT3PXRP,1,1,41.12,Amazon,19.99,205.70285142571288,19.99,2246,1,1,1,15,Inner-SP-Auto-gumm-magnesium-CPC-New,spAdvertisedProduct,US,INNERBRIGHTNESS,spAdvertisedProduct_innerbrightness_US_2026-03-21_2026-04-20.json,2026-04-21 01:59:19
35482,2026-04-21 01:59:19.956075,2026-04-21 01:59:19.956075,2026-04-13,27.98,1.0164750110570544,4,41.97,91.93,41.97,0,2,ENABLED,IBM_MGMB_06G1FR,49.96,3,300.0,5,3,2.584,5,Inner-SP-Auto-gumm-magnesium-CPC-New,31526300125663,1.440922190201729,0,98.37920156640921,5,0,269179459475581.0,527203642117694,USD,1.0164750110570544,3,5,41.97,0,77.94,343806971340416,0,3,2,90.44,2,DAILY_BUDGET,B0DKT3PXRP,4,3,90.44,Amazon,91.93,98.37920156640921,91.93,2429,3,5,5,35,Inner-SP-Auto-gumm-magnesium-CPC-New,spAdvertisedProduct,US,INNERBRIGHTNESS,spAdvertisedProduct_innerbrightness_US_2026-03-21_2026-04-20.json,2026-04-21 01:59:19
35483,2026-04-21 01:59:19.956075,2026-04-21 01:59:19.956075,2026-04-14,181.87,0.9857980269742171,14,181.87,206.85,181.87,0,13,ENABLED,IBM_MGMB_06G1FR,24.98,13,300.0,14,13,2.656075949367089,14,Inner-SP-Auto-gumm-magnesium-CPC-New,31526300125663,1.5975733063700708,0,101.44065748126663,14,0,269179459475581.0,527203642117694,USD,0.9857980269742171,13,14,181.87,0,206.85,343806971340416,0,13,1,209.83,13,DAILY_BUDGET,B0DKT3PXRP,14,13,209.83,Amazon,206.85,101.44065748126663,206.85,4945,13,14,14,79,Inner-SP-Auto-gumm-magnesium-CPC-New,spAdvertisedProduct,US,INNERBRIGHTNESS,spAdvertisedProduct_innerbrightness_US_2026-03-21_2026-04-20.json,2026-04-21 01:59:19
35484,2026-04-21 01:59:19.956075,2026-04-21 01:59:19.956075,2026-04-15,209.85,1.0451753605127292,16,209.85,234.83,209.85,0,15,ENABLED,IBM_MGMB_06G1FR,24.98,15,300.0,16,15,2.582528735632184,16,Inner-SP-Auto-gumm-magnesium-CPC-New,31526300125663,3.1647871953437616,0,95.67772431120385,16,0,269179459475581.0,527203642117694,USD,1.0451753605127292,15,16,209.85,0,234.83,343806971340416,0,15,1,224.68,15,DAILY_BUDGET,B0DKT3PXRP,16,15,224.68,Amazon,234.83,95.67772431120385,234.83,2749,15,16,16,87,Inner-SP-Auto-gumm-magnesium-CPC-New,spAdvertisedProduct,US,INNERBRIGHTNESS,spAdvertisedProduct_innerbrightness_US_2026-03-21_2026-04-20.json,2026-04-21 01:59:19
35485,2026-04-21 01:59:19.956075,2026-04-21 01:59:19.956075,2026-04-16,363.74,1.8449074074074072,29,405.71,526.02,405.71,0,26,ENABLED,IBM_MGMB_06G1FR,120.31,26,300.0,31,29,2.6646728971962617,34,Inner-SP-Auto-gumm-magnesium-CPC-New,31526300125663,5.179090029041626,0,54.20326223337516,34,0,269179459475581.0,527203642117694,USD,1.8449074074074072,29,34,405.71,0,438.68,343806971340416,0,26,5,285.12,23,DAILY_BUDGET,B0DKT3PXRP,26,29,285.12,Amazon,526.02,54.20326223337516,526.02,2066,26,31,31,107,Inner-SP-Auto-gumm-magnesium-CPC-New,spAdvertisedProduct,US,INNERBRIGHTNESS,spAdvertisedProduct_innerbrightness_US_2026-03-21_2026-04-20.json,2026-04-21 01:59:19
35486,2026-04-21 01:59:19.956075,2026-04-21 01:59:19.956075,2026-04-17,97.93,0.9771046983067015,8,97.93,122.91,97.93,0,7,ENABLED,IBM_MGMB_06G1FR,24.98,6,300.0,7,7,2.4664705882352944,8,Inner-SP-Auto-gumm-magnesium-CPC-New,31526300125663,3.136531365313653,0,102.34317793507446,8,0,269179459475581.0,527203642117694,USD,0.9771046983067015,7,8,97.93,0,122.91,343806971340416,0,6,1,125.79,6,DAILY_BUDGET,B0DKT3PXRP,7,7,125.79,Amazon,122.91,102.34317793507446,122.91,1626,6,7,7,51,Inner-SP-Auto-gumm-magnesium-CPC-New,spAdvertisedProduct,US,INNERBRIGHTNESS,spAdvertisedProduct_innerbrightness_US_2026-03-21_2026-04-20.json,2026-04-21 01:59:19
35492,2026-04-21 01:59:19.956075,2026-04-21 01:59:19.956075,2026-04-17,0.0,0.0,0,0.0,0.0,0.0,0,0,ENABLED,IBM_MGMB_06G1TR,0.0,0,300.0,0,0,1.85,0,Inner-SP-PT-gumm-mag-Defend-CPC,203667979592011,100.0,0,nan,0,0,269179459475581.0,345652771333657,USD,0.0,0,0,0.0,0,0.0,146743686725883,0,0,0,1.85,0,DAILY_BUDGET,B0DN5QQLB6,0,0,1.85,Amazon,0.0,nan,0.0,1,0,0,0,1,Inner-SP-PT-gumm-mag-Defend-CPC,spAdvertisedProduct,US,INNERBRIGHTNESS,spAdvertisedProduct_innerbrightness_US_2026-03-21_2026-04-20.json,2026-04-21 01:59:19
35500,2026-04-21 01:59:19.956075,2026-04-21 01:59:19.956075,2026-04-15,167.88,1.7737094837935172,13,181.87,206.85,181.87,0,12,ENABLED,IBM_MGMB_06G1FR,24.98,13,300.0,14,13,3.3320000000000003,14,Inner-SP-PT-gumm-mag-Defend-CPC,203667979592011,5.833333333333333,0,56.37901861252116,14,0,269179459475581.0,486216036051504,USD,1.7737094837935172,13,14,181.87,0,192.86,146743686725883,0,13,1,116.62,12,DAILY_BUDGET,B0DKT3PXRP,13,13,116.62,Amazon,206.85,56.37901861252116,206.85,600,13,14,14,35,Inner-SP-PT-gumm-mag-Defend-CPC,spAdvertisedProduct,US,INNERBRIGHTNESS,spAdvertisedProduct_innerbrightness_US_2026-03-21_2026-04-20.json,2026-04-21 01:59:19
35501,2026-04-21 01:59:19.956075,2026-04-21 01:59:19.956075,2026-04-16,0.0,0.0,0,0.0,0.0,0.0,0,0,ENABLED,IBM_MGMB_06G1FR,0.0,0,300.0,0,0,1.42,0,Inner-SP-PT-gumm-mag-Defend-CPC,203667979592011,7.6923076923076925,0,nan,0,0,269179459475581.0,486216036051504,USD,0.0,0,0,0.0,0,0.0,146743686725883,0,0,0,1.42,0,DAILY_BUDGET,B0DKT3PXRP,0,0,1.42,Amazon,0.0,nan,0.0,13,0,0,0,1,Inner-SP-PT-gumm-mag-Defend-CPC,spAdvertisedProduct,US,INNERBRIGHTNESS,spAdvertisedProduct_innerbrightness_US_2026-03-21_2026-04-20.json,2026-04-21 01:59:19
35502,2026-04-21 01:59:19.956075,2026-04-21 01:59:19.956075,2026-04-17,0.0,nan,0,0.0,0.0,0.0,0,0,ENABLED,IBM_MGMB_06G1FR,0.0,0,300.0,0,0,nan,0,Inner-SP-PT-gumm-mag-Defend-CPC,203667979592011,0.0,0,nan,0,0,269179459475581.0,486216036051504,USD,nan,0,0,0.0,0,0.0,146743686725883,0,0,0,0.0,0,DAILY_BUDGET,B0DKT3PXRP,0,0,0.0,Amazon,0.0,nan,0.0,11,0,0,0,0,Inner-SP-PT-gumm-mag-Defend-CPC,spAdvertisedProduct,US,INNERBRIGHTNESS,spAdvertisedProduct_innerbrightness_US_2026-03-21_2026-04-20.json,2026-04-21 01:59:19
35512,2026-04-21 01:59:19.956075,2026-04-21 01:59:19.956075,2026-04-17,0.0,nan,0,0.0,0.0,0.0,0,0,ENABLED,IBM_MGRB_06G1,0.0,0,300.0,0,0,nan,0,Inner-SP-PT-gumm-mag-Defend-CPC,203667979592011,0.0,0,nan,0,0,269179459475581.0,389758083665997,USD,nan,0,0,0.0,0,0.0,146743686725883,0,0,0,0.0,0,DAILY_BUDGET,B0GQZ8FRX8,0,0,0.0,Amazon,0.0,nan,0.0,6,0,0,0,0,Inner-SP-PT-gumm-mag-Defend-CPC,spAdvertisedProduct,US,INNERBRIGHTNESS,spAdvertisedProduct_innerbrightness_US_2026-03-21_2026-04-20.json,2026-04-21 01:59:19
