id,created_at,updated_at,date,attributed_sales_same_sku1d,roas_clicks14d,units_sold_clicks1d,attributed_sales_same_sku14d,sales7d,campaign_rule_based_budget_amount,attributed_sales_same_sku30d,kindle_edition_normalized_pages_royalties14d,units_sold_same_sku1d,campaign_status,purchases_same_sku7d,campaign_budget_amount,purchases7d,units_sold_same_sku30d,cost_per_click,units_sold_clicks14d,campaign_id,click_through_rate,kindle_edition_normalized_pages_read14d,campaign_applicable_budget_rule_name,acos_clicks14d,units_sold_clicks30d,qualified_borrows,campaign_budget_currency_code,campaign_applicable_budget_rule_id,units_sold_same_sku14d,units_sold_clicks7d,campaign_bidding_strategy,attributed_sales_same_sku7d,top_of_search_impression_share,royalty_qualified_borrows,sales1d,add_to_list,purchases_same_sku14d,spend,purchases_same_sku1d,campaign_budget_type,purchases1d,units_sold_same_sku7d,cost,retailer,sales14d,sales30d,impressions,purchases_same_sku30d,purchases14d,purchases30d,clicks,campaign_name,report_type_request,country_code_request,customer_request,file_name_request,parse_time_request
30870,2026-04-21 01:59:12.493253,2026-04-21 01:59:12.493253,2026-04-04,87.96,0.6416181672943057,4,112.45,112.45,,112.45,0,4,ENABLED,5,300.0,5,5,3.73,5,158485660571374,1.7857142857142856,0,,155.8559359715429,5,0,USD,,5,5,manual,112.45,4.07,0,87.96,0,5,175.26,4,DAILY_BUDGET,4,5,175.26,Amazon,112.45,112.45,2632,5,5,5,47,Inner-SP-KW-Berberine Capsules-EM-berberine supplement-2k,spCampaigns,US,INNERBRIGHTNESS,spCampaigns_innerbrightness_US_2026-03-21_2026-04-20.json,2026-04-21 01:59:12
30871,2026-04-21 01:59:12.493253,2026-04-21 01:59:12.493253,2026-04-05,241.89,1.292768959435626,11,263.88,263.88,,263.88,0,11,ENABLED,12,300.0,12,12,3.85,12,158485660571374,2.0711215318483784,0,,77.35334242837654,12,0,USD,,12,12,manual,263.88,4.46,0,241.89,0,12,204.12,11,DAILY_BUDGET,11,12,204.12,Amazon,263.88,263.88,2559,12,12,12,53,Inner-SP-KW-Berberine Capsules-EM-berberine supplement-2k,spCampaigns,US,INNERBRIGHTNESS,spCampaigns_innerbrightness_US_2026-03-21_2026-04-20.json,2026-04-21 01:59:12
30872,2026-04-21 01:59:12.493253,2026-04-21 01:59:12.493253,2026-04-06,131.94,0.9688467731945993,6,156.43,156.43,,156.43,0,6,ENABLED,7,300.0,7,7,3.51,7,158485660571374,1.5834767641996557,0,,103.21549574889728,7,0,USD,,7,7,manual,156.43,2.84,0,131.94,0,7,161.46,6,DAILY_BUDGET,6,7,161.46,Amazon,156.43,156.43,2905,7,7,7,46,Inner-SP-KW-Berberine Capsules-EM-berberine supplement-2k,spCampaigns,US,INNERBRIGHTNESS,spCampaigns_innerbrightness_US_2026-03-21_2026-04-20.json,2026-04-21 01:59:12
30873,2026-04-21 01:59:12.493253,2026-04-21 01:59:12.493253,2026-04-07,95.96,0.7196640167991599,4,95.96,95.96,,95.96,0,4,ENABLED,4,300.0,4,4,3.92,4,158485660571374,2.9209621993127146,0,,138.9537307211338,4,0,USD,,4,4,manual,95.96,2.77,0,95.96,0,4,133.34,4,DAILY_BUDGET,4,4,133.34,Amazon,95.96,95.96,1164,4,4,4,34,Inner-SP-KW-Berberine Capsules-EM-berberine supplement-2k,spCampaigns,US,INNERBRIGHTNESS,spCampaigns_innerbrightness_US_2026-03-21_2026-04-20.json,2026-04-21 01:59:12
30874,2026-04-21 01:59:12.493253,2026-04-21 01:59:12.493253,2026-04-08,0.0,0.0,0,0.0,0.0,,0.0,0,0,ENABLED,0,300.0,0,0,3.45,0,158485660571374,0.667302192564347,0,,nan,0,0,USD,,0,0,manual,0.0,0.42,0,0.0,0,0,24.17,0,DAILY_BUDGET,0,0,24.17,Amazon,0.0,0.0,1049,0,0,0,7,Inner-SP-KW-Berberine Capsules-EM-berberine supplement-2k,spCampaigns,US,INNERBRIGHTNESS,spCampaigns_innerbrightness_US_2026-03-21_2026-04-20.json,2026-04-21 01:59:12
30875,2026-04-21 01:59:12.493253,2026-04-21 01:59:12.493253,2026-04-09,97.96,2.0209605545469547,4,122.45,122.45,,122.45,0,4,ENABLED,5,300.0,5,5,2.24,5,158485660571374,0.5512454062882809,0,,49.48142098815843,5,0,USD,,5,5,manual,122.45,0.72,0,97.96,0,5,60.59,4,DAILY_BUDGET,4,5,60.59,Amazon,122.45,122.45,4898,5,5,5,27,Inner-SP-KW-Berberine Capsules-EM-berberine supplement-2k,spCampaigns,US,INNERBRIGHTNESS,spCampaigns_innerbrightness_US_2026-03-21_2026-04-20.json,2026-04-21 01:59:12
30876,2026-04-21 01:59:12.493253,2026-04-21 01:59:12.493253,2026-04-10,0.0,0.0,0,0.0,0.0,,0.0,0,0,ENABLED,0,300.0,0,0,1.79,0,158485660571374,0.3418353931107021,0,,nan,0,0,USD,,0,0,manual,0.0,0.19,0,0.0,0,0,23.21,0,DAILY_BUDGET,0,0,23.21,Amazon,0.0,0.0,3803,0,0,0,13,Inner-SP-KW-Berberine Capsules-EM-berberine supplement-2k,spCampaigns,US,INNERBRIGHTNESS,spCampaigns_innerbrightness_US_2026-03-21_2026-04-20.json,2026-04-21 01:59:12
30891,2026-04-21 01:59:12.493253,2026-04-21 01:59:12.493253,2026-04-04,21.99,0.5567088607594937,1,21.99,21.99,,21.99,0,1,ENABLED,1,1.0,1,1,2.82,1,181887194239676,0.6499535747446611,0,,179.62710322874037,1,0,USD,,1,1,manual,21.99,0.0,0,21.99,0,1,39.5,1,DAILY_BUDGET,1,1,39.5,Amazon,21.99,21.99,2154,1,1,1,14,Inner-SP-KW-Berberine Capsules-BM-berberine with ceylon cinnamon-1w,spCampaigns,US,INNERBRIGHTNESS,spCampaigns_innerbrightness_US_2026-03-21_2026-04-20.json,2026-04-21 01:59:12
30892,2026-04-21 01:59:12.493253,2026-04-21 01:59:12.493253,2026-04-05,0.0,0.0,0,0.0,0.0,,0.0,0,0,ENABLED,0,1.0,0,0,2.9,0,181887194239676,0.6561679790026247,0,,nan,0,0,USD,,0,0,manual,0.0,0.02,0,0.0,0,0,43.5,0,DAILY_BUDGET,0,0,43.5,Amazon,0.0,0.0,2286,0,0,0,15,Inner-SP-KW-Berberine Capsules-BM-berberine with ceylon cinnamon-1w,spCampaigns,US,INNERBRIGHTNESS,spCampaigns_innerbrightness_US_2026-03-21_2026-04-20.json,2026-04-21 01:59:12
30893,2026-04-21 01:59:12.493253,2026-04-21 01:59:12.493253,2026-04-06,21.99,0.5434997528423133,1,21.99,21.99,,21.99,0,1,ENABLED,1,1.0,1,1,2.89,1,181887194239676,0.6965174129353234,0,,183.99272396543884,1,0,USD,,1,1,manual,21.99,0.0,0,21.99,0,1,40.46,1,DAILY_BUDGET,1,1,40.46,Amazon,21.99,21.99,2010,1,1,1,14,Inner-SP-KW-Berberine Capsules-BM-berberine with ceylon cinnamon-1w,spCampaigns,US,INNERBRIGHTNESS,spCampaigns_innerbrightness_US_2026-03-21_2026-04-20.json,2026-04-21 01:59:12
30894,2026-04-21 01:59:12.493253,2026-04-21 01:59:12.493253,2026-04-07,23.99,0.462770061728395,1,23.99,23.99,,23.99,0,1,ENABLED,1,1.0,1,1,2.88,1,181887194239676,0.9513742071881607,0,,216.09003751563156,1,0,USD,,1,1,manual,23.99,0.0,0,23.99,0,1,51.84,1,DAILY_BUDGET,1,1,51.84,Amazon,23.99,23.99,1892,1,1,1,18,Inner-SP-KW-Berberine Capsules-BM-berberine with ceylon cinnamon-1w,spCampaigns,US,INNERBRIGHTNESS,spCampaigns_innerbrightness_US_2026-03-21_2026-04-20.json,2026-04-21 01:59:12
30895,2026-04-21 01:59:12.493253,2026-04-21 01:59:12.493253,2026-04-08,24.49,0.4286714510764922,1,24.49,24.49,,24.49,0,1,ENABLED,1,1.0,1,1,2.72,1,181887194239676,0.7172131147540983,0,,233.27888934258883,1,0,USD,,1,1,manual,24.49,0.0,0,24.49,0,1,57.13,1,DAILY_BUDGET,1,1,57.13,Amazon,24.49,24.49,2928,1,1,1,21,Inner-SP-KW-Berberine Capsules-BM-berberine with ceylon cinnamon-1w,spCampaigns,US,INNERBRIGHTNESS,spCampaigns_innerbrightness_US_2026-03-21_2026-04-20.json,2026-04-21 01:59:12
30896,2026-04-21 01:59:12.493253,2026-04-21 01:59:12.493253,2026-04-09,48.98,0.9656940063091483,2,48.98,48.98,,48.98,0,2,ENABLED,2,1.0,2,2,2.42,2,181887194239676,0.6055363321799307,0,,103.55247039608004,2,0,USD,,2,2,manual,48.98,0.01,0,48.98,0,2,50.72,2,DAILY_BUDGET,2,2,50.72,Amazon,48.98,48.98,3468,2,2,2,21,Inner-SP-KW-Berberine Capsules-BM-berberine with ceylon cinnamon-1w,spCampaigns,US,INNERBRIGHTNESS,spCampaigns_innerbrightness_US_2026-03-21_2026-04-20.json,2026-04-21 01:59:12
30897,2026-04-21 01:59:12.493253,2026-04-21 01:59:12.493253,2026-04-10,24.49,0.4715963797419603,1,24.49,24.49,,24.49,0,1,ENABLED,1,1.0,1,1,2.73,1,181887194239676,0.5480242284395731,0,,212.0457329522254,1,0,USD,,1,1,manual,24.49,0.01,0,24.49,0,1,51.93,1,DAILY_BUDGET,1,1,51.93,Amazon,24.49,24.49,3467,1,1,1,19,Inner-SP-KW-Berberine Capsules-BM-berberine with ceylon cinnamon-1w,spCampaigns,US,INNERBRIGHTNESS,spCampaigns_innerbrightness_US_2026-03-21_2026-04-20.json,2026-04-21 01:59:12
30912,2026-04-21 01:59:12.493253,2026-04-21 01:59:12.493253,2026-04-04,0.0,nan,0,0.0,0.0,,0.0,0,0,ENABLED,0,50.0,0,0,0.0,0,1182589332550,nan,0,,nan,0,0,USD,,0,0,manual,0.0,nan,0,0.0,0,0,0.0,0,DAILY_BUDGET,0,0,0.0,Amazon,0.0,0.0,0,0,0,0,0,IB-SP-KW-inositol-myo inositol-PM,spCampaigns,US,INNERBRIGHTNESS,spCampaigns_innerbrightness_US_2026-03-21_2026-04-20.json,2026-04-21 01:59:12
30913,2026-04-21 01:59:12.493253,2026-04-21 01:59:12.493253,2026-04-06,0.0,nan,0,0.0,0.0,,0.0,0,0,ENABLED,0,50.0,0,0,0.0,0,1182589332550,nan,0,,nan,0,0,USD,,0,0,manual,0.0,nan,0,0.0,0,0,0.0,0,DAILY_BUDGET,0,0,0.0,Amazon,0.0,0.0,0,0,0,0,0,IB-SP-KW-inositol-myo inositol-PM,spCampaigns,US,INNERBRIGHTNESS,spCampaigns_innerbrightness_US_2026-03-21_2026-04-20.json,2026-04-21 01:59:12
30914,2026-04-21 01:59:12.493253,2026-04-21 01:59:12.493253,2026-04-07,0.0,nan,0,0.0,0.0,,0.0,0,0,ENABLED,0,50.0,0,0,0.0,0,1182589332550,nan,0,,nan,0,0,USD,,0,0,manual,0.0,nan,0,0.0,0,0,0.0,0,DAILY_BUDGET,0,0,0.0,Amazon,0.0,0.0,0,0,0,0,0,IB-SP-KW-inositol-myo inositol-PM,spCampaigns,US,INNERBRIGHTNESS,spCampaigns_innerbrightness_US_2026-03-21_2026-04-20.json,2026-04-21 01:59:12
30930,2026-04-21 01:59:12.493253,2026-04-21 01:59:12.493253,2026-04-04,0.0,nan,0,0.0,0.0,,0.0,0,0,ENABLED,0,150.0,0,0,0.0,0,112480725342057,0.0,0,,nan,0,0,USD,,0,0,manual,0.0,0.0,0,0.0,0,0,0.0,0,DAILY_BUDGET,0,0,0.0,Amazon,0.0,0.0,1,0,0,0,0,Inner-SP-KW-NMN Capsules-nmn-EM-CPC-1.2w,spCampaigns,US,INNERBRIGHTNESS,spCampaigns_innerbrightness_US_2026-03-21_2026-04-20.json,2026-04-21 01:59:12
30931,2026-04-21 01:59:12.493253,2026-04-21 01:59:12.493253,2026-04-05,0.0,nan,0,0.0,0.0,,0.0,0,0,ENABLED,0,150.0,0,0,0.0,0,112480725342057,0.0,0,,nan,0,0,USD,,0,0,manual,0.0,0.0,0,0.0,0,0,0.0,0,DAILY_BUDGET,0,0,0.0,Amazon,0.0,0.0,4,0,0,0,0,Inner-SP-KW-NMN Capsules-nmn-EM-CPC-1.2w,spCampaigns,US,INNERBRIGHTNESS,spCampaigns_innerbrightness_US_2026-03-21_2026-04-20.json,2026-04-21 01:59:12
30932,2026-04-21 01:59:12.493253,2026-04-21 01:59:12.493253,2026-04-06,0.0,nan,0,0.0,0.0,,0.0,0,0,ENABLED,0,150.0,0,0,0.0,0,112480725342057,nan,0,,nan,0,0,USD,,0,0,manual,0.0,nan,0,0.0,0,0,0.0,0,DAILY_BUDGET,0,0,0.0,Amazon,0.0,0.0,0,0,0,0,0,Inner-SP-KW-NMN Capsules-nmn-EM-CPC-1.2w,spCampaigns,US,INNERBRIGHTNESS,spCampaigns_innerbrightness_US_2026-03-21_2026-04-20.json,2026-04-21 01:59:12
30933,2026-04-21 01:59:12.493253,2026-04-21 01:59:12.493253,2026-04-07,35.99,42.8452380952381,1,35.99,35.99,,35.99,0,1,ENABLED,1,150.0,1,1,0.84,1,112480725342057,16.666666666666664,0,,2.3339816615726585,1,0,USD,,1,1,manual,35.99,0.05,0,35.99,0,1,0.84,1,DAILY_BUDGET,1,1,0.84,Amazon,35.99,35.99,6,1,1,1,1,Inner-SP-KW-NMN Capsules-nmn-EM-CPC-1.2w,spCampaigns,US,INNERBRIGHTNESS,spCampaigns_innerbrightness_US_2026-03-21_2026-04-20.json,2026-04-21 01:59:12
30934,2026-04-21 01:59:12.493253,2026-04-21 01:59:12.493253,2026-04-08,0.0,nan,0,0.0,0.0,,0.0,0,0,ENABLED,0,150.0,0,0,0.0,0,112480725342057,0.0,0,,nan,0,0,USD,,0,0,manual,0.0,0.0,0,0.0,0,0,0.0,0,DAILY_BUDGET,0,0,0.0,Amazon,0.0,0.0,4,0,0,0,0,Inner-SP-KW-NMN Capsules-nmn-EM-CPC-1.2w,spCampaigns,US,INNERBRIGHTNESS,spCampaigns_innerbrightness_US_2026-03-21_2026-04-20.json,2026-04-21 01:59:12
30935,2026-04-21 01:59:12.493253,2026-04-21 01:59:12.493253,2026-04-09,0.0,nan,0,0.0,0.0,,0.0,0,0,ENABLED,0,150.0,0,0,0.0,0,112480725342057,0.0,0,,nan,0,0,USD,,0,0,manual,0.0,0.0,0,0.0,0,0,0.0,0,DAILY_BUDGET,0,0,0.0,Amazon,0.0,0.0,2,0,0,0,0,Inner-SP-KW-NMN Capsules-nmn-EM-CPC-1.2w,spCampaigns,US,INNERBRIGHTNESS,spCampaigns_innerbrightness_US_2026-03-21_2026-04-20.json,2026-04-21 01:59:12
30936,2026-04-21 01:59:12.493253,2026-04-21 01:59:12.493253,2026-04-10,0.0,nan,0,0.0,0.0,,0.0,0,0,ENABLED,0,150.0,0,0,0.0,0,112480725342057,0.0,0,,nan,0,0,USD,,0,0,manual,0.0,0.0,0,0.0,0,0,0.0,0,DAILY_BUDGET,0,0,0.0,Amazon,0.0,0.0,1,0,0,0,0,Inner-SP-KW-NMN Capsules-nmn-EM-CPC-1.2w,spCampaigns,US,INNERBRIGHTNESS,spCampaigns_innerbrightness_US_2026-03-21_2026-04-20.json,2026-04-21 01:59:12
30952,2026-04-21 01:59:12.493253,2026-04-21 01:59:12.493253,2026-04-04,0.0,nan,0,0.0,0.0,,0.0,0,0,ENABLED,0,150.0,0,0,0.0,0,103105471930136,0.0,0,,nan,0,0,USD,,0,0,legacy,0.0,0.0,0,0.0,0,0,0.0,0,DAILY_BUDGET,0,0,0.0,Amazon,0.0,0.0,386,0,0,0,0,Inner-SP-KW-biotin gummies-EM-biotin gummies-1w,spCampaigns,US,INNERBRIGHTNESS,spCampaigns_innerbrightness_US_2026-03-21_2026-04-20.json,2026-04-21 01:59:12
30953,2026-04-21 01:59:12.493253,2026-04-21 01:59:12.493253,2026-04-05,0.0,0.0,0,0.0,0.0,,0.0,0,0,ENABLED,0,150.0,0,0,1.5,0,103105471930136,0.46511627906976744,0,,nan,0,0,USD,,0,0,legacy,0.0,0.0,0,0.0,0,0,1.5,0,DAILY_BUDGET,0,0,1.5,Amazon,0.0,0.0,215,0,0,0,1,Inner-SP-KW-biotin gummies-EM-biotin gummies-1w,spCampaigns,US,INNERBRIGHTNESS,spCampaigns_innerbrightness_US_2026-03-21_2026-04-20.json,2026-04-21 01:59:12
30954,2026-04-21 01:59:12.493253,2026-04-21 01:59:12.493253,2026-04-06,0.0,0.0,0,0.0,0.0,,0.0,0,0,ENABLED,0,150.0,0,0,1.47,0,103105471930136,0.9174311926605505,0,,nan,0,0,USD,,0,0,legacy,0.0,0.0,0,0.0,0,0,4.4,0,DAILY_BUDGET,0,0,4.4,Amazon,0.0,0.0,327,0,0,0,3,Inner-SP-KW-biotin gummies-EM-biotin gummies-1w,spCampaigns,US,INNERBRIGHTNESS,spCampaigns_innerbrightness_US_2026-03-21_2026-04-20.json,2026-04-21 01:59:12
30955,2026-04-21 01:59:12.493253,2026-04-21 01:59:12.493253,2026-04-07,0.0,nan,0,0.0,0.0,,0.0,0,0,ENABLED,0,150.0,0,0,0.0,0,103105471930136,nan,0,,nan,0,0,USD,,0,0,legacy,0.0,nan,0,0.0,0,0,0.0,0,DAILY_BUDGET,0,0,0.0,Amazon,0.0,0.0,0,0,0,0,0,Inner-SP-KW-biotin gummies-EM-biotin gummies-1w,spCampaigns,US,INNERBRIGHTNESS,spCampaigns_innerbrightness_US_2026-03-21_2026-04-20.json,2026-04-21 01:59:12
30956,2026-04-21 01:59:12.493253,2026-04-21 01:59:12.493253,2026-04-08,0.0,nan,0,0.0,0.0,,0.0,0,0,ENABLED,0,150.0,0,0,0.0,0,103105471930136,0.0,0,,nan,0,0,USD,,0,0,legacy,0.0,0.0,0,0.0,0,0,0.0,0,DAILY_BUDGET,0,0,0.0,Amazon,0.0,0.0,1,0,0,0,0,Inner-SP-KW-biotin gummies-EM-biotin gummies-1w,spCampaigns,US,INNERBRIGHTNESS,spCampaigns_innerbrightness_US_2026-03-21_2026-04-20.json,2026-04-21 01:59:12
30957,2026-04-21 01:59:12.493253,2026-04-21 01:59:12.493253,2026-04-09,0.0,nan,0,0.0,0.0,,0.0,0,0,ENABLED,0,150.0,0,0,0.0,0,103105471930136,0.0,0,,nan,0,0,USD,,0,0,legacy,0.0,0.0,0,0.0,0,0,0.0,0,DAILY_BUDGET,0,0,0.0,Amazon,0.0,0.0,4,0,0,0,0,Inner-SP-KW-biotin gummies-EM-biotin gummies-1w,spCampaigns,US,INNERBRIGHTNESS,spCampaigns_innerbrightness_US_2026-03-21_2026-04-20.json,2026-04-21 01:59:12
30958,2026-04-21 01:59:12.493253,2026-04-21 01:59:12.493253,2026-04-10,0.0,nan,0,0.0,0.0,,0.0,0,0,ENABLED,0,150.0,0,0,0.0,0,103105471930136,0.0,0,,nan,0,0,USD,,0,0,legacy,0.0,0.0,0,0.0,0,0,0.0,0,DAILY_BUDGET,0,0,0.0,Amazon,0.0,0.0,4,0,0,0,0,Inner-SP-KW-biotin gummies-EM-biotin gummies-1w,spCampaigns,US,INNERBRIGHTNESS,spCampaigns_innerbrightness_US_2026-03-21_2026-04-20.json,2026-04-21 01:59:12
30972,2026-04-21 01:59:12.493253,2026-04-21 01:59:12.493253,2026-04-04,0.0,0.0,0,0.0,0.0,,0.0,0,0,ENABLED,0,20.0,0,0,1.12,0,2960493459434,0.42194092827004215,0,,nan,0,0,USD,,0,0,legacy,0.0,0.01,0,0.0,0,0,2.24,0,DAILY_BUDGET,0,0,2.24,Amazon,0.0,0.0,474,0,0,0,2,Inner-SP-KW-biotin gummies-Auto,spCampaigns,US,INNERBRIGHTNESS,spCampaigns_innerbrightness_US_2026-03-21_2026-04-20.json,2026-04-21 01:59:12
30973,2026-04-21 01:59:12.493253,2026-04-21 01:59:12.493253,2026-04-05,0.0,nan,0,0.0,0.0,,0.0,0,0,ENABLED,0,20.0,0,0,0.0,0,2960493459434,0.0,0,,nan,0,0,USD,,0,0,legacy,0.0,0.0,0,0.0,0,0,0.0,0,DAILY_BUDGET,0,0,0.0,Amazon,0.0,0.0,273,0,0,0,0,Inner-SP-KW-biotin gummies-Auto,spCampaigns,US,INNERBRIGHTNESS,spCampaigns_innerbrightness_US_2026-03-21_2026-04-20.json,2026-04-21 01:59:12
30974,2026-04-21 01:59:12.493253,2026-04-21 01:59:12.493253,2026-04-06,0.0,nan,0,0.0,0.0,,0.0,0,0,ENABLED,0,20.0,0,0,0.0,0,2960493459434,0.0,0,,nan,0,0,USD,,0,0,legacy,0.0,0.0,0,0.0,0,0,0.0,0,DAILY_BUDGET,0,0,0.0,Amazon,0.0,0.0,272,0,0,0,0,Inner-SP-KW-biotin gummies-Auto,spCampaigns,US,INNERBRIGHTNESS,spCampaigns_innerbrightness_US_2026-03-21_2026-04-20.json,2026-04-21 01:59:12
30975,2026-04-21 01:59:12.493253,2026-04-21 01:59:12.493253,2026-04-07,0.0,nan,0,0.0,0.0,,0.0,0,0,ENABLED,0,20.0,0,0,0.0,0,2960493459434,0.0,0,,nan,0,0,USD,,0,0,legacy,0.0,0.03,0,0.0,0,0,0.0,0,DAILY_BUDGET,0,0,0.0,Amazon,0.0,0.0,14,0,0,0,0,Inner-SP-KW-biotin gummies-Auto,spCampaigns,US,INNERBRIGHTNESS,spCampaigns_innerbrightness_US_2026-03-21_2026-04-20.json,2026-04-21 01:59:12
30976,2026-04-21 01:59:12.493253,2026-04-21 01:59:12.493253,2026-04-08,0.0,nan,0,0.0,0.0,,0.0,0,0,ENABLED,0,20.0,0,0,0.0,0,2960493459434,0.0,0,,nan,0,0,USD,,0,0,legacy,0.0,0.0,0,0.0,0,0,0.0,0,DAILY_BUDGET,0,0,0.0,Amazon,0.0,0.0,7,0,0,0,0,Inner-SP-KW-biotin gummies-Auto,spCampaigns,US,INNERBRIGHTNESS,spCampaigns_innerbrightness_US_2026-03-21_2026-04-20.json,2026-04-21 01:59:12
30977,2026-04-21 01:59:12.493253,2026-04-21 01:59:12.493253,2026-04-09,0.0,nan,0,0.0,0.0,,0.0,0,0,ENABLED,0,20.0,0,0,0.0,0,2960493459434,0.0,0,,nan,0,0,USD,,0,0,legacy,0.0,0.0,0,0.0,0,0,0.0,0,DAILY_BUDGET,0,0,0.0,Amazon,0.0,0.0,8,0,0,0,0,Inner-SP-KW-biotin gummies-Auto,spCampaigns,US,INNERBRIGHTNESS,spCampaigns_innerbrightness_US_2026-03-21_2026-04-20.json,2026-04-21 01:59:12
30978,2026-04-21 01:59:12.493253,2026-04-21 01:59:12.493253,2026-04-10,0.0,nan,0,0.0,0.0,,0.0,0,0,ENABLED,0,20.0,0,0,0.0,0,2960493459434,0.0,0,,nan,0,0,USD,,0,0,legacy,0.0,0.0,0,0.0,0,0,0.0,0,DAILY_BUDGET,0,0,0.0,Amazon,0.0,0.0,3,0,0,0,0,Inner-SP-KW-biotin gummies-Auto,spCampaigns,US,INNERBRIGHTNESS,spCampaigns_innerbrightness_US_2026-03-21_2026-04-20.json,2026-04-21 01:59:12
30992,2026-04-21 01:59:12.493253,2026-04-21 01:59:12.493253,2026-04-06,0.0,nan,0,0.0,0.0,,0.0,0,0,PAUSED,0,400.0,0,0,0.0,0,49806989748035,nan,0,,nan,0,0,USD,,0,0,manual,0.0,nan,0,0.0,0,0,0.0,0,DAILY_BUDGET,0,0,0.0,Amazon,0.0,0.0,0,0,0,0,0,Inner-SP-KW-gumm-magnesium supplement-EM-CPC-9k,spCampaigns,US,INNERBRIGHTNESS,spCampaigns_innerbrightness_US_2026-03-21_2026-04-20.json,2026-04-21 01:59:12
31007,2026-04-21 01:59:12.493253,2026-04-21 01:59:12.493253,2026-04-04,22.99,0.44442296539725495,1,22.99,22.99,,22.99,0,1,ENABLED,1,145.0,1,1,4.7,1,57298629983623,2.4774774774774775,0,,225.01087429317096,1,0,USD,,1,1,legacy,22.99,4.02,0,22.99,0,1,51.73,1,DAILY_BUDGET,1,1,51.73,Amazon,22.99,22.99,444,1,1,1,11,Inner-SP-KW-VB-vitamin b complex-PM-3K,spCampaigns,US,INNERBRIGHTNESS,spCampaigns_innerbrightness_US_2026-03-21_2026-04-20.json,2026-04-21 01:59:12
31008,2026-04-21 01:59:12.493253,2026-04-21 01:59:12.493253,2026-04-05,0.0,0.0,0,0.0,0.0,,0.0,0,0,ENABLED,0,145.0,0,0,4.31,0,57298629983623,1.9083969465648856,0,,nan,0,0,USD,,0,0,legacy,0.0,4.91,0,0.0,0,0,43.08,0,DAILY_BUDGET,0,0,43.08,Amazon,0.0,0.0,524,0,0,0,10,Inner-SP-KW-VB-vitamin b complex-PM-3K,spCampaigns,US,INNERBRIGHTNESS,spCampaigns_innerbrightness_US_2026-03-21_2026-04-20.json,2026-04-21 01:59:12
31009,2026-04-21 01:59:12.493253,2026-04-21 01:59:12.493253,2026-04-06,91.96,1.7626988690818477,4,91.96,91.96,,91.96,0,4,ENABLED,4,145.0,4,4,4.35,4,57298629983623,1.9230769230769231,0,,56.73118747281427,4,0,USD,,4,4,legacy,91.96,4.96,0,91.96,0,4,52.17,4,DAILY_BUDGET,4,4,52.17,Amazon,91.96,91.96,624,4,4,4,12,Inner-SP-KW-VB-vitamin b complex-PM-3K,spCampaigns,US,INNERBRIGHTNESS,spCampaigns_innerbrightness_US_2026-03-21_2026-04-20.json,2026-04-21 01:59:12
31010,2026-04-21 01:59:12.493253,2026-04-21 01:59:12.493253,2026-04-07,22.99,0.20096153846153844,1,22.99,22.99,,22.99,0,1,ENABLED,1,145.0,1,1,4.4,1,57298629983623,2.73972602739726,0,,497.6076555023924,1,0,USD,,1,1,legacy,22.99,6.43,0,22.99,0,1,114.4,1,DAILY_BUDGET,1,1,114.4,Amazon,22.99,22.99,949,1,1,1,26,Inner-SP-KW-VB-vitamin b complex-PM-3K,spCampaigns,US,INNERBRIGHTNESS,spCampaigns_innerbrightness_US_2026-03-21_2026-04-20.json,2026-04-21 01:59:12
31011,2026-04-21 01:59:12.493253,2026-04-21 01:59:12.493253,2026-04-08,91.96,1.1911917098445595,4,91.96,91.96,,91.96,0,4,ENABLED,4,145.0,4,4,4.29,4,57298629983623,1.9251336898395723,0,,83.94954327968684,4,0,USD,,4,4,legacy,91.96,5.34,0,91.96,0,4,77.2,4,DAILY_BUDGET,4,4,77.2,Amazon,91.96,91.96,935,4,4,4,18,Inner-SP-KW-VB-vitamin b complex-PM-3K,spCampaigns,US,INNERBRIGHTNESS,spCampaigns_innerbrightness_US_2026-03-21_2026-04-20.json,2026-04-21 01:59:12
31012,2026-04-21 01:59:12.493253,2026-04-21 01:59:12.493253,2026-04-09,45.98,0.8533778767631773,2,45.98,45.98,,45.98,0,2,ENABLED,2,145.0,2,2,4.49,2,57298629983623,2.3300970873786406,0,,117.18138321009135,2,0,USD,,2,2,legacy,45.98,3.87,0,45.98,0,2,53.88,2,DAILY_BUDGET,2,2,53.88,Amazon,45.98,45.98,515,2,2,2,12,Inner-SP-KW-VB-vitamin b complex-PM-3K,spCampaigns,US,INNERBRIGHTNESS,spCampaigns_innerbrightness_US_2026-03-21_2026-04-20.json,2026-04-21 01:59:12
31013,2026-04-21 01:59:12.493253,2026-04-21 01:59:12.493253,2026-04-10,22.99,0.8320665942815779,1,22.99,22.99,,22.99,0,1,ENABLED,1,145.0,1,1,3.95,1,57298629983623,1.2259194395796849,0,,120.18268812527187,1,0,USD,,1,1,legacy,22.99,2.14,0,22.99,0,1,27.63,1,DAILY_BUDGET,1,1,27.63,Amazon,22.99,22.99,571,1,1,1,7,Inner-SP-KW-VB-vitamin b complex-PM-3K,spCampaigns,US,INNERBRIGHTNESS,spCampaigns_innerbrightness_US_2026-03-21_2026-04-20.json,2026-04-21 01:59:12
31028,2026-04-21 01:59:12.493253,2026-04-21 01:59:12.493253,2026-04-04,137.94,1.1087533156498675,6,137.94,137.94,,137.94,0,6,ENABLED,6,364.0,6,6,5.18,6,16573246879315,0.74487895716946,0,,90.19138755980862,6,0,USD,,6,6,legacy,137.94,1.27,0,137.94,0,6,124.41,6,DAILY_BUDGET,6,6,124.41,Amazon,137.94,137.94,3222,6,6,6,24,Inner-SP-KW-VB-vitamin b complex-EM-3K,spCampaigns,US,INNERBRIGHTNESS,spCampaigns_innerbrightness_US_2026-03-21_2026-04-20.json,2026-04-21 01:59:12
31029,2026-04-21 01:59:12.493253,2026-04-21 01:59:12.493253,2026-04-05,68.97,0.603200979534721,3,68.97,68.97,,68.97,0,3,ENABLED,3,364.0,3,3,5.2,3,16573246879315,0.5452292441140025,0,,165.7822241554299,3,0,USD,,3,3,legacy,68.97,0.89,0,68.97,0,3,114.34,3,DAILY_BUDGET,3,3,114.34,Amazon,68.97,68.97,4035,3,3,3,22,Inner-SP-KW-VB-vitamin b complex-EM-3K,spCampaigns,US,INNERBRIGHTNESS,spCampaigns_innerbrightness_US_2026-03-21_2026-04-20.json,2026-04-21 01:59:12
31030,2026-04-21 01:59:12.493253,2026-04-21 01:59:12.493253,2026-04-06,183.92,1.099590795557209,8,206.91,206.91,,206.91,0,8,ENABLED,9,364.0,9,9,5.23,9,16573246879315,0.7843137254901961,0,,90.94292204340051,9,0,USD,,9,9,legacy,206.91,1.4,0,183.92,0,9,188.17,8,DAILY_BUDGET,8,9,188.17,Amazon,206.91,206.91,4590,9,9,9,36,Inner-SP-KW-VB-vitamin b complex-EM-3K,spCampaigns,US,INNERBRIGHTNESS,spCampaigns_innerbrightness_US_2026-03-21_2026-04-20.json,2026-04-21 01:59:12
31031,2026-04-21 01:59:12.493253,2026-04-21 01:59:12.493253,2026-04-07,160.93,1.1582798459563544,7,180.46,160.93,,180.46,0,7,ENABLED,7,364.0,7,8,5.37,8,16573246879315,0.5161060686954975,0,,86.33492186634157,8,0,USD,,8,7,legacy,160.93,2.01,0,160.93,0,8,155.8,7,DAILY_BUDGET,7,7,155.8,Amazon,180.46,180.46,5619,8,8,8,29,Inner-SP-KW-VB-vitamin b complex-EM-3K,spCampaigns,US,INNERBRIGHTNESS,spCampaigns_innerbrightness_US_2026-03-21_2026-04-20.json,2026-04-21 01:59:12
31032,2026-04-21 01:59:12.493253,2026-04-21 01:59:12.493253,2026-04-08,183.92,1.0714063794531896,8,206.91,206.91,,206.91,0,8,ENABLED,9,364.0,9,9,5.08,9,16573246879315,0.72367168158446,0,,93.33526654100817,9,0,USD,,9,9,legacy,206.91,1.95,0,183.92,0,9,193.12,8,DAILY_BUDGET,8,9,193.12,Amazon,206.91,206.91,5251,9,9,9,38,Inner-SP-KW-VB-vitamin b complex-EM-3K,spCampaigns,US,INNERBRIGHTNESS,spCampaigns_innerbrightness_US_2026-03-21_2026-04-20.json,2026-04-21 01:59:12
31033,2026-04-21 01:59:12.493253,2026-04-21 01:59:12.493253,2026-04-09,137.94,1.0855460845035876,6,177.02,177.02,,177.02,0,6,ENABLED,7,364.0,7,8,5.1,8,16573246879315,0.7160438576862832,0,,92.11953451587391,8,0,USD,,8,8,legacy,177.02,1.05,0,137.94,0,7,163.07,5,DAILY_BUDGET,5,8,163.07,Amazon,177.02,177.02,4469,7,7,7,32,Inner-SP-KW-VB-vitamin b complex-EM-3K,spCampaigns,US,INNERBRIGHTNESS,spCampaigns_innerbrightness_US_2026-03-21_2026-04-20.json,2026-04-21 01:59:12
31034,2026-04-21 01:59:12.493253,2026-04-21 01:59:12.493253,2026-04-10,229.9,1.3045653856074284,10,252.89,252.89,,252.89,0,10,ENABLED,11,364.0,11,11,5.38,11,16573246879315,0.8046490835940991,0,,76.65388113408991,11,0,USD,,11,11,legacy,252.89,2.74,0,229.9,0,11,193.85,10,DAILY_BUDGET,10,11,193.85,Amazon,252.89,252.89,4474,11,11,11,36,Inner-SP-KW-VB-vitamin b complex-EM-3K,spCampaigns,US,INNERBRIGHTNESS,spCampaigns_innerbrightness_US_2026-03-21_2026-04-20.json,2026-04-21 01:59:12
31054,2026-04-21 01:59:12.493253,2026-04-21 01:59:12.493253,2026-04-04,45.98,1.0484949832775918,2,68.97,68.97,,68.97,0,2,PAUSED,3,40.0,3,3,2.99,3,71902167295137,0.554016620498615,0,,95.37480063795853,3,0,USD,,3,3,manual,68.97,0.03,0,45.98,0,3,65.78,2,DAILY_BUDGET,2,3,65.78,Amazon,68.97,68.97,3971,3,3,3,22,Inner-SP-VB-auto,spCampaigns,US,INNERBRIGHTNESS,spCampaigns_innerbrightness_US_2026-03-21_2026-04-20.json,2026-04-21 01:59:12
31055,2026-04-21 01:59:12.493253,2026-04-21 01:59:12.493253,2026-04-05,22.99,0.33537563822027716,1,22.99,22.99,,22.99,0,1,PAUSED,1,40.0,1,1,2.98,1,71902167295137,0.7438551099611902,0,,298.1731187472815,1,0,USD,,1,1,manual,22.99,0.04,0,22.99,0,1,68.55,1,DAILY_BUDGET,1,1,68.55,Amazon,22.99,22.99,3092,1,1,1,23,Inner-SP-VB-auto,spCampaigns,US,INNERBRIGHTNESS,spCampaigns_innerbrightness_US_2026-03-21_2026-04-20.json,2026-04-21 01:59:12
31056,2026-04-21 01:59:12.493253,2026-04-21 01:59:12.493253,2026-04-06,68.97,1.1040419161676647,3,88.5,68.97,,88.5,0,3,PAUSED,3,40.0,3,4,2.97,4,71902167295137,0.6540697674418605,0,,90.57627118644066,4,0,USD,,4,3,manual,68.97,0.05,0,68.97,0,4,80.16,3,DAILY_BUDGET,3,3,80.16,Amazon,88.5,88.5,4128,4,4,4,27,Inner-SP-VB-auto,spCampaigns,US,INNERBRIGHTNESS,spCampaigns_innerbrightness_US_2026-03-21_2026-04-20.json,2026-04-21 01:59:12
31057,2026-04-21 01:59:12.493253,2026-04-21 01:59:12.493253,2026-04-07,45.98,0.5933668860498129,2,45.98,45.98,,45.98,0,2,PAUSED,2,40.0,2,2,2.98,2,71902167295137,0.8119925046845722,0,,168.5297955632884,2,0,USD,,2,2,manual,45.98,0.04,0,45.98,0,2,77.49,2,DAILY_BUDGET,2,2,77.49,Amazon,45.98,45.98,3202,2,2,2,26,Inner-SP-VB-auto,spCampaigns,US,INNERBRIGHTNESS,spCampaigns_innerbrightness_US_2026-03-21_2026-04-20.json,2026-04-21 01:59:12
31058,2026-04-21 01:59:12.493253,2026-04-21 01:59:12.493253,2026-04-08,68.97,0.934173100365705,3,68.97,68.97,,68.97,0,3,PAUSED,3,40.0,3,3,2.95,3,71902167295137,0.4420866489832007,0,,107.04654197477164,3,0,USD,,3,3,manual,68.97,0.0,0,68.97,0,3,73.83,3,DAILY_BUDGET,3,3,73.83,Amazon,68.97,68.97,5655,3,3,3,25,Inner-SP-VB-auto,spCampaigns,US,INNERBRIGHTNESS,spCampaigns_innerbrightness_US_2026-03-21_2026-04-20.json,2026-04-21 01:59:12
31059,2026-04-21 01:59:12.493253,2026-04-21 01:59:12.493253,2026-04-09,0.0,0.0,0,0.0,0.0,,0.0,0,0,PAUSED,0,40.0,0,0,3.0,0,71902167295137,0.2931691586045148,0,,nan,0,0,USD,,0,0,manual,0.0,0.0,0,0.0,0,0,30.0,0,DAILY_BUDGET,0,0,30.0,Amazon,0.0,0.0,3411,0,0,0,10,Inner-SP-VB-auto,spCampaigns,US,INNERBRIGHTNESS,spCampaigns_innerbrightness_US_2026-03-21_2026-04-20.json,2026-04-21 01:59:12
31060,2026-04-21 01:59:12.493253,2026-04-21 01:59:12.493253,2026-04-10,68.97,1.100175466581592,3,68.97,68.97,,68.97,0,3,PAUSED,3,40.0,3,3,2.85,3,71902167295137,0.5223171889838557,0,,90.89459185152965,3,0,USD,,3,3,manual,68.97,0.0,0,68.97,0,3,62.69,3,DAILY_BUDGET,3,3,62.69,Amazon,68.97,68.97,4212,3,3,3,22,Inner-SP-VB-auto,spCampaigns,US,INNERBRIGHTNESS,spCampaigns_innerbrightness_US_2026-03-21_2026-04-20.json,2026-04-21 01:59:12
31072,2026-04-21 01:59:12.493253,2026-04-21 01:59:12.493253,2026-04-04,0.0,0.0,0,0.0,0.0,,0.0,0,0,ENABLED,0,180.0,0,0,4.32,0,133485526455499,2.7027027027027026,0,,nan,0,0,USD,,0,0,legacy,0.0,0.72,0,0.0,0,0,8.64,0,DAILY_BUDGET,0,0,8.64,Amazon,0.0,0.0,74,0,0,0,2,Inner-SP-KW-VB-b complex-EM-8K,spCampaigns,US,INNERBRIGHTNESS,spCampaigns_innerbrightness_US_2026-03-21_2026-04-20.json,2026-04-21 01:59:12
31073,2026-04-21 01:59:12.493253,2026-04-21 01:59:12.493253,2026-04-05,0.0,4.1237668161434975,0,45.98,45.98,,45.98,0,0,ENABLED,1,180.0,1,2,5.58,2,133485526455499,2.941176470588235,0,,24.249673771204876,2,0,USD,,2,2,legacy,45.98,1.01,0,0.0,0,1,11.15,0,DAILY_BUDGET,0,2,11.15,Amazon,45.98,45.98,68,1,1,1,2,Inner-SP-KW-VB-b complex-EM-8K,spCampaigns,US,INNERBRIGHTNESS,spCampaigns_innerbrightness_US_2026-03-21_2026-04-20.json,2026-04-21 01:59:12
31074,2026-04-21 01:59:12.493253,2026-04-21 01:59:12.493253,2026-04-06,22.99,1.533689126084056,1,22.99,22.99,,22.99,0,1,ENABLED,1,180.0,1,1,5.0,1,133485526455499,3.4482758620689653,0,,65.20226185297956,1,0,USD,,1,1,legacy,22.99,0.88,0,22.99,0,1,14.99,1,DAILY_BUDGET,1,1,14.99,Amazon,22.99,22.99,87,1,1,1,3,Inner-SP-KW-VB-b complex-EM-8K,spCampaigns,US,INNERBRIGHTNESS,spCampaigns_innerbrightness_US_2026-03-21_2026-04-20.json,2026-04-21 01:59:12
31075,2026-04-21 01:59:12.493253,2026-04-21 01:59:12.493253,2026-04-07,0.0,0.0,0,0.0,0.0,,0.0,0,0,ENABLED,0,180.0,0,0,5.34,0,133485526455499,4.166666666666666,0,,nan,0,0,USD,,0,0,legacy,0.0,0.96,0,0.0,0,0,21.38,0,DAILY_BUDGET,0,0,21.38,Amazon,0.0,0.0,96,0,0,0,4,Inner-SP-KW-VB-b complex-EM-8K,spCampaigns,US,INNERBRIGHTNESS,spCampaigns_innerbrightness_US_2026-03-21_2026-04-20.json,2026-04-21 01:59:12
31076,2026-04-21 01:59:12.493253,2026-04-21 01:59:12.493253,2026-04-08,22.99,1.1257202723939235,2,22.99,42.98,,22.99,0,1,ENABLED,1,180.0,2,1,6.36,2,133485526455499,7.4074074074074066,0,,88.83201489064682,2,0,USD,,1,2,legacy,22.99,1.44,0,42.98,0,1,38.18,1,DAILY_BUDGET,2,1,38.18,Amazon,42.98,42.98,81,1,2,2,6,Inner-SP-KW-VB-b complex-EM-8K,spCampaigns,US,INNERBRIGHTNESS,spCampaigns_innerbrightness_US_2026-03-21_2026-04-20.json,2026-04-21 01:59:12
31077,2026-04-21 01:59:12.493253,2026-04-21 01:59:12.493253,2026-04-09,22.99,0.717764595691539,1,22.99,22.99,,22.99,0,1,ENABLED,1,180.0,1,1,6.41,1,133485526455499,6.756756756756757,0,,139.32144410613313,1,0,USD,,1,1,legacy,22.99,1.35,0,22.99,0,1,32.03,1,DAILY_BUDGET,1,1,32.03,Amazon,22.99,22.99,74,1,1,1,5,Inner-SP-KW-VB-b complex-EM-8K,spCampaigns,US,INNERBRIGHTNESS,spCampaigns_innerbrightness_US_2026-03-21_2026-04-20.json,2026-04-21 01:59:12
31078,2026-04-21 01:59:12.493253,2026-04-21 01:59:12.493253,2026-04-10,45.98,0.67807108096151,2,45.98,45.98,,45.98,0,2,ENABLED,2,180.0,2,2,6.16,2,133485526455499,6.145251396648044,0,,147.47716398434102,2,0,USD,,2,2,legacy,45.98,3.44,0,45.98,0,2,67.81,2,DAILY_BUDGET,2,2,67.81,Amazon,45.98,45.98,179,2,2,2,11,Inner-SP-KW-VB-b complex-EM-8K,spCampaigns,US,INNERBRIGHTNESS,spCampaigns_innerbrightness_US_2026-03-21_2026-04-20.json,2026-04-21 01:59:12
31082,2026-04-21 01:59:12.493253,2026-04-21 01:59:12.493253,2026-04-07,0.0,nan,0,0.0,0.0,,0.0,0,0,PAUSED,0,30.0,0,0,0.0,0,204611304066301,nan,0,,nan,0,0,USD,,0,0,manual,0.0,nan,0,0.0,0,0,0.0,0,DAILY_BUDGET,0,0,0.0,Amazon,0.0,0.0,0,0,0,0,0,Inner-SP-KW-biotin gummies-EM-weem hair skin and nails gummies-4K,spCampaigns,US,INNERBRIGHTNESS,spCampaigns_innerbrightness_US_2026-03-21_2026-04-20.json,2026-04-21 01:59:12
31094,2026-04-21 01:59:12.493253,2026-04-21 01:59:12.493253,2026-04-04,0.0,0.0,0,0.0,0.0,,0.0,0,0,ENABLED,0,30.0,0,0,4.54,0,86707689409336,0.5633802816901409,0,,nan,0,0,USD,,0,0,manual,0.0,0.09,0,0.0,0,0,27.26,0,DAILY_BUDGET,0,0,27.26,Amazon,0.0,0.0,1065,0,0,0,6,Campaign - 3/24/2026 08:56:17.623,spCampaigns,US,INNERBRIGHTNESS,spCampaigns_innerbrightness_US_2026-03-21_2026-04-20.json,2026-04-21 01:59:12
31095,2026-04-21 01:59:12.493253,2026-04-21 01:59:12.493253,2026-04-05,0.0,0.0,0,0.0,0.0,,0.0,0,0,ENABLED,0,30.0,0,0,4.44,0,86707689409336,0.3818876159301691,0,,nan,0,0,USD,,0,0,manual,0.0,0.38,0,0.0,0,0,31.07,0,DAILY_BUDGET,0,0,31.07,Amazon,0.0,0.0,1833,0,0,0,7,Campaign - 3/24/2026 08:56:17.623,spCampaigns,US,INNERBRIGHTNESS,spCampaigns_innerbrightness_US_2026-03-21_2026-04-20.json,2026-04-21 01:59:12
31096,2026-04-21 01:59:12.493253,2026-04-21 01:59:12.493253,2026-04-06,45.98,1.383689437255492,2,45.98,45.98,,45.98,0,2,ENABLED,2,30.0,2,2,4.75,2,86707689409336,0.546448087431694,0,,72.27055241409307,2,0,USD,,2,2,manual,45.98,0.48,0,45.98,0,2,33.23,2,DAILY_BUDGET,2,2,33.23,Amazon,45.98,45.98,1281,2,2,2,7,Campaign - 3/24/2026 08:56:17.623,spCampaigns,US,INNERBRIGHTNESS,spCampaigns_innerbrightness_US_2026-03-21_2026-04-20.json,2026-04-21 01:59:12
31097,2026-04-21 01:59:12.493253,2026-04-21 01:59:12.493253,2026-04-07,0.0,0.0,0,0.0,0.0,,0.0,0,0,ENABLED,0,30.0,0,0,4.41,0,86707689409336,0.5654281098546041,0,,nan,0,0,USD,,0,0,manual,0.0,0.44,0,0.0,0,0,30.89,0,DAILY_BUDGET,0,0,30.89,Amazon,0.0,0.0,1238,0,0,0,7,Campaign - 3/24/2026 08:56:17.623,spCampaigns,US,INNERBRIGHTNESS,spCampaigns_innerbrightness_US_2026-03-21_2026-04-20.json,2026-04-21 01:59:12
31098,2026-04-21 01:59:12.493253,2026-04-21 01:59:12.493253,2026-04-08,22.99,0.7527832351015062,1,22.99,22.99,,22.99,0,1,ENABLED,1,30.0,1,1,4.36,1,86707689409336,0.37253858435337944,0,,132.84036537625056,1,0,USD,,1,1,manual,22.99,0.67,0,22.99,0,1,30.54,1,DAILY_BUDGET,1,1,30.54,Amazon,22.99,22.99,1879,1,1,1,7,Campaign - 3/24/2026 08:56:17.623,spCampaigns,US,INNERBRIGHTNESS,spCampaigns_innerbrightness_US_2026-03-21_2026-04-20.json,2026-04-21 01:59:12
31099,2026-04-21 01:59:12.493253,2026-04-21 01:59:12.493253,2026-04-09,0.0,0.0,0,0.0,0.0,,0.0,0,0,ENABLED,0,30.0,0,0,4.16,0,86707689409336,0.5509641873278237,0,,nan,0,0,USD,,0,0,manual,0.0,0.51,0,0.0,0,0,33.27,0,DAILY_BUDGET,0,0,33.27,Amazon,0.0,0.0,1452,0,0,0,8,Campaign - 3/24/2026 08:56:17.623,spCampaigns,US,INNERBRIGHTNESS,spCampaigns_innerbrightness_US_2026-03-21_2026-04-20.json,2026-04-21 01:59:12
31100,2026-04-21 01:59:12.493253,2026-04-21 01:59:12.493253,2026-04-10,0.0,0.0,0,0.0,0.0,,0.0,0,0,ENABLED,0,30.0,0,0,4.72,0,86707689409336,0.7604562737642585,0,,nan,0,0,USD,,0,0,manual,0.0,0.43,0,0.0,0,0,28.34,0,DAILY_BUDGET,0,0,28.34,Amazon,0.0,0.0,789,0,0,0,6,Campaign - 3/24/2026 08:56:17.623,spCampaigns,US,INNERBRIGHTNESS,spCampaigns_innerbrightness_US_2026-03-21_2026-04-20.json,2026-04-21 01:59:12
31112,2026-04-21 01:59:12.493253,2026-04-21 01:59:12.493253,2026-04-04,0.0,0.0,0,0.0,0.0,,0.0,0,0,ENABLED,0,40.0,0,0,2.34,0,90609254666494,0.1733960862026257,0,,nan,0,0,USD,,0,0,legacy,0.0,0.0,0,0.0,0,0,16.37,0,DAILY_BUDGET,0,0,16.37,Amazon,0.0,0.0,4037,0,0,0,7,Inner-SP-KW-biotin-biotin-EM-2K,spCampaigns,US,INNERBRIGHTNESS,spCampaigns_innerbrightness_US_2026-03-21_2026-04-20.json,2026-04-21 01:59:12
31113,2026-04-21 01:59:12.493253,2026-04-21 01:59:12.493253,2026-04-05,23.99,0.9489715189873417,1,23.99,23.99,,23.99,0,1,ENABLED,1,40.0,1,1,2.3,1,90609254666494,0.45852438516048355,0,,105.37724051688204,1,0,USD,,1,1,legacy,23.99,0.0,0,23.99,0,1,25.28,1,DAILY_BUDGET,1,1,25.28,Amazon,23.99,23.99,2399,1,1,1,11,Inner-SP-KW-biotin-biotin-EM-2K,spCampaigns,US,INNERBRIGHTNESS,spCampaigns_innerbrightness_US_2026-03-21_2026-04-20.json,2026-04-21 01:59:12
31114,2026-04-21 01:59:12.493253,2026-04-21 01:59:12.493253,2026-04-06,0.0,0.0,0,0.0,0.0,,0.0,0,0,ENABLED,0,40.0,0,0,2.33,0,90609254666494,0.29469548133595286,0,,nan,0,0,USD,,0,0,legacy,0.0,0.0,0,0.0,0,0,13.96,0,DAILY_BUDGET,0,0,13.96,Amazon,0.0,0.0,2036,0,0,0,6,Inner-SP-KW-biotin-biotin-EM-2K,spCampaigns,US,INNERBRIGHTNESS,spCampaigns_innerbrightness_US_2026-03-21_2026-04-20.json,2026-04-21 01:59:12
31115,2026-04-21 01:59:12.493253,2026-04-21 01:59:12.493253,2026-04-07,23.99,2.0399659863945576,1,23.99,23.99,,23.99,0,1,ENABLED,1,40.0,1,1,3.92,1,90609254666494,0.36991368680641185,0,,49.02042517715715,1,0,USD,,1,1,legacy,23.99,0.0,0,23.99,0,1,11.76,1,DAILY_BUDGET,1,1,11.76,Amazon,23.99,23.99,811,1,1,1,3,Inner-SP-KW-biotin-biotin-EM-2K,spCampaigns,US,INNERBRIGHTNESS,spCampaigns_innerbrightness_US_2026-03-21_2026-04-20.json,2026-04-21 01:59:12
31116,2026-04-21 01:59:12.493253,2026-04-21 01:59:12.493253,2026-04-08,23.99,1.5457474226804122,1,23.99,23.99,,23.99,0,1,ENABLED,1,40.0,1,1,3.88,1,90609254666494,0.4158004158004158,0,,64.69362234264277,1,0,USD,,1,1,legacy,23.99,0.04,0,23.99,0,1,15.52,1,DAILY_BUDGET,1,1,15.52,Amazon,23.99,23.99,962,1,1,1,4,Inner-SP-KW-biotin-biotin-EM-2K,spCampaigns,US,INNERBRIGHTNESS,spCampaigns_innerbrightness_US_2026-03-21_2026-04-20.json,2026-04-21 01:59:12
31117,2026-04-21 01:59:12.493253,2026-04-21 01:59:12.493253,2026-04-09,23.99,1.9599673202614378,1,23.99,23.99,,23.99,0,1,ENABLED,1,40.0,1,1,4.08,1,90609254666494,0.1744186046511628,0,,51.02125885785745,1,0,USD,,1,1,legacy,23.99,0.0,0,23.99,0,1,12.24,1,DAILY_BUDGET,1,1,12.24,Amazon,23.99,23.99,1720,1,1,1,3,Inner-SP-KW-biotin-biotin-EM-2K,spCampaigns,US,INNERBRIGHTNESS,spCampaigns_innerbrightness_US_2026-03-21_2026-04-20.json,2026-04-21 01:59:12
31118,2026-04-21 01:59:12.493253,2026-04-21 01:59:12.493253,2026-04-10,0.0,0.0,0,0.0,0.0,,0.0,0,0,ENABLED,0,40.0,0,0,4.08,0,90609254666494,0.28328611898017,0,,nan,0,0,USD,,0,0,legacy,0.0,0.0,0,0.0,0,0,4.08,0,DAILY_BUDGET,0,0,4.08,Amazon,0.0,0.0,353,0,0,0,1,Inner-SP-KW-biotin-biotin-EM-2K,spCampaigns,US,INNERBRIGHTNESS,spCampaigns_innerbrightness_US_2026-03-21_2026-04-20.json,2026-04-21 01:59:12
31124,2026-04-21 01:59:12.493253,2026-04-21 01:59:12.493253,2026-04-04,22.99,0.3609105180533751,1,22.99,22.99,,22.99,0,1,ENABLED,1,140.0,1,1,4.55,1,124155407961116,1.1075949367088607,0,,277.07698999565037,1,0,USD,,1,1,legacy,22.99,0.0,0,22.99,0,1,63.7,1,DAILY_BUDGET,1,1,63.7,Amazon,22.99,22.99,1264,1,1,1,14,Inner-SP-KW-VB-methylated b complex-EM-1.9W,spCampaigns,US,INNERBRIGHTNESS,spCampaigns_innerbrightness_US_2026-03-21_2026-04-20.json,2026-04-21 01:59:12
31125,2026-04-21 01:59:12.493253,2026-04-21 01:59:12.493253,2026-04-05,22.99,0.3886728655959425,1,22.99,22.99,,22.99,0,1,ENABLED,1,140.0,1,1,4.55,1,124155407961116,1.0132501948558068,0,,257.28577642453246,1,0,USD,,1,1,legacy,22.99,0.0,0,22.99,0,1,59.15,1,DAILY_BUDGET,1,1,59.15,Amazon,22.99,22.99,1283,1,1,1,13,Inner-SP-KW-VB-methylated b complex-EM-1.9W,spCampaigns,US,INNERBRIGHTNESS,spCampaigns_innerbrightness_US_2026-03-21_2026-04-20.json,2026-04-21 01:59:12
31126,2026-04-21 01:59:12.493253,2026-04-21 01:59:12.493253,2026-04-06,114.95,1.3506050992832805,5,114.95,114.95,,114.95,0,5,ENABLED,5,140.0,5,5,4.48,5,124155407961116,1.1692307692307693,0,,74.04088734232275,5,0,USD,,5,5,legacy,114.95,0.16,0,114.95,0,5,85.11,5,DAILY_BUDGET,5,5,85.11,Amazon,114.95,114.95,1625,5,5,5,19,Inner-SP-KW-VB-methylated b complex-EM-1.9W,spCampaigns,US,INNERBRIGHTNESS,spCampaigns_innerbrightness_US_2026-03-21_2026-04-20.json,2026-04-21 01:59:12
31127,2026-04-21 01:59:12.493253,2026-04-21 01:59:12.493253,2026-04-07,22.99,0.5688481999257701,1,45.98,45.98,,45.98,0,1,ENABLED,2,140.0,2,2,4.49,2,124155407961116,1.2448132780082988,0,,175.7938234014789,2,0,USD,,2,2,legacy,45.98,0.05,0,22.99,0,2,80.83,1,DAILY_BUDGET,1,2,80.83,Amazon,45.98,45.98,1446,2,2,2,18,Inner-SP-KW-VB-methylated b complex-EM-1.9W,spCampaigns,US,INNERBRIGHTNESS,spCampaigns_innerbrightness_US_2026-03-21_2026-04-20.json,2026-04-21 01:59:12
31128,2026-04-21 01:59:12.493253,2026-04-21 01:59:12.493253,2026-04-08,183.92,2.409914764377388,8,245.98,226.45,,245.98,0,8,ENABLED,10,140.0,10,11,4.44,11,124155407961116,1.795472287275566,0,,41.49524351573299,11,0,USD,,11,10,legacy,226.45,0.0,0,183.92,0,11,102.07,8,DAILY_BUDGET,8,10,102.07,Amazon,245.98,245.98,1281,11,11,11,23,Inner-SP-KW-VB-methylated b complex-EM-1.9W,spCampaigns,US,INNERBRIGHTNESS,spCampaigns_innerbrightness_US_2026-03-21_2026-04-20.json,2026-04-21 01:59:12
31129,2026-04-21 01:59:12.493253,2026-04-21 01:59:12.493253,2026-04-09,45.98,0.5470553242117787,2,45.98,45.98,,45.98,0,2,ENABLED,2,140.0,2,2,4.42,2,124155407961116,1.3639626704953338,0,,182.7968682035668,2,0,USD,,2,2,legacy,45.98,0.0,0,45.98,0,2,84.05,2,DAILY_BUDGET,2,2,84.05,Amazon,45.98,45.98,1393,2,2,2,19,Inner-SP-KW-VB-methylated b complex-EM-1.9W,spCampaigns,US,INNERBRIGHTNESS,spCampaigns_innerbrightness_US_2026-03-21_2026-04-20.json,2026-04-21 01:59:12
31625,2026-04-21 01:59:12.493253,2026-04-21 01:59:12.493253,2026-04-12,0.0,0.0,0,0.0,0.0,,0.0,0,0,ENABLED,0,20.0,0,0,4.34,0,36760962650554,0.34207525655644244,0,,nan,0,0,USD,,0,0,legacy,0.0,0.82,0,0.0,0,0,26.04,0,DAILY_BUDGET,0,0,26.04,Amazon,0.0,0.0,1754,0,0,0,6,Inner-SP-KW-VB-b complex vitamins-EM-1W,spCampaigns,US,INNERBRIGHTNESS,spCampaigns_innerbrightness_US_2026-03-21_2026-04-20.json,2026-04-21 01:59:12
31130,2026-04-21 01:59:12.493253,2026-04-21 01:59:12.493253,2026-04-10,68.97,1.4873424906345782,3,131.02,91.96,,131.02,0,3,ENABLED,4,140.0,4,6,4.4,6,124155407961116,1.015744032503809,0,,67.23401007479774,6,0,USD,,6,4,legacy,91.96,0.0,0,68.97,0,6,88.09,3,DAILY_BUDGET,3,4,88.09,Amazon,131.02,131.02,1969,6,6,6,20,Inner-SP-KW-VB-methylated b complex-EM-1.9W,spCampaigns,US,INNERBRIGHTNESS,spCampaigns_innerbrightness_US_2026-03-21_2026-04-20.json,2026-04-21 01:59:12
31136,2026-04-21 01:59:12.493253,2026-04-21 01:59:12.493253,2026-04-04,0.0,3.9637931034482756,0,22.99,22.99,,22.99,0,0,ENABLED,1,20.0,1,1,5.8,1,250659622813733,0.2976190476190476,0,,25.228360156589822,1,0,USD,,1,1,legacy,22.99,4.31,0,0.0,0,1,5.8,0,DAILY_BUDGET,0,1,5.8,Amazon,22.99,22.99,336,1,1,1,1,Inner-SP-KW-VB-b vitamins complex-EM-1W,spCampaigns,US,INNERBRIGHTNESS,spCampaigns_innerbrightness_US_2026-03-21_2026-04-20.json,2026-04-21 01:59:12
31137,2026-04-21 01:59:12.493253,2026-04-21 01:59:12.493253,2026-04-05,0.0,0.0,0,0.0,0.0,,0.0,0,0,ENABLED,0,20.0,0,0,4.9,0,250659622813733,1.3020833333333335,0,,nan,0,0,USD,,0,0,legacy,0.0,3.55,0,0.0,0,0,24.5,0,DAILY_BUDGET,0,0,24.5,Amazon,0.0,0.0,384,0,0,0,5,Inner-SP-KW-VB-b vitamins complex-EM-1W,spCampaigns,US,INNERBRIGHTNESS,spCampaigns_innerbrightness_US_2026-03-21_2026-04-20.json,2026-04-21 01:59:12
31138,2026-04-21 01:59:12.493253,2026-04-21 01:59:12.493253,2026-04-06,22.99,3.9637931034482756,1,22.99,22.99,,22.99,0,1,ENABLED,1,20.0,1,1,5.8,1,250659622813733,0.2136752136752137,0,,25.228360156589822,1,0,USD,,1,1,legacy,22.99,4.58,0,22.99,0,1,5.8,1,DAILY_BUDGET,1,1,5.8,Amazon,22.99,22.99,468,1,1,1,1,Inner-SP-KW-VB-b vitamins complex-EM-1W,spCampaigns,US,INNERBRIGHTNESS,spCampaigns_innerbrightness_US_2026-03-21_2026-04-20.json,2026-04-21 01:59:12
31139,2026-04-21 01:59:12.493253,2026-04-21 01:59:12.493253,2026-04-07,45.98,1.173857544038805,2,45.98,45.98,,45.98,0,2,ENABLED,2,20.0,2,2,5.6,2,250659622813733,1.6129032258064515,0,,85.18921270117443,2,0,USD,,2,2,legacy,45.98,8.88,0,45.98,0,2,39.17,2,DAILY_BUDGET,2,2,39.17,Amazon,45.98,45.98,434,2,2,2,7,Inner-SP-KW-VB-b vitamins complex-EM-1W,spCampaigns,US,INNERBRIGHTNESS,spCampaigns_innerbrightness_US_2026-03-21_2026-04-20.json,2026-04-21 01:59:12
31140,2026-04-21 01:59:12.493253,2026-04-21 01:59:12.493253,2026-04-08,114.95,2.1494016454749443,5,114.95,114.95,,114.95,0,5,ENABLED,5,20.0,5,5,5.35,5,250659622813733,1.8083182640144666,0,,46.524575902566326,5,0,USD,,5,5,legacy,114.95,8.49,0,114.95,0,5,53.48,5,DAILY_BUDGET,5,5,53.48,Amazon,114.95,114.95,553,5,5,5,10,Inner-SP-KW-VB-b vitamins complex-EM-1W,spCampaigns,US,INNERBRIGHTNESS,spCampaigns_innerbrightness_US_2026-03-21_2026-04-20.json,2026-04-21 01:59:12
31141,2026-04-21 01:59:12.493253,2026-04-21 01:59:12.493253,2026-04-09,0.0,0.0,0,0.0,0.0,,0.0,0,0,ENABLED,0,20.0,0,0,5.36,0,250659622813733,1.3850415512465373,0,,nan,0,0,USD,,0,0,legacy,0.0,8.26,0,0.0,0,0,26.81,0,DAILY_BUDGET,0,0,26.81,Amazon,0.0,0.0,361,0,0,0,5,Inner-SP-KW-VB-b vitamins complex-EM-1W,spCampaigns,US,INNERBRIGHTNESS,spCampaigns_innerbrightness_US_2026-03-21_2026-04-20.json,2026-04-21 01:59:12
31142,2026-04-21 01:59:12.493253,2026-04-21 01:59:12.493253,2026-04-10,68.97,2.5468980797636633,3,68.97,68.97,,68.97,0,3,ENABLED,3,20.0,3,3,4.51,3,250659622813733,1.3793103448275863,0,,39.26344787588806,3,0,USD,,3,3,legacy,68.97,13.28,0,68.97,0,3,27.08,3,DAILY_BUDGET,3,3,27.08,Amazon,68.97,68.97,435,3,3,3,6,Inner-SP-KW-VB-b vitamins complex-EM-1W,spCampaigns,US,INNERBRIGHTNESS,spCampaigns_innerbrightness_US_2026-03-21_2026-04-20.json,2026-04-21 01:59:12
31143,2026-04-21 01:59:12.493253,2026-04-21 01:59:12.493253,2026-04-06,0.0,nan,0,0.0,0.0,,0.0,0,0,ENABLED,0,20.0,0,0,0.0,0,36760962650554,0.0,0,,nan,0,0,USD,,0,0,legacy,0.0,0.04,0,0.0,0,0,0.0,0,DAILY_BUDGET,0,0,0.0,Amazon,0.0,0.0,63,0,0,0,0,Inner-SP-KW-VB-b complex vitamins-EM-1W,spCampaigns,US,INNERBRIGHTNESS,spCampaigns_innerbrightness_US_2026-03-21_2026-04-20.json,2026-04-21 01:59:12
31144,2026-04-21 01:59:12.493253,2026-04-21 01:59:12.493253,2026-04-07,22.99,1.0516925892040256,1,22.99,22.99,,22.99,0,1,ENABLED,1,20.0,1,1,4.37,1,36760962650554,0.4916420845624385,0,,95.08481948673337,1,0,USD,,1,1,legacy,22.99,0.59,0,22.99,0,1,21.86,1,DAILY_BUDGET,1,1,21.86,Amazon,22.99,22.99,1017,1,1,1,5,Inner-SP-KW-VB-b complex vitamins-EM-1W,spCampaigns,US,INNERBRIGHTNESS,spCampaigns_innerbrightness_US_2026-03-21_2026-04-20.json,2026-04-21 01:59:12
31145,2026-04-21 01:59:12.493253,2026-04-21 01:59:12.493253,2026-04-08,22.99,0.656107305936073,1,22.99,22.99,,22.99,0,1,ENABLED,1,20.0,1,1,4.38,1,36760962650554,1.092896174863388,0,,152.41409308394955,1,0,USD,,1,1,legacy,22.99,0.67,0,22.99,0,1,35.04,1,DAILY_BUDGET,1,1,35.04,Amazon,22.99,22.99,732,1,1,1,8,Inner-SP-KW-VB-b complex vitamins-EM-1W,spCampaigns,US,INNERBRIGHTNESS,spCampaigns_innerbrightness_US_2026-03-21_2026-04-20.json,2026-04-21 01:59:12
31146,2026-04-21 01:59:12.493253,2026-04-21 01:59:12.493253,2026-04-09,22.99,3.2665130568356378,1,42.53,42.53,,42.53,0,1,ENABLED,2,20.0,2,2,4.34,2,36760962650554,0.49916805324459235,0,,30.61368445802962,2,0,USD,,2,2,legacy,42.53,0.26,0,22.99,0,2,13.02,1,DAILY_BUDGET,1,2,13.02,Amazon,42.53,42.53,601,2,2,2,3,Inner-SP-KW-VB-b complex vitamins-EM-1W,spCampaigns,US,INNERBRIGHTNESS,spCampaigns_innerbrightness_US_2026-03-21_2026-04-20.json,2026-04-21 01:59:12
31147,2026-04-21 01:59:12.493253,2026-04-21 01:59:12.493253,2026-04-10,45.98,1.3243087557603686,2,45.98,45.98,,45.98,0,2,ENABLED,2,20.0,2,2,4.34,2,36760962650554,0.7393715341959335,0,,75.51109177903437,2,0,USD,,2,2,legacy,45.98,0.75,0,45.98,0,2,34.72,2,DAILY_BUDGET,2,2,34.72,Amazon,45.98,45.98,1082,2,2,2,8,Inner-SP-KW-VB-b complex vitamins-EM-1W,spCampaigns,US,INNERBRIGHTNESS,spCampaigns_innerbrightness_US_2026-03-21_2026-04-20.json,2026-04-21 01:59:12
31148,2026-04-21 01:59:12.493253,2026-04-21 01:59:12.493253,2026-04-09,79.96,1.4413930653574716,4,93.95,93.95,,93.95,0,4,ENABLED,4,300.0,4,5,2.51,5,31526300125663,0.6142215922513584,0,,69.37732836615221,5,0,USD,,5,5,manual,93.95,0.15,0,79.96,0,4,65.18,3,DAILY_BUDGET,3,5,65.18,Amazon,93.95,93.95,4233,4,4,4,26,Inner-SP-Auto-gumm-magnesium-CPC-New,spCampaigns,US,INNERBRIGHTNESS,spCampaigns_innerbrightness_US_2026-03-21_2026-04-20.json,2026-04-21 01:59:12
31149,2026-04-21 01:59:12.493253,2026-04-21 01:59:12.493253,2026-04-10,59.97,1.545914194363893,7,99.95,207.91,,99.95,0,3,ENABLED,5,300.0,8,5,2.49,9,31526300125663,0.6852791878172589,0,,64.68664325910251,9,0,USD,,5,9,manual,99.95,0.13,0,167.93,0,5,134.49,3,DAILY_BUDGET,6,5,134.49,Amazon,207.91,207.91,7880,5,8,8,54,Inner-SP-Auto-gumm-magnesium-CPC-New,spCampaigns,US,INNERBRIGHTNESS,spCampaigns_innerbrightness_US_2026-03-21_2026-04-20.json,2026-04-21 01:59:12
31164,2026-04-21 01:59:12.493253,2026-04-21 01:59:12.493253,2026-04-04,629.79,1.271052717373586,25,659.78,779.74,,659.78,0,21,ENABLED,22,1000.0,26,22,4.58,26,297069838936079,1.5494912118408881,0,,78.67494292969451,26,0,USD,,22,26,manual,659.78,4.31,0,749.75,0,22,613.46,21,DAILY_BUDGET,25,22,613.46,Amazon,779.74,779.74,8648,22,26,26,134,Inner-SP-KW-Creatine Gummies-creatine gummies-EM-CPC-800,spCampaigns,US,INNERBRIGHTNESS,spCampaigns_innerbrightness_US_2026-03-21_2026-04-20.json,2026-04-21 01:59:12
31165,2026-04-21 01:59:12.493253,2026-04-21 01:59:12.493253,2026-04-05,629.79,1.453305642090689,27,659.78,809.73,,659.78,0,21,ENABLED,21,1000.0,27,22,4.62,28,297069838936079,1.3035770153300656,0,,68.80865050254846,28,0,USD,,22,27,manual,629.79,3.75,0,809.73,0,22,577.8,21,DAILY_BUDGET,27,21,577.8,Amazon,839.72,839.72,9589,22,28,28,125,Inner-SP-KW-Creatine Gummies-creatine gummies-EM-CPC-800,spCampaigns,US,INNERBRIGHTNESS,spCampaigns_innerbrightness_US_2026-03-21_2026-04-20.json,2026-04-21 01:59:12
31166,2026-04-21 01:59:12.493253,2026-04-21 01:59:12.493253,2026-04-06,779.74,1.5633712815511125,29,809.73,899.7,,809.73,0,26,ENABLED,26,1000.0,30,27,4.47,31,297069838936079,1.1651335961454228,0,,63.964332196753745,31,0,USD,,27,30,manual,779.74,2.39,0,869.71,0,27,594.67,26,DAILY_BUDGET,29,26,594.67,Amazon,929.69,929.69,11415,27,31,31,133,Inner-SP-KW-Creatine Gummies-creatine gummies-EM-CPC-800,spCampaigns,US,INNERBRIGHTNESS,spCampaigns_innerbrightness_US_2026-03-21_2026-04-20.json,2026-04-21 01:59:12
31167,2026-04-21 01:59:12.493253,2026-04-21 01:59:12.493253,2026-04-07,479.84,1.41237416848178,20,599.8,689.77,,599.8,0,16,ENABLED,18,1000.0,22,20,4.55,24,297069838936079,0.9446693657219973,0,,70.8027675891964,24,0,USD,,20,23,manual,569.81,3.27,0,599.8,0,19,509.61,15,DAILY_BUDGET,19,19,509.61,Amazon,719.76,719.76,11856,19,23,23,112,Inner-SP-KW-Creatine Gummies-creatine gummies-EM-CPC-800,spCampaigns,US,INNERBRIGHTNESS,spCampaigns_innerbrightness_US_2026-03-21_2026-04-20.json,2026-04-21 01:59:12
31168,2026-04-21 01:59:12.493253,2026-04-21 01:59:12.493253,2026-04-08,599.8,1.643213285774556,24,709.92,779.74,,709.92,0,20,ENABLED,22,1000.0,26,24,4.5,29,297069838936079,0.8732309545317676,0,,60.85637261194814,29,0,USD,,24,26,manual,659.78,2.5,0,719.76,0,24,521.46,20,DAILY_BUDGET,24,22,521.46,Amazon,856.87,856.87,13284,24,29,29,116,Inner-SP-KW-Creatine Gummies-creatine gummies-EM-CPC-800,spCampaigns,US,INNERBRIGHTNESS,spCampaigns_innerbrightness_US_2026-03-21_2026-04-20.json,2026-04-21 01:59:12
31169,2026-04-21 01:59:12.493253,2026-04-21 01:59:12.493253,2026-04-09,719.76,1.9608297669995243,31,749.75,989.67,,749.75,0,24,ENABLED,25,1000.0,32,25,4.31,33,297069838936079,0.8117671546520502,0,,50.99881778774744,33,0,USD,,25,33,manual,749.75,2.68,0,929.69,0,25,504.72,24,DAILY_BUDGET,30,25,504.72,Amazon,989.67,989.67,14413,25,32,32,117,Inner-SP-KW-Creatine Gummies-creatine gummies-EM-CPC-800,spCampaigns,US,INNERBRIGHTNESS,spCampaigns_innerbrightness_US_2026-03-21_2026-04-20.json,2026-04-21 01:59:12
31170,2026-04-21 01:59:12.493253,2026-04-21 01:59:12.493253,2026-04-10,869.71,2.0215617715617715,33,969.99,1049.65,,969.99,0,29,ENABLED,28,1000.0,32,33,4.32,38,297069838936079,0.9600846688841851,0,,49.46670510233497,38,0,USD,,33,35,manual,929.69,2.21,0,989.67,0,29,549.12,26,DAILY_BUDGET,30,31,549.12,Amazon,1110.08,1110.08,13228,29,34,34,127,Inner-SP-KW-Creatine Gummies-creatine gummies-EM-CPC-800,spCampaigns,US,INNERBRIGHTNESS,spCampaigns_innerbrightness_US_2026-03-21_2026-04-20.json,2026-04-21 01:59:12
31171,2026-04-21 01:59:12.493253,2026-04-21 01:59:12.493253,2026-04-07,89.97,0.9924986210700496,3,89.97,89.97,,89.97,0,3,PAUSED,3,100.0,3,3,3.49,3,506739018117344,1.1333914559721012,0,,100.75580749138602,3,0,USD,,3,3,manual,89.97,0.01,0,89.97,0,3,90.65,3,DAILY_BUDGET,3,3,90.65,Amazon,89.97,89.97,2294,3,3,3,26,Inner-SP-Auto-Creatine Gummies-CPC,spCampaigns,US,INNERBRIGHTNESS,spCampaigns_innerbrightness_US_2026-03-21_2026-04-20.json,2026-04-21 01:59:12
31172,2026-04-21 01:59:12.493253,2026-04-21 01:59:12.493253,2026-04-08,59.98,1.3295797127150202,4,89.97,119.96,,89.97,0,2,PAUSED,2,100.0,4,3,3.52,5,506739018117344,0.9950248756218906,0,,75.2117372457486,5,0,USD,,3,4,manual,59.98,0.04,0,119.96,0,3,112.78,2,DAILY_BUDGET,4,2,112.78,Amazon,149.95,149.95,3216,3,5,5,32,Inner-SP-Auto-Creatine Gummies-CPC,spCampaigns,US,INNERBRIGHTNESS,spCampaigns_innerbrightness_US_2026-03-21_2026-04-20.json,2026-04-21 01:59:12
31173,2026-04-21 01:59:12.493253,2026-04-21 01:59:12.493253,2026-04-09,59.98,0.6089340101522842,2,59.98,59.98,,59.98,0,2,PAUSED,2,100.0,2,2,3.65,2,506739018117344,1.4547413793103448,0,,164.22140713571193,2,0,USD,,2,2,manual,59.98,0.04,0,59.98,0,2,98.5,2,DAILY_BUDGET,2,2,98.5,Amazon,59.98,59.98,1856,2,2,2,27,Inner-SP-Auto-Creatine Gummies-CPC,spCampaigns,US,INNERBRIGHTNESS,spCampaigns_innerbrightness_US_2026-03-21_2026-04-20.json,2026-04-21 01:59:12
31174,2026-04-21 01:59:12.493253,2026-04-21 01:59:12.493253,2026-04-10,29.99,1.1985213308022777,3,59.98,119.96,,59.98,0,1,PAUSED,2,100.0,4,2,3.71,4,506739018117344,3.2335329341317367,0,,83.43614538179393,4,0,USD,,2,4,manual,59.98,0.17,0,89.97,0,2,100.09,1,DAILY_BUDGET,3,2,100.09,Amazon,119.96,119.96,835,2,4,4,27,Inner-SP-Auto-Creatine Gummies-CPC,spCampaigns,US,INNERBRIGHTNESS,spCampaigns_innerbrightness_US_2026-03-21_2026-04-20.json,2026-04-21 01:59:12
31189,2026-04-21 01:59:12.493253,2026-04-21 01:59:12.493253,2026-04-04,209.93,1.5415060395785143,8,239.92,269.91,,260.07,0,7,ENABLED,7,700.0,9,9,3.41,10,391617266091470,1.1604234527687296,0,,64.87162387462489,12,0,USD,,8,9,manual,209.93,0.24,0,239.92,0,8,194.55,7,DAILY_BUDGET,8,7,194.55,Amazon,299.9,348.84,4912,9,10,12,57,Inner-SP-KW-Creatine Gummies-creatine gummies-BM-CPC-600,spCampaigns,US,INNERBRIGHTNESS,spCampaigns_innerbrightness_US_2026-03-21_2026-04-20.json,2026-04-21 01:59:12
31190,2026-04-21 01:59:12.493253,2026-04-21 01:59:12.493253,2026-04-05,239.92,2.3624094107761793,14,269.91,449.85,,290.06,0,8,ENABLED,9,700.0,15,10,3.53,15,391617266091470,1.0119940029985006,0,,42.3296654440369,16,0,USD,,9,15,manual,269.91,0.19,0,419.86,0,9,190.42,8,DAILY_BUDGET,14,9,190.42,Amazon,449.85,470.0,5336,10,15,16,54,Inner-SP-KW-Creatine Gummies-creatine gummies-BM-CPC-600,spCampaigns,US,INNERBRIGHTNESS,spCampaigns_innerbrightness_US_2026-03-21_2026-04-20.json,2026-04-21 01:59:12
31191,2026-04-21 01:59:12.493253,2026-04-21 01:59:12.493253,2026-04-06,149.95,1.2373813780772935,5,179.94,149.95,,179.94,0,5,ENABLED,5,700.0,5,6,3.46,6,391617266091470,0.7622504537205083,0,,80.8158274980549,6,0,USD,,6,5,manual,149.95,0.15,0,149.95,0,6,145.42,5,DAILY_BUDGET,5,5,145.42,Amazon,179.94,179.94,5510,6,6,6,42,Inner-SP-KW-Creatine Gummies-creatine gummies-BM-CPC-600,spCampaigns,US,INNERBRIGHTNESS,spCampaigns_innerbrightness_US_2026-03-21_2026-04-20.json,2026-04-21 01:59:12
31192,2026-04-21 01:59:12.493253,2026-04-21 01:59:12.493253,2026-04-07,179.94,1.1500493042620796,6,179.94,209.93,,179.94,0,6,ENABLED,6,700.0,7,6,3.65,7,391617266091470,1.064282673478076,0,,86.95279378840566,7,0,USD,,6,7,manual,179.94,0.17,0,179.94,0,6,182.54,6,DAILY_BUDGET,6,6,182.54,Amazon,209.93,209.93,4698,6,7,7,50,Inner-SP-KW-Creatine Gummies-creatine gummies-BM-CPC-600,spCampaigns,US,INNERBRIGHTNESS,spCampaigns_innerbrightness_US_2026-03-21_2026-04-20.json,2026-04-21 01:59:12
31193,2026-04-21 01:59:12.493253,2026-04-21 01:59:12.493253,2026-04-08,239.92,1.870575393731483,12,239.92,359.88,,239.92,0,8,ENABLED,8,700.0,12,8,3.56,12,391617266091470,1.1954837281381447,0,,53.459486495498496,12,0,USD,,8,12,manual,239.92,0.16,0,359.88,0,8,192.39,8,DAILY_BUDGET,12,8,192.39,Amazon,359.88,359.88,4517,8,12,12,54,Inner-SP-KW-Creatine Gummies-creatine gummies-BM-CPC-600,spCampaigns,US,INNERBRIGHTNESS,spCampaigns_innerbrightness_US_2026-03-21_2026-04-20.json,2026-04-21 01:59:12
31194,2026-04-21 01:59:12.493253,2026-04-21 01:59:12.493253,2026-04-09,299.9,2.1254429482636428,10,359.88,359.88,,359.88,0,10,ENABLED,12,700.0,12,12,3.39,12,391617266091470,0.8118201006656925,0,,47.049016338779595,12,0,USD,,12,12,manual,359.88,0.23,0,299.9,0,12,169.32,10,DAILY_BUDGET,10,12,169.32,Amazon,359.88,359.88,6159,12,12,12,50,Inner-SP-KW-Creatine Gummies-creatine gummies-BM-CPC-600,spCampaigns,US,INNERBRIGHTNESS,spCampaigns_innerbrightness_US_2026-03-21_2026-04-20.json,2026-04-21 01:59:12
31195,2026-04-21 01:59:12.493253,2026-04-21 01:59:12.493253,2026-04-10,149.95,1.515411824153613,7,179.94,239.92,,179.94,0,5,ENABLED,6,700.0,8,6,3.52,8,391617266091470,0.5558300395256917,0,,65.98866288762922,8,0,USD,,6,8,manual,179.94,0.31,0,209.93,0,6,158.32,5,DAILY_BUDGET,7,6,158.32,Amazon,239.92,239.92,8096,6,8,8,45,Inner-SP-KW-Creatine Gummies-creatine gummies-BM-CPC-600,spCampaigns,US,INNERBRIGHTNESS,spCampaigns_innerbrightness_US_2026-03-21_2026-04-20.json,2026-04-21 01:59:12
31210,2026-04-21 01:59:12.493253,2026-04-21 01:59:12.493253,2026-04-04,119.96,3.3042280677592615,6,149.95,239.92,,149.95,0,4,ENABLED,5,100.0,8,5,3.03,8,313950625346433,0.6818181818181818,0,,30.264254751583863,8,0,USD,,5,8,manual,149.95,0.22,0,179.94,0,5,72.61,4,DAILY_BUDGET,6,5,72.61,Amazon,239.92,239.92,3520,5,8,8,24,Inner-SP-KW-Creatine Gummies-creatine-BM-CPC-70,spCampaigns,US,INNERBRIGHTNESS,spCampaigns_innerbrightness_US_2026-03-21_2026-04-20.json,2026-04-21 01:59:12
31211,2026-04-21 01:59:12.493253,2026-04-21 01:59:12.493253,2026-04-05,0.0,0.5517939282428702,0,29.99,29.99,,29.99,0,0,ENABLED,1,100.0,1,1,3.2,1,313950625346433,0.3875085479826761,0,,181.2270756918973,1,0,USD,,1,1,manual,29.99,0.22,0,0.0,0,1,54.35,0,DAILY_BUDGET,0,1,54.35,Amazon,29.99,29.99,4387,1,1,1,17,Inner-SP-KW-Creatine Gummies-creatine-BM-CPC-70,spCampaigns,US,INNERBRIGHTNESS,spCampaigns_innerbrightness_US_2026-03-21_2026-04-20.json,2026-04-21 01:59:12
31212,2026-04-21 01:59:12.493253,2026-04-21 01:59:12.493253,2026-04-06,269.91,2.345167344385361,9,299.9,299.9,,299.9,0,9,ENABLED,8,100.0,8,10,3.2,10,313950625346433,0.7858546168958742,0,,42.640880293431145,10,0,USD,,10,10,manual,299.9,0.23,0,269.91,0,8,127.88,7,DAILY_BUDGET,7,10,127.88,Amazon,299.9,299.9,5090,8,8,8,40,Inner-SP-KW-Creatine Gummies-creatine-BM-CPC-70,spCampaigns,US,INNERBRIGHTNESS,spCampaigns_innerbrightness_US_2026-03-21_2026-04-20.json,2026-04-21 01:59:12
31213,2026-04-21 01:59:12.493253,2026-04-21 01:59:12.493253,2026-04-07,89.97,1.7040538238800886,5,110.12,179.94,,110.12,0,3,ENABLED,3,100.0,6,4,3.09,7,313950625346433,0.7794871794871795,0,,58.68359238342745,7,0,USD,,4,6,manual,89.97,0.17,0,149.95,0,4,117.42,3,DAILY_BUDGET,5,3,117.42,Amazon,200.09,200.09,4875,4,7,7,38,Inner-SP-KW-Creatine Gummies-creatine-BM-CPC-70,spCampaigns,US,INNERBRIGHTNESS,spCampaigns_innerbrightness_US_2026-03-21_2026-04-20.json,2026-04-21 01:59:12
31214,2026-04-21 01:59:12.493253,2026-04-21 01:59:12.493253,2026-04-08,59.98,0.765832482124617,2,59.98,59.98,,59.98,0,2,ENABLED,2,100.0,2,2,3.41,2,313950625346433,0.5530175522962251,0,,130.5768589529843,2,0,USD,,2,2,manual,59.98,0.22,0,59.98,0,2,78.32,2,DAILY_BUDGET,2,2,78.32,Amazon,59.98,59.98,4159,2,2,2,23,Inner-SP-KW-Creatine Gummies-creatine-BM-CPC-70,spCampaigns,US,INNERBRIGHTNESS,spCampaigns_innerbrightness_US_2026-03-21_2026-04-20.json,2026-04-21 01:59:12
31215,2026-04-21 01:59:12.493253,2026-04-21 01:59:12.493253,2026-04-09,149.95,1.5206625538747571,6,149.95,179.94,,149.95,0,5,ENABLED,5,100.0,6,5,3.11,6,313950625346433,0.3003240338259701,0,,65.76080915860842,6,0,USD,,5,6,manual,149.95,0.26,0,179.94,0,5,118.33,5,DAILY_BUDGET,6,5,118.33,Amazon,179.94,179.94,12653,5,6,6,38,Inner-SP-KW-Creatine Gummies-creatine-BM-CPC-70,spCampaigns,US,INNERBRIGHTNESS,spCampaigns_innerbrightness_US_2026-03-21_2026-04-20.json,2026-04-21 01:59:12
31216,2026-04-21 01:59:12.493253,2026-04-21 01:59:12.493253,2026-04-10,59.98,1.2576181157394464,2,59.98,89.97,,59.98,0,2,ENABLED,2,100.0,3,2,2.98,3,313950625346433,0.1682439537329127,0,,79.51539402022897,3,0,USD,,2,3,manual,59.98,0.2,0,59.98,0,2,71.54,2,DAILY_BUDGET,2,2,71.54,Amazon,89.97,89.97,14265,2,3,3,24,Inner-SP-KW-Creatine Gummies-creatine-BM-CPC-70,spCampaigns,US,INNERBRIGHTNESS,spCampaigns_innerbrightness_US_2026-03-21_2026-04-20.json,2026-04-21 01:59:12
31231,2026-04-21 01:59:12.493253,2026-04-21 01:59:12.493253,2026-04-04,67.77,1.1724913494809688,3,67.77,67.77,,67.77,0,3,ENABLED,3,40.0,3,3,3.04,3,467019307309442,1.532258064516129,0,,85.28847572672274,3,0,USD,,3,3,manual,67.77,1.3,0,67.77,0,3,57.8,3,DAILY_BUDGET,3,3,57.8,Amazon,67.77,67.77,1240,3,3,3,19,IB-SP-KW-inositol-inositol supplement for women-EM-2w,spCampaigns,US,INNERBRIGHTNESS,spCampaigns_innerbrightness_US_2026-03-21_2026-04-20.json,2026-04-21 01:59:12
31232,2026-04-21 01:59:12.493253,2026-04-21 01:59:12.493253,2026-04-05,90.36,1.0834532374100718,4,90.36,90.36,,90.36,0,4,ENABLED,4,40.0,4,4,3.09,4,467019307309442,2.111024237685692,0,,92.29747675962815,4,0,USD,,4,4,manual,90.36,0.89,0,90.36,0,4,83.4,4,DAILY_BUDGET,4,4,83.4,Amazon,90.36,90.36,1279,4,4,4,27,IB-SP-KW-inositol-inositol supplement for women-EM-2w,spCampaigns,US,INNERBRIGHTNESS,spCampaigns_innerbrightness_US_2026-03-21_2026-04-20.json,2026-04-21 01:59:12
31233,2026-04-21 01:59:12.493253,2026-04-21 01:59:12.493253,2026-04-06,0.0,0.3494199535962877,0,22.59,22.59,,22.59,0,0,ENABLED,1,40.0,1,1,2.94,1,467019307309442,1.096163428001993,0,,286.18857901726426,1,0,USD,,1,1,manual,22.59,1.51,0,0.0,0,1,64.65,0,DAILY_BUDGET,0,1,64.65,Amazon,22.59,22.59,2007,1,1,1,22,IB-SP-KW-inositol-inositol supplement for women-EM-2w,spCampaigns,US,INNERBRIGHTNESS,spCampaigns_innerbrightness_US_2026-03-21_2026-04-20.json,2026-04-21 01:59:12
31234,2026-04-21 01:59:12.493253,2026-04-21 01:59:12.493253,2026-04-07,90.36,1.348817769285885,4,112.95,90.36,,112.95,0,4,ENABLED,4,40.0,4,5,3.1,5,467019307309442,1.8072289156626504,0,,74.13899955732624,5,0,USD,,5,4,manual,90.36,0.84,0,90.36,0,5,83.74,4,DAILY_BUDGET,4,4,83.74,Amazon,112.95,112.95,1494,5,5,5,27,IB-SP-KW-inositol-inositol supplement for women-EM-2w,spCampaigns,US,INNERBRIGHTNESS,spCampaigns_innerbrightness_US_2026-03-21_2026-04-20.json,2026-04-21 01:59:12
31235,2026-04-21 01:59:12.493253,2026-04-21 01:59:12.493253,2026-04-08,22.59,1.0315068493150685,1,45.18,45.18,,45.18,0,1,ENABLED,2,40.0,2,2,2.92,2,467019307309442,1.0033444816053512,0,,96.94555112881805,2,0,USD,,2,2,manual,45.18,0.5,0,22.59,0,2,43.8,1,DAILY_BUDGET,1,2,43.8,Amazon,45.18,45.18,1495,2,2,2,15,IB-SP-KW-inositol-inositol supplement for women-EM-2w,spCampaigns,US,INNERBRIGHTNESS,spCampaigns_innerbrightness_US_2026-03-21_2026-04-20.json,2026-04-21 01:59:12
31236,2026-04-21 01:59:12.493253,2026-04-21 01:59:12.493253,2026-04-09,45.18,0.5444029401132667,2,45.18,45.18,,45.18,0,2,ENABLED,2,40.0,2,2,3.07,2,467019307309442,1.530612244897959,0,,183.68747233289065,2,0,USD,,2,2,manual,45.18,1.63,0,45.18,0,2,82.99,2,DAILY_BUDGET,2,2,82.99,Amazon,45.18,45.18,1764,2,2,2,27,IB-SP-KW-inositol-inositol supplement for women-EM-2w,spCampaigns,US,INNERBRIGHTNESS,spCampaigns_innerbrightness_US_2026-03-21_2026-04-20.json,2026-04-21 01:59:12
31237,2026-04-21 01:59:12.493253,2026-04-21 01:59:12.493253,2026-04-10,45.18,0.8087112171837708,2,67.77,67.77,,67.77,0,2,ENABLED,3,40.0,3,3,3.1,3,467019307309442,1.6004742145820983,0,,123.65353401209975,3,0,USD,,3,3,manual,67.77,2.88,0,45.18,0,3,83.8,2,DAILY_BUDGET,2,3,83.8,Amazon,67.77,67.77,1687,3,3,3,27,IB-SP-KW-inositol-inositol supplement for women-EM-2w,spCampaigns,US,INNERBRIGHTNESS,spCampaigns_innerbrightness_US_2026-03-21_2026-04-20.json,2026-04-21 01:59:12
31252,2026-04-21 01:59:12.493253,2026-04-21 01:59:12.493253,2026-04-04,389.87,2.1382291341740562,15,419.86,479.84,,440.01,0,13,ENABLED,14,300.0,16,15,4.68,16,427396974780100,0.7896035532159895,0,,46.76767255751918,17,0,USD,,14,16,manual,419.86,0.48,0,449.85,0,14,224.41,13,DAILY_BUDGET,15,14,224.41,Amazon,479.84,499.99,6079,15,16,17,48,Inner-SP-KW-Creatine Gummies-creatine-EM-CPC-60,spCampaigns,US,INNERBRIGHTNESS,spCampaigns_innerbrightness_US_2026-03-21_2026-04-20.json,2026-04-21 01:59:12
31253,2026-04-21 01:59:12.493253,2026-04-21 01:59:12.493253,2026-04-05,389.87,1.7198335167859107,13,499.99,479.84,,499.99,0,13,ENABLED,16,300.0,16,17,4.54,17,427396974780100,0.6481012658227848,0,,58.145162903258075,17,0,USD,,17,16,manual,479.84,0.83,0,389.87,0,17,290.72,13,DAILY_BUDGET,13,16,290.72,Amazon,499.99,499.99,9875,17,17,17,64,Inner-SP-KW-Creatine Gummies-creatine-EM-CPC-60,spCampaigns,US,INNERBRIGHTNESS,spCampaigns_innerbrightness_US_2026-03-21_2026-04-20.json,2026-04-21 01:59:12
31254,2026-04-21 01:59:12.493253,2026-04-21 01:59:12.493253,2026-04-06,449.85,1.5065190090192944,21,479.84,659.78,,479.84,0,15,ENABLED,16,300.0,22,16,5.03,22,427396974780100,0.8522727272727272,0,,66.37818666828336,22,0,USD,,16,22,manual,479.84,1.21,0,629.79,0,16,437.95,15,DAILY_BUDGET,21,16,437.95,Amazon,659.78,659.78,10208,16,22,22,87,Inner-SP-KW-Creatine Gummies-creatine-EM-CPC-60,spCampaigns,US,INNERBRIGHTNESS,spCampaigns_innerbrightness_US_2026-03-21_2026-04-20.json,2026-04-21 01:59:12
31255,2026-04-21 01:59:12.493253,2026-04-21 01:59:12.493253,2026-04-07,209.93,0.9706468157147836,11,269.91,359.88,,269.91,0,7,ENABLED,8,300.0,12,9,4.67,13,427396974780100,0.7431731766332527,0,,103.02408495139406,13,0,USD,,9,12,manual,239.92,0.93,0,329.89,0,9,401.66,7,DAILY_BUDGET,11,8,401.66,Amazon,389.87,389.87,11572,9,13,13,86,Inner-SP-KW-Creatine Gummies-creatine-EM-CPC-60,spCampaigns,US,INNERBRIGHTNESS,spCampaigns_innerbrightness_US_2026-03-21_2026-04-20.json,2026-04-21 01:59:12
31256,2026-04-21 01:59:12.493253,2026-04-21 01:59:12.493253,2026-04-08,539.82,1.9153054457026355,23,599.8,779.74,,599.8,0,18,ENABLED,20,300.0,26,20,4.96,26,427396974780100,0.7998439328911432,0,,52.2109934080591,26,0,USD,,20,26,manual,599.8,0.97,0,689.77,0,20,407.11,18,DAILY_BUDGET,23,20,407.11,Amazon,779.74,779.74,10252,20,26,26,82,Inner-SP-KW-Creatine Gummies-creatine-EM-CPC-60,spCampaigns,US,INNERBRIGHTNESS,spCampaigns_innerbrightness_US_2026-03-21_2026-04-20.json,2026-04-21 01:59:12
31257,2026-04-21 01:59:12.493253,2026-04-21 01:59:12.493253,2026-04-09,509.83,1.4560019419832504,20,509.83,599.8,,509.83,0,17,ENABLED,16,300.0,19,17,5.02,20,427396974780100,0.616634080312829,0,,68.6812270756919,20,0,USD,,17,20,manual,509.83,1.45,0,599.8,0,16,411.95,16,DAILY_BUDGET,19,17,411.95,Amazon,599.8,599.8,13298,16,19,19,82,Inner-SP-KW-Creatine Gummies-creatine-EM-CPC-60,spCampaigns,US,INNERBRIGHTNESS,spCampaigns_innerbrightness_US_2026-03-21_2026-04-20.json,2026-04-21 01:59:12
31258,2026-04-21 01:59:12.493253,2026-04-21 01:59:12.493253,2026-04-10,359.88,1.21028592308395,16,389.87,509.83,,389.87,0,12,ENABLED,13,300.0,17,13,4.87,18,427396974780100,0.8254608823259654,0,,82.62510378141747,18,0,USD,,13,17,manual,389.87,1.14,0,479.84,0,13,437.88,12,DAILY_BUDGET,16,13,437.88,Amazon,529.96,529.96,10903,13,18,18,90,Inner-SP-KW-Creatine Gummies-creatine-EM-CPC-60,spCampaigns,US,INNERBRIGHTNESS,spCampaigns_innerbrightness_US_2026-03-21_2026-04-20.json,2026-04-21 01:59:12
31626,2026-04-21 01:59:12.493253,2026-04-21 01:59:12.493253,2026-04-13,78.16,1.1229885057471265,4,78.16,78.16,,78.16,0,4,ENABLED,4,20.0,4,4,4.35,4,36760962650554,0.6688963210702341,0,,89.04810644831115,4,0,USD,,4,4,legacy,78.16,4.09,0,78.16,0,4,69.6,4,DAILY_BUDGET,4,4,69.6,Amazon,78.16,78.16,2392,4,4,4,16,Inner-SP-KW-VB-b complex vitamins-EM-1W,spCampaigns,US,INNERBRIGHTNESS,spCampaigns_innerbrightness_US_2026-03-21_2026-04-20.json,2026-04-21 01:59:12
31275,2026-04-21 01:59:12.493253,2026-04-21 01:59:12.493253,2026-04-04,0.0,0.0,0,0.0,0.0,,0.0,0,0,ENABLED,0,150.0,0,0,3.63,0,486037133623874,3.7037037037037033,0,,nan,0,0,USD,,0,0,manual,0.0,0.03,0,0.0,0,0,3.63,0,DAILY_BUDGET,0,0,3.63,Amazon,0.0,0.0,27,0,0,0,1,Inner-SP-KW-Berberine Capsules-EM-berberine with ceylon cinnamon-1w,spCampaigns,US,INNERBRIGHTNESS,spCampaigns_innerbrightness_US_2026-03-21_2026-04-20.json,2026-04-21 01:59:12
31276,2026-04-21 01:59:12.493253,2026-04-21 01:59:12.493253,2026-04-05,0.0,0.0,0,0.0,0.0,,0.0,0,0,ENABLED,0,150.0,0,0,3.61,0,486037133623874,2.2222222222222223,0,,nan,0,0,USD,,0,0,manual,0.0,0.03,0,0.0,0,0,3.61,0,DAILY_BUDGET,0,0,3.61,Amazon,0.0,0.0,45,0,0,0,1,Inner-SP-KW-Berberine Capsules-EM-berberine with ceylon cinnamon-1w,spCampaigns,US,INNERBRIGHTNESS,spCampaigns_innerbrightness_US_2026-03-21_2026-04-20.json,2026-04-21 01:59:12
31277,2026-04-21 01:59:12.493253,2026-04-21 01:59:12.493253,2026-04-06,0.0,0.0,0,0.0,0.0,,0.0,0,0,ENABLED,0,150.0,0,0,3.63,0,486037133623874,0.3597122302158274,0,,nan,0,0,USD,,0,0,manual,0.0,0.11,0,0.0,0,0,3.63,0,DAILY_BUDGET,0,0,3.63,Amazon,0.0,0.0,278,0,0,0,1,Inner-SP-KW-Berberine Capsules-EM-berberine with ceylon cinnamon-1w,spCampaigns,US,INNERBRIGHTNESS,spCampaigns_innerbrightness_US_2026-03-21_2026-04-20.json,2026-04-21 01:59:12
31278,2026-04-21 01:59:12.493253,2026-04-21 01:59:12.493253,2026-04-07,0.0,0.0,0,0.0,0.0,,0.0,0,0,ENABLED,0,150.0,0,0,3.63,0,486037133623874,2.7777777777777777,0,,nan,0,0,USD,,0,0,manual,0.0,0.03,0,0.0,0,0,3.63,0,DAILY_BUDGET,0,0,3.63,Amazon,0.0,0.0,36,0,0,0,1,Inner-SP-KW-Berberine Capsules-EM-berberine with ceylon cinnamon-1w,spCampaigns,US,INNERBRIGHTNESS,spCampaigns_innerbrightness_US_2026-03-21_2026-04-20.json,2026-04-21 01:59:12
31279,2026-04-21 01:59:12.493253,2026-04-21 01:59:12.493253,2026-04-08,0.0,0.0,0,0.0,0.0,,0.0,0,0,ENABLED,0,150.0,0,0,3.63,0,486037133623874,0.4132231404958678,0,,nan,0,0,USD,,0,0,manual,0.0,0.11,0,0.0,0,0,3.63,0,DAILY_BUDGET,0,0,3.63,Amazon,0.0,0.0,242,0,0,0,1,Inner-SP-KW-Berberine Capsules-EM-berberine with ceylon cinnamon-1w,spCampaigns,US,INNERBRIGHTNESS,spCampaigns_innerbrightness_US_2026-03-21_2026-04-20.json,2026-04-21 01:59:12
31280,2026-04-21 01:59:12.493253,2026-04-21 01:59:12.493253,2026-04-09,0.0,0.0,0,0.0,0.0,,0.0,0,0,ENABLED,0,150.0,0,0,3.63,0,486037133623874,0.5847953216374269,0,,nan,0,0,USD,,0,0,manual,0.0,0.35,0,0.0,0,0,3.63,0,DAILY_BUDGET,0,0,3.63,Amazon,0.0,0.0,171,0,0,0,1,Inner-SP-KW-Berberine Capsules-EM-berberine with ceylon cinnamon-1w,spCampaigns,US,INNERBRIGHTNESS,spCampaigns_innerbrightness_US_2026-03-21_2026-04-20.json,2026-04-21 01:59:12
31281,2026-04-21 01:59:12.493253,2026-04-21 01:59:12.493253,2026-04-10,0.0,0.0,0,0.0,0.0,,0.0,0,0,ENABLED,0,150.0,0,0,3.62,0,486037133623874,0.3448275862068966,0,,nan,0,0,USD,,0,0,manual,0.0,0.42,0,0.0,0,0,3.62,0,DAILY_BUDGET,0,0,3.62,Amazon,0.0,0.0,290,0,0,0,1,Inner-SP-KW-Berberine Capsules-EM-berberine with ceylon cinnamon-1w,spCampaigns,US,INNERBRIGHTNESS,spCampaigns_innerbrightness_US_2026-03-21_2026-04-20.json,2026-04-21 01:59:12
31296,2026-04-21 01:59:12.493253,2026-04-21 01:59:12.493253,2026-04-04,179.91,1.0381923163768911,13,213.89,307.86,,213.89,0,9,PAUSED,10,100.0,14,11,3.26,15,298402294383592,1.1165961448048896,0,,96.32126767127544,15,0,USD,,11,14,manual,199.9,0.5,0,287.87,0,11,310.01,9,DAILY_BUDGET,13,10,310.01,Amazon,321.85,321.85,8508,11,15,15,95,Inner-SP-KW-gumm-magnesium glycinate-EM-54,spCampaigns,US,INNERBRIGHTNESS,spCampaigns_innerbrightness_US_2026-03-21_2026-04-20.json,2026-04-21 01:59:12
31297,2026-04-21 01:59:12.493253,2026-04-21 01:59:12.493253,2026-04-05,199.9,0.9700094352338591,12,233.88,273.87,,233.88,0,10,PAUSED,11,100.0,13,12,3.45,14,298402294383592,1.4121510673234812,0,,103.09178072674217,14,0,USD,,12,13,manual,219.89,0.3,0,253.88,0,12,296.76,10,DAILY_BUDGET,12,11,296.76,Amazon,287.86,287.86,6090,12,14,14,86,Inner-SP-KW-gumm-magnesium glycinate-EM-54,spCampaigns,US,INNERBRIGHTNESS,spCampaigns_innerbrightness_US_2026-03-21_2026-04-20.json,2026-04-21 01:59:12
31298,2026-04-21 01:59:12.493253,2026-04-21 01:59:12.493253,2026-04-06,179.91,0.7840238669884687,11,179.91,233.89,,179.91,0,9,PAUSED,9,100.0,11,9,3.43,11,298402294383592,1.56137832017229,0,,127.5471375432896,11,0,USD,,9,11,manual,179.91,0.45,0,233.89,0,9,298.32,9,DAILY_BUDGET,11,9,298.32,Amazon,233.89,233.89,5572,9,11,11,87,Inner-SP-KW-gumm-magnesium glycinate-EM-54,spCampaigns,US,INNERBRIGHTNESS,spCampaigns_innerbrightness_US_2026-03-21_2026-04-20.json,2026-04-21 01:59:12
31299,2026-04-21 01:59:12.493253,2026-04-21 01:59:12.493253,2026-04-07,119.94,0.7196088923481053,7,119.94,147.93,,119.94,0,6,PAUSED,6,100.0,7,6,3.67,7,298402294383592,1.5110631408526713,0,,138.96437504224969,7,0,USD,,6,7,manual,119.94,0.39,0,147.93,0,6,205.57,6,DAILY_BUDGET,7,6,205.57,Amazon,147.93,147.93,3706,6,7,7,56,Inner-SP-KW-gumm-magnesium glycinate-EM-54,spCampaigns,US,INNERBRIGHTNESS,spCampaigns_innerbrightness_US_2026-03-21_2026-04-20.json,2026-04-21 01:59:12
31300,2026-04-21 01:59:12.493253,2026-04-21 01:59:12.493253,2026-04-08,79.96,1.162365982191532,4,127.93,127.93,,127.93,0,4,PAUSED,7,100.0,7,7,3.24,7,298402294383592,0.6682389937106918,0,,86.03142343469085,7,0,USD,,7,7,manual,127.93,0.33,0,79.96,0,7,110.06,4,DAILY_BUDGET,4,7,110.06,Amazon,127.93,127.93,5088,7,7,7,34,Inner-SP-KW-gumm-magnesium glycinate-EM-54,spCampaigns,US,INNERBRIGHTNESS,spCampaigns_innerbrightness_US_2026-03-21_2026-04-20.json,2026-04-21 01:59:12
31301,2026-04-21 01:59:12.493253,2026-04-21 01:59:12.493253,2026-04-09,79.96,0.7565630536318247,4,93.95,93.95,,93.95,0,4,PAUSED,5,100.0,5,5,3.45,5,298402294383592,0.99805932908234,0,,132.17668972857902,5,0,USD,,5,5,manual,93.95,0.34,0,79.96,0,5,124.18,4,DAILY_BUDGET,4,5,124.18,Amazon,93.95,93.95,3607,5,5,5,36,Inner-SP-KW-gumm-magnesium glycinate-EM-54,spCampaigns,US,INNERBRIGHTNESS,spCampaigns_innerbrightness_US_2026-03-21_2026-04-20.json,2026-04-21 01:59:12
31302,2026-04-21 01:59:12.493253,2026-04-21 01:59:12.493253,2026-04-10,0.0,0.0,0,0.0,0.0,,0.0,0,0,PAUSED,0,100.0,0,0,2.14,0,298402294383592,0.46765393608729544,0,,nan,0,0,USD,,0,0,manual,0.0,0.0,0,0.0,0,0,12.81,0,DAILY_BUDGET,0,0,12.81,Amazon,0.0,0.0,1283,0,0,0,6,Inner-SP-KW-gumm-magnesium glycinate-EM-54,spCampaigns,US,INNERBRIGHTNESS,spCampaigns_innerbrightness_US_2026-03-21_2026-04-20.json,2026-04-21 01:59:12
31315,2026-04-21 01:59:12.493253,2026-04-21 01:59:12.493253,2026-04-04,0.0,0.0,0,0.0,0.0,,0.0,0,0,PAUSED,0,300.0,0,0,3.0,0,423904171460856,0.34662045060658575,0,,nan,0,0,USD,,0,0,manual,0.0,0.02,0,0.0,0,0,12.0,0,DAILY_BUDGET,0,0,12.0,Amazon,0.0,0.0,1154,0,0,0,4,Inner-SP-KW-gumm-magnesium-EM-CPC-222,spCampaigns,US,INNERBRIGHTNESS,spCampaigns_innerbrightness_US_2026-03-21_2026-04-20.json,2026-04-21 01:59:12
31316,2026-04-21 01:59:12.493253,2026-04-21 01:59:12.493253,2026-04-05,19.99,1.764838467317806,2,19.99,46.98,,19.99,0,1,PAUSED,1,300.0,2,1,2.96,2,423904171460856,0.7936507936507936,0,,56.662409535972756,2,0,USD,,1,2,manual,19.99,0.04,0,46.98,0,1,26.62,1,DAILY_BUDGET,2,1,26.62,Amazon,46.98,46.98,1134,1,2,2,9,Inner-SP-KW-gumm-magnesium-EM-CPC-222,spCampaigns,US,INNERBRIGHTNESS,spCampaigns_innerbrightness_US_2026-03-21_2026-04-20.json,2026-04-21 01:59:12
31317,2026-04-21 01:59:12.493253,2026-04-21 01:59:12.493253,2026-04-06,19.99,1.0419598644774564,1,39.98,39.98,,39.98,0,1,PAUSED,2,300.0,2,2,2.95,2,423904171460856,0.9200283085633405,0,,95.97298649324662,2,0,USD,,2,2,manual,39.98,0.06,0,19.99,0,2,38.37,1,DAILY_BUDGET,1,2,38.37,Amazon,39.98,39.98,1413,2,2,2,13,Inner-SP-KW-gumm-magnesium-EM-CPC-222,spCampaigns,US,INNERBRIGHTNESS,spCampaigns_innerbrightness_US_2026-03-21_2026-04-20.json,2026-04-21 01:59:12
31318,2026-04-21 01:59:12.493253,2026-04-21 01:59:12.493253,2026-04-07,19.99,2.321238509917755,2,19.99,47.98,,19.99,0,1,PAUSED,1,300.0,2,1,2.95,2,423904171460856,0.9900990099009901,0,,43.080450187578165,2,0,USD,,1,2,manual,19.99,0.04,0,47.98,0,1,20.67,1,DAILY_BUDGET,2,1,20.67,Amazon,47.98,47.98,707,1,2,2,7,Inner-SP-KW-gumm-magnesium-EM-CPC-222,spCampaigns,US,INNERBRIGHTNESS,spCampaigns_innerbrightness_US_2026-03-21_2026-04-20.json,2026-04-21 01:59:12
31319,2026-04-21 01:59:12.493253,2026-04-21 01:59:12.493253,2026-04-08,19.99,1.1449026345933562,1,19.99,19.99,,19.99,0,1,PAUSED,1,300.0,1,1,2.91,1,423904171460856,0.641025641025641,0,,87.34367183591797,1,0,USD,,1,1,manual,19.99,0.08,0,19.99,0,1,17.46,1,DAILY_BUDGET,1,1,17.46,Amazon,19.99,19.99,936,1,1,1,6,Inner-SP-KW-gumm-magnesium-EM-CPC-222,spCampaigns,US,INNERBRIGHTNESS,spCampaigns_innerbrightness_US_2026-03-21_2026-04-20.json,2026-04-21 01:59:12
31320,2026-04-21 01:59:12.493253,2026-04-21 01:59:12.493253,2026-04-09,59.97,0.9686157912124215,4,59.97,87.96,,59.97,0,3,PAUSED,3,300.0,4,3,3.03,4,423904171460856,0.7694280584765324,0,,103.24010914051843,4,0,USD,,3,4,manual,59.97,0.11,0,87.96,0,3,90.81,3,DAILY_BUDGET,4,3,90.81,Amazon,87.96,87.96,3899,3,4,4,30,Inner-SP-KW-gumm-magnesium-EM-CPC-222,spCampaigns,US,INNERBRIGHTNESS,spCampaigns_innerbrightness_US_2026-03-21_2026-04-20.json,2026-04-21 01:59:12
31321,2026-04-21 01:59:12.493253,2026-04-21 01:59:12.493253,2026-04-10,19.99,0.7123689727463312,1,33.98,33.98,,33.98,0,1,PAUSED,2,300.0,2,2,2.98,2,423904171460856,0.4904966278356836,0,,140.37669217186584,2,0,USD,,2,2,manual,33.98,0.0,0,19.99,0,2,47.7,1,DAILY_BUDGET,1,2,47.7,Amazon,33.98,33.98,3262,2,2,2,16,Inner-SP-KW-gumm-magnesium-EM-CPC-222,spCampaigns,US,INNERBRIGHTNESS,spCampaigns_innerbrightness_US_2026-03-21_2026-04-20.json,2026-04-21 01:59:12
31336,2026-04-21 01:59:12.493253,2026-04-21 01:59:12.493253,2026-04-04,339.83,0.8284781868780907,19,359.82,413.8,,359.82,0,17,ENABLED,18,1.0,20,18,3.12,20,399896724869227,1.7410228509249184,0,,120.70323827936203,20,0,USD,,18,20,manual,359.82,2.72,0,393.81,0,18,499.47,17,DAILY_BUDGET,19,18,499.47,Amazon,413.8,413.8,9190,18,20,20,160,Inner-SP-KW-gumm-magnesium glaycinate-PM-CPC-56,spCampaigns,US,INNERBRIGHTNESS,spCampaigns_innerbrightness_US_2026-03-21_2026-04-20.json,2026-04-21 01:59:12
31337,2026-04-21 01:59:12.493253,2026-04-21 01:59:12.493253,2026-04-05,379.81,1.136211127247233,25,521.73,638.7,,521.73,0,19,ENABLED,24,1.0,30,27,3.14,33,399896724869227,2.0130691399662735,0,,88.01181189122484,33,0,USD,,27,30,manual,479.76,3.08,0,538.75,0,27,599.07,19,DAILY_BUDGET,25,24,599.07,Amazon,680.67,680.67,9488,27,33,33,191,Inner-SP-KW-gumm-magnesium glaycinate-PM-CPC-56,spCampaigns,US,INNERBRIGHTNESS,spCampaigns_innerbrightness_US_2026-03-21_2026-04-20.json,2026-04-21 01:59:12
31338,2026-04-21 01:59:12.493253,2026-04-21 01:59:12.493253,2026-04-06,759.62,1.2205959161340065,44,819.59,981.53,,819.59,0,38,ENABLED,37,1.0,43,41,3.13,47,399896724869227,1.9500720843766597,0,,81.92719529713814,47,0,USD,,41,47,manual,819.59,3.49,0,921.56,0,37,804.14,34,DAILY_BUDGET,40,41,804.14,Amazon,981.53,981.53,13179,37,43,43,257,Inner-SP-KW-gumm-magnesium glaycinate-PM-CPC-56,spCampaigns,US,INNERBRIGHTNESS,spCampaigns_innerbrightness_US_2026-03-21_2026-04-20.json,2026-04-21 01:59:12
31339,2026-04-21 01:59:12.493253,2026-04-21 01:59:12.493253,2026-04-07,199.9,0.8674166331860185,12,239.88,323.85,,239.88,0,10,ENABLED,12,1.0,15,12,2.92,15,399896724869227,1.1695906432748537,0,,115.28485409911997,15,0,USD,,12,15,manual,239.88,2.16,0,255.88,0,12,373.35,10,DAILY_BUDGET,12,12,373.35,Amazon,323.85,323.85,10944,12,15,15,128,Inner-SP-KW-gumm-magnesium glaycinate-PM-CPC-56,spCampaigns,US,INNERBRIGHTNESS,spCampaigns_innerbrightness_US_2026-03-21_2026-04-20.json,2026-04-21 01:59:12
31340,2026-04-21 01:59:12.493253,2026-04-21 01:59:12.493253,2026-04-08,79.96,0.8458815199433563,7,113.94,211.91,,113.94,0,4,ENABLED,5,1.0,9,6,2.97,11,399896724869227,1.09217999126256,0,,118.21986607142856,11,0,USD,,6,9,manual,99.95,1.61,0,163.93,0,6,296.59,4,DAILY_BUDGET,7,5,296.59,Amazon,250.88,250.88,9156,6,11,11,100,Inner-SP-KW-gumm-magnesium glaycinate-PM-CPC-56,spCampaigns,US,INNERBRIGHTNESS,spCampaigns_innerbrightness_US_2026-03-21_2026-04-20.json,2026-04-21 01:59:12
31341,2026-04-21 01:59:12.493253,2026-04-21 01:59:12.493253,2026-04-09,299.85,1.5184031383408332,17,313.84,380.81,,313.84,0,15,ENABLED,14,1.0,17,16,2.92,19,399896724869227,0.9920856091851522,0,,65.85866261398175,19,0,USD,,16,18,manual,299.85,1.75,0,355.83,0,15,260.01,14,DAILY_BUDGET,16,15,260.01,Amazon,394.8,394.8,8971,15,18,18,89,Inner-SP-KW-gumm-magnesium glaycinate-PM-CPC-56,spCampaigns,US,INNERBRIGHTNESS,spCampaigns_innerbrightness_US_2026-03-21_2026-04-20.json,2026-04-21 01:59:12
31728,2026-04-21 01:59:12.493253,2026-04-21 01:59:12.493253,2026-04-15,0.0,nan,0,0.0,0.0,,0.0,0,0,PAUSED,0,300.0,0,0,0.0,0,423904171460856,nan,0,,nan,0,0,USD,,0,0,manual,0.0,nan,0,0.0,0,0,0.0,0,DAILY_BUDGET,0,0,0.0,Amazon,0.0,0.0,0,0,0,0,0,Inner-SP-KW-gumm-magnesium-EM-CPC-222,spCampaigns,US,INNERBRIGHTNESS,spCampaigns_innerbrightness_US_2026-03-21_2026-04-20.json,2026-04-21 01:59:12
31342,2026-04-21 01:59:12.493253,2026-04-21 01:59:12.493253,2026-04-10,339.83,1.503761242845462,18,339.83,367.82,,339.83,0,17,ENABLED,16,1.0,17,17,2.88,18,399896724869227,0.9851645804357904,0,,66.49991843836659,18,0,USD,,17,18,manual,339.83,1.51,0,367.82,0,16,244.6,16,DAILY_BUDGET,17,17,244.6,Amazon,367.82,367.82,8628,16,17,17,85,Inner-SP-KW-gumm-magnesium glaycinate-PM-CPC-56,spCampaigns,US,INNERBRIGHTNESS,spCampaigns_innerbrightness_US_2026-03-21_2026-04-20.json,2026-04-21 01:59:12
31358,2026-04-21 01:59:12.493253,2026-04-21 01:59:12.493253,2026-04-04,279.86,1.0747104140109738,18,279.86,387.82,,279.86,0,14,ENABLED,14,1300.0,18,14,3.03,18,558606714617685,1.364991970635467,0,,93.04832138621009,18,0,USD,,14,18,manual,279.86,0.13,0,387.82,0,14,360.86,14,DAILY_BUDGET,18,14,360.86,Amazon,387.82,387.82,8718,14,18,18,119,Inner-SP-Auto-gumm-magnesium-CPC-Low bid,spCampaigns,US,INNERBRIGHTNESS,spCampaigns_innerbrightness_US_2026-03-21_2026-04-20.json,2026-04-21 01:59:12
31359,2026-04-21 01:59:12.493253,2026-04-21 01:59:12.493253,2026-04-05,479.76,1.2023544043228407,27,479.76,560.73,,479.76,0,24,ENABLED,23,1300.0,26,24,3.05,27,558606714617685,1.3173755811951093,0,,83.17015319315891,27,0,USD,,24,27,manual,479.76,0.19,0,560.73,0,23,466.36,23,DAILY_BUDGET,26,24,466.36,Amazon,560.73,560.73,11614,23,26,26,153,Inner-SP-Auto-gumm-magnesium-CPC-Low bid,spCampaigns,US,INNERBRIGHTNESS,spCampaigns_innerbrightness_US_2026-03-21_2026-04-20.json,2026-04-21 01:59:12
31360,2026-04-21 01:59:12.493253,2026-04-21 01:59:12.493253,2026-04-06,579.71,1.4596188328373108,33,681.65,747.64,,681.65,0,29,ENABLED,32,1300.0,35,35,3.06,39,558606714617685,1.1512195121951219,0,,68.51103709426172,39,0,USD,,35,36,manual,639.68,0.19,0,687.67,0,35,540.97,29,DAILY_BUDGET,32,32,540.97,Amazon,789.61,789.61,15375,35,38,38,177,Inner-SP-Auto-gumm-magnesium-CPC-Low bid,spCampaigns,US,INNERBRIGHTNESS,spCampaigns_innerbrightness_US_2026-03-21_2026-04-20.json,2026-04-21 01:59:12
31361,2026-04-21 01:59:12.493253,2026-04-21 01:59:12.493253,2026-04-07,1019.49,1.3247776641847084,58,1187.4,1436.31,,1187.4,0,51,ENABLED,57,1300.0,67,60,3.19,70,558606714617685,1.5569614573518193,0,,75.48436443600653,70,0,USD,,60,68,manual,1159.42,0.7,0,1215.42,0,59,1105.31,50,DAILY_BUDGET,57,58,1105.31,Amazon,1464.29,1464.29,22287,59,69,69,347,Inner-SP-Auto-gumm-magnesium-CPC-Low bid,spCampaigns,US,INNERBRIGHTNESS,spCampaigns_innerbrightness_US_2026-03-21_2026-04-20.json,2026-04-21 01:59:12
31362,2026-04-21 01:59:12.493253,2026-04-21 01:59:12.493253,2026-04-08,879.56,1.1605442408845619,51,1137.41,1291.38,,1137.41,0,44,ENABLED,53,1300.0,61,59,3.16,67,558606714617685,1.3601202478278402,0,,86.16646955550821,67,0,USD,,59,62,manual,1067.46,0.75,0,1075.49,0,58,1173.01,44,DAILY_BUDGET,51,54,1173.01,Amazon,1361.33,1361.33,27277,58,66,66,371,Inner-SP-Auto-gumm-magnesium-CPC-Low bid,spCampaigns,US,INNERBRIGHTNESS,spCampaigns_innerbrightness_US_2026-03-21_2026-04-20.json,2026-04-21 01:59:12
31363,2026-04-21 01:59:12.493253,2026-04-21 01:59:12.493253,2026-04-09,1059.47,1.1114707321050057,59,1195.39,1335.35,,1195.39,0,53,ENABLED,57,1300.0,63,61,3.13,67,558606714617685,1.6485133941713275,0,,89.97088012440128,67,0,USD,,61,65,manual,1167.41,1.16,0,1227.41,0,59,1226.6,51,DAILY_BUDGET,57,59,1226.6,Amazon,1363.33,1363.33,23779,59,65,65,392,Inner-SP-Auto-gumm-magnesium-CPC-Low bid,spCampaigns,US,INNERBRIGHTNESS,spCampaigns_innerbrightness_US_2026-03-21_2026-04-20.json,2026-04-21 01:59:12
31364,2026-04-21 01:59:12.493253,2026-04-21 01:59:12.493253,2026-04-10,919.54,1.327033932951758,55,1021.48,1298.37,,1021.48,0,46,ENABLED,49,1300.0,59,52,3.24,62,558606714617685,1.985796948974224,0,,75.35602332154934,62,0,USD,,52,62,manual,1021.48,1.21,0,1171.45,0,49,978.4,43,DAILY_BUDGET,52,52,978.4,Amazon,1298.37,1298.37,15208,49,59,59,302,Inner-SP-Auto-gumm-magnesium-CPC-Low bid,spCampaigns,US,INNERBRIGHTNESS,spCampaigns_innerbrightness_US_2026-03-21_2026-04-20.json,2026-04-21 01:59:12
31373,2026-04-21 01:59:12.493253,2026-04-21 01:59:12.493253,2026-04-10,0.0,nan,0,0.0,0.0,,0.0,0,0,PAUSED,0,200.0,0,0,0.0,0,292978254342032,nan,0,,nan,0,0,USD,,0,0,manual,0.0,nan,0,0.0,0,0,0.0,0,DAILY_BUDGET,0,0,0.0,Amazon,0.0,0.0,0,0,0,0,0,Inner-SP-KW-gumm-magnesium gummies-EM-CPC-8k,spCampaigns,US,INNERBRIGHTNESS,spCampaigns_innerbrightness_US_2026-03-21_2026-04-20.json,2026-04-21 01:59:12
31388,2026-04-21 01:59:12.493253,2026-04-21 01:59:12.493253,2026-04-04,21.99,1.5186464088397789,1,21.99,21.99,,21.99,0,1,ENABLED,1,1.0,1,1,2.41,1,492405995934092,0.28341993386868214,0,,65.84811277853571,1,0,USD,,1,1,legacy,21.99,0.1,0,21.99,0,1,14.48,1,DAILY_BUDGET,1,1,14.48,Amazon,21.99,21.99,2117,1,1,1,6,Inner-SP-KW-Berberine Capsules-PM-Berberine Supplement-2k,spCampaigns,US,INNERBRIGHTNESS,spCampaigns_innerbrightness_US_2026-03-21_2026-04-20.json,2026-04-21 01:59:12
31389,2026-04-21 01:59:12.493253,2026-04-21 01:59:12.493253,2026-04-05,21.99,2.623896409652737,2,21.99,44.58,,21.99,0,1,ENABLED,1,1.0,2,1,1.89,2,492405995934092,0.4511278195488722,0,,38.11126065500224,2,0,USD,,1,2,legacy,21.99,0.16,0,44.58,0,1,16.99,1,DAILY_BUDGET,2,1,16.99,Amazon,44.58,44.58,1995,1,2,2,9,Inner-SP-KW-Berberine Capsules-PM-Berberine Supplement-2k,spCampaigns,US,INNERBRIGHTNESS,spCampaigns_innerbrightness_US_2026-03-21_2026-04-20.json,2026-04-21 01:59:12
31390,2026-04-21 01:59:12.493253,2026-04-21 01:59:12.493253,2026-04-06,21.99,0.8329545454545454,1,21.99,21.99,,21.99,0,1,ENABLED,1,1.0,1,1,2.2,1,492405995934092,0.49281314168377827,0,,120.05457025920873,1,0,USD,,1,1,legacy,21.99,0.18,0,21.99,0,1,26.4,1,DAILY_BUDGET,1,1,26.4,Amazon,21.99,21.99,2435,1,1,1,12,Inner-SP-KW-Berberine Capsules-PM-Berberine Supplement-2k,spCampaigns,US,INNERBRIGHTNESS,spCampaigns_innerbrightness_US_2026-03-21_2026-04-20.json,2026-04-21 01:59:12
31391,2026-04-21 01:59:12.493253,2026-04-21 01:59:12.493253,2026-04-07,0.0,0.0,0,0.0,0.0,,0.0,0,0,ENABLED,0,1.0,0,0,2.56,0,492405995934092,0.5982512655315232,0,,nan,0,0,USD,,0,0,legacy,0.0,0.35,0,0.0,0,0,33.23,0,DAILY_BUDGET,0,0,33.23,Amazon,0.0,0.0,2173,0,0,0,13,Inner-SP-KW-Berberine Capsules-PM-Berberine Supplement-2k,spCampaigns,US,INNERBRIGHTNESS,spCampaigns_innerbrightness_US_2026-03-21_2026-04-20.json,2026-04-21 01:59:12
31392,2026-04-21 01:59:12.493253,2026-04-21 01:59:12.493253,2026-04-08,24.49,0.8524190741385311,1,24.49,24.49,,24.49,0,1,ENABLED,1,1.0,1,1,2.39,1,492405995934092,1.0889292196007259,0,,117.31318905675788,1,0,USD,,1,1,legacy,24.49,0.33,0,24.49,0,1,28.73,1,DAILY_BUDGET,1,1,28.73,Amazon,24.49,24.49,1102,1,1,1,12,Inner-SP-KW-Berberine Capsules-PM-Berberine Supplement-2k,spCampaigns,US,INNERBRIGHTNESS,spCampaigns_innerbrightness_US_2026-03-21_2026-04-20.json,2026-04-21 01:59:12
31393,2026-04-21 01:59:12.493253,2026-04-21 01:59:12.493253,2026-04-09,48.98,1.3888468809073724,2,73.47,73.47,,73.47,0,2,ENABLED,3,1.0,3,3,2.2,3,492405995934092,0.7421150278293136,0,,72.00217775962979,3,0,USD,,3,3,legacy,73.47,0.9,0,48.98,0,3,52.9,2,DAILY_BUDGET,2,3,52.9,Amazon,73.47,73.47,3234,3,3,3,24,Inner-SP-KW-Berberine Capsules-PM-Berberine Supplement-2k,spCampaigns,US,INNERBRIGHTNESS,spCampaigns_innerbrightness_US_2026-03-21_2026-04-20.json,2026-04-21 01:59:12
31394,2026-04-21 01:59:12.493253,2026-04-21 01:59:12.493253,2026-04-10,24.49,0.32575152966214416,1,24.49,24.49,,24.49,0,1,ENABLED,1,1.0,1,1,1.98,1,492405995934092,0.9906152241918665,0,,306.982441812985,1,0,USD,,1,1,legacy,24.49,0.33,0,24.49,0,1,75.18,1,DAILY_BUDGET,1,1,75.18,Amazon,24.49,24.49,3836,1,1,1,38,Inner-SP-KW-Berberine Capsules-PM-Berberine Supplement-2k,spCampaigns,US,INNERBRIGHTNESS,spCampaigns_innerbrightness_US_2026-03-21_2026-04-20.json,2026-04-21 01:59:12
31409,2026-04-21 01:59:12.493253,2026-04-21 01:59:12.493253,2026-04-04,0.0,1.2522388059701492,0,16.78,0.0,,16.78,0,0,ENABLED,0,200.0,0,1,2.23,1,385122874231334,2.2388059701492535,0,,79.85697258641238,1,0,USD,,1,0,manual,0.0,0.01,0,0.0,0,1,13.4,0,DAILY_BUDGET,0,0,13.4,Amazon,16.78,16.78,268,1,1,1,6,Inner-SP-KW-Complex-magnesium complex for women-BM-CPC-1k,spCampaigns,US,INNERBRIGHTNESS,spCampaigns_innerbrightness_US_2026-03-21_2026-04-20.json,2026-04-21 01:59:12
31410,2026-04-21 01:59:12.493253,2026-04-21 01:59:12.493253,2026-04-05,0.0,0.0,0,0.0,0.0,,0.0,0,0,ENABLED,0,200.0,0,0,2.1,0,385122874231334,0.2638522427440633,0,,nan,0,0,USD,,0,0,manual,0.0,0.01,0,0.0,0,0,2.1,0,DAILY_BUDGET,0,0,2.1,Amazon,0.0,0.0,379,0,0,0,1,Inner-SP-KW-Complex-magnesium complex for women-BM-CPC-1k,spCampaigns,US,INNERBRIGHTNESS,spCampaigns_innerbrightness_US_2026-03-21_2026-04-20.json,2026-04-21 01:59:12
31411,2026-04-21 01:59:12.493253,2026-04-21 01:59:12.493253,2026-04-06,0.0,0.0,0,0.0,0.0,,0.0,0,0,ENABLED,0,200.0,0,0,2.1,0,385122874231334,1.3262599469496021,0,,nan,0,0,USD,,0,0,manual,0.0,0.01,0,0.0,0,0,10.5,0,DAILY_BUDGET,0,0,10.5,Amazon,0.0,0.0,377,0,0,0,5,Inner-SP-KW-Complex-magnesium complex for women-BM-CPC-1k,spCampaigns,US,INNERBRIGHTNESS,spCampaigns_innerbrightness_US_2026-03-21_2026-04-20.json,2026-04-21 01:59:12
31412,2026-04-21 01:59:12.493253,2026-04-21 01:59:12.493253,2026-04-07,71.97,4.470186335403726,3,71.97,71.97,,71.97,0,3,ENABLED,3,200.0,3,3,2.01,3,385122874231334,1.2403100775193798,0,,22.37043212449632,3,0,USD,,3,3,manual,71.97,0.03,0,71.97,0,3,16.1,3,DAILY_BUDGET,3,3,16.1,Amazon,71.97,71.97,645,3,3,3,8,Inner-SP-KW-Complex-magnesium complex for women-BM-CPC-1k,spCampaigns,US,INNERBRIGHTNESS,spCampaigns_innerbrightness_US_2026-03-21_2026-04-20.json,2026-04-21 01:59:12
31413,2026-04-21 01:59:12.493253,2026-04-21 01:59:12.493253,2026-04-08,47.98,1.5284399339155064,2,64.76,64.76,,64.76,0,2,ENABLED,3,200.0,3,3,3.26,3,385122874231334,8.024691358024691,0,,65.42618900555898,3,0,USD,,3,3,manual,64.76,0.18,0,47.98,0,3,42.37,2,DAILY_BUDGET,2,3,42.37,Amazon,64.76,64.76,162,3,3,3,13,Inner-SP-KW-Complex-magnesium complex for women-BM-CPC-1k,spCampaigns,US,INNERBRIGHTNESS,spCampaigns_innerbrightness_US_2026-03-21_2026-04-20.json,2026-04-21 01:59:12
31414,2026-04-21 01:59:12.493253,2026-04-21 01:59:12.493253,2026-04-09,0.0,0.5750514050719672,0,16.78,16.78,,16.78,0,0,ENABLED,1,200.0,1,1,3.24,1,385122874231334,5.0,0,,173.8974970202622,1,0,USD,,1,1,manual,16.78,0.25,0,0.0,0,1,29.18,0,DAILY_BUDGET,0,1,29.18,Amazon,16.78,16.78,180,1,1,1,9,Inner-SP-KW-Complex-magnesium complex for women-BM-CPC-1k,spCampaigns,US,INNERBRIGHTNESS,spCampaigns_innerbrightness_US_2026-03-21_2026-04-20.json,2026-04-21 01:59:12
31415,2026-04-21 01:59:12.493253,2026-04-21 01:59:12.493253,2026-04-10,47.98,0.7415324548560273,3,47.98,75.97,,47.98,0,2,ENABLED,2,200.0,3,2,3.53,3,385122874231334,5.7654075546719685,0,,134.85586415690406,3,0,USD,,2,3,manual,47.98,0.79,0,75.97,0,2,102.45,2,DAILY_BUDGET,3,2,102.45,Amazon,75.97,75.97,503,2,3,3,29,Inner-SP-KW-Complex-magnesium complex for women-BM-CPC-1k,spCampaigns,US,INNERBRIGHTNESS,spCampaigns_innerbrightness_US_2026-03-21_2026-04-20.json,2026-04-21 01:59:12
31430,2026-04-21 01:59:12.493253,2026-04-21 01:59:12.493253,2026-04-04,71.97,1.4628048780487803,3,71.97,71.97,,71.97,0,3,PAUSED,3,1.0,3,3,2.46,3,345330397911117,1.0209290454313424,0,,68.36181742392664,3,0,USD,,3,3,manual,71.97,0.28,0,71.97,0,3,49.2,3,DAILY_BUDGET,3,3,49.2,Amazon,71.97,71.97,1959,3,3,3,20,Inner-SP-KW-Complex-magnesium complex for women-EM-CPC-1k,spCampaigns,US,INNERBRIGHTNESS,spCampaigns_innerbrightness_US_2026-03-21_2026-04-20.json,2026-04-21 01:59:12
31431,2026-04-21 01:59:12.493253,2026-04-21 01:59:12.493253,2026-04-05,23.99,1.0197557964055426,1,74.33,23.99,,74.33,0,1,PAUSED,1,1.0,1,4,2.6,4,345330397911117,1.003944065973467,0,,98.06269339432262,4,0,USD,,4,1,manual,23.99,0.4,0,23.99,0,4,72.89,1,DAILY_BUDGET,1,1,72.89,Amazon,74.33,74.33,2789,4,4,4,28,Inner-SP-KW-Complex-magnesium complex for women-EM-CPC-1k,spCampaigns,US,INNERBRIGHTNESS,spCampaigns_innerbrightness_US_2026-03-21_2026-04-20.json,2026-04-21 01:59:12
31432,2026-04-21 01:59:12.493253,2026-04-21 01:59:12.493253,2026-04-06,71.97,0.7714653231857648,3,71.97,71.97,,71.97,0,3,PAUSED,3,1.0,3,3,2.59,3,345330397911117,1.2815948736205056,0,,129.6234542170349,3,0,USD,,3,3,manual,71.97,0.71,0,71.97,0,3,93.29,3,DAILY_BUDGET,3,3,93.29,Amazon,71.97,71.97,2809,3,3,3,36,Inner-SP-KW-Complex-magnesium complex for women-EM-CPC-1k,spCampaigns,US,INNERBRIGHTNESS,spCampaigns_innerbrightness_US_2026-03-21_2026-04-20.json,2026-04-21 01:59:12
31433,2026-04-21 01:59:12.493253,2026-04-21 01:59:12.493253,2026-04-07,0.0,0.0,0,0.0,0.0,,0.0,0,0,PAUSED,0,1.0,0,0,2.73,0,345330397911117,0.953053300388281,0,,nan,0,0,USD,,0,0,manual,0.0,0.9,0,0.0,0,0,73.77,0,DAILY_BUDGET,0,0,73.77,Amazon,0.0,0.0,2833,0,0,0,27,Inner-SP-KW-Complex-magnesium complex for women-EM-CPC-1k,spCampaigns,US,INNERBRIGHTNESS,spCampaigns_innerbrightness_US_2026-03-21_2026-04-20.json,2026-04-21 01:59:12
31434,2026-04-21 01:59:12.493253,2026-04-21 01:59:12.493253,2026-04-08,0.0,0.0,0,0.0,0.0,,0.0,0,0,PAUSED,0,1.0,0,0,2.3,0,345330397911117,0.21321961620469082,0,,nan,0,0,USD,,0,0,manual,0.0,0.01,0,0.0,0,0,4.6,0,DAILY_BUDGET,0,0,4.6,Amazon,0.0,0.0,938,0,0,0,2,Inner-SP-KW-Complex-magnesium complex for women-EM-CPC-1k,spCampaigns,US,INNERBRIGHTNESS,spCampaigns_innerbrightness_US_2026-03-21_2026-04-20.json,2026-04-21 01:59:12
31435,2026-04-21 01:59:12.493253,2026-04-21 01:59:12.493253,2026-04-09,0.0,0.0,0,0.0,0.0,,0.0,0,0,PAUSED,0,1.0,0,0,2.3,0,345330397911117,0.12484394506866417,0,,nan,0,0,USD,,0,0,manual,0.0,0.0,0,0.0,0,0,2.3,0,DAILY_BUDGET,0,0,2.3,Amazon,0.0,0.0,801,0,0,0,1,Inner-SP-KW-Complex-magnesium complex for women-EM-CPC-1k,spCampaigns,US,INNERBRIGHTNESS,spCampaigns_innerbrightness_US_2026-03-21_2026-04-20.json,2026-04-21 01:59:12
31436,2026-04-21 01:59:12.493253,2026-04-21 01:59:12.493253,2026-04-10,0.0,0.0,0,0.0,0.0,,0.0,0,0,PAUSED,0,1.0,0,0,2.3,0,345330397911117,0.39447731755424065,0,,nan,0,0,USD,,0,0,manual,0.0,0.01,0,0.0,0,0,9.2,0,DAILY_BUDGET,0,0,9.2,Amazon,0.0,0.0,1014,0,0,0,4,Inner-SP-KW-Complex-magnesium complex for women-EM-CPC-1k,spCampaigns,US,INNERBRIGHTNESS,spCampaigns_innerbrightness_US_2026-03-21_2026-04-20.json,2026-04-21 01:59:12
31437,2026-04-21 01:59:12.493253,2026-04-21 01:59:12.493253,2026-04-07,0.0,1.613315400134499,0,23.99,23.99,,23.99,0,0,ENABLED,1,1.0,1,1,2.97,1,387720267759382,0.8103727714748784,0,,61.98416006669446,1,0,USD,,1,1,manual,23.99,0.0,0,0.0,0,1,14.87,0,DAILY_BUDGET,0,1,14.87,Amazon,23.99,23.99,617,1,1,1,5,Inner-SP-Auto-Magnesium Complex-CPC-Low bid,spCampaigns,US,INNERBRIGHTNESS,spCampaigns_innerbrightness_US_2026-03-21_2026-04-20.json,2026-04-21 01:59:12
31438,2026-04-21 01:59:12.493253,2026-04-21 01:59:12.493253,2026-04-08,23.99,0.7996666666666666,1,47.98,47.98,,47.98,0,1,ENABLED,2,1.0,2,2,3.0,2,387720267759382,0.4481290611696168,0,,125.05210504376825,2,0,USD,,2,2,manual,47.98,0.0,0,23.99,0,2,60.0,1,DAILY_BUDGET,1,2,60.0,Amazon,47.98,47.98,4463,2,2,2,20,Inner-SP-Auto-Magnesium Complex-CPC-Low bid,spCampaigns,US,INNERBRIGHTNESS,spCampaigns_innerbrightness_US_2026-03-21_2026-04-20.json,2026-04-21 01:59:12
31439,2026-04-21 01:59:12.493253,2026-04-21 01:59:12.493253,2026-04-09,23.99,0.5317594887178818,1,40.77,23.99,,40.77,0,1,ENABLED,1,1.0,1,2,2.95,2,387720267759382,0.6165520512212473,0,,188.05494235957812,2,0,USD,,2,1,manual,23.99,0.01,0,23.99,0,2,76.67,1,DAILY_BUDGET,1,1,76.67,Amazon,40.77,40.77,4217,2,2,2,26,Inner-SP-Auto-Magnesium Complex-CPC-Low bid,spCampaigns,US,INNERBRIGHTNESS,spCampaigns_innerbrightness_US_2026-03-21_2026-04-20.json,2026-04-21 01:59:12
31440,2026-04-21 01:59:12.493253,2026-04-21 01:59:12.493253,2026-04-10,0.0,0.0,0,0.0,0.0,,0.0,0,0,ENABLED,0,1.0,0,0,2.46,0,387720267759382,0.38957876795714635,0,,nan,0,0,USD,,0,0,manual,0.0,0.02,0,0.0,0,0,39.33,0,DAILY_BUDGET,0,0,39.33,Amazon,0.0,0.0,4107,0,0,0,16,Inner-SP-Auto-Magnesium Complex-CPC-Low bid,spCampaigns,US,INNERBRIGHTNESS,spCampaigns_innerbrightness_US_2026-03-21_2026-04-20.json,2026-04-21 01:59:12
31773,2026-04-21 01:59:12.493253,2026-04-21 01:59:12.493253,2026-04-14,0.0,nan,0,0.0,0.0,,0.0,0,0,PAUSED,0,1.0,0,0,0.0,0,345330397911117,nan,0,,nan,0,0,USD,,0,0,manual,0.0,nan,0,0.0,0,0,0.0,0,DAILY_BUDGET,0,0,0.0,Amazon,0.0,0.0,0,0,0,0,0,Inner-SP-KW-Complex-magnesium complex for women-EM-CPC-1k,spCampaigns,US,INNERBRIGHTNESS,spCampaigns_innerbrightness_US_2026-03-21_2026-04-20.json,2026-04-21 01:59:12
31455,2026-04-21 01:59:12.493253,2026-04-21 01:59:12.493253,2026-04-04,99.95,3.730869727510265,5,99.95,99.95,,99.95,0,5,ENABLED,5,600.0,5,5,1.28,5,552923299547324,0.6620428751576293,0,,26.803401700850422,5,0,USD,,5,5,manual,99.95,0.05,0,99.95,0,5,26.79,5,DAILY_BUDGET,5,5,26.79,Amazon,99.95,99.95,3172,5,5,5,21,Inner-SP-KW-gumm-magnesium glycinate gummies-EM-CPC-8k,spCampaigns,US,INNERBRIGHTNESS,spCampaigns_innerbrightness_US_2026-03-21_2026-04-20.json,2026-04-21 01:59:12
31456,2026-04-21 01:59:12.493253,2026-04-21 01:59:12.493253,2026-04-05,0.0,0.9519047619047618,0,19.99,19.99,,19.99,0,0,ENABLED,1,600.0,1,1,1.5,1,552923299547324,0.5124450951683748,0,,105.05252626313157,1,0,USD,,1,1,manual,19.99,0.14,0,0.0,0,1,21.0,0,DAILY_BUDGET,0,1,21.0,Amazon,19.99,19.99,2732,1,1,1,14,Inner-SP-KW-gumm-magnesium glycinate gummies-EM-CPC-8k,spCampaigns,US,INNERBRIGHTNESS,spCampaigns_innerbrightness_US_2026-03-21_2026-04-20.json,2026-04-21 01:59:12
31457,2026-04-21 01:59:12.493253,2026-04-21 01:59:12.493253,2026-04-06,0.0,0.0,0,0.0,0.0,,0.0,0,0,ENABLED,0,600.0,0,0,1.5,0,552923299547324,0.30349013657056145,0,,nan,0,0,USD,,0,0,manual,0.0,0.08,0,0.0,0,0,15.0,0,DAILY_BUDGET,0,0,15.0,Amazon,0.0,0.0,3295,0,0,0,10,Inner-SP-KW-gumm-magnesium glycinate gummies-EM-CPC-8k,spCampaigns,US,INNERBRIGHTNESS,spCampaigns_innerbrightness_US_2026-03-21_2026-04-20.json,2026-04-21 01:59:12
31458,2026-04-21 01:59:12.493253,2026-04-21 01:59:12.493253,2026-04-07,0.0,2.9639830508474576,0,13.99,0.0,,13.99,0,0,ENABLED,0,600.0,0,1,1.18,1,552923299547324,0.27991602519244224,0,,33.738384560400284,1,0,USD,,1,0,manual,0.0,0.02,0,0.0,0,1,4.72,0,DAILY_BUDGET,0,0,4.72,Amazon,13.99,13.99,1429,1,1,1,4,Inner-SP-KW-gumm-magnesium glycinate gummies-EM-CPC-8k,spCampaigns,US,INNERBRIGHTNESS,spCampaigns_innerbrightness_US_2026-03-21_2026-04-20.json,2026-04-21 01:59:12
31459,2026-04-21 01:59:12.493253,2026-04-21 01:59:12.493253,2026-04-08,79.96,2.021730217302173,5,119.94,147.93,,119.94,0,4,ENABLED,6,600.0,7,6,2.36,7,552923299547324,1.6976998904709748,0,,49.46258365443115,7,0,USD,,6,7,manual,119.94,1.28,0,107.95,0,6,73.17,4,DAILY_BUDGET,5,6,73.17,Amazon,147.93,147.93,1826,6,7,7,31,Inner-SP-KW-gumm-magnesium glycinate gummies-EM-CPC-8k,spCampaigns,US,INNERBRIGHTNESS,spCampaigns_innerbrightness_US_2026-03-21_2026-04-20.json,2026-04-21 01:59:12
31460,2026-04-21 01:59:12.493253,2026-04-21 01:59:12.493253,2026-04-09,19.99,1.9038095238095236,1,19.99,19.99,,19.99,0,1,ENABLED,1,600.0,1,1,1.5,1,552923299547324,0.32243205895900506,0,,52.526263131565784,1,0,USD,,1,1,manual,19.99,0.01,0,19.99,0,1,10.5,1,DAILY_BUDGET,1,1,10.5,Amazon,19.99,19.99,2171,1,1,1,7,Inner-SP-KW-gumm-magnesium glycinate gummies-EM-CPC-8k,spCampaigns,US,INNERBRIGHTNESS,spCampaigns_innerbrightness_US_2026-03-21_2026-04-20.json,2026-04-21 01:59:12
31461,2026-04-21 01:59:12.493253,2026-04-21 01:59:12.493253,2026-04-10,0.0,0.0,0,0.0,0.0,,0.0,0,0,ENABLED,0,600.0,0,0,1.5,0,552923299547324,0.31503150315031503,0,,nan,0,0,USD,,0,0,manual,0.0,0.04,0,0.0,0,0,10.5,0,DAILY_BUDGET,0,0,10.5,Amazon,0.0,0.0,2222,0,0,0,7,Inner-SP-KW-gumm-magnesium glycinate gummies-EM-CPC-8k,spCampaigns,US,INNERBRIGHTNESS,spCampaigns_innerbrightness_US_2026-03-21_2026-04-20.json,2026-04-21 01:59:12
31477,2026-04-21 01:59:12.493253,2026-04-21 01:59:12.493253,2026-04-04,65.97,1.2734906616476038,3,87.96,87.96,,87.96,0,3,ENABLED,3,180.0,3,4,3.14,4,287272276943680,2.4043715846994536,0,,78.5243292405639,4,0,USD,,4,4,legacy,87.96,13.87,0,65.97,0,3,69.07,2,DAILY_BUDGET,2,4,69.07,Amazon,87.96,87.96,915,3,3,3,22,Inner-SP-KW-Berberine Capsules-PAT,spCampaigns,US,INNERBRIGHTNESS,spCampaigns_innerbrightness_US_2026-03-21_2026-04-20.json,2026-04-21 01:59:12
31478,2026-04-21 01:59:12.493253,2026-04-21 01:59:12.493253,2026-04-05,109.95,2.4604752290728373,5,158.43,158.43,,158.43,0,5,ENABLED,7,180.0,7,7,3.07,7,287272276943680,2.0854021847070507,0,,40.642555071640466,7,0,USD,,7,7,legacy,158.43,2.88,0,109.95,0,7,64.39,5,DAILY_BUDGET,5,7,64.39,Amazon,158.43,158.43,1007,7,7,7,21,Inner-SP-KW-Berberine Capsules-PAT,spCampaigns,US,INNERBRIGHTNESS,spCampaigns_innerbrightness_US_2026-03-21_2026-04-20.json,2026-04-21 01:59:12
31479,2026-04-21 01:59:12.493253,2026-04-21 01:59:12.493253,2026-04-06,65.97,1.1829475611350857,3,90.46,90.46,,90.46,0,3,ENABLED,4,180.0,4,4,3.06,4,287272276943680,5.434782608695652,0,,84.53460092858722,4,0,USD,,4,4,legacy,90.46,16.53,0,65.97,0,4,76.47,3,DAILY_BUDGET,3,4,76.47,Amazon,90.46,90.46,460,4,4,4,25,Inner-SP-KW-Berberine Capsules-PAT,spCampaigns,US,INNERBRIGHTNESS,spCampaigns_innerbrightness_US_2026-03-21_2026-04-20.json,2026-04-21 01:59:12
31480,2026-04-21 01:59:12.493253,2026-04-21 01:59:12.493253,2026-04-07,119.95,1.414838405284265,5,119.95,119.95,,119.95,0,5,ENABLED,5,180.0,5,5,3.03,5,287272276943680,2.1638330757341575,0,,70.67944977073782,5,0,USD,,5,5,legacy,119.95,23.11,0,119.95,0,5,84.78,5,DAILY_BUDGET,5,5,84.78,Amazon,119.95,119.95,1294,5,5,5,28,Inner-SP-KW-Berberine Capsules-PAT,spCampaigns,US,INNERBRIGHTNESS,spCampaigns_innerbrightness_US_2026-03-21_2026-04-20.json,2026-04-21 01:59:12
31481,2026-04-21 01:59:12.493253,2026-04-21 01:59:12.493253,2026-04-08,24.49,0.5709955700629517,1,24.49,24.49,,24.49,0,1,ENABLED,1,180.0,1,1,3.06,1,287272276943680,1.9830028328611897,0,,175.1327072274398,1,0,USD,,1,1,legacy,24.49,0.99,0,24.49,0,1,42.89,1,DAILY_BUDGET,1,1,42.89,Amazon,24.49,24.49,706,1,1,1,14,Inner-SP-KW-Berberine Capsules-PAT,spCampaigns,US,INNERBRIGHTNESS,spCampaigns_innerbrightness_US_2026-03-21_2026-04-20.json,2026-04-21 01:59:12
31482,2026-04-21 01:59:12.493253,2026-04-21 01:59:12.493253,2026-04-09,0.0,0.0,0,0.0,0.0,,0.0,0,0,ENABLED,0,180.0,0,0,2.5,0,287272276943680,2.857142857142857,0,,nan,0,0,USD,,0,0,legacy,0.0,4.35,0,0.0,0,0,2.5,0,DAILY_BUDGET,0,0,2.5,Amazon,0.0,0.0,35,0,0,0,1,Inner-SP-KW-Berberine Capsules-PAT,spCampaigns,US,INNERBRIGHTNESS,spCampaigns_innerbrightness_US_2026-03-21_2026-04-20.json,2026-04-21 01:59:12
31483,2026-04-21 01:59:12.493253,2026-04-21 01:59:12.493253,2026-04-10,0.0,0.0,0,0.0,0.0,,0.0,0,0,ENABLED,0,180.0,0,0,2.5,0,287272276943680,20.0,0,,nan,0,0,USD,,0,0,legacy,0.0,0.0,0,0.0,0,0,2.5,0,DAILY_BUDGET,0,0,2.5,Amazon,0.0,0.0,5,0,0,0,1,Inner-SP-KW-Berberine Capsules-PAT,spCampaigns,US,INNERBRIGHTNESS,spCampaigns_innerbrightness_US_2026-03-21_2026-04-20.json,2026-04-21 01:59:12
31490,2026-04-21 01:59:12.493253,2026-04-21 01:59:12.493253,2026-04-11,24.49,1.2565418163160595,1,48.98,48.98,,48.98,0,1,ENABLED,2,300.0,2,2,2.44,2,158485660571374,0.53085600530856,0,,79.5835034708044,2,0,USD,,2,2,manual,48.98,0.68,0,24.49,0,2,38.98,1,DAILY_BUDGET,1,2,38.98,Amazon,48.98,48.98,3014,2,2,2,16,Inner-SP-KW-Berberine Capsules-EM-berberine supplement-2k,spCampaigns,US,INNERBRIGHTNESS,spCampaigns_innerbrightness_US_2026-03-21_2026-04-20.json,2026-04-21 01:59:12
31491,2026-04-21 01:59:12.493253,2026-04-21 01:59:12.493253,2026-04-12,0.0,0.0,0,0.0,0.0,,0.0,0,0,ENABLED,0,300.0,0,0,1.97,0,158485660571374,0.42674253200568996,0,,nan,0,0,USD,,0,0,manual,0.0,0.73,0,0.0,0,0,23.66,0,DAILY_BUDGET,0,0,23.66,Amazon,0.0,0.0,2812,0,0,0,12,Inner-SP-KW-Berberine Capsules-EM-berberine supplement-2k,spCampaigns,US,INNERBRIGHTNESS,spCampaigns_innerbrightness_US_2026-03-21_2026-04-20.json,2026-04-21 01:59:12
31492,2026-04-21 01:59:12.493253,2026-04-21 01:59:12.493253,2026-04-13,0.0,1.9959250203748982,0,24.49,24.49,,24.49,0,0,ENABLED,1,300.0,1,1,1.75,1,158485660571374,0.26943802925327176,0,,50.10208248264598,1,0,USD,,1,1,manual,24.49,0.2,0,0.0,0,1,12.27,0,DAILY_BUDGET,0,1,12.27,Amazon,24.49,24.49,2598,1,1,1,7,Inner-SP-KW-Berberine Capsules-EM-berberine supplement-2k,spCampaigns,US,INNERBRIGHTNESS,spCampaigns_innerbrightness_US_2026-03-21_2026-04-20.json,2026-04-21 01:59:12
31493,2026-04-21 01:59:12.493253,2026-04-21 01:59:12.493253,2026-04-14,24.49,0.8003267973856208,1,24.49,24.49,,24.49,0,1,ENABLED,1,300.0,1,1,2.78,1,158485660571374,0.3896563939071909,0,,124.94895875867702,1,0,USD,,1,1,manual,24.49,0.61,0,24.49,0,1,30.6,1,DAILY_BUDGET,1,1,30.6,Amazon,24.49,24.49,2823,1,1,1,11,Inner-SP-KW-Berberine Capsules-EM-berberine supplement-2k,spCampaigns,US,INNERBRIGHTNESS,spCampaigns_innerbrightness_US_2026-03-21_2026-04-20.json,2026-04-21 01:59:12
31494,2026-04-21 01:59:12.493253,2026-04-21 01:59:12.493253,2026-04-15,24.49,0.8003267973856208,1,24.49,24.49,,24.49,0,1,ENABLED,1,300.0,1,1,3.06,1,158485660571374,1.1123470522803114,0,,124.94895875867702,1,0,USD,,1,1,manual,24.49,0.54,0,24.49,0,1,30.6,1,DAILY_BUDGET,1,1,30.6,Amazon,24.49,24.49,899,1,1,1,10,Inner-SP-KW-Berberine Capsules-EM-berberine supplement-2k,spCampaigns,US,INNERBRIGHTNESS,spCampaigns_innerbrightness_US_2026-03-21_2026-04-20.json,2026-04-21 01:59:12
31495,2026-04-21 01:59:12.493253,2026-04-21 01:59:12.493253,2026-04-16,0.0,0.0,0,0.0,0.0,,0.0,0,0,ENABLED,0,300.0,0,0,3.39,0,158485660571374,0.9342156481121059,0,,nan,0,0,USD,,0,0,manual,0.0,1.36,0,0.0,0,0,81.33,0,DAILY_BUDGET,0,0,81.33,Amazon,0.0,0.0,2569,0,0,0,24,Inner-SP-KW-Berberine Capsules-EM-berberine supplement-2k,spCampaigns,US,INNERBRIGHTNESS,spCampaigns_innerbrightness_US_2026-03-21_2026-04-20.json,2026-04-21 01:59:12
31496,2026-04-21 01:59:12.493253,2026-04-21 01:59:12.493253,2026-04-17,97.96,1.6547368421052633,4,133.62,133.62,,133.62,0,4,ENABLED,5,300.0,5,6,3.67,6,158485660571374,0.8490930142802007,0,,60.43256997455471,6,0,USD,,6,6,manual,133.62,0.13,0,97.96,0,5,80.75,4,DAILY_BUDGET,4,6,80.75,Amazon,133.62,133.62,2591,5,5,5,22,Inner-SP-KW-Berberine Capsules-EM-berberine supplement-2k,spCampaigns,US,INNERBRIGHTNESS,spCampaigns_innerbrightness_US_2026-03-21_2026-04-20.json,2026-04-21 01:59:12
31500,2026-04-21 01:59:12.493253,2026-04-21 01:59:12.493253,2026-04-11,24.49,0.5384784520668425,1,24.49,24.49,,24.49,0,1,ENABLED,1,1.0,1,1,2.68,1,181887194239676,0.48949035416066805,0,,185.7084524295631,1,0,USD,,1,1,manual,24.49,0.0,0,24.49,0,1,45.48,1,DAILY_BUDGET,1,1,45.48,Amazon,24.49,24.49,3473,1,1,1,17,Inner-SP-KW-Berberine Capsules-BM-berberine with ceylon cinnamon-1w,spCampaigns,US,INNERBRIGHTNESS,spCampaigns_innerbrightness_US_2026-03-21_2026-04-20.json,2026-04-21 01:59:12
31501,2026-04-21 01:59:12.493253,2026-04-21 01:59:12.493253,2026-04-12,48.98,0.8951023391812866,2,48.98,48.98,,48.98,0,2,ENABLED,2,1.0,2,2,2.49,2,181887194239676,0.8181480104127928,0,,111.71906900775828,2,0,USD,,2,2,manual,48.98,0.0,0,48.98,0,2,54.72,2,DAILY_BUDGET,2,2,54.72,Amazon,48.98,48.98,2689,2,2,2,22,Inner-SP-KW-Berberine Capsules-BM-berberine with ceylon cinnamon-1w,spCampaigns,US,INNERBRIGHTNESS,spCampaigns_innerbrightness_US_2026-03-21_2026-04-20.json,2026-04-21 01:59:12
31502,2026-04-21 01:59:12.493253,2026-04-21 01:59:12.493253,2026-04-13,0.0,0.0,0,0.0,0.0,,0.0,0,0,ENABLED,0,1.0,0,0,2.7,0,181887194239676,0.7751937984496124,0,,nan,0,0,USD,,0,0,manual,0.0,0.0,0,0.0,0,0,5.4,0,DAILY_BUDGET,0,0,5.4,Amazon,0.0,0.0,258,0,0,0,2,Inner-SP-KW-Berberine Capsules-BM-berberine with ceylon cinnamon-1w,spCampaigns,US,INNERBRIGHTNESS,spCampaigns_innerbrightness_US_2026-03-21_2026-04-20.json,2026-04-21 01:59:12
31503,2026-04-21 01:59:12.493253,2026-04-21 01:59:12.493253,2026-04-14,0.0,0.0,0,0.0,0.0,,0.0,0,0,ENABLED,0,1.0,0,0,2.37,0,181887194239676,0.4368932038834952,0,,nan,0,0,USD,,0,0,manual,0.0,0.0,0,0.0,0,0,21.32,0,DAILY_BUDGET,0,0,21.32,Amazon,0.0,0.0,2060,0,0,0,9,Inner-SP-KW-Berberine Capsules-BM-berberine with ceylon cinnamon-1w,spCampaigns,US,INNERBRIGHTNESS,spCampaigns_innerbrightness_US_2026-03-21_2026-04-20.json,2026-04-21 01:59:12
31504,2026-04-21 01:59:12.493253,2026-04-21 01:59:12.493253,2026-04-15,0.0,0.0,0,0.0,0.0,,0.0,0,0,ENABLED,0,1.0,0,0,2.49,0,181887194239676,0.9205983889528193,0,,nan,0,0,USD,,0,0,manual,0.0,0.0,0,0.0,0,0,19.91,0,DAILY_BUDGET,0,0,19.91,Amazon,0.0,0.0,869,0,0,0,8,Inner-SP-KW-Berberine Capsules-BM-berberine with ceylon cinnamon-1w,spCampaigns,US,INNERBRIGHTNESS,spCampaigns_innerbrightness_US_2026-03-21_2026-04-20.json,2026-04-21 01:59:12
31505,2026-04-21 01:59:12.493253,2026-04-21 01:59:12.493253,2026-04-16,48.98,1.7054317548746518,2,48.98,48.98,,48.98,0,2,ENABLED,2,1.0,2,2,2.21,2,181887194239676,0.4485852311939268,0,,58.63617803184974,2,0,USD,,2,2,manual,48.98,0.0,0,48.98,0,2,28.72,2,DAILY_BUDGET,2,2,28.72,Amazon,48.98,48.98,2898,2,2,2,13,Inner-SP-KW-Berberine Capsules-BM-berberine with ceylon cinnamon-1w,spCampaigns,US,INNERBRIGHTNESS,spCampaigns_innerbrightness_US_2026-03-21_2026-04-20.json,2026-04-21 01:59:12
31506,2026-04-21 01:59:12.493253,2026-04-21 01:59:12.493253,2026-04-17,24.49,0.47822690880687363,1,24.49,24.49,,24.49,0,1,ENABLED,1,1.0,1,1,2.56,1,181887194239676,0.6335128286347799,0,,209.10575745202124,1,0,USD,,1,1,manual,24.49,0.0,0,24.49,0,1,51.21,1,DAILY_BUDGET,1,1,51.21,Amazon,24.49,24.49,3157,1,1,1,20,Inner-SP-KW-Berberine Capsules-BM-berberine with ceylon cinnamon-1w,spCampaigns,US,INNERBRIGHTNESS,spCampaigns_innerbrightness_US_2026-03-21_2026-04-20.json,2026-04-21 01:59:12
31510,2026-04-21 01:59:12.493253,2026-04-21 01:59:12.493253,2026-04-15,22.59,1.4324667089410272,1,45.18,45.18,,45.18,0,1,ENABLED,2,50.0,2,2,2.1,2,1182589332550,0.9715025906735751,0,,69.80965028773794,2,0,USD,,2,2,manual,45.18,0.29,0,22.59,0,2,31.54,1,DAILY_BUDGET,1,2,31.54,Amazon,45.18,45.18,1544,2,2,2,15,IB-SP-KW-inositol-myo inositol-PM,spCampaigns,US,INNERBRIGHTNESS,spCampaigns_innerbrightness_US_2026-03-21_2026-04-20.json,2026-04-21 01:59:12
31511,2026-04-21 01:59:12.493253,2026-04-21 01:59:12.493253,2026-04-16,22.59,2.277217741935484,1,22.59,22.59,,22.59,0,1,ENABLED,1,50.0,1,1,1.98,1,1182589332550,1.7857142857142856,0,,43.913235945108454,1,0,USD,,1,1,manual,22.59,0.34,0,22.59,0,1,9.92,1,DAILY_BUDGET,1,1,9.92,Amazon,22.59,22.59,280,1,1,1,5,IB-SP-KW-inositol-myo inositol-PM,spCampaigns,US,INNERBRIGHTNESS,spCampaigns_innerbrightness_US_2026-03-21_2026-04-20.json,2026-04-21 01:59:12
31512,2026-04-21 01:59:12.493253,2026-04-21 01:59:12.493253,2026-04-17,45.18,1.4965220271613116,2,45.18,45.18,,45.18,0,2,ENABLED,1,50.0,1,2,2.01,2,1182589332550,1.5923566878980893,0,,66.82160247897299,2,0,USD,,2,2,manual,45.18,0.57,0,45.18,0,1,30.19,1,DAILY_BUDGET,1,2,30.19,Amazon,45.18,45.18,942,1,1,1,15,IB-SP-KW-inositol-myo inositol-PM,spCampaigns,US,INNERBRIGHTNESS,spCampaigns_innerbrightness_US_2026-03-21_2026-04-20.json,2026-04-21 01:59:12
31516,2026-04-21 01:59:12.493253,2026-04-21 01:59:12.493253,2026-04-11,0.0,nan,0,0.0,0.0,,0.0,0,0,ENABLED,0,150.0,0,0,0.0,0,112480725342057,0.0,0,,nan,0,0,USD,,0,0,manual,0.0,0.0,0,0.0,0,0,0.0,0,DAILY_BUDGET,0,0,0.0,Amazon,0.0,0.0,1,0,0,0,0,Inner-SP-KW-NMN Capsules-nmn-EM-CPC-1.2w,spCampaigns,US,INNERBRIGHTNESS,spCampaigns_innerbrightness_US_2026-03-21_2026-04-20.json,2026-04-21 01:59:12
31517,2026-04-21 01:59:12.493253,2026-04-21 01:59:12.493253,2026-04-12,0.0,nan,0,0.0,0.0,,0.0,0,0,ENABLED,0,150.0,0,0,0.0,0,112480725342057,0.0,0,,nan,0,0,USD,,0,0,manual,0.0,0.0,0,0.0,0,0,0.0,0,DAILY_BUDGET,0,0,0.0,Amazon,0.0,0.0,7,0,0,0,0,Inner-SP-KW-NMN Capsules-nmn-EM-CPC-1.2w,spCampaigns,US,INNERBRIGHTNESS,spCampaigns_innerbrightness_US_2026-03-21_2026-04-20.json,2026-04-21 01:59:12
31518,2026-04-21 01:59:12.493253,2026-04-21 01:59:12.493253,2026-04-13,0.0,nan,0,0.0,0.0,,0.0,0,0,ENABLED,0,150.0,0,0,0.0,0,112480725342057,0.0,0,,nan,0,0,USD,,0,0,manual,0.0,0.0,0,0.0,0,0,0.0,0,DAILY_BUDGET,0,0,0.0,Amazon,0.0,0.0,3,0,0,0,0,Inner-SP-KW-NMN Capsules-nmn-EM-CPC-1.2w,spCampaigns,US,INNERBRIGHTNESS,spCampaigns_innerbrightness_US_2026-03-21_2026-04-20.json,2026-04-21 01:59:12
31519,2026-04-21 01:59:12.493253,2026-04-21 01:59:12.493253,2026-04-14,0.0,nan,0,0.0,0.0,,0.0,0,0,ENABLED,0,150.0,0,0,0.0,0,112480725342057,0.0,0,,nan,0,0,USD,,0,0,manual,0.0,0.0,0,0.0,0,0,0.0,0,DAILY_BUDGET,0,0,0.0,Amazon,0.0,0.0,2,0,0,0,0,Inner-SP-KW-NMN Capsules-nmn-EM-CPC-1.2w,spCampaigns,US,INNERBRIGHTNESS,spCampaigns_innerbrightness_US_2026-03-21_2026-04-20.json,2026-04-21 01:59:12
31520,2026-04-21 01:59:12.493253,2026-04-21 01:59:12.493253,2026-04-15,0.0,nan,0,0.0,0.0,,0.0,0,0,ENABLED,0,150.0,0,0,0.0,0,112480725342057,0.0,0,,nan,0,0,USD,,0,0,manual,0.0,0.0,0,0.0,0,0,0.0,0,DAILY_BUDGET,0,0,0.0,Amazon,0.0,0.0,1,0,0,0,0,Inner-SP-KW-NMN Capsules-nmn-EM-CPC-1.2w,spCampaigns,US,INNERBRIGHTNESS,spCampaigns_innerbrightness_US_2026-03-21_2026-04-20.json,2026-04-21 01:59:12
31521,2026-04-21 01:59:12.493253,2026-04-21 01:59:12.493253,2026-04-16,0.0,nan,0,0.0,0.0,,0.0,0,0,ENABLED,0,150.0,0,0,0.0,0,112480725342057,0.0,0,,nan,0,0,USD,,0,0,manual,0.0,0.0,0,0.0,0,0,0.0,0,DAILY_BUDGET,0,0,0.0,Amazon,0.0,0.0,6,0,0,0,0,Inner-SP-KW-NMN Capsules-nmn-EM-CPC-1.2w,spCampaigns,US,INNERBRIGHTNESS,spCampaigns_innerbrightness_US_2026-03-21_2026-04-20.json,2026-04-21 01:59:12
31522,2026-04-21 01:59:12.493253,2026-04-21 01:59:12.493253,2026-04-17,0.0,nan,0,0.0,0.0,,0.0,0,0,ENABLED,0,150.0,0,0,0.0,0,112480725342057,0.0,0,,nan,0,0,USD,,0,0,manual,0.0,0.0,0,0.0,0,0,0.0,0,DAILY_BUDGET,0,0,0.0,Amazon,0.0,0.0,2,0,0,0,0,Inner-SP-KW-NMN Capsules-nmn-EM-CPC-1.2w,spCampaigns,US,INNERBRIGHTNESS,spCampaigns_innerbrightness_US_2026-03-21_2026-04-20.json,2026-04-21 01:59:12
31526,2026-04-21 01:59:12.493253,2026-04-21 01:59:12.493253,2026-04-11,0.0,nan,0,0.0,0.0,,0.0,0,0,ENABLED,0,150.0,0,0,0.0,0,103105471930136,0.0,0,,nan,0,0,USD,,0,0,legacy,0.0,0.0,0,0.0,0,0,0.0,0,DAILY_BUDGET,0,0,0.0,Amazon,0.0,0.0,3,0,0,0,0,Inner-SP-KW-biotin gummies-EM-biotin gummies-1w,spCampaigns,US,INNERBRIGHTNESS,spCampaigns_innerbrightness_US_2026-03-21_2026-04-20.json,2026-04-21 01:59:12
31527,2026-04-21 01:59:12.493253,2026-04-21 01:59:12.493253,2026-04-12,0.0,nan,0,0.0,0.0,,0.0,0,0,ENABLED,0,150.0,0,0,0.0,0,103105471930136,0.0,0,,nan,0,0,USD,,0,0,legacy,0.0,0.07,0,0.0,0,0,0.0,0,DAILY_BUDGET,0,0,0.0,Amazon,0.0,0.0,30,0,0,0,0,Inner-SP-KW-biotin gummies-EM-biotin gummies-1w,spCampaigns,US,INNERBRIGHTNESS,spCampaigns_innerbrightness_US_2026-03-21_2026-04-20.json,2026-04-21 01:59:12
31528,2026-04-21 01:59:12.493253,2026-04-21 01:59:12.493253,2026-04-13,20.39,3.0207407407407407,1,40.78,40.78,,40.78,0,1,ENABLED,2,150.0,2,2,4.5,2,103105471930136,0.20297699594046006,0,,33.10446297204512,2,0,USD,,2,2,legacy,40.78,5.5,0,20.39,0,2,13.5,1,DAILY_BUDGET,1,2,13.5,Amazon,40.78,40.78,1478,2,2,2,3,Inner-SP-KW-biotin gummies-EM-biotin gummies-1w,spCampaigns,US,INNERBRIGHTNESS,spCampaigns_innerbrightness_US_2026-03-21_2026-04-20.json,2026-04-21 01:59:12
31529,2026-04-21 01:59:12.493253,2026-04-21 01:59:12.493253,2026-04-14,203.9,1.5953368281042173,10,203.9,203.9,,203.9,0,10,ENABLED,10,150.0,10,10,4.56,10,103105471930136,0.6224988883948421,0,,62.68268759195684,10,0,USD,,10,10,legacy,203.9,20.83,0,203.9,0,10,127.81,10,DAILY_BUDGET,10,10,127.81,Amazon,203.9,203.9,4498,10,10,10,28,Inner-SP-KW-biotin gummies-EM-biotin gummies-1w,spCampaigns,US,INNERBRIGHTNESS,spCampaigns_innerbrightness_US_2026-03-21_2026-04-20.json,2026-04-21 01:59:12
31530,2026-04-21 01:59:12.493253,2026-04-21 01:59:12.493253,2026-04-15,61.17,0.5261482883192844,3,61.17,61.17,,61.17,0,3,ENABLED,3,150.0,3,3,4.15,3,103105471930136,0.3626943005181347,0,,190.06048716691188,3,0,USD,,3,3,legacy,61.17,19.53,0,61.17,0,3,116.26,3,DAILY_BUDGET,3,3,116.26,Amazon,61.17,61.17,7720,3,3,3,28,Inner-SP-KW-biotin gummies-EM-biotin gummies-1w,spCampaigns,US,INNERBRIGHTNESS,spCampaigns_innerbrightness_US_2026-03-21_2026-04-20.json,2026-04-21 01:59:12
31531,2026-04-21 01:59:12.493253,2026-04-21 01:59:12.493253,2026-04-16,61.17,0.9835037622998264,3,101.95,101.95,,101.95,0,3,ENABLED,5,150.0,5,5,4.71,5,103105471930136,0.7352941176470588,0,,101.67729279058362,5,0,USD,,5,5,legacy,101.95,2.56,0,61.17,0,5,103.66,3,DAILY_BUDGET,3,5,103.66,Amazon,101.95,101.95,2992,5,5,5,22,Inner-SP-KW-biotin gummies-EM-biotin gummies-1w,spCampaigns,US,INNERBRIGHTNESS,spCampaigns_innerbrightness_US_2026-03-21_2026-04-20.json,2026-04-21 01:59:12
31532,2026-04-21 01:59:12.493253,2026-04-21 01:59:12.493253,2026-04-17,203.9,1.520733890214797,10,203.9,203.9,,203.9,0,10,ENABLED,10,150.0,10,10,4.97,10,103105471930136,0.847457627118644,0,,65.75772437469348,10,0,USD,,10,10,legacy,203.9,16.27,0,203.9,0,10,134.08,10,DAILY_BUDGET,10,10,134.08,Amazon,203.9,203.9,3186,10,10,10,27,Inner-SP-KW-biotin gummies-EM-biotin gummies-1w,spCampaigns,US,INNERBRIGHTNESS,spCampaigns_innerbrightness_US_2026-03-21_2026-04-20.json,2026-04-21 01:59:12
31536,2026-04-21 01:59:12.493253,2026-04-21 01:59:12.493253,2026-04-11,0.0,nan,0,0.0,0.0,,0.0,0,0,ENABLED,0,20.0,0,0,0.0,0,2960493459434,0.0,0,,nan,0,0,USD,,0,0,legacy,0.0,0.0,0,0.0,0,0,0.0,0,DAILY_BUDGET,0,0,0.0,Amazon,0.0,0.0,6,0,0,0,0,Inner-SP-KW-biotin gummies-Auto,spCampaigns,US,INNERBRIGHTNESS,spCampaigns_innerbrightness_US_2026-03-21_2026-04-20.json,2026-04-21 01:59:12
31537,2026-04-21 01:59:12.493253,2026-04-21 01:59:12.493253,2026-04-12,0.0,0.9374712643678161,0,20.39,20.39,,20.39,0,0,ENABLED,1,20.0,1,1,3.62,1,2960493459434,1.1650485436893203,0,,106.66993624325649,1,0,USD,,1,1,legacy,20.39,0.0,0,0.0,0,1,21.75,0,DAILY_BUDGET,0,1,21.75,Amazon,20.39,20.39,515,1,1,1,6,Inner-SP-KW-biotin gummies-Auto,spCampaigns,US,INNERBRIGHTNESS,spCampaigns_innerbrightness_US_2026-03-21_2026-04-20.json,2026-04-21 01:59:12
31538,2026-04-21 01:59:12.493253,2026-04-21 01:59:12.493253,2026-04-13,21.59,0.28755394205082535,1,41.98,41.98,,41.98,0,1,ENABLED,2,20.0,2,2,3.24,2,2960493459434,0.21930893318387834,0,,347.76083849452124,2,0,USD,,2,2,legacy,41.98,0.02,0,21.59,0,2,145.99,1,DAILY_BUDGET,1,2,145.99,Amazon,41.98,41.98,20519,2,2,2,45,Inner-SP-KW-biotin gummies-Auto,spCampaigns,US,INNERBRIGHTNESS,spCampaigns_innerbrightness_US_2026-03-21_2026-04-20.json,2026-04-21 01:59:12
31539,2026-04-21 01:59:12.493253,2026-04-21 01:59:12.493253,2026-04-14,40.78,2.45367027677497,2,40.78,40.78,,40.78,0,2,ENABLED,2,20.0,2,2,1.51,2,2960493459434,0.05512126678693125,0,,40.755272192251105,2,0,USD,,2,2,legacy,40.78,0.0,0,40.78,0,2,16.62,2,DAILY_BUDGET,2,2,16.62,Amazon,40.78,40.78,19956,2,2,2,11,Inner-SP-KW-biotin gummies-Auto,spCampaigns,US,INNERBRIGHTNESS,spCampaigns_innerbrightness_US_2026-03-21_2026-04-20.json,2026-04-21 01:59:12
31540,2026-04-21 01:59:12.493253,2026-04-21 01:59:12.493253,2026-04-15,81.56,3.350862777321282,4,81.56,81.56,,81.56,0,4,ENABLED,3,20.0,3,4,1.43,4,2960493459434,0.09213592759200044,0,,29.843060323688082,4,0,USD,,4,4,legacy,81.56,0.0,0,81.56,0,3,24.34,3,DAILY_BUDGET,3,4,24.34,Amazon,81.56,81.56,18451,3,3,3,17,Inner-SP-KW-biotin gummies-Auto,spCampaigns,US,INNERBRIGHTNESS,spCampaigns_innerbrightness_US_2026-03-21_2026-04-20.json,2026-04-21 01:59:12
31541,2026-04-21 01:59:12.493253,2026-04-21 01:59:12.493253,2026-04-16,0.0,0.0,0,0.0,0.0,,0.0,0,0,ENABLED,0,20.0,0,0,0.65,0,2960493459434,0.06824075337791728,0,,nan,0,0,USD,,0,0,legacy,0.0,0.0,0,0.0,0,0,6.51,0,DAILY_BUDGET,0,0,6.51,Amazon,0.0,0.0,14654,0,0,0,10,Inner-SP-KW-biotin gummies-Auto,spCampaigns,US,INNERBRIGHTNESS,spCampaigns_innerbrightness_US_2026-03-21_2026-04-20.json,2026-04-21 01:59:12
31542,2026-04-21 01:59:12.493253,2026-04-21 01:59:12.493253,2026-04-17,0.0,0.0,0,0.0,0.0,,0.0,0,0,ENABLED,0,20.0,0,0,0.64,0,2960493459434,0.013024225058609014,0,,nan,0,0,USD,,0,0,legacy,0.0,0.0,0,0.0,0,0,1.27,0,DAILY_BUDGET,0,0,1.27,Amazon,0.0,0.0,15356,0,0,0,2,Inner-SP-KW-biotin gummies-Auto,spCampaigns,US,INNERBRIGHTNESS,spCampaigns_innerbrightness_US_2026-03-21_2026-04-20.json,2026-04-21 01:59:12
31547,2026-04-21 01:59:12.493253,2026-04-21 01:59:12.493253,2026-04-11,68.97,1.3006612784717122,3,88.51,88.51,,88.51,0,3,ENABLED,4,145.0,4,4,3.78,4,57298629983623,2.6200873362445414,0,,76.88396791323014,4,0,USD,,4,4,legacy,88.51,3.56,0,68.97,0,4,68.05,3,DAILY_BUDGET,3,4,68.05,Amazon,88.51,88.51,687,4,4,4,18,Inner-SP-KW-VB-vitamin b complex-PM-3K,spCampaigns,US,INNERBRIGHTNESS,spCampaigns_innerbrightness_US_2026-03-21_2026-04-20.json,2026-04-21 01:59:12
31548,2026-04-21 01:59:12.493253,2026-04-21 01:59:12.493253,2026-04-12,68.97,1.4356786011656952,3,68.97,68.97,,68.97,0,3,ENABLED,3,145.0,3,3,4.0,3,57298629983623,1.8575851393188854,0,,69.65347252428592,3,0,USD,,3,3,legacy,68.97,2.97,0,68.97,0,3,48.04,3,DAILY_BUDGET,3,3,48.04,Amazon,68.97,68.97,646,3,3,3,12,Inner-SP-KW-VB-vitamin b complex-PM-3K,spCampaigns,US,INNERBRIGHTNESS,spCampaigns_innerbrightness_US_2026-03-21_2026-04-20.json,2026-04-21 01:59:12
31549,2026-04-21 01:59:12.493253,2026-04-21 01:59:12.493253,2026-04-13,58.62,0.9809236947791165,3,58.62,58.62,,58.62,0,3,ENABLED,3,145.0,3,3,3.98,3,57298629983623,1.9230769230769231,0,,101.94472876151484,3,0,USD,,3,3,legacy,58.62,4.85,0,58.62,0,3,59.76,3,DAILY_BUDGET,3,3,59.76,Amazon,58.62,58.62,780,3,3,3,15,Inner-SP-KW-VB-vitamin b complex-PM-3K,spCampaigns,US,INNERBRIGHTNESS,spCampaigns_innerbrightness_US_2026-03-21_2026-04-20.json,2026-04-21 01:59:12
31550,2026-04-21 01:59:12.493253,2026-04-21 01:59:12.493253,2026-04-14,97.7,1.1328849721706866,5,97.7,97.7,,97.7,0,5,ENABLED,5,145.0,5,5,3.92,5,57298629983623,2.6506024096385543,0,,88.27021494370521,5,0,USD,,5,5,legacy,97.7,5.77,0,97.7,0,5,86.24,5,DAILY_BUDGET,5,5,86.24,Amazon,97.7,97.7,830,5,5,5,22,Inner-SP-KW-VB-vitamin b complex-PM-3K,spCampaigns,US,INNERBRIGHTNESS,spCampaigns_innerbrightness_US_2026-03-21_2026-04-20.json,2026-04-21 01:59:12
31551,2026-04-21 01:59:12.493253,2026-04-21 01:59:12.493253,2026-04-15,58.59,0.7195136927422325,3,58.59,58.59,,58.59,0,3,ENABLED,3,145.0,3,3,4.07,3,57298629983623,2.4330900243309004,0,,138.9827615634067,3,0,USD,,3,3,legacy,58.59,5.94,0,58.59,0,3,81.43,3,DAILY_BUDGET,3,3,81.43,Amazon,58.59,58.59,822,3,3,3,20,Inner-SP-KW-VB-vitamin b complex-PM-3K,spCampaigns,US,INNERBRIGHTNESS,spCampaigns_innerbrightness_US_2026-03-21_2026-04-20.json,2026-04-21 01:59:12
31552,2026-04-21 01:59:12.493253,2026-04-21 01:59:12.493253,2026-04-16,0.0,0.0,0,0.0,0.0,,0.0,0,0,ENABLED,0,145.0,0,0,3.85,0,57298629983623,3.343949044585987,0,,nan,0,0,USD,,0,0,legacy,0.0,4.94,0,0.0,0,0,80.93,0,DAILY_BUDGET,0,0,80.93,Amazon,0.0,0.0,628,0,0,0,21,Inner-SP-KW-VB-vitamin b complex-PM-3K,spCampaigns,US,INNERBRIGHTNESS,spCampaigns_innerbrightness_US_2026-03-21_2026-04-20.json,2026-04-21 01:59:12
31553,2026-04-21 01:59:12.493253,2026-04-21 01:59:12.493253,2026-04-17,97.65,1.4555075272022657,5,97.65,97.65,,97.65,0,5,ENABLED,5,145.0,5,5,3.73,5,57298629983623,4.10958904109589,0,,68.70455709165387,5,0,USD,,5,5,legacy,97.65,5.45,0,97.65,0,5,67.09,5,DAILY_BUDGET,5,5,67.09,Amazon,97.65,97.65,438,5,5,5,18,Inner-SP-KW-VB-vitamin b complex-PM-3K,spCampaigns,US,INNERBRIGHTNESS,spCampaigns_innerbrightness_US_2026-03-21_2026-04-20.json,2026-04-21 01:59:12
31774,2026-04-21 01:59:12.493253,2026-04-21 01:59:12.493253,2026-04-15,0.0,nan,0,0.0,0.0,,0.0,0,0,PAUSED,0,1.0,0,0,0.0,0,345330397911117,nan,0,,nan,0,0,USD,,0,0,manual,0.0,nan,0,0.0,0,0,0.0,0,DAILY_BUDGET,0,0,0.0,Amazon,0.0,0.0,0,0,0,0,0,Inner-SP-KW-Complex-magnesium complex for women-EM-CPC-1k,spCampaigns,US,INNERBRIGHTNESS,spCampaigns_innerbrightness_US_2026-03-21_2026-04-20.json,2026-04-21 01:59:12
31557,2026-04-21 01:59:12.493253,2026-04-21 01:59:12.493253,2026-04-11,206.91,0.9982143581835153,9,245.97,245.97,,245.97,0,9,ENABLED,10,364.0,10,11,5.48,11,16573246879315,0.9733939000648929,0,,100.17888360369152,11,0,USD,,11,11,legacy,245.97,4.05,0,206.91,0,10,246.41,9,DAILY_BUDGET,9,11,246.41,Amazon,245.97,245.97,4623,10,10,10,45,Inner-SP-KW-VB-vitamin b complex-EM-3K,spCampaigns,US,INNERBRIGHTNESS,spCampaigns_innerbrightness_US_2026-03-21_2026-04-20.json,2026-04-21 01:59:12
31558,2026-04-21 01:59:12.493253,2026-04-21 01:59:12.493253,2026-04-12,68.97,0.5979632499446536,3,108.04,108.04,,108.04,0,3,ENABLED,5,364.0,5,5,5.31,5,16573246879315,0.6309148264984227,0,,167.23435764531655,5,0,USD,,5,5,legacy,108.04,3.29,0,68.97,0,5,180.68,3,DAILY_BUDGET,3,5,180.68,Amazon,108.04,108.04,5389,5,5,5,34,Inner-SP-KW-VB-vitamin b complex-EM-3K,spCampaigns,US,INNERBRIGHTNESS,spCampaigns_innerbrightness_US_2026-03-21_2026-04-20.json,2026-04-21 01:59:12
31559,2026-04-21 01:59:12.493253,2026-04-21 01:59:12.493253,2026-04-13,351.72,1.2065811915544316,18,410.31,410.31,,410.31,0,18,ENABLED,21,364.0,21,21,5.4,21,16573246879315,0.805523590333717,0,,82.87879895688626,21,0,USD,,21,21,legacy,410.31,10.87,0,351.72,0,21,340.06,18,DAILY_BUDGET,18,21,340.06,Amazon,410.31,410.31,7821,21,21,21,63,Inner-SP-KW-VB-vitamin b complex-EM-3K,spCampaigns,US,INNERBRIGHTNESS,spCampaigns_innerbrightness_US_2026-03-21_2026-04-20.json,2026-04-21 01:59:12
31560,2026-04-21 01:59:12.493253,2026-04-21 01:59:12.493253,2026-04-14,273.53,0.8146212647671994,14,293.06,293.06,,293.06,0,14,ENABLED,13,364.0,13,15,5.37,15,16573246879315,0.9411434190195251,0,,122.75643212993926,15,0,USD,,15,15,legacy,293.06,10.95,0,273.53,0,13,359.75,12,DAILY_BUDGET,12,15,359.75,Amazon,293.06,293.06,7119,13,13,13,67,Inner-SP-KW-VB-vitamin b complex-EM-3K,spCampaigns,US,INNERBRIGHTNESS,spCampaigns_innerbrightness_US_2026-03-21_2026-04-20.json,2026-04-21 01:59:12
31561,2026-04-21 01:59:12.493253,2026-04-21 01:59:12.493253,2026-04-15,273.42,0.9124462717249112,14,292.95,292.95,,292.95,0,14,ENABLED,14,364.0,14,15,4.86,15,16573246879315,0.4206769073873414,0,,109.59549411162315,15,0,USD,,15,15,legacy,292.95,6.4,0,273.42,0,14,321.06,13,DAILY_BUDGET,13,15,321.06,Amazon,292.95,292.95,15689,14,14,14,66,Inner-SP-KW-VB-vitamin b complex-EM-3K,spCampaigns,US,INNERBRIGHTNESS,spCampaigns_innerbrightness_US_2026-03-21_2026-04-20.json,2026-04-21 01:59:12
31562,2026-04-21 01:59:12.493253,2026-04-21 01:59:12.493253,2026-04-16,234.36,0.9292993378008645,12,234.36,234.36,,234.36,0,12,ENABLED,12,364.0,12,12,4.67,12,16573246879315,0.37604456824512533,0,,107.6079535756955,12,0,USD,,12,12,legacy,234.36,5.61,0,234.36,0,12,252.19,12,DAILY_BUDGET,12,12,252.19,Amazon,234.36,234.36,14360,12,12,12,54,Inner-SP-KW-VB-vitamin b complex-EM-3K,spCampaigns,US,INNERBRIGHTNESS,spCampaigns_innerbrightness_US_2026-03-21_2026-04-20.json,2026-04-21 01:59:12
31563,2026-04-21 01:59:12.493253,2026-04-21 01:59:12.493253,2026-04-17,312.48,1.26262481143596,16,351.54,351.54,,351.54,0,16,ENABLED,17,364.0,17,18,4.64,18,16573246879315,0.583373845405931,0,,79.20009102804802,18,0,USD,,18,18,legacy,351.54,7.14,0,312.48,0,17,278.42,15,DAILY_BUDGET,15,18,278.42,Amazon,351.54,351.54,10285,17,17,17,60,Inner-SP-KW-VB-vitamin b complex-EM-3K,spCampaigns,US,INNERBRIGHTNESS,spCampaigns_innerbrightness_US_2026-03-21_2026-04-20.json,2026-04-21 01:59:12
31567,2026-04-21 01:59:12.493253,2026-04-21 01:59:12.493253,2026-04-11,68.97,0.8077058203536713,3,68.97,68.97,,68.97,0,3,PAUSED,3,40.0,3,3,2.75,3,71902167295137,0.6076048608388867,0,,123.80745251558649,3,0,USD,,3,3,manual,68.97,0.0,0,68.97,0,3,85.39,3,DAILY_BUDGET,3,3,85.39,Amazon,68.97,68.97,5102,3,3,3,31,Inner-SP-VB-auto,spCampaigns,US,INNERBRIGHTNESS,spCampaigns_innerbrightness_US_2026-03-21_2026-04-20.json,2026-04-21 01:59:12
31568,2026-04-21 01:59:12.493253,2026-04-21 01:59:12.493253,2026-04-12,91.96,0.9992393784635444,4,91.96,91.96,,91.96,0,4,PAUSED,4,40.0,4,4,2.88,4,71902167295137,0.6589785831960462,0,,100.07612005219661,4,0,USD,,4,4,manual,91.96,0.0,0,91.96,0,4,92.03,4,DAILY_BUDGET,4,4,92.03,Amazon,91.96,91.96,4856,4,4,4,32,Inner-SP-VB-auto,spCampaigns,US,INNERBRIGHTNESS,spCampaigns_innerbrightness_US_2026-03-21_2026-04-20.json,2026-04-21 01:59:12
31569,2026-04-21 01:59:12.493253,2026-04-21 01:59:12.493253,2026-04-13,39.08,0.4243213897937025,2,39.08,39.08,,39.08,0,2,PAUSED,2,40.0,2,2,2.97,2,71902167295137,0.5757800891530461,0,,235.6704196519959,2,0,USD,,2,2,manual,39.08,0.0,0,39.08,0,2,92.1,2,DAILY_BUDGET,2,2,92.1,Amazon,39.08,39.08,5384,2,2,2,31,Inner-SP-VB-auto,spCampaigns,US,INNERBRIGHTNESS,spCampaigns_innerbrightness_US_2026-03-21_2026-04-20.json,2026-04-21 01:59:12
31570,2026-04-21 01:59:12.493253,2026-04-21 01:59:12.493253,2026-04-14,39.08,0.9135109864422627,2,39.08,39.08,,39.08,0,2,PAUSED,2,40.0,2,2,3.56,2,71902167295137,0.3607937462417318,0,,109.46775844421698,2,0,USD,,2,2,manual,39.08,0.0,0,39.08,0,2,42.78,2,DAILY_BUDGET,2,2,42.78,Amazon,39.08,39.08,3326,2,2,2,12,Inner-SP-VB-auto,spCampaigns,US,INNERBRIGHTNESS,spCampaigns_innerbrightness_US_2026-03-21_2026-04-20.json,2026-04-21 01:59:12
31571,2026-04-21 01:59:12.493253,2026-04-21 01:59:12.493253,2026-04-15,39.06,1.3623997209626788,2,39.06,39.06,,39.06,0,2,PAUSED,1,40.0,1,2,2.39,2,71902167295137,0.3386960203217612,0,,73.39989759344598,2,0,USD,,2,2,manual,39.06,0.0,0,39.06,0,1,28.67,1,DAILY_BUDGET,1,2,28.67,Amazon,39.06,39.06,3543,1,1,1,12,Inner-SP-VB-auto,spCampaigns,US,INNERBRIGHTNESS,spCampaigns_innerbrightness_US_2026-03-21_2026-04-20.json,2026-04-21 01:59:12
31572,2026-04-21 01:59:12.493253,2026-04-21 01:59:12.493253,2026-04-16,0.0,nan,0,0.0,0.0,,0.0,0,0,PAUSED,0,40.0,0,0,0.0,0,71902167295137,0.0,0,,nan,0,0,USD,,0,0,manual,0.0,0.0,0,0.0,0,0,0.0,0,DAILY_BUDGET,0,0,0.0,Amazon,0.0,0.0,62,0,0,0,0,Inner-SP-VB-auto,spCampaigns,US,INNERBRIGHTNESS,spCampaigns_innerbrightness_US_2026-03-21_2026-04-20.json,2026-04-21 01:59:12
31574,2026-04-21 01:59:12.493253,2026-04-21 01:59:12.493253,2026-04-11,22.99,0.5840955284552846,1,22.99,22.99,,22.99,0,1,ENABLED,1,180.0,1,1,6.56,1,133485526455499,1.9736842105263157,0,,171.2048716833406,1,0,USD,,1,1,legacy,22.99,5.86,0,22.99,0,1,39.36,1,DAILY_BUDGET,1,1,39.36,Amazon,22.99,22.99,304,1,1,1,6,Inner-SP-KW-VB-b complex-EM-8K,spCampaigns,US,INNERBRIGHTNESS,spCampaigns_innerbrightness_US_2026-03-21_2026-04-20.json,2026-04-21 01:59:12
31575,2026-04-21 01:59:12.493253,2026-04-21 01:59:12.493253,2026-04-12,45.98,1.1714876033057853,2,85.05,85.05,,85.05,0,2,ENABLED,4,180.0,4,4,6.6,4,133485526455499,3.4267912772585665,0,,85.3615520282187,4,0,USD,,4,4,legacy,85.05,5.86,0,45.98,0,4,72.6,2,DAILY_BUDGET,2,4,72.6,Amazon,85.05,85.05,321,4,4,4,11,Inner-SP-KW-VB-b complex-EM-8K,spCampaigns,US,INNERBRIGHTNESS,spCampaigns_innerbrightness_US_2026-03-21_2026-04-20.json,2026-04-21 01:59:12
31576,2026-04-21 01:59:12.493253,2026-04-21 01:59:12.493253,2026-04-13,58.62,0.7708621029788914,3,78.15,78.15,,78.15,0,3,ENABLED,4,180.0,4,4,6.34,4,133485526455499,2.26628895184136,0,,129.7248880358285,4,0,USD,,4,4,legacy,78.15,6.25,0,58.62,0,4,101.38,3,DAILY_BUDGET,3,4,101.38,Amazon,78.15,78.15,706,4,4,4,16,Inner-SP-KW-VB-b complex-EM-8K,spCampaigns,US,INNERBRIGHTNESS,spCampaigns_innerbrightness_US_2026-03-21_2026-04-20.json,2026-04-21 01:59:12
31577,2026-04-21 01:59:12.493253,2026-04-21 01:59:12.493253,2026-04-14,39.08,0.3982878108438646,2,39.08,39.08,,39.08,0,2,ENABLED,2,180.0,2,2,6.54,2,133485526455499,2.479338842975207,0,,251.07471852610033,2,0,USD,,2,2,legacy,39.08,7.79,0,39.08,0,2,98.12,2,DAILY_BUDGET,2,2,98.12,Amazon,39.08,39.08,605,2,2,2,15,Inner-SP-KW-VB-b complex-EM-8K,spCampaigns,US,INNERBRIGHTNESS,spCampaigns_innerbrightness_US_2026-03-21_2026-04-20.json,2026-04-21 01:59:12
31578,2026-04-21 01:59:12.493253,2026-04-21 01:59:12.493253,2026-04-15,97.65,0.7476456626598269,5,97.65,97.65,,97.65,0,5,ENABLED,5,180.0,5,5,6.22,5,133485526455499,2.1716649431230612,0,,133.7532002048131,5,0,USD,,5,5,legacy,97.65,10.33,0,97.65,0,5,130.61,5,DAILY_BUDGET,5,5,130.61,Amazon,97.65,97.65,967,5,5,5,21,Inner-SP-KW-VB-b complex-EM-8K,spCampaigns,US,INNERBRIGHTNESS,spCampaigns_innerbrightness_US_2026-03-21_2026-04-20.json,2026-04-21 01:59:12
31579,2026-04-21 01:59:12.493253,2026-04-21 01:59:12.493253,2026-04-16,39.06,0.30064655172413796,2,39.06,39.06,,39.06,0,2,ENABLED,2,180.0,2,2,5.91,2,133485526455499,1.3496932515337423,0,,332.6164874551971,2,0,USD,,2,2,legacy,39.06,10.14,0,39.06,0,2,129.92,2,DAILY_BUDGET,2,2,129.92,Amazon,39.06,39.06,1630,2,2,2,22,Inner-SP-KW-VB-b complex-EM-8K,spCampaigns,US,INNERBRIGHTNESS,spCampaigns_innerbrightness_US_2026-03-21_2026-04-20.json,2026-04-21 01:59:12
31580,2026-04-21 01:59:12.493253,2026-04-21 01:59:12.493253,2026-04-17,97.65,0.9842096421972115,5,117.18,117.18,,117.18,0,5,ENABLED,6,180.0,6,6,6.27,6,133485526455499,2.878787878787879,0,,101.60436934630484,6,0,USD,,6,6,legacy,117.18,7.42,0,97.65,0,6,119.06,5,DAILY_BUDGET,5,6,119.06,Amazon,117.18,117.18,660,6,6,6,19,Inner-SP-KW-VB-b complex-EM-8K,spCampaigns,US,INNERBRIGHTNESS,spCampaigns_innerbrightness_US_2026-03-21_2026-04-20.json,2026-04-21 01:59:12
31584,2026-04-21 01:59:12.493253,2026-04-21 01:59:12.493253,2026-04-11,22.99,0.8032844164919636,1,22.99,22.99,,22.99,0,1,ENABLED,1,30.0,1,1,4.77,1,86707689409336,0.9022556390977444,0,,124.48890822096566,1,0,USD,,1,1,manual,22.99,0.24,0,22.99,0,1,28.62,1,DAILY_BUDGET,1,1,28.62,Amazon,22.99,22.99,665,1,1,1,6,Campaign - 3/24/2026 08:56:17.623,spCampaigns,US,INNERBRIGHTNESS,spCampaigns_innerbrightness_US_2026-03-21_2026-04-20.json,2026-04-21 01:59:12
31585,2026-04-21 01:59:12.493253,2026-04-21 01:59:12.493253,2026-04-12,22.99,0.8480265584655109,1,22.99,22.99,,22.99,0,1,ENABLED,1,30.0,1,1,4.52,1,86707689409336,2.247191011235955,0,,117.92083514571554,1,0,USD,,1,1,manual,22.99,0.26,0,22.99,0,1,27.11,1,DAILY_BUDGET,1,1,27.11,Amazon,22.99,22.99,267,1,1,1,6,Campaign - 3/24/2026 08:56:17.623,spCampaigns,US,INNERBRIGHTNESS,spCampaigns_innerbrightness_US_2026-03-21_2026-04-20.json,2026-04-21 01:59:12
31586,2026-04-21 01:59:12.493253,2026-04-21 01:59:12.493253,2026-04-13,39.08,1.31009051290647,2,39.08,39.08,,39.08,0,2,ENABLED,1,30.0,1,2,4.26,2,86707689409336,0.38293216630196936,0,,76.33060388945752,2,0,USD,,2,2,manual,39.08,1.4,0,39.08,0,1,29.83,1,DAILY_BUDGET,1,2,29.83,Amazon,39.08,39.08,1828,1,1,1,7,Campaign - 3/24/2026 08:56:17.623,spCampaigns,US,INNERBRIGHTNESS,spCampaigns_innerbrightness_US_2026-03-21_2026-04-20.json,2026-04-21 01:59:12
31587,2026-04-21 01:59:12.493253,2026-04-21 01:59:12.493253,2026-04-14,19.54,0.6865776528460997,1,19.54,19.54,,19.54,0,1,ENABLED,1,30.0,1,1,4.74,1,86707689409336,1.9801980198019802,0,,145.64994882292734,1,0,USD,,1,1,manual,19.54,0.23,0,19.54,0,1,28.46,1,DAILY_BUDGET,1,1,28.46,Amazon,19.54,19.54,303,1,1,1,6,Campaign - 3/24/2026 08:56:17.623,spCampaigns,US,INNERBRIGHTNESS,spCampaigns_innerbrightness_US_2026-03-21_2026-04-20.json,2026-04-21 01:59:12
31588,2026-04-21 01:59:12.493253,2026-04-21 01:59:12.493253,2026-04-15,39.06,1.4286759326993417,2,39.06,39.06,,39.06,0,2,ENABLED,2,30.0,2,2,4.56,2,86707689409336,0.3188097768331562,0,,69.99487967229902,2,0,USD,,2,2,manual,39.06,0.74,0,39.06,0,2,27.34,2,DAILY_BUDGET,2,2,27.34,Amazon,39.06,39.06,1882,2,2,2,6,Campaign - 3/24/2026 08:56:17.623,spCampaigns,US,INNERBRIGHTNESS,spCampaigns_innerbrightness_US_2026-03-21_2026-04-20.json,2026-04-21 01:59:12
31589,2026-04-21 01:59:12.493253,2026-04-21 01:59:12.493253,2026-04-16,0.0,0.0,0,0.0,0.0,,0.0,0,0,ENABLED,0,30.0,0,0,3.42,0,86707689409336,0.23101357204735778,0,,nan,0,0,USD,,0,0,manual,0.0,0.58,0,0.0,0,0,27.36,0,DAILY_BUDGET,0,0,27.36,Amazon,0.0,0.0,3463,0,0,0,8,Campaign - 3/24/2026 08:56:17.623,spCampaigns,US,INNERBRIGHTNESS,spCampaigns_innerbrightness_US_2026-03-21_2026-04-20.json,2026-04-21 01:59:12
31590,2026-04-21 01:59:12.493253,2026-04-21 01:59:12.493253,2026-04-17,0.0,0.0,0,0.0,0.0,,0.0,0,0,ENABLED,0,30.0,0,0,4.76,0,86707689409336,0.32310177705977383,0,,nan,0,0,USD,,0,0,manual,0.0,1.84,0,0.0,0,0,28.58,0,DAILY_BUDGET,0,0,28.58,Amazon,0.0,0.0,1857,0,0,0,6,Campaign - 3/24/2026 08:56:17.623,spCampaigns,US,INNERBRIGHTNESS,spCampaigns_innerbrightness_US_2026-03-21_2026-04-20.json,2026-04-21 01:59:12
31594,2026-04-21 01:59:12.493253,2026-04-21 01:59:12.493253,2026-04-11,0.0,0.0,0,0.0,0.0,,0.0,0,0,ENABLED,0,40.0,0,0,4.08,0,90609254666494,0.646551724137931,0,,nan,0,0,USD,,0,0,legacy,0.0,0.0,0,0.0,0,0,12.24,0,DAILY_BUDGET,0,0,12.24,Amazon,0.0,0.0,464,0,0,0,3,Inner-SP-KW-biotin-biotin-EM-2K,spCampaigns,US,INNERBRIGHTNESS,spCampaigns_innerbrightness_US_2026-03-21_2026-04-20.json,2026-04-21 01:59:12
31595,2026-04-21 01:59:12.493253,2026-04-21 01:59:12.493253,2026-04-12,0.0,0.0,0,0.0,0.0,,0.0,0,0,ENABLED,0,40.0,0,0,3.54,0,90609254666494,0.149812734082397,0,,nan,0,0,USD,,0,0,legacy,0.0,0.0,0,0.0,0,0,7.07,0,DAILY_BUDGET,0,0,7.07,Amazon,0.0,0.0,1335,0,0,0,2,Inner-SP-KW-biotin-biotin-EM-2K,spCampaigns,US,INNERBRIGHTNESS,spCampaigns_innerbrightness_US_2026-03-21_2026-04-20.json,2026-04-21 01:59:12
31596,2026-04-21 01:59:12.493253,2026-04-21 01:59:12.493253,2026-04-13,64.77,0.8205820003854307,3,85.16,85.16,,85.16,0,3,ENABLED,4,40.0,4,4,3.58,4,90609254666494,0.20339458549586195,0,,121.86472522310945,4,0,USD,,4,4,legacy,85.16,0.12,0,64.77,0,4,103.78,3,DAILY_BUDGET,3,4,103.78,Amazon,85.16,85.16,14258,4,4,4,29,Inner-SP-KW-biotin-biotin-EM-2K,spCampaigns,US,INNERBRIGHTNESS,spCampaigns_innerbrightness_US_2026-03-21_2026-04-20.json,2026-04-21 01:59:12
31597,2026-04-21 01:59:12.493253,2026-04-21 01:59:12.493253,2026-04-14,122.34,1.4404077101624784,6,142.73,142.73,,142.73,0,6,ENABLED,7,40.0,7,7,3.81,7,90609254666494,0.23567802755620013,0,,69.42478806137463,7,0,USD,,7,7,legacy,142.73,0.0,0,122.34,0,7,99.09,6,DAILY_BUDGET,6,7,99.09,Amazon,142.73,142.73,11032,7,7,7,26,Inner-SP-KW-biotin-biotin-EM-2K,spCampaigns,US,INNERBRIGHTNESS,spCampaigns_innerbrightness_US_2026-03-21_2026-04-20.json,2026-04-21 01:59:12
31598,2026-04-21 01:59:12.493253,2026-04-21 01:59:12.493253,2026-04-15,81.56,0.9178483006977268,4,81.56,81.56,,81.56,0,4,ENABLED,4,40.0,4,4,3.55,4,90609254666494,0.1492091912861832,0,,108.95046591466404,4,0,USD,,4,4,legacy,81.56,0.0,0,81.56,0,4,88.86,4,DAILY_BUDGET,4,4,88.86,Amazon,81.56,81.56,16755,4,4,4,25,Inner-SP-KW-biotin-biotin-EM-2K,spCampaigns,US,INNERBRIGHTNESS,spCampaigns_innerbrightness_US_2026-03-21_2026-04-20.json,2026-04-21 01:59:12
31599,2026-04-21 01:59:12.493253,2026-04-21 01:59:12.493253,2026-04-16,20.39,0.4895558223289316,1,20.39,20.39,,20.39,0,1,ENABLED,1,40.0,1,1,3.2,1,90609254666494,0.24190547078526237,0,,204.26679744973026,1,0,USD,,1,1,legacy,20.39,0.0,0,20.39,0,1,41.65,1,DAILY_BUDGET,1,1,41.65,Amazon,20.39,20.39,5374,1,1,1,13,Inner-SP-KW-biotin-biotin-EM-2K,spCampaigns,US,INNERBRIGHTNESS,spCampaigns_innerbrightness_US_2026-03-21_2026-04-20.json,2026-04-21 01:59:12
31600,2026-04-21 01:59:12.493253,2026-04-21 01:59:12.493253,2026-04-17,81.56,2.9842663739480426,4,81.56,81.56,,81.56,0,4,ENABLED,4,40.0,4,4,3.9,4,90609254666494,0.10342789598108747,0,,33.509073075036774,4,0,USD,,4,4,legacy,81.56,0.0,0,81.56,0,4,27.33,4,DAILY_BUDGET,4,4,27.33,Amazon,81.56,81.56,6768,4,4,4,7,Inner-SP-KW-biotin-biotin-EM-2K,spCampaigns,US,INNERBRIGHTNESS,spCampaigns_innerbrightness_US_2026-03-21_2026-04-20.json,2026-04-21 01:59:12
31604,2026-04-21 01:59:12.493253,2026-04-21 01:59:12.493253,2026-04-11,91.96,0.8915172079495879,4,91.96,91.96,,91.96,0,4,ENABLED,4,140.0,4,4,4.48,4,124155407961116,1.6874541452677916,0,,112.16833405828623,4,0,USD,,4,4,legacy,91.96,0.0,0,91.96,0,4,103.15,4,DAILY_BUDGET,4,4,103.15,Amazon,91.96,91.96,1363,4,4,4,23,Inner-SP-KW-VB-methylated b complex-EM-1.9W,spCampaigns,US,INNERBRIGHTNESS,spCampaigns_innerbrightness_US_2026-03-21_2026-04-20.json,2026-04-21 01:59:12
31605,2026-04-21 01:59:12.493253,2026-04-21 01:59:12.493253,2026-04-12,45.98,0.784373933810986,2,45.98,45.98,,45.98,0,2,ENABLED,2,140.0,2,2,4.51,2,124155407961116,0.7510109763142693,0,,127.49021313614615,2,0,USD,,2,2,legacy,45.98,0.0,0,45.98,0,2,58.62,2,DAILY_BUDGET,2,2,58.62,Amazon,45.98,45.98,1731,2,2,2,13,Inner-SP-KW-VB-methylated b complex-EM-1.9W,spCampaigns,US,INNERBRIGHTNESS,spCampaigns_innerbrightness_US_2026-03-21_2026-04-20.json,2026-04-21 01:59:12
31606,2026-04-21 01:59:12.493253,2026-04-21 01:59:12.493253,2026-04-13,97.7,0.8794670987487623,5,97.7,97.7,,97.7,0,5,ENABLED,5,140.0,5,5,4.44,5,124155407961116,1.3034410844629822,0,,113.70522006141248,5,0,USD,,5,5,legacy,97.7,0.0,0,97.7,0,5,111.09,5,DAILY_BUDGET,5,5,111.09,Amazon,97.7,97.7,1918,5,5,5,25,Inner-SP-KW-VB-methylated b complex-EM-1.9W,spCampaigns,US,INNERBRIGHTNESS,spCampaigns_innerbrightness_US_2026-03-21_2026-04-20.json,2026-04-21 01:59:12
31607,2026-04-21 01:59:12.493253,2026-04-21 01:59:12.493253,2026-04-14,136.78,1.4652383502945903,7,136.78,136.78,,136.78,0,7,ENABLED,7,140.0,7,7,4.45,7,124155407961116,1.0510510510510511,0,,68.24828191256032,7,0,USD,,7,7,legacy,136.78,0.0,0,136.78,0,7,93.35,7,DAILY_BUDGET,7,7,93.35,Amazon,136.78,136.78,1998,7,7,7,21,Inner-SP-KW-VB-methylated b complex-EM-1.9W,spCampaigns,US,INNERBRIGHTNESS,spCampaigns_innerbrightness_US_2026-03-21_2026-04-20.json,2026-04-21 01:59:12
31608,2026-04-21 01:59:12.493253,2026-04-21 01:59:12.493253,2026-04-15,97.65,0.7797652319731694,5,97.65,97.65,,97.65,0,5,ENABLED,5,140.0,5,5,4.47,5,124155407961116,1.342925659472422,0,,128.2437275985663,5,0,USD,,5,5,legacy,97.65,0.0,0,97.65,0,5,125.23,5,DAILY_BUDGET,5,5,125.23,Amazon,97.65,97.65,2085,5,5,5,28,Inner-SP-KW-VB-methylated b complex-EM-1.9W,spCampaigns,US,INNERBRIGHTNESS,spCampaigns_innerbrightness_US_2026-03-21_2026-04-20.json,2026-04-21 01:59:12
31609,2026-04-21 01:59:12.493253,2026-04-21 01:59:12.493253,2026-04-16,39.06,0.5165983335537627,2,39.06,39.06,,39.06,0,2,ENABLED,2,140.0,2,2,4.45,2,124155407961116,0.9204114780725501,0,,193.57398873527904,2,0,USD,,2,2,legacy,39.06,0.0,0,39.06,0,2,75.61,2,DAILY_BUDGET,2,2,75.61,Amazon,39.06,39.06,1847,2,2,2,17,Inner-SP-KW-VB-methylated b complex-EM-1.9W,spCampaigns,US,INNERBRIGHTNESS,spCampaigns_innerbrightness_US_2026-03-21_2026-04-20.json,2026-04-21 01:59:12
31610,2026-04-21 01:59:12.493253,2026-04-21 01:59:12.493253,2026-04-17,58.59,0.5663058186738837,3,58.59,58.59,,58.59,0,3,ENABLED,3,140.0,3,3,4.31,3,124155407961116,1.3969732246798603,0,,176.58303464755076,3,0,USD,,3,3,legacy,58.59,0.0,0,58.59,0,3,103.46,3,DAILY_BUDGET,3,3,103.46,Amazon,58.59,58.59,1718,3,3,3,24,Inner-SP-KW-VB-methylated b complex-EM-1.9W,spCampaigns,US,INNERBRIGHTNESS,spCampaigns_innerbrightness_US_2026-03-21_2026-04-20.json,2026-04-21 01:59:12
31775,2026-04-21 01:59:12.493253,2026-04-21 01:59:12.493253,2026-04-16,0.0,nan,0,0.0,0.0,,0.0,0,0,PAUSED,0,1.0,0,0,0.0,0,345330397911117,nan,0,,nan,0,0,USD,,0,0,manual,0.0,nan,0,0.0,0,0,0.0,0,DAILY_BUDGET,0,0,0.0,Amazon,0.0,0.0,0,0,0,0,0,Inner-SP-KW-Complex-magnesium complex for women-EM-CPC-1k,spCampaigns,US,INNERBRIGHTNESS,spCampaigns_innerbrightness_US_2026-03-21_2026-04-20.json,2026-04-21 01:59:12
31614,2026-04-21 01:59:12.493253,2026-04-21 01:59:12.493253,2026-04-11,0.0,0.0,0,0.0,0.0,,0.0,0,0,ENABLED,0,20.0,0,0,5.32,0,250659622813733,0.5813953488372093,0,,nan,0,0,USD,,0,0,legacy,0.0,17.1,0,0.0,0,0,15.96,0,DAILY_BUDGET,0,0,15.96,Amazon,0.0,0.0,516,0,0,0,3,Inner-SP-KW-VB-b vitamins complex-EM-1W,spCampaigns,US,INNERBRIGHTNESS,spCampaigns_innerbrightness_US_2026-03-21_2026-04-20.json,2026-04-21 01:59:12
31615,2026-04-21 01:59:12.493253,2026-04-21 01:59:12.493253,2026-04-12,68.97,2.383206634416033,3,68.97,68.97,,68.97,0,3,ENABLED,3,20.0,3,3,4.13,3,250659622813733,0.9762900976290098,0,,41.96027258228215,3,0,USD,,3,3,legacy,68.97,14.48,0,68.97,0,3,28.94,3,DAILY_BUDGET,3,3,28.94,Amazon,68.97,68.97,717,3,3,3,7,Inner-SP-KW-VB-b vitamins complex-EM-1W,spCampaigns,US,INNERBRIGHTNESS,spCampaigns_innerbrightness_US_2026-03-21_2026-04-20.json,2026-04-21 01:59:12
31616,2026-04-21 01:59:12.493253,2026-04-21 01:59:12.493253,2026-04-13,39.08,0.5058244887393217,2,39.08,39.08,,39.08,0,2,ENABLED,2,20.0,2,2,4.54,2,250659622813733,0.6576402321083172,0,,197.69703172978507,2,0,USD,,2,2,legacy,39.08,22.08,0,39.08,0,2,77.26,2,DAILY_BUDGET,2,2,77.26,Amazon,39.08,39.08,2585,2,2,2,17,Inner-SP-KW-VB-b vitamins complex-EM-1W,spCampaigns,US,INNERBRIGHTNESS,spCampaigns_innerbrightness_US_2026-03-21_2026-04-20.json,2026-04-21 01:59:12
31617,2026-04-21 01:59:12.493253,2026-04-21 01:59:12.493253,2026-04-14,39.08,0.7557532392187197,2,39.08,39.08,,39.08,0,2,ENABLED,2,20.0,2,2,4.31,2,250659622813733,0.4261363636363636,0,,132.31832139201637,2,0,USD,,2,2,legacy,39.08,20.3,0,39.08,0,2,51.71,2,DAILY_BUDGET,2,2,51.71,Amazon,39.08,39.08,2816,2,2,2,12,Inner-SP-KW-VB-b vitamins complex-EM-1W,spCampaigns,US,INNERBRIGHTNESS,spCampaigns_innerbrightness_US_2026-03-21_2026-04-20.json,2026-04-21 01:59:12
31618,2026-04-21 01:59:12.493253,2026-04-21 01:59:12.493253,2026-04-15,0.0,0.0,0,0.0,0.0,,0.0,0,0,ENABLED,0,20.0,0,0,4.48,0,250659622813733,0.21330230754314522,0,,nan,0,0,USD,,0,0,legacy,0.0,23.28,0,0.0,0,0,49.26,0,DAILY_BUDGET,0,0,49.26,Amazon,0.0,0.0,5157,0,0,0,11,Inner-SP-KW-VB-b vitamins complex-EM-1W,spCampaigns,US,INNERBRIGHTNESS,spCampaigns_innerbrightness_US_2026-03-21_2026-04-20.json,2026-04-21 01:59:12
31619,2026-04-21 01:59:12.493253,2026-04-21 01:59:12.493253,2026-04-16,39.06,0.9843750000000001,2,39.06,39.06,,39.06,0,2,ENABLED,2,20.0,2,2,4.96,2,250659622813733,0.520494469746259,0,,101.58730158730158,2,0,USD,,2,2,legacy,39.06,9.27,0,39.06,0,2,39.68,2,DAILY_BUDGET,2,2,39.68,Amazon,39.06,39.06,1537,2,2,2,8,Inner-SP-KW-VB-b vitamins complex-EM-1W,spCampaigns,US,INNERBRIGHTNESS,spCampaigns_innerbrightness_US_2026-03-21_2026-04-20.json,2026-04-21 01:59:12
31620,2026-04-21 01:59:12.493253,2026-04-21 01:59:12.493253,2026-04-17,58.59,0.9646032268686203,3,58.59,58.59,,58.59,0,3,ENABLED,3,20.0,3,3,3.57,3,250659622813733,0.4233067729083665,0,,103.66956818569722,3,0,USD,,3,3,legacy,58.59,24.47,0,58.59,0,3,60.74,3,DAILY_BUDGET,3,3,60.74,Amazon,58.59,58.59,4016,3,3,3,17,Inner-SP-KW-VB-b vitamins complex-EM-1W,spCampaigns,US,INNERBRIGHTNESS,spCampaigns_innerbrightness_US_2026-03-21_2026-04-20.json,2026-04-21 01:59:12
31624,2026-04-21 01:59:12.493253,2026-04-21 01:59:12.493253,2026-04-11,22.99,0.5935966950684224,1,22.99,22.99,,22.99,0,1,ENABLED,1,20.0,1,1,4.3,1,36760962650554,0.7395234182415776,0,,168.46454980426273,1,0,USD,,1,1,legacy,22.99,0.08,0,22.99,0,1,38.73,1,DAILY_BUDGET,1,1,38.73,Amazon,22.99,22.99,1217,1,1,1,9,Inner-SP-KW-VB-b complex vitamins-EM-1W,spCampaigns,US,INNERBRIGHTNESS,spCampaigns_innerbrightness_US_2026-03-21_2026-04-20.json,2026-04-21 01:59:12
31627,2026-04-21 01:59:12.493253,2026-04-21 01:59:12.493253,2026-04-14,39.08,0.583022527226615,2,39.08,39.08,,39.08,0,2,ENABLED,2,20.0,2,2,4.19,2,36760962650554,0.8238928939237898,0,,171.51995905834187,2,0,USD,,2,2,legacy,39.08,2.43,0,39.08,0,2,67.03,2,DAILY_BUDGET,2,2,67.03,Amazon,39.08,39.08,1942,2,2,2,16,Inner-SP-KW-VB-b complex vitamins-EM-1W,spCampaigns,US,INNERBRIGHTNESS,spCampaigns_innerbrightness_US_2026-03-21_2026-04-20.json,2026-04-21 01:59:12
31628,2026-04-21 01:59:12.493253,2026-04-21 01:59:12.493253,2026-04-15,78.12,1.1937652811735942,4,78.12,78.12,,78.12,0,4,ENABLED,3,20.0,3,4,4.36,4,36760962650554,0.5115961800818555,0,,83.76856118791602,4,0,USD,,4,4,legacy,78.12,1.14,0,78.12,0,3,65.44,3,DAILY_BUDGET,3,4,65.44,Amazon,78.12,78.12,2932,3,3,3,15,Inner-SP-KW-VB-b complex vitamins-EM-1W,spCampaigns,US,INNERBRIGHTNESS,spCampaigns_innerbrightness_US_2026-03-21_2026-04-20.json,2026-04-21 01:59:12
31629,2026-04-21 01:59:12.493253,2026-04-21 01:59:12.493253,2026-04-16,0.0,0.0,0,0.0,0.0,,0.0,0,0,ENABLED,0,20.0,0,0,3.81,0,36760962650554,0.2824858757062147,0,,nan,0,0,USD,,0,0,legacy,0.0,0.0,0,0.0,0,0,22.85,0,DAILY_BUDGET,0,0,22.85,Amazon,0.0,0.0,2124,0,0,0,6,Inner-SP-KW-VB-b complex vitamins-EM-1W,spCampaigns,US,INNERBRIGHTNESS,spCampaigns_innerbrightness_US_2026-03-21_2026-04-20.json,2026-04-21 01:59:12
31630,2026-04-21 01:59:12.493253,2026-04-21 01:59:12.493253,2026-04-17,19.53,0.6503496503496504,1,19.53,19.53,,19.53,0,1,ENABLED,1,20.0,1,1,4.29,1,36760962650554,0.3514056224899598,0,,153.76344086021504,1,0,USD,,1,1,legacy,19.53,0.0,0,19.53,0,1,30.03,1,DAILY_BUDGET,1,1,30.03,Amazon,19.53,19.53,1992,1,1,1,7,Inner-SP-KW-VB-b complex vitamins-EM-1W,spCampaigns,US,INNERBRIGHTNESS,spCampaigns_innerbrightness_US_2026-03-21_2026-04-20.json,2026-04-21 01:59:12
31634,2026-04-21 01:59:12.493253,2026-04-21 01:59:12.493253,2026-04-11,59.97,0.6405853186600556,4,59.97,105.94,,59.97,0,3,ENABLED,3,300.0,5,3,2.43,5,31526300125663,0.7647323436797121,0,,156.10723050783463,5,0,USD,,3,5,manual,59.97,0.12,0,80.96,0,3,165.38,3,DAILY_BUDGET,4,3,165.38,Amazon,105.94,105.94,8892,3,5,5,68,Inner-SP-Auto-gumm-magnesium-CPC-New,spCampaigns,US,INNERBRIGHTNESS,spCampaigns_innerbrightness_US_2026-03-21_2026-04-20.json,2026-04-21 01:59:12
31635,2026-04-21 01:59:12.493253,2026-04-21 01:59:12.493253,2026-04-12,19.99,0.48613813229571984,1,19.99,19.99,,19.99,0,1,ENABLED,1,300.0,1,1,2.74,1,31526300125663,0.667853962600178,0,,205.70285142571288,1,0,USD,,1,1,manual,19.99,0.11,0,19.99,0,1,41.12,1,DAILY_BUDGET,1,1,41.12,Amazon,19.99,19.99,2246,1,1,1,15,Inner-SP-Auto-gumm-magnesium-CPC-New,spCampaigns,US,INNERBRIGHTNESS,spCampaigns_innerbrightness_US_2026-03-21_2026-04-20.json,2026-04-21 01:59:12
31636,2026-04-21 01:59:12.493253,2026-04-21 01:59:12.493253,2026-04-13,27.98,1.0164750110570544,4,41.97,91.93,,41.97,0,2,ENABLED,3,300.0,5,3,2.58,5,31526300125663,1.440922190201729,0,,98.37920156640921,5,0,USD,,3,5,manual,41.97,0.05,0,77.94,0,3,90.44,2,DAILY_BUDGET,4,3,90.44,Amazon,91.93,91.93,2429,3,5,5,35,Inner-SP-Auto-gumm-magnesium-CPC-New,spCampaigns,US,INNERBRIGHTNESS,spCampaigns_innerbrightness_US_2026-03-21_2026-04-20.json,2026-04-21 01:59:12
31637,2026-04-21 01:59:12.493253,2026-04-21 01:59:12.493253,2026-04-14,181.87,0.9857980269742171,14,181.87,206.85,,181.87,0,13,ENABLED,13,300.0,14,13,2.66,14,31526300125663,1.5975733063700708,0,,101.44065748126663,14,0,USD,,13,14,manual,181.87,0.27,0,206.85,0,13,209.83,13,DAILY_BUDGET,14,13,209.83,Amazon,206.85,206.85,4945,13,14,14,79,Inner-SP-Auto-gumm-magnesium-CPC-New,spCampaigns,US,INNERBRIGHTNESS,spCampaigns_innerbrightness_US_2026-03-21_2026-04-20.json,2026-04-21 01:59:12
31638,2026-04-21 01:59:12.493253,2026-04-21 01:59:12.493253,2026-04-15,209.85,1.0451753605127292,16,209.85,234.83,,209.85,0,15,ENABLED,15,300.0,16,15,2.58,16,31526300125663,3.1647871953437616,0,,95.67772431120385,16,0,USD,,15,16,manual,209.85,0.64,0,234.83,0,15,224.68,15,DAILY_BUDGET,16,15,224.68,Amazon,234.83,234.83,2749,15,16,16,87,Inner-SP-Auto-gumm-magnesium-CPC-New,spCampaigns,US,INNERBRIGHTNESS,spCampaigns_innerbrightness_US_2026-03-21_2026-04-20.json,2026-04-21 01:59:12
31639,2026-04-21 01:59:12.493253,2026-04-21 01:59:12.493253,2026-04-16,363.74,1.8449074074074072,29,405.71,526.02,,405.71,0,26,ENABLED,26,300.0,31,29,2.66,34,31526300125663,5.179090029041626,0,,54.20326223337516,34,0,USD,,29,34,manual,405.71,0.99,0,438.68,0,26,285.12,23,DAILY_BUDGET,26,29,285.12,Amazon,526.02,526.02,2066,26,31,31,107,Inner-SP-Auto-gumm-magnesium-CPC-New,spCampaigns,US,INNERBRIGHTNESS,spCampaigns_innerbrightness_US_2026-03-21_2026-04-20.json,2026-04-21 01:59:12
31640,2026-04-21 01:59:12.493253,2026-04-21 01:59:12.493253,2026-04-17,97.93,0.9771046983067015,8,97.93,122.91,,97.93,0,7,ENABLED,6,300.0,7,7,2.47,8,31526300125663,3.136531365313653,0,,102.34317793507446,8,0,USD,,7,8,manual,97.93,0.63,0,122.91,0,6,125.79,6,DAILY_BUDGET,7,7,125.79,Amazon,122.91,122.91,1626,6,7,7,51,Inner-SP-Auto-gumm-magnesium-CPC-New,spCampaigns,US,INNERBRIGHTNESS,spCampaigns_innerbrightness_US_2026-03-21_2026-04-20.json,2026-04-21 01:59:12
31644,2026-04-21 01:59:12.493253,2026-04-21 01:59:12.493253,2026-04-15,167.88,1.7737094837935172,13,181.87,206.85,,181.87,0,12,ENABLED,13,300.0,14,13,3.33,14,203667979592011,5.833333333333333,0,,56.37901861252116,14,0,USD,,13,14,optimizeForSales,181.87,97.8,0,192.86,0,13,116.62,12,DAILY_BUDGET,13,13,116.62,Amazon,206.85,206.85,600,13,14,14,35,Inner-SP-PT-gumm-mag-Defend-CPC,spCampaigns,US,INNERBRIGHTNESS,spCampaigns_innerbrightness_US_2026-03-21_2026-04-20.json,2026-04-21 01:59:12
31645,2026-04-21 01:59:12.493253,2026-04-21 01:59:12.493253,2026-04-16,0.0,0.0,0,0.0,0.0,,0.0,0,0,ENABLED,0,300.0,0,0,1.42,0,203667979592011,7.6923076923076925,0,,nan,0,0,USD,,0,0,optimizeForSales,0.0,2.56,0,0.0,0,0,1.42,0,DAILY_BUDGET,0,0,1.42,Amazon,0.0,0.0,13,0,0,0,1,Inner-SP-PT-gumm-mag-Defend-CPC,spCampaigns,US,INNERBRIGHTNESS,spCampaigns_innerbrightness_US_2026-03-21_2026-04-20.json,2026-04-21 01:59:12
31646,2026-04-21 01:59:12.493253,2026-04-21 01:59:12.493253,2026-04-17,0.0,0.0,0,0.0,0.0,,0.0,0,0,ENABLED,0,300.0,0,0,1.85,0,203667979592011,5.555555555555555,0,,nan,0,0,USD,,0,0,optimizeForSales,0.0,1.0,0,0.0,0,0,1.85,0,DAILY_BUDGET,0,0,1.85,Amazon,0.0,0.0,18,0,0,0,1,Inner-SP-PT-gumm-mag-Defend-CPC,spCampaigns,US,INNERBRIGHTNESS,spCampaigns_innerbrightness_US_2026-03-21_2026-04-20.json,2026-04-21 01:59:12
31650,2026-04-21 01:59:12.493253,2026-04-21 01:59:12.493253,2026-04-11,629.79,1.9020136356429367,31,689.77,1079.64,,689.77,0,21,ENABLED,22,1000.0,35,23,4.4,36,297069838936079,1.0302691478316428,0,,52.57585861953984,36,0,USD,,23,36,manual,689.77,2.0,0,929.69,0,22,567.63,20,DAILY_BUDGET,30,23,567.63,Amazon,1079.64,1079.64,12521,22,35,35,129,Inner-SP-KW-Creatine Gummies-creatine gummies-EM-CPC-800,spCampaigns,US,INNERBRIGHTNESS,spCampaigns_innerbrightness_US_2026-03-21_2026-04-20.json,2026-04-21 01:59:12
31651,2026-04-21 01:59:12.493253,2026-04-21 01:59:12.493253,2026-04-12,929.69,1.9995651669758814,41,1019.66,1379.54,,1019.66,0,31,ENABLED,33,1000.0,45,34,4.39,46,297069838936079,0.8329796264855688,0,,50.010873189613925,46,0,USD,,34,46,manual,1019.66,2.48,0,1229.59,0,33,689.92,30,DAILY_BUDGET,40,34,689.92,Amazon,1379.54,1379.54,18848,33,45,45,157,Inner-SP-KW-Creatine Gummies-creatine gummies-EM-CPC-800,spCampaigns,US,INNERBRIGHTNESS,spCampaigns_innerbrightness_US_2026-03-21_2026-04-20.json,2026-04-21 01:59:12
31652,2026-04-21 01:59:12.493253,2026-04-21 01:59:12.493253,2026-04-13,809.73,1.3302612124199114,35,839.72,1079.64,,839.72,0,27,ENABLED,27,1000.0,35,28,4.51,36,297069838936079,0.7743600774360078,0,,75.17320588344263,36,0,USD,,28,36,manual,839.72,2.76,0,1049.65,0,27,811.6,26,DAILY_BUDGET,34,28,811.6,Amazon,1079.64,1079.64,23245,27,35,35,180,Inner-SP-KW-Creatine Gummies-creatine gummies-EM-CPC-800,spCampaigns,US,INNERBRIGHTNESS,spCampaigns_innerbrightness_US_2026-03-21_2026-04-20.json,2026-04-21 01:59:12
31653,2026-04-21 01:59:12.493253,2026-04-21 01:59:12.493253,2026-04-14,869.71,1.6608955447772389,41,909.99,1328.65,,909.99,0,29,ENABLED,31,1000.0,45,31,4.44,45,297069838936079,0.873065916476694,0,,60.20848229405787,45,0,USD,,31,45,manual,909.99,3.01,0,1229.59,0,31,799.96,29,DAILY_BUDGET,41,31,799.96,Amazon,1328.65,1328.65,20617,31,45,45,180,Inner-SP-KW-Creatine Gummies-creatine gummies-EM-CPC-800,spCampaigns,US,INNERBRIGHTNESS,spCampaigns_innerbrightness_US_2026-03-21_2026-04-20.json,2026-04-21 01:59:12
31654,2026-04-21 01:59:12.493253,2026-04-21 01:59:12.493253,2026-04-15,899.7,1.9710955642864447,42,989.67,1349.55,,989.67,0,30,ENABLED,32,1000.0,44,33,4.69,45,297069838936079,0.7860026917900405,0,,50.733207365418096,45,0,USD,,33,45,manual,989.67,3.35,0,1259.58,0,32,684.67,29,DAILY_BUDGET,41,33,684.67,Amazon,1349.55,1349.55,18575,32,44,44,146,Inner-SP-KW-Creatine Gummies-creatine gummies-EM-CPC-800,spCampaigns,US,INNERBRIGHTNESS,spCampaigns_innerbrightness_US_2026-03-21_2026-04-20.json,2026-04-21 01:59:12
31655,2026-04-21 01:59:12.493253,2026-04-21 01:59:12.493253,2026-04-16,599.8,1.3260660748071604,28,640.1,911.14,,640.1,0,20,ENABLED,22,1000.0,32,22,4.55,32,297069838936079,0.5622789052318005,0,,75.41102355291174,32,0,USD,,22,32,manual,640.1,5.2,0,823.72,0,22,687.1,20,DAILY_BUDGET,28,22,687.1,Amazon,911.14,911.14,26855,22,32,32,151,Inner-SP-KW-Creatine Gummies-creatine gummies-EM-CPC-800,spCampaigns,US,INNERBRIGHTNESS,spCampaigns_innerbrightness_US_2026-03-21_2026-04-20.json,2026-04-21 01:59:12
31776,2026-04-21 01:59:12.493253,2026-04-21 01:59:12.493253,2026-04-17,0.0,nan,0,0.0,0.0,,0.0,0,0,PAUSED,0,1.0,0,0,0.0,0,345330397911117,nan,0,,nan,0,0,USD,,0,0,manual,0.0,nan,0,0.0,0,0,0.0,0,DAILY_BUDGET,0,0,0.0,Amazon,0.0,0.0,0,0,0,0,0,Inner-SP-KW-Complex-magnesium complex for women-EM-CPC-1k,spCampaigns,US,INNERBRIGHTNESS,spCampaigns_innerbrightness_US_2026-03-21_2026-04-20.json,2026-04-21 01:59:12
31656,2026-04-21 01:59:12.493253,2026-04-21 01:59:12.493253,2026-04-17,539.82,1.3421947726459005,30,539.82,899.7,,539.82,0,18,ENABLED,18,1000.0,30,18,4.53,30,297069838936079,0.5301809063227655,0,,74.50483494498165,30,0,USD,,18,30,manual,539.82,4.14,0,899.7,0,18,670.32,18,DAILY_BUDGET,30,18,670.32,Amazon,899.7,899.7,27915,18,30,30,148,Inner-SP-KW-Creatine Gummies-creatine gummies-EM-CPC-800,spCampaigns,US,INNERBRIGHTNESS,spCampaigns_innerbrightness_US_2026-03-21_2026-04-20.json,2026-04-21 01:59:12
31660,2026-04-21 01:59:12.493253,2026-04-21 01:59:12.493253,2026-04-11,59.98,0.7867261280167891,2,59.98,59.98,,59.98,0,2,PAUSED,2,100.0,2,2,3.31,2,506739018117344,5.373831775700935,0,,127.10903634544847,2,0,USD,,2,2,manual,59.98,0.21,0,59.98,0,2,76.24,2,DAILY_BUDGET,2,2,76.24,Amazon,59.98,59.98,428,2,2,2,23,Inner-SP-Auto-Creatine Gummies-CPC,spCampaigns,US,INNERBRIGHTNESS,spCampaigns_innerbrightness_US_2026-03-21_2026-04-20.json,2026-04-21 01:59:12
31661,2026-04-21 01:59:12.493253,2026-04-21 01:59:12.493253,2026-04-12,0.0,nan,0,0.0,0.0,,0.0,0,0,PAUSED,0,100.0,0,0,0.0,0,506739018117344,0.0,0,,nan,0,0,USD,,0,0,manual,0.0,0.03,0,0.0,0,0,0.0,0,DAILY_BUDGET,0,0,0.0,Amazon,0.0,0.0,138,0,0,0,0,Inner-SP-Auto-Creatine Gummies-CPC,spCampaigns,US,INNERBRIGHTNESS,spCampaigns_innerbrightness_US_2026-03-21_2026-04-20.json,2026-04-21 01:59:12
31662,2026-04-21 01:59:12.493253,2026-04-21 01:59:12.493253,2026-04-13,0.0,0.0,0,0.0,0.0,,0.0,0,0,PAUSED,0,100.0,0,0,1.7,0,506739018117344,1.4084507042253522,0,,nan,0,0,USD,,0,0,manual,0.0,0.01,0,0.0,0,0,3.4,0,DAILY_BUDGET,0,0,3.4,Amazon,0.0,0.0,142,0,0,0,2,Inner-SP-Auto-Creatine Gummies-CPC,spCampaigns,US,INNERBRIGHTNESS,spCampaigns_innerbrightness_US_2026-03-21_2026-04-20.json,2026-04-21 01:59:12
31663,2026-04-21 01:59:12.493253,2026-04-21 01:59:12.493253,2026-04-14,0.0,nan,0,0.0,0.0,,0.0,0,0,PAUSED,0,100.0,0,0,0.0,0,506739018117344,nan,0,,nan,0,0,USD,,0,0,manual,0.0,nan,0,0.0,0,0,0.0,0,DAILY_BUDGET,0,0,0.0,Amazon,0.0,0.0,0,0,0,0,0,Inner-SP-Auto-Creatine Gummies-CPC,spCampaigns,US,INNERBRIGHTNESS,spCampaigns_innerbrightness_US_2026-03-21_2026-04-20.json,2026-04-21 01:59:12
31664,2026-04-21 01:59:12.493253,2026-04-21 01:59:12.493253,2026-04-17,0.0,nan,0,0.0,0.0,,0.0,0,0,PAUSED,0,100.0,0,0,0.0,0,506739018117344,nan,0,,nan,0,0,USD,,0,0,manual,0.0,nan,0,0.0,0,0,0.0,0,DAILY_BUDGET,0,0,0.0,Amazon,0.0,0.0,0,0,0,0,0,Inner-SP-Auto-Creatine Gummies-CPC,spCampaigns,US,INNERBRIGHTNESS,spCampaigns_innerbrightness_US_2026-03-21_2026-04-20.json,2026-04-21 01:59:12
31665,2026-04-21 01:59:12.493253,2026-04-21 01:59:12.493253,2026-04-11,329.89,2.3514475271411337,12,359.88,389.87,,359.88,0,11,ENABLED,11,700.0,12,12,3.45,13,391617266091470,0.5535055350553505,0,,42.52699617821325,13,0,USD,,12,13,manual,359.88,0.2,0,359.88,0,11,165.8,10,DAILY_BUDGET,11,12,165.8,Amazon,389.87,389.87,8672,11,12,12,48,Inner-SP-KW-Creatine Gummies-creatine gummies-BM-CPC-600,spCampaigns,US,INNERBRIGHTNESS,spCampaigns_innerbrightness_US_2026-03-21_2026-04-20.json,2026-04-21 01:59:12
31666,2026-04-21 01:59:12.493253,2026-04-21 01:59:12.493253,2026-04-12,179.94,2.0479976586507975,8,299.9,419.86,,299.9,0,6,ENABLED,10,700.0,14,10,3.47,14,391617266091470,0.5131327187336928,0,,48.828180822178815,14,0,USD,,10,14,manual,299.9,0.26,0,239.92,0,10,205.01,6,DAILY_BUDGET,8,10,205.01,Amazon,419.86,419.86,11498,10,14,14,59,Inner-SP-KW-Creatine Gummies-creatine gummies-BM-CPC-600,spCampaigns,US,INNERBRIGHTNESS,spCampaigns_innerbrightness_US_2026-03-21_2026-04-20.json,2026-04-21 01:59:12
31667,2026-04-21 01:59:12.493253,2026-04-21 01:59:12.493253,2026-04-13,359.88,2.059079317334728,18,419.86,629.79,,419.86,0,12,ENABLED,13,700.0,20,14,3.29,21,391617266091470,0.7035327937060293,0,,48.565394814144405,21,0,USD,,14,21,manual,419.86,0.3,0,539.82,0,13,305.86,11,DAILY_BUDGET,17,14,305.86,Amazon,629.79,629.79,13219,13,20,20,93,Inner-SP-KW-Creatine Gummies-creatine gummies-BM-CPC-600,spCampaigns,US,INNERBRIGHTNESS,spCampaigns_innerbrightness_US_2026-03-21_2026-04-20.json,2026-04-21 01:59:12
31668,2026-04-21 01:59:12.493253,2026-04-21 01:59:12.493253,2026-04-14,149.95,1.1671531426347537,7,149.95,239.92,,149.95,0,5,ENABLED,5,700.0,8,5,3.81,8,391617266091470,0.6720597386434349,0,,85.67855951983995,8,0,USD,,5,8,manual,149.95,0.2,0,209.93,0,5,205.56,5,DAILY_BUDGET,7,5,205.56,Amazon,239.92,239.92,8035,5,8,8,54,Inner-SP-KW-Creatine Gummies-creatine gummies-BM-CPC-600,spCampaigns,US,INNERBRIGHTNESS,spCampaigns_innerbrightness_US_2026-03-21_2026-04-20.json,2026-04-21 01:59:12
31669,2026-04-21 01:59:12.493253,2026-04-21 01:59:12.493253,2026-04-15,89.97,2.4599610376294474,7,89.97,239.92,,89.97,0,3,ENABLED,3,700.0,8,3,3.48,8,391617266091470,0.546448087431694,0,,40.651050350116705,8,0,USD,,3,8,manual,89.97,0.12,0,209.93,0,3,97.53,3,DAILY_BUDGET,7,3,97.53,Amazon,239.92,239.92,5124,3,8,8,28,Inner-SP-KW-Creatine Gummies-creatine gummies-BM-CPC-600,spCampaigns,US,INNERBRIGHTNESS,spCampaigns_innerbrightness_US_2026-03-21_2026-04-20.json,2026-04-21 01:59:12
31670,2026-04-21 01:59:12.493253,2026-04-21 01:59:12.493253,2026-04-16,299.9,2.5896236597826867,12,299.9,359.88,,299.9,0,10,ENABLED,10,700.0,12,10,3.31,12,391617266091470,1.1400651465798046,0,,38.61564966099811,12,0,USD,,10,12,manual,299.9,0.24,0,359.88,0,10,138.97,10,DAILY_BUDGET,12,10,138.97,Amazon,359.88,359.88,3684,10,12,12,42,Inner-SP-KW-Creatine Gummies-creatine gummies-BM-CPC-600,spCampaigns,US,INNERBRIGHTNESS,spCampaigns_innerbrightness_US_2026-03-21_2026-04-20.json,2026-04-21 01:59:12
31671,2026-04-21 01:59:12.493253,2026-04-21 01:59:12.493253,2026-04-17,149.95,2.4510731789758324,9,170.1,290.06,,170.1,0,5,ENABLED,5,700.0,8,6,3.82,10,391617266091470,0.8771929824561403,0,,40.798455491967175,10,0,USD,,6,10,manual,170.1,0.89,0,269.91,0,5,118.34,4,DAILY_BUDGET,7,6,118.34,Amazon,290.06,290.06,3534,5,8,8,31,Inner-SP-KW-Creatine Gummies-creatine gummies-BM-CPC-600,spCampaigns,US,INNERBRIGHTNESS,spCampaigns_innerbrightness_US_2026-03-21_2026-04-20.json,2026-04-21 01:59:12
31675,2026-04-21 01:59:12.493253,2026-04-21 01:59:12.493253,2026-04-11,59.98,1.161952731499419,2,59.98,59.98,,59.98,0,2,ENABLED,2,100.0,2,2,3.44,2,313950625346433,0.1355258402602096,0,,86.06202067355785,2,0,USD,,2,2,manual,59.98,0.2,0,59.98,0,2,51.62,2,DAILY_BUDGET,2,2,51.62,Amazon,59.98,59.98,11068,2,2,2,15,Inner-SP-KW-Creatine Gummies-creatine-BM-CPC-70,spCampaigns,US,INNERBRIGHTNESS,spCampaigns_innerbrightness_US_2026-03-21_2026-04-20.json,2026-04-21 01:59:12
31676,2026-04-21 01:59:12.493253,2026-04-21 01:59:12.493253,2026-04-12,89.97,2.228556263269639,7,89.97,209.93,,89.97,0,3,ENABLED,3,100.0,7,3,3.49,7,313950625346433,0.2514668901927913,0,,44.87210022388415,7,0,USD,,3,7,manual,89.97,0.27,0,209.93,0,3,94.2,3,DAILY_BUDGET,7,3,94.2,Amazon,209.93,209.93,10737,3,7,7,27,Inner-SP-KW-Creatine Gummies-creatine-BM-CPC-70,spCampaigns,US,INNERBRIGHTNESS,spCampaigns_innerbrightness_US_2026-03-21_2026-04-20.json,2026-04-21 01:59:12
31677,2026-04-21 01:59:12.493253,2026-04-21 01:59:12.493253,2026-04-13,59.98,2.1455358430693785,3,59.98,148.75,,59.98,0,2,ENABLED,2,100.0,5,2,3.3,5,313950625346433,0.1473270660867125,0,,46.608403361344536,5,0,USD,,2,5,manual,59.98,0.22,0,89.97,0,2,69.33,2,DAILY_BUDGET,3,2,69.33,Amazon,148.75,148.75,14254,2,5,5,21,Inner-SP-KW-Creatine Gummies-creatine-BM-CPC-70,spCampaigns,US,INNERBRIGHTNESS,spCampaigns_innerbrightness_US_2026-03-21_2026-04-20.json,2026-04-21 01:59:12
31678,2026-04-21 01:59:12.493253,2026-04-21 01:59:12.493253,2026-04-14,119.96,1.878876474887752,6,119.96,179.94,,119.96,0,4,ENABLED,4,100.0,6,4,3.55,6,313950625346433,0.2932232841007819,0,,53.22329665444037,6,0,USD,,4,6,manual,119.96,0.24,0,179.94,0,4,95.77,4,DAILY_BUDGET,6,4,95.77,Amazon,179.94,179.94,9208,4,6,6,27,Inner-SP-KW-Creatine Gummies-creatine-BM-CPC-70,spCampaigns,US,INNERBRIGHTNESS,spCampaigns_innerbrightness_US_2026-03-21_2026-04-20.json,2026-04-21 01:59:12
31679,2026-04-21 01:59:12.493253,2026-04-21 01:59:12.493253,2026-04-15,29.99,0.8122968580715059,2,29.99,59.98,,29.99,0,1,ENABLED,1,100.0,2,1,3.36,2,313950625346433,0.4613126441602013,0,,123.10770256752252,2,0,USD,,1,2,manual,29.99,0.22,0,59.98,0,1,73.84,1,DAILY_BUDGET,2,1,73.84,Amazon,59.98,59.98,4769,1,2,2,22,Inner-SP-KW-Creatine Gummies-creatine-BM-CPC-70,spCampaigns,US,INNERBRIGHTNESS,spCampaigns_innerbrightness_US_2026-03-21_2026-04-20.json,2026-04-21 01:59:12
31680,2026-04-21 01:59:12.493253,2026-04-21 01:59:12.493253,2026-04-16,29.99,0.5748514471918726,1,29.99,29.99,,29.99,0,1,ENABLED,1,100.0,1,1,3.26,1,313950625346433,0.3727865796831314,0,,173.9579859953318,1,0,USD,,1,1,manual,29.99,0.2,0,29.99,0,1,52.17,1,DAILY_BUDGET,1,1,52.17,Amazon,29.99,29.99,4292,1,1,1,16,Inner-SP-KW-Creatine Gummies-creatine-BM-CPC-70,spCampaigns,US,INNERBRIGHTNESS,spCampaigns_innerbrightness_US_2026-03-21_2026-04-20.json,2026-04-21 01:59:12
31681,2026-04-21 01:59:12.493253,2026-04-21 01:59:12.493253,2026-04-17,29.99,1.1712556141378636,2,29.99,59.98,,29.99,0,1,ENABLED,1,100.0,2,1,2.85,2,313950625346433,0.34849951597289447,0,,85.3784594864955,2,0,USD,,1,2,manual,29.99,0.18,0,59.98,0,1,51.21,1,DAILY_BUDGET,2,1,51.21,Amazon,59.98,59.98,5165,1,2,2,18,Inner-SP-KW-Creatine Gummies-creatine-BM-CPC-70,spCampaigns,US,INNERBRIGHTNESS,spCampaigns_innerbrightness_US_2026-03-21_2026-04-20.json,2026-04-21 01:59:12
31685,2026-04-21 01:59:12.493253,2026-04-21 01:59:12.493253,2026-04-11,67.77,0.8228508984944147,3,67.77,67.77,,67.77,0,3,ENABLED,3,40.0,3,3,3.17,3,467019307309442,2.138157894736842,0,,121.5287000147558,3,0,USD,,3,3,manual,67.77,1.33,0,67.77,0,3,82.36,3,DAILY_BUDGET,3,3,82.36,Amazon,67.77,67.77,1216,3,3,3,26,IB-SP-KW-inositol-inositol supplement for women-EM-2w,spCampaigns,US,INNERBRIGHTNESS,spCampaigns_innerbrightness_US_2026-03-21_2026-04-20.json,2026-04-21 01:59:12
31686,2026-04-21 01:59:12.493253,2026-04-21 01:59:12.493253,2026-04-12,0.0,0.0,0,0.0,0.0,,0.0,0,0,ENABLED,0,40.0,0,0,3.03,0,467019307309442,1.2933968686181077,0,,nan,0,0,USD,,0,0,manual,0.0,1.32,0,0.0,0,0,57.59,0,DAILY_BUDGET,0,0,57.59,Amazon,0.0,0.0,1469,0,0,0,19,IB-SP-KW-inositol-inositol supplement for women-EM-2w,spCampaigns,US,INNERBRIGHTNESS,spCampaigns_innerbrightness_US_2026-03-21_2026-04-20.json,2026-04-21 01:59:12
31687,2026-04-21 01:59:12.493253,2026-04-21 01:59:12.493253,2026-04-13,22.59,1.0625587958607714,1,67.77,67.77,,67.77,0,1,ENABLED,3,40.0,3,3,2.9,3,467019307309442,1.334141904184354,0,,94.11243913235946,3,0,USD,,3,3,manual,67.77,0.93,0,22.59,0,3,63.78,1,DAILY_BUDGET,1,3,63.78,Amazon,67.77,67.77,1649,3,3,3,22,IB-SP-KW-inositol-inositol supplement for women-EM-2w,spCampaigns,US,INNERBRIGHTNESS,spCampaigns_innerbrightness_US_2026-03-21_2026-04-20.json,2026-04-21 01:59:12
31688,2026-04-21 01:59:12.493253,2026-04-21 01:59:12.493253,2026-04-14,112.95,1.9305335123916494,5,158.13,158.13,,158.13,0,5,ENABLED,6,40.0,6,7,3.15,7,467019307309442,1.74496644295302,0,,51.799152595965346,7,0,USD,,7,7,manual,158.13,1.03,0,112.95,0,6,81.91,4,DAILY_BUDGET,4,7,81.91,Amazon,158.13,158.13,1490,6,6,6,26,IB-SP-KW-inositol-inositol supplement for women-EM-2w,spCampaigns,US,INNERBRIGHTNESS,spCampaigns_innerbrightness_US_2026-03-21_2026-04-20.json,2026-04-21 01:59:12
31689,2026-04-21 01:59:12.493253,2026-04-21 01:59:12.493253,2026-04-15,22.59,0.8397769516728625,1,45.18,45.18,,45.18,0,1,ENABLED,2,40.0,2,2,2.99,2,467019307309442,2.2222222222222223,0,,119.07923860115095,2,0,USD,,2,2,manual,45.18,1.43,0,22.59,0,2,53.8,1,DAILY_BUDGET,1,2,53.8,Amazon,45.18,45.18,810,2,2,2,18,IB-SP-KW-inositol-inositol supplement for women-EM-2w,spCampaigns,US,INNERBRIGHTNESS,spCampaigns_innerbrightness_US_2026-03-21_2026-04-20.json,2026-04-21 01:59:12
31690,2026-04-21 01:59:12.493253,2026-04-21 01:59:12.493253,2026-04-16,112.95,1.7985668789808917,5,135.54,135.54,,135.54,0,5,ENABLED,6,40.0,6,6,3.14,6,467019307309442,2.0151133501259446,0,,55.59982293050022,6,0,USD,,6,6,manual,135.54,1.43,0,112.95,0,6,75.36,5,DAILY_BUDGET,5,6,75.36,Amazon,135.54,135.54,1191,6,6,6,24,IB-SP-KW-inositol-inositol supplement for women-EM-2w,spCampaigns,US,INNERBRIGHTNESS,spCampaigns_innerbrightness_US_2026-03-21_2026-04-20.json,2026-04-21 01:59:12
31691,2026-04-21 01:59:12.493253,2026-04-21 01:59:12.493253,2026-04-17,22.59,0.43367248992129004,1,22.59,22.59,,22.59,0,1,ENABLED,1,40.0,1,1,3.26,1,467019307309442,2.5848142164781907,0,,230.58875608676405,1,0,USD,,1,1,manual,22.59,2.48,0,22.59,0,1,52.09,1,DAILY_BUDGET,1,1,52.09,Amazon,22.59,22.59,619,1,1,1,16,IB-SP-KW-inositol-inositol supplement for women-EM-2w,spCampaigns,US,INNERBRIGHTNESS,spCampaigns_innerbrightness_US_2026-03-21_2026-04-20.json,2026-04-21 01:59:12
31695,2026-04-21 01:59:12.493253,2026-04-21 01:59:12.493253,2026-04-11,269.91,0.9047619047619047,12,290.06,389.87,,290.06,0,9,ENABLED,9,300.0,13,10,4.93,14,427396974780100,0.7457242441436329,0,,110.5263157894737,14,0,USD,,10,13,manual,269.91,1.2,0,359.88,0,10,453.18,9,DAILY_BUDGET,12,9,453.18,Amazon,410.02,410.02,12337,10,14,14,92,Inner-SP-KW-Creatine Gummies-creatine-EM-CPC-60,spCampaigns,US,INNERBRIGHTNESS,spCampaigns_innerbrightness_US_2026-03-21_2026-04-20.json,2026-04-21 01:59:12
31696,2026-04-21 01:59:12.493253,2026-04-21 01:59:12.493253,2026-04-12,299.9,1.1754336197114605,15,410.02,539.82,,410.02,0,10,ENABLED,13,300.0,18,14,4.66,20,427396974780100,0.8312421580928481,0,,85.07498707119461,20,0,USD,,14,18,manual,389.87,1.09,0,449.85,0,14,493.52,10,DAILY_BUDGET,15,13,493.52,Amazon,580.1,580.1,12752,14,20,20,106,Inner-SP-KW-Creatine Gummies-creatine-EM-CPC-60,spCampaigns,US,INNERBRIGHTNESS,spCampaigns_innerbrightness_US_2026-03-21_2026-04-20.json,2026-04-21 01:59:12
31697,2026-04-21 01:59:12.493253,2026-04-21 01:59:12.493253,2026-04-13,209.93,1.7672362993517974,10,239.92,359.88,,239.92,0,7,ENABLED,8,300.0,12,8,4.63,12,427396974780100,0.7743752199929602,0,,56.58552850950317,12,0,USD,,8,12,manual,239.92,0.55,0,299.9,0,8,203.64,7,DAILY_BUDGET,10,8,203.64,Amazon,359.88,359.88,5682,8,12,12,44,Inner-SP-KW-Creatine Gummies-creatine-EM-CPC-60,spCampaigns,US,INNERBRIGHTNESS,spCampaigns_innerbrightness_US_2026-03-21_2026-04-20.json,2026-04-21 01:59:12
31698,2026-04-21 01:59:12.493253,2026-04-21 01:59:12.493253,2026-04-14,119.96,2.1191018293161656,7,179.94,269.91,,179.94,0,4,ENABLED,6,300.0,9,6,4.39,9,427396974780100,0.7487735605473793,0,,47.18980400874365,9,0,USD,,6,9,manual,179.94,0.43,0,209.93,0,6,127.37,4,DAILY_BUDGET,7,6,127.37,Amazon,269.91,269.91,3873,6,9,9,29,Inner-SP-KW-Creatine Gummies-creatine-EM-CPC-60,spCampaigns,US,INNERBRIGHTNESS,spCampaigns_innerbrightness_US_2026-03-21_2026-04-20.json,2026-04-21 01:59:12
31699,2026-04-21 01:59:12.493253,2026-04-21 01:59:12.493253,2026-04-15,89.97,2.0088995215311005,7,89.97,209.93,,89.97,0,3,ENABLED,3,300.0,7,3,4.54,7,427396974780100,0.6222943722943723,0,,49.77849759443624,7,0,USD,,3,7,manual,89.97,0.31,0,209.93,0,3,104.5,3,DAILY_BUDGET,7,3,104.5,Amazon,209.93,209.93,3696,3,7,7,23,Inner-SP-KW-Creatine Gummies-creatine-EM-CPC-60,spCampaigns,US,INNERBRIGHTNESS,spCampaigns_innerbrightness_US_2026-03-21_2026-04-20.json,2026-04-21 01:59:12
31700,2026-04-21 01:59:12.493253,2026-04-21 01:59:12.493253,2026-04-16,119.96,1.2562133482267521,6,119.96,179.94,,119.96,0,4,ENABLED,4,300.0,6,4,3.77,6,427396974780100,0.5982367758186398,0,,79.60431254862733,6,0,USD,,4,6,manual,119.96,0.27,0,179.94,0,4,143.24,4,DAILY_BUDGET,6,4,143.24,Amazon,179.94,179.94,6352,4,6,6,38,Inner-SP-KW-Creatine Gummies-creatine-EM-CPC-60,spCampaigns,US,INNERBRIGHTNESS,spCampaigns_innerbrightness_US_2026-03-21_2026-04-20.json,2026-04-21 01:59:12
31701,2026-04-21 01:59:12.493253,2026-04-21 01:59:12.493253,2026-04-17,209.93,2.168239323408122,9,250.23,310.21,,250.23,0,7,ENABLED,9,300.0,11,9,4.09,11,427396974780100,0.5210659520619324,0,,46.12037007188678,11,0,USD,,9,11,manual,250.23,0.32,0,269.91,0,9,143.07,7,DAILY_BUDGET,9,9,143.07,Amazon,310.21,310.21,6717,9,11,11,35,Inner-SP-KW-Creatine Gummies-creatine-EM-CPC-60,spCampaigns,US,INNERBRIGHTNESS,spCampaigns_innerbrightness_US_2026-03-21_2026-04-20.json,2026-04-21 01:59:12
31705,2026-04-21 01:59:12.493253,2026-04-21 01:59:12.493253,2026-04-11,0.0,0.0,0,0.0,0.0,,0.0,0,0,ENABLED,0,150.0,0,0,3.41,0,486037133623874,33.33333333333333,0,,nan,0,0,USD,,0,0,manual,0.0,0.0,0,0.0,0,0,3.41,0,DAILY_BUDGET,0,0,3.41,Amazon,0.0,0.0,3,0,0,0,1,Inner-SP-KW-Berberine Capsules-EM-berberine with ceylon cinnamon-1w,spCampaigns,US,INNERBRIGHTNESS,spCampaigns_innerbrightness_US_2026-03-21_2026-04-20.json,2026-04-21 01:59:12
31706,2026-04-21 01:59:12.493253,2026-04-21 01:59:12.493253,2026-04-12,0.0,0.0,0,0.0,0.0,,0.0,0,0,ENABLED,0,150.0,0,0,3.63,0,486037133623874,1.9417475728155338,0,,nan,0,0,USD,,0,0,manual,0.0,0.06,0,0.0,0,0,7.26,0,DAILY_BUDGET,0,0,7.26,Amazon,0.0,0.0,103,0,0,0,2,Inner-SP-KW-Berberine Capsules-EM-berberine with ceylon cinnamon-1w,spCampaigns,US,INNERBRIGHTNESS,spCampaigns_innerbrightness_US_2026-03-21_2026-04-20.json,2026-04-21 01:59:12
31707,2026-04-21 01:59:12.493253,2026-04-21 01:59:12.493253,2026-04-13,0.0,0.0,0,0.0,0.0,,0.0,0,0,ENABLED,0,150.0,0,0,3.63,0,486037133623874,1.1952191235059761,0,,nan,0,0,USD,,0,0,manual,0.0,0.25,0,0.0,0,0,10.89,0,DAILY_BUDGET,0,0,10.89,Amazon,0.0,0.0,251,0,0,0,3,Inner-SP-KW-Berberine Capsules-EM-berberine with ceylon cinnamon-1w,spCampaigns,US,INNERBRIGHTNESS,spCampaigns_innerbrightness_US_2026-03-21_2026-04-20.json,2026-04-21 01:59:12
31708,2026-04-21 01:59:12.493253,2026-04-21 01:59:12.493253,2026-04-14,0.0,0.0,0,0.0,0.0,,0.0,0,0,ENABLED,0,150.0,0,0,4.29,0,486037133623874,1.7421602787456445,0,,nan,0,0,USD,,0,0,manual,0.0,0.32,0,0.0,0,0,21.45,0,DAILY_BUDGET,0,0,21.45,Amazon,0.0,0.0,287,0,0,0,5,Inner-SP-KW-Berberine Capsules-EM-berberine with ceylon cinnamon-1w,spCampaigns,US,INNERBRIGHTNESS,spCampaigns_innerbrightness_US_2026-03-21_2026-04-20.json,2026-04-21 01:59:12
31709,2026-04-21 01:59:12.493253,2026-04-21 01:59:12.493253,2026-04-15,48.98,1.7455452601568069,2,48.98,48.98,,48.98,0,2,ENABLED,2,150.0,2,2,4.01,2,486037133623874,1.2411347517730498,0,,57.28868926092283,2,0,USD,,2,2,manual,48.98,0.59,0,48.98,0,2,28.06,2,DAILY_BUDGET,2,2,28.06,Amazon,48.98,48.98,564,2,2,2,7,Inner-SP-KW-Berberine Capsules-EM-berberine with ceylon cinnamon-1w,spCampaigns,US,INNERBRIGHTNESS,spCampaigns_innerbrightness_US_2026-03-21_2026-04-20.json,2026-04-21 01:59:12
31710,2026-04-21 01:59:12.493253,2026-04-21 01:59:12.493253,2026-04-16,48.98,1.3631911854723526,2,66.81,66.81,,66.81,0,2,ENABLED,3,150.0,3,3,3.77,3,486037133623874,0.7336343115124153,0,,73.35728184403531,3,0,USD,,3,3,manual,66.81,1.71,0,48.98,0,3,49.01,2,DAILY_BUDGET,2,3,49.01,Amazon,66.81,66.81,1772,3,3,3,13,Inner-SP-KW-Berberine Capsules-EM-berberine with ceylon cinnamon-1w,spCampaigns,US,INNERBRIGHTNESS,spCampaigns_innerbrightness_US_2026-03-21_2026-04-20.json,2026-04-21 01:59:12
31711,2026-04-21 01:59:12.493253,2026-04-21 01:59:12.493253,2026-04-17,48.98,1.2597736625514402,2,48.98,48.98,,48.98,0,2,ENABLED,2,150.0,2,2,3.89,2,486037133623874,0.33400133600534404,0,,79.37933850551246,2,0,USD,,2,2,manual,48.98,3.95,0,48.98,0,2,38.88,2,DAILY_BUDGET,2,2,38.88,Amazon,48.98,48.98,2994,2,2,2,10,Inner-SP-KW-Berberine Capsules-EM-berberine with ceylon cinnamon-1w,spCampaigns,US,INNERBRIGHTNESS,spCampaigns_innerbrightness_US_2026-03-21_2026-04-20.json,2026-04-21 01:59:12
31715,2026-04-21 01:59:12.493253,2026-04-21 01:59:12.493253,2026-04-11,0.0,0.0,0,0.0,0.0,,0.0,0,0,PAUSED,0,100.0,0,0,2.06,0,298402294383592,0.18337408312958436,0,,nan,0,0,USD,,0,0,manual,0.0,0.0,0,0.0,0,0,6.17,0,DAILY_BUDGET,0,0,6.17,Amazon,0.0,0.0,1636,0,0,0,3,Inner-SP-KW-gumm-magnesium glycinate-EM-54,spCampaigns,US,INNERBRIGHTNESS,spCampaigns_innerbrightness_US_2026-03-21_2026-04-20.json,2026-04-21 01:59:12
31716,2026-04-21 01:59:12.493253,2026-04-21 01:59:12.493253,2026-04-12,19.99,4.04212299915754,2,19.99,47.98,,19.99,0,1,PAUSED,1,100.0,2,1,1.98,2,298402294383592,0.34662045060658575,0,,24.739474781158815,2,0,USD,,1,2,manual,19.99,0.0,0,47.98,0,1,11.87,1,DAILY_BUDGET,2,1,11.87,Amazon,47.98,47.98,1731,1,2,2,6,Inner-SP-KW-gumm-magnesium glycinate-EM-54,spCampaigns,US,INNERBRIGHTNESS,spCampaigns_innerbrightness_US_2026-03-21_2026-04-20.json,2026-04-21 01:59:12
31717,2026-04-21 01:59:12.493253,2026-04-21 01:59:12.493253,2026-04-13,125.91,1.5253084466940843,10,167.88,192.86,,167.88,0,9,PAUSED,9,100.0,10,12,2.48,13,298402294383592,1.48471615720524,0,,65.56051021466348,13,0,USD,,12,13,manual,167.88,0.11,0,150.89,0,9,126.44,6,DAILY_BUDGET,7,12,126.44,Amazon,192.86,192.86,3435,9,10,10,51,Inner-SP-KW-gumm-magnesium glycinate-EM-54,spCampaigns,US,INNERBRIGHTNESS,spCampaigns_innerbrightness_US_2026-03-21_2026-04-20.json,2026-04-21 01:59:12
31718,2026-04-21 01:59:12.493253,2026-04-21 01:59:12.493253,2026-04-14,97.93,1.381555572719549,7,153.89,178.87,,153.89,0,7,PAUSED,11,100.0,12,11,2.64,12,298402294383592,1.8553578190079516,0,,72.3821770000559,12,0,USD,,11,12,manual,153.89,0.14,0,97.93,0,11,129.47,7,DAILY_BUDGET,7,11,129.47,Amazon,178.87,178.87,2641,11,12,12,49,Inner-SP-KW-gumm-magnesium glycinate-EM-54,spCampaigns,US,INNERBRIGHTNESS,spCampaigns_innerbrightness_US_2026-03-21_2026-04-20.json,2026-04-21 01:59:12
31719,2026-04-21 01:59:12.493253,2026-04-21 01:59:12.493253,2026-04-15,41.97,0.6169337057180655,3,41.97,41.97,,41.97,0,3,PAUSED,3,100.0,3,3,2.62,3,298402294383592,1.015625,0,,162.09197045508697,3,0,USD,,3,3,manual,41.97,0.08,0,41.97,0,3,68.03,3,DAILY_BUDGET,3,3,68.03,Amazon,41.97,41.97,2560,3,3,3,26,Inner-SP-KW-gumm-magnesium glycinate-EM-54,spCampaigns,US,INNERBRIGHTNESS,spCampaigns_innerbrightness_US_2026-03-21_2026-04-20.json,2026-04-21 01:59:12
31720,2026-04-21 01:59:12.493253,2026-04-21 01:59:12.493253,2026-04-16,0.0,nan,0,0.0,0.0,,0.0,0,0,PAUSED,0,100.0,0,0,0.0,0,298402294383592,nan,0,,nan,0,0,USD,,0,0,manual,0.0,nan,0,0.0,0,0,0.0,0,DAILY_BUDGET,0,0,0.0,Amazon,0.0,0.0,0,0,0,0,0,Inner-SP-KW-gumm-magnesium glycinate-EM-54,spCampaigns,US,INNERBRIGHTNESS,spCampaigns_innerbrightness_US_2026-03-21_2026-04-20.json,2026-04-21 01:59:12
31721,2026-04-21 01:59:12.493253,2026-04-21 01:59:12.493253,2026-04-17,0.0,nan,0,0.0,0.0,,0.0,0,0,PAUSED,0,100.0,0,0,0.0,0,298402294383592,nan,0,,nan,0,0,USD,,0,0,manual,0.0,nan,0,0.0,0,0,0.0,0,DAILY_BUDGET,0,0,0.0,Amazon,0.0,0.0,0,0,0,0,0,Inner-SP-KW-gumm-magnesium glycinate-EM-54,spCampaigns,US,INNERBRIGHTNESS,spCampaigns_innerbrightness_US_2026-03-21_2026-04-20.json,2026-04-21 01:59:12
31725,2026-04-21 01:59:12.493253,2026-04-21 01:59:12.493253,2026-04-11,0.0,0.0,0,0.0,0.0,,0.0,0,0,PAUSED,0,300.0,0,0,3.0,0,423904171460856,0.6041079339508658,0,,nan,0,0,USD,,0,0,manual,0.0,0.0,0,0.0,0,0,45.0,0,DAILY_BUDGET,0,0,45.0,Amazon,0.0,0.0,2483,0,0,0,15,Inner-SP-KW-gumm-magnesium-EM-CPC-222,spCampaigns,US,INNERBRIGHTNESS,spCampaigns_innerbrightness_US_2026-03-21_2026-04-20.json,2026-04-21 01:59:12
31726,2026-04-21 01:59:12.493253,2026-04-21 01:59:12.493253,2026-04-12,53.97,0.6673673797452702,3,53.97,53.97,,53.97,0,3,PAUSED,3,300.0,3,3,2.89,3,423904171460856,0.9402283411685695,0,,149.84250509542338,3,0,USD,,3,3,manual,53.97,0.0,0,53.97,0,3,80.87,3,DAILY_BUDGET,3,3,80.87,Amazon,53.97,53.97,2978,3,3,3,28,Inner-SP-KW-gumm-magnesium-EM-CPC-222,spCampaigns,US,INNERBRIGHTNESS,spCampaigns_innerbrightness_US_2026-03-21_2026-04-20.json,2026-04-21 01:59:12
31727,2026-04-21 01:59:12.493253,2026-04-21 01:59:12.493253,2026-04-13,55.96,0.7574445046020575,4,55.96,55.96,,55.96,0,4,PAUSED,4,300.0,4,4,2.96,4,423904171460856,1.1405109489051095,0,,132.02287348105787,4,0,USD,,4,4,manual,55.96,0.0,0,55.96,0,4,73.88,4,DAILY_BUDGET,4,4,73.88,Amazon,55.96,55.96,2192,4,4,4,25,Inner-SP-KW-gumm-magnesium-EM-CPC-222,spCampaigns,US,INNERBRIGHTNESS,spCampaigns_innerbrightness_US_2026-03-21_2026-04-20.json,2026-04-21 01:59:12
31729,2026-04-21 01:59:12.493253,2026-04-21 01:59:12.493253,2026-04-11,79.96,0.6261286161783673,4,135.92,135.92,,135.92,0,4,ENABLED,8,1.0,8,8,3.02,8,399896724869227,1.122894572676232,0,,159.71159505591527,8,0,USD,,8,8,manual,135.92,1.09,0,79.96,0,8,217.08,4,DAILY_BUDGET,4,8,217.08,Amazon,135.92,135.92,6412,8,8,8,72,Inner-SP-KW-gumm-magnesium glaycinate-PM-CPC-56,spCampaigns,US,INNERBRIGHTNESS,spCampaigns_innerbrightness_US_2026-03-21_2026-04-20.json,2026-04-21 01:59:12
31730,2026-04-21 01:59:12.493253,2026-04-21 01:59:12.493253,2026-04-12,287.85,1.0662969004893963,15,301.84,326.82,,301.84,0,15,ENABLED,16,1.0,17,16,2.86,17,399896724869227,1.281744130330618,0,,93.78251025029068,17,0,USD,,16,17,manual,301.84,1.3,0,287.85,0,16,306.5,15,DAILY_BUDGET,15,16,306.5,Amazon,326.82,326.82,8348,16,17,17,107,Inner-SP-KW-gumm-magnesium glaycinate-PM-CPC-56,spCampaigns,US,INNERBRIGHTNESS,spCampaigns_innerbrightness_US_2026-03-21_2026-04-20.json,2026-04-21 01:59:12
31731,2026-04-21 01:59:12.493253,2026-04-21 01:59:12.493253,2026-04-13,223.84,1.3958868894601544,18,237.83,287.79,,237.83,0,16,ENABLED,16,1.0,18,17,2.61,19,399896724869227,1.4066951566951567,0,,71.63904235727439,19,0,USD,,17,19,manual,237.83,0.98,0,273.8,0,16,206.17,15,DAILY_BUDGET,17,17,206.17,Amazon,287.79,287.79,5616,16,18,18,79,Inner-SP-KW-gumm-magnesium glaycinate-PM-CPC-56,spCampaigns,US,INNERBRIGHTNESS,spCampaigns_innerbrightness_US_2026-03-21_2026-04-20.json,2026-04-21 01:59:12
31732,2026-04-21 01:59:12.493253,2026-04-21 01:59:12.493253,2026-04-14,251.82,1.2684187850064628,21,307.78,382.72,,307.78,0,18,ENABLED,21,1.0,24,22,2.82,25,399896724869227,1.735041349116264,0,,78.83831521739131,25,0,USD,,22,25,manual,307.78,1.2,0,326.76,0,21,301.73,17,DAILY_BUDGET,20,22,301.73,Amazon,382.72,382.72,6167,21,24,24,107,Inner-SP-KW-gumm-magnesium glaycinate-PM-CPC-56,spCampaigns,US,INNERBRIGHTNESS,spCampaigns_innerbrightness_US_2026-03-21_2026-04-20.json,2026-04-21 01:59:12
31733,2026-04-21 01:59:12.493253,2026-04-21 01:59:12.493253,2026-04-15,223.84,1.1420408163265308,16,237.83,237.83,,237.83,0,16,ENABLED,17,1.0,17,17,2.51,17,399896724869227,1.5866947046453834,0,,87.56254467476768,17,0,USD,,17,17,manual,237.83,0.87,0,223.84,0,17,208.25,16,DAILY_BUDGET,16,17,208.25,Amazon,237.83,237.83,5231,17,17,17,83,Inner-SP-KW-gumm-magnesium glaycinate-PM-CPC-56,spCampaigns,US,INNERBRIGHTNESS,spCampaigns_innerbrightness_US_2026-03-21_2026-04-20.json,2026-04-21 01:59:12
31734,2026-04-21 01:59:12.493253,2026-04-21 01:59:12.493253,2026-04-16,237.83,1.4016557688251425,17,265.81,265.81,,265.81,0,17,ENABLED,18,1.0,18,19,2.23,19,399896724869227,1.716824883861846,0,,71.34419322072156,19,0,USD,,19,19,manual,265.81,1.07,0,237.83,0,18,189.64,16,DAILY_BUDGET,16,19,189.64,Amazon,265.81,265.81,4951,18,18,18,85,Inner-SP-KW-gumm-magnesium glaycinate-PM-CPC-56,spCampaigns,US,INNERBRIGHTNESS,spCampaigns_innerbrightness_US_2026-03-21_2026-04-20.json,2026-04-21 01:59:12
31735,2026-04-21 01:59:12.493253,2026-04-21 01:59:12.493253,2026-04-17,167.88,1.345723798638374,13,195.86,270.8,,195.86,0,12,ENABLED,13,1.0,16,14,2.52,17,399896724869227,2.320185614849188,0,,74.30945347119645,17,0,USD,,14,17,manual,195.86,1.01,0,192.86,0,13,201.23,11,DAILY_BUDGET,12,14,201.23,Amazon,270.8,270.8,3448,13,16,16,80,Inner-SP-KW-gumm-magnesium glaycinate-PM-CPC-56,spCampaigns,US,INNERBRIGHTNESS,spCampaigns_innerbrightness_US_2026-03-21_2026-04-20.json,2026-04-21 01:59:12
31739,2026-04-21 01:59:12.493253,2026-04-21 01:59:12.493253,2026-04-15,0.0,nan,0,0.0,0.0,,0.0,0,0,PAUSED,0,1.0,0,0,0.0,0,379771125260003,nan,0,,nan,0,0,USD,,0,0,manual,0.0,nan,0,0.0,0,0,0.0,0,DAILY_BUDGET,0,0,0.0,Amazon,0.0,0.0,0,0,0,0,0,Inner-SP-KW-gumm-magnesium-PM-CPC-222,spCampaigns,US,INNERBRIGHTNESS,spCampaigns_innerbrightness_US_2026-03-21_2026-04-20.json,2026-04-21 01:59:12
31740,2026-04-21 01:59:12.493253,2026-04-21 01:59:12.493253,2026-04-11,619.69,0.9291316748534304,33,647.67,703.65,,647.67,0,31,ENABLED,33,1300.0,35,33,3.26,35,558606714617685,2.2101552824616557,0,,107.62737156256664,35,0,USD,,33,35,manual,647.67,0.83,0,675.67,0,33,757.32,31,DAILY_BUDGET,33,33,757.32,Amazon,703.65,703.65,10497,33,35,35,232,Inner-SP-Auto-gumm-magnesium-CPC-Low bid,spCampaigns,US,INNERBRIGHTNESS,spCampaigns_innerbrightness_US_2026-03-21_2026-04-20.json,2026-04-21 01:59:12
31741,2026-04-21 01:59:12.493253,2026-04-21 01:59:12.493253,2026-04-12,1153.42,1.274174666354484,66,1307.31,1564.19,,1307.31,0,58,ENABLED,64,1300.0,74,69,3.24,79,558606714617685,2.7800014554981445,0,,78.48217567070928,79,0,USD,,69,78,manual,1293.32,0.99,0,1374.33,0,65,1238.59,55,DAILY_BUDGET,63,68,1238.59,Amazon,1578.18,1578.18,13741,65,75,75,382,Inner-SP-Auto-gumm-magnesium-CPC-Low bid,spCampaigns,US,INNERBRIGHTNESS,spCampaigns_innerbrightness_US_2026-03-21_2026-04-20.json,2026-04-21 01:59:12
31742,2026-04-21 01:59:12.493253,2026-04-21 01:59:12.493253,2026-04-13,741.47,1.242382467758352,58,839.4,950.31,,839.4,0,53,ENABLED,55,1300.0,60,60,3.29,65,558606714617685,5.707376058041112,0,,80.49051125168516,65,0,USD,,60,64,manual,825.41,0.74,0,866.37,0,56,776.17,49,DAILY_BUDGET,54,59,776.17,Amazon,964.3,964.3,4135,56,61,61,236,Inner-SP-Auto-gumm-magnesium-CPC-Low bid,spCampaigns,US,INNERBRIGHTNESS,spCampaigns_innerbrightness_US_2026-03-21_2026-04-20.json,2026-04-21 01:59:12
31743,2026-04-21 01:59:12.493253,2026-04-21 01:59:12.493253,2026-04-14,167.88,1.1400083476325187,14,195.86,245.82,,195.86,0,12,ENABLED,14,1300.0,16,14,2.99,16,558606714617685,9.171974522292993,0,,87.71865592710112,16,0,USD,,14,16,manual,195.86,0.29,0,217.84,0,14,215.63,12,DAILY_BUDGET,14,14,215.63,Amazon,245.82,245.82,785,14,16,16,72,Inner-SP-Auto-gumm-magnesium-CPC-Low bid,spCampaigns,US,INNERBRIGHTNESS,spCampaigns_innerbrightness_US_2026-03-21_2026-04-20.json,2026-04-21 01:59:12
31744,2026-04-21 01:59:12.493253,2026-04-21 01:59:12.493253,2026-04-15,405.71,1.4795390976529246,30,461.67,486.65,,461.67,0,29,ENABLED,32,1300.0,33,33,2.91,34,558606714617685,6.623681125439624,0,,67.58861604849483,34,0,USD,,33,34,manual,461.67,0.35,0,430.69,0,32,328.92,28,DAILY_BUDGET,29,33,328.92,Amazon,486.65,486.65,1706,32,33,33,113,Inner-SP-Auto-gumm-magnesium-CPC-Low bid,spCampaigns,US,INNERBRIGHTNESS,spCampaigns_innerbrightness_US_2026-03-21_2026-04-20.json,2026-04-21 01:59:12
31745,2026-04-21 01:59:12.493253,2026-04-21 01:59:12.493253,2026-04-16,377.73,1.4268230494645588,27,391.72,391.72,,391.72,0,27,ENABLED,26,1300.0,26,28,2.72,28,558606714617685,4.9412915851272015,0,,70.08577555396712,28,0,USD,,28,28,manual,391.72,0.34,0,377.73,0,26,274.54,25,DAILY_BUDGET,25,28,274.54,Amazon,391.72,391.72,2044,26,26,26,101,Inner-SP-Auto-gumm-magnesium-CPC-Low bid,spCampaigns,US,INNERBRIGHTNESS,spCampaigns_innerbrightness_US_2026-03-21_2026-04-20.json,2026-04-21 01:59:12
31746,2026-04-21 01:59:12.493253,2026-04-21 01:59:12.493253,2026-04-17,209.85,1.2852411063793177,18,223.84,298.78,,223.84,0,15,ENABLED,15,1300.0,18,16,2.8,19,558606714617685,6.561264822134387,0,,77.80641274516368,19,0,USD,,16,19,manual,223.84,0.35,0,284.79,0,15,232.47,14,DAILY_BUDGET,17,16,232.47,Amazon,298.78,298.78,1265,15,18,18,83,Inner-SP-Auto-gumm-magnesium-CPC-Low bid,spCampaigns,US,INNERBRIGHTNESS,spCampaigns_innerbrightness_US_2026-03-21_2026-04-20.json,2026-04-21 01:59:12
31750,2026-04-21 01:59:12.493253,2026-04-21 01:59:12.493253,2026-04-11,24.49,0.9668377418081326,1,24.49,24.49,,24.49,0,1,ENABLED,1,1.0,1,1,1.95,1,492405995934092,0.6516290726817042,0,,103.42997141690486,1,0,USD,,1,1,legacy,24.49,0.11,0,24.49,0,1,25.33,1,DAILY_BUDGET,1,1,25.33,Amazon,24.49,24.49,1995,1,1,1,13,Inner-SP-KW-Berberine Capsules-PM-Berberine Supplement-2k,spCampaigns,US,INNERBRIGHTNESS,spCampaigns_innerbrightness_US_2026-03-21_2026-04-20.json,2026-04-21 01:59:12
31751,2026-04-21 01:59:12.493253,2026-04-21 01:59:12.493253,2026-04-12,0.0,0.0,0,0.0,0.0,,0.0,0,0,ENABLED,0,1.0,0,0,1.91,0,492405995934092,0.7633587786259541,0,,nan,0,0,USD,,0,0,legacy,0.0,0.1,0,0.0,0,0,22.95,0,DAILY_BUDGET,0,0,22.95,Amazon,0.0,0.0,1572,0,0,0,12,Inner-SP-KW-Berberine Capsules-PM-Berberine Supplement-2k,spCampaigns,US,INNERBRIGHTNESS,spCampaigns_innerbrightness_US_2026-03-21_2026-04-20.json,2026-04-21 01:59:12
31752,2026-04-21 01:59:12.493253,2026-04-21 01:59:12.493253,2026-04-13,24.49,0.8479916897506925,1,24.49,24.49,,24.49,0,1,ENABLED,1,1.0,1,1,1.8,1,492405995934092,0.9070294784580499,0,,117.92568395263375,1,0,USD,,1,1,legacy,24.49,0.06,0,24.49,0,1,28.88,1,DAILY_BUDGET,1,1,28.88,Amazon,24.49,24.49,1764,1,1,1,16,Inner-SP-KW-Berberine Capsules-PM-Berberine Supplement-2k,spCampaigns,US,INNERBRIGHTNESS,spCampaigns_innerbrightness_US_2026-03-21_2026-04-20.json,2026-04-21 01:59:12
31753,2026-04-21 01:59:12.493253,2026-04-21 01:59:12.493253,2026-04-14,73.47,1.3833553003200905,3,73.47,73.47,,73.47,0,3,ENABLED,3,1.0,3,3,1.83,3,492405995934092,0.8782556026650515,0,,72.28800871103851,3,0,USD,,3,3,legacy,73.47,0.08,0,73.47,0,3,53.11,3,DAILY_BUDGET,3,3,53.11,Amazon,73.47,73.47,3302,3,3,3,29,Inner-SP-KW-Berberine Capsules-PM-Berberine Supplement-2k,spCampaigns,US,INNERBRIGHTNESS,spCampaigns_innerbrightness_US_2026-03-21_2026-04-20.json,2026-04-21 01:59:12
31754,2026-04-21 01:59:12.493253,2026-04-21 01:59:12.493253,2026-04-15,0.0,0.0,0,0.0,0.0,,0.0,0,0,ENABLED,0,1.0,0,0,1.94,0,492405995934092,0.5879692446856626,0,,nan,0,0,USD,,0,0,legacy,0.0,0.03,0,0.0,0,0,25.23,0,DAILY_BUDGET,0,0,25.23,Amazon,0.0,0.0,2211,0,0,0,13,Inner-SP-KW-Berberine Capsules-PM-Berberine Supplement-2k,spCampaigns,US,INNERBRIGHTNESS,spCampaigns_innerbrightness_US_2026-03-21_2026-04-20.json,2026-04-21 01:59:12
31755,2026-04-21 01:59:12.493253,2026-04-21 01:59:12.493253,2026-04-16,0.0,0.0,0,0.0,0.0,,0.0,0,0,ENABLED,0,1.0,0,0,1.77,0,492405995934092,0.4098360655737705,0,,nan,0,0,USD,,0,0,legacy,0.0,0.03,0,0.0,0,0,10.62,0,DAILY_BUDGET,0,0,10.62,Amazon,0.0,0.0,1464,0,0,0,6,Inner-SP-KW-Berberine Capsules-PM-Berberine Supplement-2k,spCampaigns,US,INNERBRIGHTNESS,spCampaigns_innerbrightness_US_2026-03-21_2026-04-20.json,2026-04-21 01:59:12
31756,2026-04-21 01:59:12.493253,2026-04-21 01:59:12.493253,2026-04-17,0.0,0.0,0,0.0,0.0,,0.0,0,0,ENABLED,0,1.0,0,0,1.56,0,492405995934092,0.4243281471004243,0,,nan,0,0,USD,,0,0,legacy,0.0,0.01,0,0.0,0,0,4.68,0,DAILY_BUDGET,0,0,4.68,Amazon,0.0,0.0,707,0,0,0,3,Inner-SP-KW-Berberine Capsules-PM-Berberine Supplement-2k,spCampaigns,US,INNERBRIGHTNESS,spCampaigns_innerbrightness_US_2026-03-21_2026-04-20.json,2026-04-21 01:59:12
31760,2026-04-21 01:59:12.493253,2026-04-21 01:59:12.493253,2026-04-11,95.96,0.6767471787764798,4,136.73,136.73,,136.73,0,4,ENABLED,6,200.0,6,6,3.61,6,385122874231334,7.898448519040903,0,,147.76566956776128,6,0,USD,,6,6,manual,136.73,1.77,0,95.96,0,6,202.04,4,DAILY_BUDGET,4,6,202.04,Amazon,136.73,136.73,709,6,6,6,56,Inner-SP-KW-Complex-magnesium complex for women-BM-CPC-1k,spCampaigns,US,INNERBRIGHTNESS,spCampaigns_innerbrightness_US_2026-03-21_2026-04-20.json,2026-04-21 01:59:12
31761,2026-04-21 01:59:12.493253,2026-04-21 01:59:12.493253,2026-04-12,215.91,1.1378484107579463,9,232.69,232.69,,232.69,0,9,ENABLED,10,200.0,10,10,3.59,10,385122874231334,7.251908396946565,0,,87.88516910911514,10,0,USD,,10,10,manual,232.69,1.71,0,215.91,0,10,204.5,9,DAILY_BUDGET,9,10,204.5,Amazon,232.69,232.69,786,10,10,10,57,Inner-SP-KW-Complex-magnesium complex for women-BM-CPC-1k,spCampaigns,US,INNERBRIGHTNESS,spCampaigns_innerbrightness_US_2026-03-21_2026-04-20.json,2026-04-21 01:59:12
31762,2026-04-21 01:59:12.493253,2026-04-21 01:59:12.493253,2026-04-13,369.16,1.0797568934166937,23,419.5,433.49,,419.5,0,22,ENABLED,25,200.0,26,25,3.55,26,385122874231334,2.624245239201115,0,,92.61343975639576,26,0,USD,,25,26,manual,419.5,2.08,0,383.15,0,25,401.47,22,DAILY_BUDGET,23,25,401.47,Amazon,433.49,433.49,4306,25,26,26,113,Inner-SP-KW-Complex-magnesium complex for women-BM-CPC-1k,spCampaigns,US,INNERBRIGHTNESS,spCampaigns_innerbrightness_US_2026-03-21_2026-04-20.json,2026-04-21 01:59:12
31763,2026-04-21 01:59:12.493253,2026-04-21 01:59:12.493253,2026-04-14,167.8,0.718156378600823,10,218.14,218.14,,218.14,0,10,ENABLED,12,200.0,12,13,3.2,13,385122874231334,1.1214732617164442,0,,139.24543870908593,13,0,USD,,13,13,manual,218.14,1.65,0,167.8,0,12,303.75,9,DAILY_BUDGET,9,13,303.75,Amazon,218.14,218.14,8471,12,12,12,95,Inner-SP-KW-Complex-magnesium complex for women-BM-CPC-1k,spCampaigns,US,INNERBRIGHTNESS,spCampaigns_innerbrightness_US_2026-03-21_2026-04-20.json,2026-04-21 01:59:12
31764,2026-04-21 01:59:12.493253,2026-04-21 01:59:12.493253,2026-04-15,67.12,0.4571895647435461,4,67.12,67.12,,67.12,0,4,ENABLED,4,200.0,4,4,2.62,4,385122874231334,0.8205128205128205,0,,218.72765196662692,4,0,USD,,4,4,manual,67.12,1.19,0,67.12,0,4,146.81,4,DAILY_BUDGET,4,4,146.81,Amazon,67.12,67.12,6825,4,4,4,56,Inner-SP-KW-Complex-magnesium complex for women-BM-CPC-1k,spCampaigns,US,INNERBRIGHTNESS,spCampaigns_innerbrightness_US_2026-03-21_2026-04-20.json,2026-04-21 01:59:12
31765,2026-04-21 01:59:12.493253,2026-04-21 01:59:12.493253,2026-04-16,100.68,1.1023932426091037,6,117.46,117.46,,117.46,0,6,ENABLED,7,200.0,7,7,2.73,7,385122874231334,0.693950177935943,0,,90.7117316533288,7,0,USD,,7,7,manual,117.46,0.3,0,100.68,0,7,106.55,6,DAILY_BUDGET,6,7,106.55,Amazon,117.46,117.46,5620,7,7,7,39,Inner-SP-KW-Complex-magnesium complex for women-BM-CPC-1k,spCampaigns,US,INNERBRIGHTNESS,spCampaigns_innerbrightness_US_2026-03-21_2026-04-20.json,2026-04-21 01:59:12
31766,2026-04-21 01:59:12.493253,2026-04-21 01:59:12.493253,2026-04-17,167.8,0.8492762425346695,10,167.8,167.8,,167.8,0,10,ENABLED,9,200.0,9,10,2.63,10,385122874231334,0.6693440428380187,0,,117.74731823599522,10,0,USD,,10,10,manual,167.8,1.22,0,167.8,0,9,197.58,9,DAILY_BUDGET,9,10,197.58,Amazon,167.8,167.8,11205,9,9,9,75,Inner-SP-KW-Complex-magnesium complex for women-BM-CPC-1k,spCampaigns,US,INNERBRIGHTNESS,spCampaigns_innerbrightness_US_2026-03-21_2026-04-20.json,2026-04-21 01:59:12
31770,2026-04-21 01:59:12.493253,2026-04-21 01:59:12.493253,2026-04-11,95.96,5.246582832148715,4,95.96,95.96,,95.96,0,4,PAUSED,3,1.0,3,4,2.29,4,345330397911117,0.8743169398907104,0,,19.060025010421008,4,0,USD,,4,4,manual,95.96,0.01,0,95.96,0,3,18.29,3,DAILY_BUDGET,3,4,18.29,Amazon,95.96,95.96,915,3,3,3,8,Inner-SP-KW-Complex-magnesium complex for women-EM-CPC-1k,spCampaigns,US,INNERBRIGHTNESS,spCampaigns_innerbrightness_US_2026-03-21_2026-04-20.json,2026-04-21 01:59:12
31771,2026-04-21 01:59:12.493253,2026-04-21 01:59:12.493253,2026-04-12,0.0,0.0,0,0.0,0.0,,0.0,0,0,PAUSED,0,1.0,0,0,2.28,0,345330397911117,0.546448087431694,0,,nan,0,0,USD,,0,0,manual,0.0,0.0,0,0.0,0,0,13.68,0,DAILY_BUDGET,0,0,13.68,Amazon,0.0,0.0,1098,0,0,0,6,Inner-SP-KW-Complex-magnesium complex for women-EM-CPC-1k,spCampaigns,US,INNERBRIGHTNESS,spCampaigns_innerbrightness_US_2026-03-21_2026-04-20.json,2026-04-21 01:59:12
31772,2026-04-21 01:59:12.493253,2026-04-21 01:59:12.493253,2026-04-13,16.78,0.9801401869158879,1,33.56,33.56,,33.56,0,1,PAUSED,2,1.0,2,2,2.28,2,345330397911117,1.179245283018868,0,,102.02622169249108,2,0,USD,,2,2,manual,33.56,0.0,0,16.78,0,2,34.24,1,DAILY_BUDGET,1,2,34.24,Amazon,33.56,33.56,1272,2,2,2,15,Inner-SP-KW-Complex-magnesium complex for women-EM-CPC-1k,spCampaigns,US,INNERBRIGHTNESS,spCampaigns_innerbrightness_US_2026-03-21_2026-04-20.json,2026-04-21 01:59:12
31777,2026-04-21 01:59:12.493253,2026-04-21 01:59:12.493253,2026-04-11,143.94,4.112571428571428,6,143.94,143.94,,143.94,0,6,ENABLED,5,1.0,5,6,2.69,6,387720267759382,0.391330523780855,0,,24.315687091843824,6,0,USD,,6,6,manual,143.94,0.03,0,143.94,0,5,35.0,5,DAILY_BUDGET,5,6,35.0,Amazon,143.94,143.94,3322,5,5,5,13,Inner-SP-Auto-Magnesium Complex-CPC-Low bid,spCampaigns,US,INNERBRIGHTNESS,spCampaigns_innerbrightness_US_2026-03-21_2026-04-20.json,2026-04-21 01:59:12
31778,2026-04-21 01:59:12.493253,2026-04-21 01:59:12.493253,2026-04-12,23.99,0.6276818419675563,1,23.99,23.99,,23.99,0,1,ENABLED,1,1.0,1,1,2.55,1,387720267759382,0.44629574531389465,0,,159.31638182576074,1,0,USD,,1,1,manual,23.99,0.02,0,23.99,0,1,38.22,1,DAILY_BUDGET,1,1,38.22,Amazon,23.99,23.99,3361,1,1,1,15,Inner-SP-Auto-Magnesium Complex-CPC-Low bid,spCampaigns,US,INNERBRIGHTNESS,spCampaigns_innerbrightness_US_2026-03-21_2026-04-20.json,2026-04-21 01:59:12
31779,2026-04-21 01:59:12.493253,2026-04-21 01:59:12.493253,2026-04-13,50.34,0.6959767731231855,3,50.34,50.34,,50.34,0,3,ENABLED,3,1.0,3,3,3.01,3,387720267759382,0.164631636712855,0,,143.6829558998808,3,0,USD,,3,3,manual,50.34,0.06,0,50.34,0,3,72.33,3,DAILY_BUDGET,3,3,72.33,Amazon,50.34,50.34,14578,3,3,3,24,Inner-SP-Auto-Magnesium Complex-CPC-Low bid,spCampaigns,US,INNERBRIGHTNESS,spCampaigns_innerbrightness_US_2026-03-21_2026-04-20.json,2026-04-21 01:59:12
31780,2026-04-21 01:59:12.493253,2026-04-21 01:59:12.493253,2026-04-14,0.0,0.0,0,0.0,0.0,,0.0,0,0,ENABLED,0,1.0,0,0,3.5,0,387720267759382,0.3194888178913738,0,,nan,0,0,USD,,0,0,manual,0.0,0.01,0,0.0,0,0,3.5,0,DAILY_BUDGET,0,0,3.5,Amazon,0.0,0.0,313,0,0,0,1,Inner-SP-Auto-Magnesium Complex-CPC-Low bid,spCampaigns,US,INNERBRIGHTNESS,spCampaigns_innerbrightness_US_2026-03-21_2026-04-20.json,2026-04-21 01:59:12
31781,2026-04-21 01:59:12.493253,2026-04-21 01:59:12.493253,2026-04-15,0.0,0.0,0,0.0,0.0,,0.0,0,0,ENABLED,0,1.0,0,0,3.5,0,387720267759382,1.0,0,,nan,0,0,USD,,0,0,manual,0.0,0.0,0,0.0,0,0,3.5,0,DAILY_BUDGET,0,0,3.5,Amazon,0.0,0.0,100,0,0,0,1,Inner-SP-Auto-Magnesium Complex-CPC-Low bid,spCampaigns,US,INNERBRIGHTNESS,spCampaigns_innerbrightness_US_2026-03-21_2026-04-20.json,2026-04-21 01:59:12
31782,2026-04-21 01:59:12.493253,2026-04-21 01:59:12.493253,2026-04-16,0.0,0.0,0,0.0,0.0,,0.0,0,0,ENABLED,0,1.0,0,0,3.46,0,387720267759382,0.33670033670033667,0,,nan,0,0,USD,,0,0,manual,0.0,0.04,0,0.0,0,0,3.46,0,DAILY_BUDGET,0,0,3.46,Amazon,0.0,0.0,297,0,0,0,1,Inner-SP-Auto-Magnesium Complex-CPC-Low bid,spCampaigns,US,INNERBRIGHTNESS,spCampaigns_innerbrightness_US_2026-03-21_2026-04-20.json,2026-04-21 01:59:12
31783,2026-04-21 01:59:12.493253,2026-04-21 01:59:12.493253,2026-04-17,0.0,0.0,0,0.0,0.0,,0.0,0,0,ENABLED,0,1.0,0,0,3.5,0,387720267759382,0.8620689655172413,0,,nan,0,0,USD,,0,0,manual,0.0,0.0,0,0.0,0,0,3.5,0,DAILY_BUDGET,0,0,3.5,Amazon,0.0,0.0,116,0,0,0,1,Inner-SP-Auto-Magnesium Complex-CPC-Low bid,spCampaigns,US,INNERBRIGHTNESS,spCampaigns_innerbrightness_US_2026-03-21_2026-04-20.json,2026-04-21 01:59:12
31787,2026-04-21 01:59:12.493253,2026-04-21 01:59:12.493253,2026-04-11,0.0,0.0,0,0.0,0.0,,0.0,0,0,ENABLED,0,600.0,0,0,1.62,0,552923299547324,0.4660452729693742,0,,nan,0,0,USD,,0,0,manual,0.0,0.03,0,0.0,0,0,11.37,0,DAILY_BUDGET,0,0,11.37,Amazon,0.0,0.0,1502,0,0,0,7,Inner-SP-KW-gumm-magnesium glycinate gummies-EM-CPC-8k,spCampaigns,US,INNERBRIGHTNESS,spCampaigns_innerbrightness_US_2026-03-21_2026-04-20.json,2026-04-21 01:59:12
31788,2026-04-21 01:59:12.493253,2026-04-21 01:59:12.493253,2026-04-12,0.0,0.0,0,0.0,0.0,,0.0,0,0,ENABLED,0,600.0,0,0,1.5,0,552923299547324,0.3097573567372225,0,,nan,0,0,USD,,0,0,manual,0.0,0.04,0,0.0,0,0,8.98,0,DAILY_BUDGET,0,0,8.98,Amazon,0.0,0.0,1937,0,0,0,6,Inner-SP-KW-gumm-magnesium glycinate gummies-EM-CPC-8k,spCampaigns,US,INNERBRIGHTNESS,spCampaigns_innerbrightness_US_2026-03-21_2026-04-20.json,2026-04-21 01:59:12
31789,2026-04-21 01:59:12.493253,2026-04-21 01:59:12.493253,2026-04-13,0.0,0.0,0,0.0,0.0,,0.0,0,0,ENABLED,0,600.0,0,0,1.5,0,552923299547324,0.291970802919708,0,,nan,0,0,USD,,0,0,manual,0.0,0.08,0,0.0,0,0,12.0,0,DAILY_BUDGET,0,0,12.0,Amazon,0.0,0.0,2740,0,0,0,8,Inner-SP-KW-gumm-magnesium glycinate gummies-EM-CPC-8k,spCampaigns,US,INNERBRIGHTNESS,spCampaigns_innerbrightness_US_2026-03-21_2026-04-20.json,2026-04-21 01:59:12
31790,2026-04-21 01:59:12.493253,2026-04-21 01:59:12.493253,2026-04-14,209.85,1.1678392745465915,18,223.84,298.78,,223.84,0,15,ENABLED,16,600.0,19,16,3.05,19,552923299547324,2.5172310458495653,0,,85.62822143383092,19,0,USD,,16,19,manual,223.84,5.08,0,284.79,0,16,255.84,15,DAILY_BUDGET,18,16,255.84,Amazon,298.78,298.78,3337,16,19,19,84,Inner-SP-KW-gumm-magnesium glycinate gummies-EM-CPC-8k,spCampaigns,US,INNERBRIGHTNESS,spCampaigns_innerbrightness_US_2026-03-21_2026-04-20.json,2026-04-21 01:59:12
31791,2026-04-21 01:59:12.493253,2026-04-21 01:59:12.493253,2026-04-15,349.75,1.2611405835543765,27,433.69,475.45,,433.69,0,25,ENABLED,30,600.0,32,31,3.02,33,552923299547324,2.4390243902439024,0,,79.29330108318436,33,0,USD,,31,33,manual,433.69,6.12,0,391.51,0,30,377.0,24,DAILY_BUDGET,26,31,377.0,Amazon,475.45,475.45,5125,30,32,32,125,Inner-SP-KW-gumm-magnesium glycinate gummies-EM-CPC-8k,spCampaigns,US,INNERBRIGHTNESS,spCampaigns_innerbrightness_US_2026-03-21_2026-04-20.json,2026-04-21 01:59:12
31792,2026-04-21 01:59:12.493253,2026-04-21 01:59:12.493253,2026-04-16,587.58,1.49326041083502,44,643.54,693.5,,643.54,0,42,ENABLED,44,600.0,46,46,2.9,48,552923299547324,2.729909571745436,0,,66.96755587599135,48,0,USD,,46,48,manual,643.54,10.44,0,637.54,0,44,464.42,40,DAILY_BUDGET,42,46,464.42,Amazon,693.5,693.5,5861,44,46,46,160,Inner-SP-KW-gumm-magnesium glycinate gummies-EM-CPC-8k,spCampaigns,US,INNERBRIGHTNESS,spCampaigns_innerbrightness_US_2026-03-21_2026-04-20.json,2026-04-21 01:59:12
31793,2026-04-21 01:59:12.493253,2026-04-21 01:59:12.493253,2026-04-17,475.66,1.0462852714936404,36,503.64,553.6,,503.64,0,34,ENABLED,35,600.0,37,36,2.76,38,552923299547324,2.619729840360213,0,,95.57622832369943,38,0,USD,,36,38,manual,503.64,12.79,0,525.62,0,35,529.11,33,DAILY_BUDGET,35,36,529.11,Amazon,553.6,553.6,7329,35,37,37,192,Inner-SP-KW-gumm-magnesium glycinate gummies-EM-CPC-8k,spCampaigns,US,INNERBRIGHTNESS,spCampaigns_innerbrightness_US_2026-03-21_2026-04-20.json,2026-04-21 01:59:12
31797,2026-04-21 01:59:12.493253,2026-04-21 01:59:12.493253,2026-04-11,146.94,3.748469387755102,6,146.94,146.94,,146.94,0,6,ENABLED,2,180.0,2,6,2.45,6,287272276943680,1.9417475728155338,0,,26.677555464815573,6,0,USD,,6,6,legacy,146.94,10.49,0,146.94,0,2,39.2,2,DAILY_BUDGET,2,6,39.2,Amazon,146.94,146.94,824,2,2,2,16,Inner-SP-KW-Berberine Capsules-PAT,spCampaigns,US,INNERBRIGHTNESS,spCampaigns_innerbrightness_US_2026-03-21_2026-04-20.json,2026-04-21 01:59:12
31798,2026-04-21 01:59:12.493253,2026-04-21 01:59:12.493253,2026-04-12,73.47,1.6640996602491507,3,73.47,73.47,,73.47,0,3,ENABLED,3,180.0,3,3,2.45,3,287272276943680,1.4527845036319613,0,,60.09255478426569,3,0,USD,,3,3,legacy,73.47,11.14,0,73.47,0,3,44.15,3,DAILY_BUDGET,3,3,44.15,Amazon,73.47,73.47,1239,3,3,3,18,Inner-SP-KW-Berberine Capsules-PAT,spCampaigns,US,INNERBRIGHTNESS,spCampaigns_innerbrightness_US_2026-03-21_2026-04-20.json,2026-04-21 01:59:12
31799,2026-04-21 01:59:12.493253,2026-04-21 01:59:12.493253,2026-04-13,0.0,0.8424492604059167,0,24.49,24.49,,24.49,0,0,ENABLED,1,180.0,1,1,2.24,1,287272276943680,1.169064748201439,0,,118.70151082074317,1,0,USD,,1,1,legacy,24.49,0.75,0,0.0,0,1,29.07,0,DAILY_BUDGET,0,1,29.07,Amazon,24.49,24.49,1112,1,1,1,13,Inner-SP-KW-Berberine Capsules-PAT,spCampaigns,US,INNERBRIGHTNESS,spCampaigns_innerbrightness_US_2026-03-21_2026-04-20.json,2026-04-21 01:59:12
31800,2026-04-21 01:59:12.493253,2026-04-21 01:59:12.493253,2026-04-14,73.47,2.474987367357251,3,97.96,97.96,,97.96,0,3,ENABLED,4,180.0,4,4,2.47,4,287272276943680,3.4482758620689653,0,,40.40424663127807,4,0,USD,,4,4,legacy,97.96,3.3,0,73.47,0,4,39.58,3,DAILY_BUDGET,3,4,39.58,Amazon,97.96,97.96,464,4,4,4,16,Inner-SP-KW-Berberine Capsules-PAT,spCampaigns,US,INNERBRIGHTNESS,spCampaigns_innerbrightness_US_2026-03-21_2026-04-20.json,2026-04-21 01:59:12
31801,2026-04-21 01:59:12.493253,2026-04-21 01:59:12.493253,2026-04-15,171.43,3.358738244514107,7,171.43,171.43,,171.43,0,7,ENABLED,6,180.0,6,7,2.43,7,287272276943680,1.7369727047146404,0,,29.773085224289797,7,0,USD,,7,7,legacy,171.43,0.11,0,171.43,0,6,51.04,6,DAILY_BUDGET,6,7,51.04,Amazon,171.43,171.43,1209,6,6,6,21,Inner-SP-KW-Berberine Capsules-PAT,spCampaigns,US,INNERBRIGHTNESS,spCampaigns_innerbrightness_US_2026-03-21_2026-04-20.json,2026-04-21 01:59:12
31802,2026-04-21 01:59:12.493253,2026-04-21 01:59:12.493253,2026-04-16,97.96,2.5704539490947256,4,97.96,97.96,,97.96,0,4,ENABLED,4,180.0,4,4,2.38,4,287272276943680,0.9232544720138488,0,,38.903634136382195,4,0,USD,,4,4,legacy,97.96,0.31,0,97.96,0,4,38.11,4,DAILY_BUDGET,4,4,38.11,Amazon,97.96,97.96,1733,4,4,4,16,Inner-SP-KW-Berberine Capsules-PAT,spCampaigns,US,INNERBRIGHTNESS,spCampaigns_innerbrightness_US_2026-03-21_2026-04-20.json,2026-04-21 01:59:12
31803,2026-04-21 01:59:12.493253,2026-04-21 01:59:12.493253,2026-04-17,48.98,1.042127659574468,2,48.98,48.98,,48.98,0,2,ENABLED,2,180.0,2,2,2.47,2,287272276943680,1.0337323177366704,0,,95.95753368721928,2,0,USD,,2,2,legacy,48.98,0.14,0,48.98,0,2,47.0,2,DAILY_BUDGET,2,2,47.0,Amazon,48.98,48.98,1838,2,2,2,19,Inner-SP-KW-Berberine Capsules-PAT,spCampaigns,US,INNERBRIGHTNESS,spCampaigns_innerbrightness_US_2026-03-21_2026-04-20.json,2026-04-21 01:59:12
