id,created_at,updated_at,date,attributed_sales_same_sku1d,roas_clicks14d,units_sold_clicks1d,match_type,attributed_sales_same_sku14d,sales7d,attributed_sales_same_sku30d,kindle_edition_normalized_pages_royalties14d,units_sold_same_sku1d,campaign_status,keyword,sales_other_sku7d,purchases_same_sku7d,campaign_budget_amount,purchases7d,units_sold_same_sku30d,cost_per_click,units_sold_clicks14d,ad_group_name,campaign_id,click_through_rate,kindle_edition_normalized_pages_read14d,acos_clicks14d,units_sold_clicks30d,qualified_borrows,portfolio_id,campaign_budget_currency_code,roas_clicks7d,units_sold_same_sku14d,units_sold_clicks7d,keyword_id,attributed_sales_same_sku7d,top_of_search_impression_share,royalty_qualified_borrows,sales1d,ad_group_id,add_to_list,keyword_bid,targeting,purchases_same_sku14d,units_sold_other_sku7d,purchases_same_sku1d,campaign_budget_type,ad_keyword_status,keyword_type,purchases1d,units_sold_same_sku7d,cost,retailer,sales14d,acos_clicks7d,sales30d,impressions,purchases_same_sku30d,purchases14d,purchases30d,clicks,campaign_name,report_type_request,country_code_request,customer_request,file_name_request,parse_time_request
40766,2026-04-21 01:59:27.050291,2026-04-21 01:59:27.050291,2026-04-17,0.0,0.0,0,PHRASE,0.0,0.0,0.0,0,0,ENABLED,inositol,0.0,0,50.0,0,0,1.81,0,IB-SP-KW-inositol-myo inositol-PM,1182589332550,2.898550724637681,0,nan,0,0,209298027301784.0,USD,0.0,0,0,404460071153752,0.0,0.44,0,0.0,487700417776058,0,0.9,inositol,0,0,0,DAILY_BUDGET,ENABLED,PHRASE,0,0,18.05,Amazon,0.0,nan,0.0,345,0,0,0,10,IB-SP-KW-inositol-myo inositol-PM,spTargeting,US,INNERBRIGHTNESS,spTargeting_innerbrightness_US_2026-03-21_2026-04-20.json,2026-04-21 01:59:26
39744,2026-04-21 01:59:27.050291,2026-04-21 01:59:27.050291,2026-04-04,0.0,0.0,0,EXACT,0.0,0.0,0.0,0,0,ENABLED,biotin,0.0,0,40.0,0,0,2.34,0,Inner-SP-KW-biotin-biotin-EM-2K,90609254666494,0.1733960862026257,0,nan,0,0,105099487523342.0,USD,0.0,0,0,103354962706091,0.0,0.0,0,0.0,69195557591815,0,0.8,biotin,0,0,0,DAILY_BUDGET,ENABLED,EXACT,0,0,16.37,Amazon,0.0,nan,0.0,4037,0,0,0,7,Inner-SP-KW-biotin-biotin-EM-2K,spTargeting,US,INNERBRIGHTNESS,spTargeting_innerbrightness_US_2026-03-21_2026-04-20.json,2026-04-21 01:59:26
39745,2026-04-21 01:59:27.050291,2026-04-21 01:59:27.050291,2026-04-05,23.99,0.9489715189873417,1,EXACT,23.99,23.99,23.99,0,1,ENABLED,biotin,0.0,1,40.0,1,1,2.3,1,Inner-SP-KW-biotin-biotin-EM-2K,90609254666494,0.45852438516048355,0,105.37724051688204,1,0,105099487523342.0,USD,0.9489715189873417,1,1,103354962706091,23.99,0.0,0,23.99,69195557591815,0,0.8,biotin,1,0,1,DAILY_BUDGET,ENABLED,EXACT,1,1,25.28,Amazon,23.99,105.37724051688204,23.99,2399,1,1,1,11,Inner-SP-KW-biotin-biotin-EM-2K,spTargeting,US,INNERBRIGHTNESS,spTargeting_innerbrightness_US_2026-03-21_2026-04-20.json,2026-04-21 01:59:26
39746,2026-04-21 01:59:27.050291,2026-04-21 01:59:27.050291,2026-04-06,0.0,0.0,0,EXACT,0.0,0.0,0.0,0,0,ENABLED,biotin,0.0,0,40.0,0,0,2.33,0,Inner-SP-KW-biotin-biotin-EM-2K,90609254666494,0.29469548133595286,0,nan,0,0,105099487523342.0,USD,0.0,0,0,103354962706091,0.0,0.0,0,0.0,69195557591815,0,0.8,biotin,0,0,0,DAILY_BUDGET,ENABLED,EXACT,0,0,13.96,Amazon,0.0,nan,0.0,2036,0,0,0,6,Inner-SP-KW-biotin-biotin-EM-2K,spTargeting,US,INNERBRIGHTNESS,spTargeting_innerbrightness_US_2026-03-21_2026-04-20.json,2026-04-21 01:59:26
39747,2026-04-21 01:59:27.050291,2026-04-21 01:59:27.050291,2026-04-07,23.99,2.0399659863945576,1,EXACT,23.99,23.99,23.99,0,1,ENABLED,biotin,0.0,1,40.0,1,1,3.92,1,Inner-SP-KW-biotin-biotin-EM-2K,90609254666494,0.36991368680641185,0,49.02042517715715,1,0,105099487523342.0,USD,2.0399659863945576,1,1,103354962706091,23.99,0.0,0,23.99,69195557591815,0,0.8,biotin,1,0,1,DAILY_BUDGET,ENABLED,EXACT,1,1,11.76,Amazon,23.99,49.02042517715715,23.99,811,1,1,1,3,Inner-SP-KW-biotin-biotin-EM-2K,spTargeting,US,INNERBRIGHTNESS,spTargeting_innerbrightness_US_2026-03-21_2026-04-20.json,2026-04-21 01:59:26
39748,2026-04-21 01:59:27.050291,2026-04-21 01:59:27.050291,2026-04-08,23.99,1.5457474226804122,1,EXACT,23.99,23.99,23.99,0,1,ENABLED,biotin,0.0,1,40.0,1,1,3.88,1,Inner-SP-KW-biotin-biotin-EM-2K,90609254666494,0.4158004158004158,0,64.69362234264277,1,0,105099487523342.0,USD,1.5457474226804122,1,1,103354962706091,23.99,0.04,0,23.99,69195557591815,0,0.8,biotin,1,0,1,DAILY_BUDGET,ENABLED,EXACT,1,1,15.52,Amazon,23.99,64.69362234264277,23.99,962,1,1,1,4,Inner-SP-KW-biotin-biotin-EM-2K,spTargeting,US,INNERBRIGHTNESS,spTargeting_innerbrightness_US_2026-03-21_2026-04-20.json,2026-04-21 01:59:26
39749,2026-04-21 01:59:27.050291,2026-04-21 01:59:27.050291,2026-04-09,23.99,1.9599673202614378,1,EXACT,23.99,23.99,23.99,0,1,ENABLED,biotin,0.0,1,40.0,1,1,4.08,1,Inner-SP-KW-biotin-biotin-EM-2K,90609254666494,0.1744186046511628,0,51.02125885785745,1,0,105099487523342.0,USD,1.9599673202614378,1,1,103354962706091,23.99,0.0,0,23.99,69195557591815,0,0.8,biotin,1,0,1,DAILY_BUDGET,ENABLED,EXACT,1,1,12.24,Amazon,23.99,51.02125885785745,23.99,1720,1,1,1,3,Inner-SP-KW-biotin-biotin-EM-2K,spTargeting,US,INNERBRIGHTNESS,spTargeting_innerbrightness_US_2026-03-21_2026-04-20.json,2026-04-21 01:59:26
39750,2026-04-21 01:59:27.050291,2026-04-21 01:59:27.050291,2026-04-10,0.0,0.0,0,EXACT,0.0,0.0,0.0,0,0,ENABLED,biotin,0.0,0,40.0,0,0,4.08,0,Inner-SP-KW-biotin-biotin-EM-2K,90609254666494,0.28328611898017,0,nan,0,0,105099487523342.0,USD,0.0,0,0,103354962706091,0.0,0.0,0,0.0,69195557591815,0,0.8,biotin,0,0,0,DAILY_BUDGET,ENABLED,EXACT,0,0,4.08,Amazon,0.0,nan,0.0,353,0,0,0,1,Inner-SP-KW-biotin-biotin-EM-2K,spTargeting,US,INNERBRIGHTNESS,spTargeting_innerbrightness_US_2026-03-21_2026-04-20.json,2026-04-21 01:59:26
39754,2026-04-21 01:59:27.050291,2026-04-21 01:59:27.050291,2026-04-07,0.0,nan,0,EXACT,0.0,0.0,0.0,0,0,PAUSED,weem hair skin and nails gummies,0.0,0,30.0,0,0,0.0,0,Inner-SP-KW-biotin gummies-EM-weem hair skin and nails gummies-4K,204611304066301,nan,0,nan,0,0,NaN,USD,nan,0,0,174490013486364,0.0,nan,0,0.0,222863366743016,0,4.52,weem hair skin and nails gummies,0,0,0,DAILY_BUDGET,ENABLED,EXACT,0,0,0.0,Amazon,0.0,nan,0.0,0,0,0,0,0,Inner-SP-KW-biotin gummies-EM-weem hair skin and nails gummies-4K,spTargeting,US,INNERBRIGHTNESS,spTargeting_innerbrightness_US_2026-03-21_2026-04-20.json,2026-04-21 01:59:26
39760,2026-04-21 01:59:27.050291,2026-04-21 01:59:27.050291,2026-04-04,22.99,0.36091051805337515,1,EXACT,22.99,22.99,22.99,0,1,ENABLED,methylated b complex,0.0,1,140.0,1,1,4.55,1,Inner-SP-KW-VB-methylated b complex-EM-1.9W,124155407961116,1.1075949367088607,0,277.0769899956503,1,0,128011262266839.0,USD,0.36091051805337515,1,1,233380051725988,22.99,0.0,0,22.99,82937763590039,0,2.68,methylated b complex,1,0,1,DAILY_BUDGET,ENABLED,EXACT,1,1,63.7,Amazon,22.99,277.0769899956503,22.99,1264,1,1,1,14,Inner-SP-KW-VB-methylated b complex-EM-1.9W,spTargeting,US,INNERBRIGHTNESS,spTargeting_innerbrightness_US_2026-03-21_2026-04-20.json,2026-04-21 01:59:26
39761,2026-04-21 01:59:27.050291,2026-04-21 01:59:27.050291,2026-04-05,22.99,0.3886728655959425,1,EXACT,22.99,22.99,22.99,0,1,ENABLED,methylated b complex,0.0,1,140.0,1,1,4.55,1,Inner-SP-KW-VB-methylated b complex-EM-1.9W,124155407961116,1.0132501948558068,0,257.28577642453246,1,0,128011262266839.0,USD,0.3886728655959425,1,1,233380051725988,22.99,0.0,0,22.99,82937763590039,0,2.68,methylated b complex,1,0,1,DAILY_BUDGET,ENABLED,EXACT,1,1,59.15,Amazon,22.99,257.28577642453246,22.99,1283,1,1,1,13,Inner-SP-KW-VB-methylated b complex-EM-1.9W,spTargeting,US,INNERBRIGHTNESS,spTargeting_innerbrightness_US_2026-03-21_2026-04-20.json,2026-04-21 01:59:26
39762,2026-04-21 01:59:27.050291,2026-04-21 01:59:27.050291,2026-04-06,114.95,1.3506050992832805,5,EXACT,114.95,114.95,114.95,0,5,ENABLED,methylated b complex,0.0,5,140.0,5,5,4.48,5,Inner-SP-KW-VB-methylated b complex-EM-1.9W,124155407961116,1.1692307692307693,0,74.04088734232275,5,0,128011262266839.0,USD,1.3506050992832805,5,5,233380051725988,114.95,0.16,0,114.95,82937763590039,0,2.68,methylated b complex,5,0,5,DAILY_BUDGET,ENABLED,EXACT,5,5,85.11,Amazon,114.95,74.04088734232275,114.95,1625,5,5,5,19,Inner-SP-KW-VB-methylated b complex-EM-1.9W,spTargeting,US,INNERBRIGHTNESS,spTargeting_innerbrightness_US_2026-03-21_2026-04-20.json,2026-04-21 01:59:26
39763,2026-04-21 01:59:27.050291,2026-04-21 01:59:27.050291,2026-04-07,22.99,0.5688481999257701,1,EXACT,45.98,45.98,45.98,0,1,ENABLED,methylated b complex,0.0,2,140.0,2,2,4.49,2,Inner-SP-KW-VB-methylated b complex-EM-1.9W,124155407961116,1.2448132780082988,0,175.7938234014789,2,0,128011262266839.0,USD,0.5688481999257701,2,2,233380051725988,45.98,0.05,0,22.99,82937763590039,0,2.68,methylated b complex,2,0,1,DAILY_BUDGET,ENABLED,EXACT,1,2,80.83,Amazon,45.98,175.7938234014789,45.98,1446,2,2,2,18,Inner-SP-KW-VB-methylated b complex-EM-1.9W,spTargeting,US,INNERBRIGHTNESS,spTargeting_innerbrightness_US_2026-03-21_2026-04-20.json,2026-04-21 01:59:26
39764,2026-04-21 01:59:27.050291,2026-04-21 01:59:27.050291,2026-04-08,183.92,2.409914764377388,8,EXACT,245.98,226.45,245.98,0,8,ENABLED,methylated b complex,0.0,10,140.0,10,11,4.44,11,Inner-SP-KW-VB-methylated b complex-EM-1.9W,124155407961116,1.795472287275566,0,41.49524351573299,11,0,128011262266839.0,USD,2.2185754874106007,11,10,233380051725988,226.45,0.0,0,183.92,82937763590039,0,2.68,methylated b complex,11,0,8,DAILY_BUDGET,ENABLED,EXACT,8,10,102.07,Amazon,245.98,45.07396776330316,245.98,1281,11,11,11,23,Inner-SP-KW-VB-methylated b complex-EM-1.9W,spTargeting,US,INNERBRIGHTNESS,spTargeting_innerbrightness_US_2026-03-21_2026-04-20.json,2026-04-21 01:59:26
39765,2026-04-21 01:59:27.050291,2026-04-21 01:59:27.050291,2026-04-09,45.98,0.5470553242117787,2,EXACT,45.98,45.98,45.98,0,2,ENABLED,methylated b complex,0.0,2,140.0,2,2,4.42,2,Inner-SP-KW-VB-methylated b complex-EM-1.9W,124155407961116,1.3639626704953338,0,182.7968682035668,2,0,128011262266839.0,USD,0.5470553242117787,2,2,233380051725988,45.98,0.0,0,45.98,82937763590039,0,2.68,methylated b complex,2,0,2,DAILY_BUDGET,ENABLED,EXACT,2,2,84.05,Amazon,45.98,182.7968682035668,45.98,1393,2,2,2,19,Inner-SP-KW-VB-methylated b complex-EM-1.9W,spTargeting,US,INNERBRIGHTNESS,spTargeting_innerbrightness_US_2026-03-21_2026-04-20.json,2026-04-21 01:59:26
39766,2026-04-21 01:59:27.050291,2026-04-21 01:59:27.050291,2026-04-10,68.97,1.4873424906345782,3,EXACT,131.02,91.96,131.02,0,3,ENABLED,methylated b complex,0.0,4,140.0,4,6,4.4,6,Inner-SP-KW-VB-methylated b complex-EM-1.9W,124155407961116,1.015744032503809,0,67.23401007479774,6,0,128011262266839.0,USD,1.043932341923033,6,4,233380051725988,91.96,0.0,0,68.97,82937763590039,0,2.68,methylated b complex,6,0,3,DAILY_BUDGET,ENABLED,EXACT,3,4,88.09,Amazon,131.02,95.79164854284473,131.02,1969,6,6,6,20,Inner-SP-KW-VB-methylated b complex-EM-1.9W,spTargeting,US,INNERBRIGHTNESS,spTargeting_innerbrightness_US_2026-03-21_2026-04-20.json,2026-04-21 01:59:26
39772,2026-04-21 01:59:27.050291,2026-04-21 01:59:27.050291,2026-04-04,0.0,3.9637931034482756,0,EXACT,22.99,22.99,22.99,0,0,ENABLED,b vitamins complex,0.0,1,20.0,1,1,5.8,1,Inner-SP-KW-VB-b vitamins complex-EM-1W,250659622813733,0.2976190476190476,0,25.228360156589822,1,0,128011262266839.0,USD,3.9637931034482756,1,1,185699754661731,22.99,4.31,0,0.0,113941798014442,0,2.8,b vitamins complex,1,0,0,DAILY_BUDGET,ENABLED,EXACT,0,1,5.8,Amazon,22.99,25.228360156589822,22.99,336,1,1,1,1,Inner-SP-KW-VB-b vitamins complex-EM-1W,spTargeting,US,INNERBRIGHTNESS,spTargeting_innerbrightness_US_2026-03-21_2026-04-20.json,2026-04-21 01:59:26
39773,2026-04-21 01:59:27.050291,2026-04-21 01:59:27.050291,2026-04-05,0.0,0.0,0,EXACT,0.0,0.0,0.0,0,0,ENABLED,b vitamins complex,0.0,0,20.0,0,0,4.9,0,Inner-SP-KW-VB-b vitamins complex-EM-1W,250659622813733,1.3020833333333335,0,nan,0,0,128011262266839.0,USD,0.0,0,0,185699754661731,0.0,3.55,0,0.0,113941798014442,0,2.8,b vitamins complex,0,0,0,DAILY_BUDGET,ENABLED,EXACT,0,0,24.5,Amazon,0.0,nan,0.0,384,0,0,0,5,Inner-SP-KW-VB-b vitamins complex-EM-1W,spTargeting,US,INNERBRIGHTNESS,spTargeting_innerbrightness_US_2026-03-21_2026-04-20.json,2026-04-21 01:59:26
39774,2026-04-21 01:59:27.050291,2026-04-21 01:59:27.050291,2026-04-06,22.99,3.9637931034482756,1,EXACT,22.99,22.99,22.99,0,1,ENABLED,b vitamins complex,0.0,1,20.0,1,1,5.8,1,Inner-SP-KW-VB-b vitamins complex-EM-1W,250659622813733,0.2136752136752137,0,25.228360156589822,1,0,128011262266839.0,USD,3.9637931034482756,1,1,185699754661731,22.99,4.55,0,22.99,113941798014442,0,2.8,b vitamins complex,1,0,1,DAILY_BUDGET,ENABLED,EXACT,1,1,5.8,Amazon,22.99,25.228360156589822,22.99,468,1,1,1,1,Inner-SP-KW-VB-b vitamins complex-EM-1W,spTargeting,US,INNERBRIGHTNESS,spTargeting_innerbrightness_US_2026-03-21_2026-04-20.json,2026-04-21 01:59:26
39775,2026-04-21 01:59:27.050291,2026-04-21 01:59:27.050291,2026-04-07,45.98,1.173857544038805,2,EXACT,45.98,45.98,45.98,0,2,ENABLED,b vitamins complex,0.0,2,20.0,2,2,5.6,2,Inner-SP-KW-VB-b vitamins complex-EM-1W,250659622813733,1.6129032258064515,0,85.18921270117443,2,0,128011262266839.0,USD,1.173857544038805,2,2,185699754661731,45.98,8.88,0,45.98,113941798014442,0,2.8,b vitamins complex,2,0,2,DAILY_BUDGET,ENABLED,EXACT,2,2,39.17,Amazon,45.98,85.18921270117443,45.98,434,2,2,2,7,Inner-SP-KW-VB-b vitamins complex-EM-1W,spTargeting,US,INNERBRIGHTNESS,spTargeting_innerbrightness_US_2026-03-21_2026-04-20.json,2026-04-21 01:59:26
39776,2026-04-21 01:59:27.050291,2026-04-21 01:59:27.050291,2026-04-08,114.95,2.1494016454749443,5,EXACT,114.95,114.95,114.95,0,5,ENABLED,b vitamins complex,0.0,5,20.0,5,5,5.35,5,Inner-SP-KW-VB-b vitamins complex-EM-1W,250659622813733,1.8083182640144666,0,46.524575902566326,5,0,128011262266839.0,USD,2.1494016454749443,5,5,185699754661731,114.95,8.49,0,114.95,113941798014442,0,2.8,b vitamins complex,5,0,5,DAILY_BUDGET,ENABLED,EXACT,5,5,53.48,Amazon,114.95,46.524575902566326,114.95,553,5,5,5,10,Inner-SP-KW-VB-b vitamins complex-EM-1W,spTargeting,US,INNERBRIGHTNESS,spTargeting_innerbrightness_US_2026-03-21_2026-04-20.json,2026-04-21 01:59:26
39777,2026-04-21 01:59:27.050291,2026-04-21 01:59:27.050291,2026-04-09,0.0,0.0,0,EXACT,0.0,0.0,0.0,0,0,ENABLED,b vitamins complex,0.0,0,20.0,0,0,5.36,0,Inner-SP-KW-VB-b vitamins complex-EM-1W,250659622813733,1.3850415512465373,0,nan,0,0,128011262266839.0,USD,0.0,0,0,185699754661731,0.0,8.26,0,0.0,113941798014442,0,2.8,b vitamins complex,0,0,0,DAILY_BUDGET,ENABLED,EXACT,0,0,26.81,Amazon,0.0,nan,0.0,361,0,0,0,5,Inner-SP-KW-VB-b vitamins complex-EM-1W,spTargeting,US,INNERBRIGHTNESS,spTargeting_innerbrightness_US_2026-03-21_2026-04-20.json,2026-04-21 01:59:26
39778,2026-04-21 01:59:27.050291,2026-04-21 01:59:27.050291,2026-04-10,68.97,2.5468980797636633,3,EXACT,68.97,68.97,68.97,0,3,ENABLED,b vitamins complex,0.0,3,20.0,3,3,4.51,3,Inner-SP-KW-VB-b vitamins complex-EM-1W,250659622813733,1.3793103448275863,0,39.26344787588806,3,0,128011262266839.0,USD,2.5468980797636633,3,3,185699754661731,68.97,13.28,0,68.97,113941798014442,0,2.8,b vitamins complex,3,0,3,DAILY_BUDGET,ENABLED,EXACT,3,3,27.08,Amazon,68.97,39.26344787588806,68.97,435,3,3,3,6,Inner-SP-KW-VB-b vitamins complex-EM-1W,spTargeting,US,INNERBRIGHTNESS,spTargeting_innerbrightness_US_2026-03-21_2026-04-20.json,2026-04-21 01:59:26
39779,2026-04-21 01:59:27.050291,2026-04-21 01:59:27.050291,2026-04-06,0.0,nan,0,EXACT,0.0,0.0,0.0,0,0,ENABLED,b complex vitamins,0.0,0,20.0,0,0,0.0,0,Inner-SP-KW-VB-b complex vitamins-EM-1W,36760962650554,0.0,0,nan,0,0,128011262266839.0,USD,nan,0,0,196649877774933,0.0,0.04,0,0.0,216529654495592,0,1.4,b complex vitamins,0,0,0,DAILY_BUDGET,ENABLED,EXACT,0,0,0.0,Amazon,0.0,nan,0.0,63,0,0,0,0,Inner-SP-KW-VB-b complex vitamins-EM-1W,spTargeting,US,INNERBRIGHTNESS,spTargeting_innerbrightness_US_2026-03-21_2026-04-20.json,2026-04-21 01:59:26
39780,2026-04-21 01:59:27.050291,2026-04-21 01:59:27.050291,2026-04-07,22.99,1.0516925892040256,1,EXACT,22.99,22.99,22.99,0,1,ENABLED,b complex vitamins,0.0,1,20.0,1,1,4.37,1,Inner-SP-KW-VB-b complex vitamins-EM-1W,36760962650554,0.4916420845624385,0,95.08481948673337,1,0,128011262266839.0,USD,1.0516925892040256,1,1,196649877774933,22.99,0.59,0,22.99,216529654495592,0,1.4,b complex vitamins,1,0,1,DAILY_BUDGET,ENABLED,EXACT,1,1,21.86,Amazon,22.99,95.08481948673337,22.99,1017,1,1,1,5,Inner-SP-KW-VB-b complex vitamins-EM-1W,spTargeting,US,INNERBRIGHTNESS,spTargeting_innerbrightness_US_2026-03-21_2026-04-20.json,2026-04-21 01:59:26
39781,2026-04-21 01:59:27.050291,2026-04-21 01:59:27.050291,2026-04-08,22.99,0.656107305936073,1,EXACT,22.99,22.99,22.99,0,1,ENABLED,b complex vitamins,0.0,1,20.0,1,1,4.38,1,Inner-SP-KW-VB-b complex vitamins-EM-1W,36760962650554,1.092896174863388,0,152.41409308394955,1,0,128011262266839.0,USD,0.656107305936073,1,1,196649877774933,22.99,0.67,0,22.99,216529654495592,0,1.4,b complex vitamins,1,0,1,DAILY_BUDGET,ENABLED,EXACT,1,1,35.04,Amazon,22.99,152.41409308394955,22.99,732,1,1,1,8,Inner-SP-KW-VB-b complex vitamins-EM-1W,spTargeting,US,INNERBRIGHTNESS,spTargeting_innerbrightness_US_2026-03-21_2026-04-20.json,2026-04-21 01:59:26
39782,2026-04-21 01:59:27.050291,2026-04-21 01:59:27.050291,2026-04-09,22.99,3.2665130568356378,1,EXACT,42.53,42.53,42.53,0,1,ENABLED,b complex vitamins,0.0,2,20.0,2,2,4.34,2,Inner-SP-KW-VB-b complex vitamins-EM-1W,36760962650554,0.49916805324459235,0,30.61368445802962,2,0,128011262266839.0,USD,3.2665130568356378,2,2,196649877774933,42.53,0.26,0,22.99,216529654495592,0,1.4,b complex vitamins,2,0,1,DAILY_BUDGET,ENABLED,EXACT,1,2,13.02,Amazon,42.53,30.61368445802962,42.53,601,2,2,2,3,Inner-SP-KW-VB-b complex vitamins-EM-1W,spTargeting,US,INNERBRIGHTNESS,spTargeting_innerbrightness_US_2026-03-21_2026-04-20.json,2026-04-21 01:59:26
39783,2026-04-21 01:59:27.050291,2026-04-21 01:59:27.050291,2026-04-10,45.98,1.3243087557603686,2,EXACT,45.98,45.98,45.98,0,2,ENABLED,b complex vitamins,0.0,2,20.0,2,2,4.34,2,Inner-SP-KW-VB-b complex vitamins-EM-1W,36760962650554,0.7393715341959335,0,75.51109177903437,2,0,128011262266839.0,USD,1.3243087557603686,2,2,196649877774933,45.98,0.75,0,45.98,216529654495592,0,1.4,b complex vitamins,2,0,2,DAILY_BUDGET,ENABLED,EXACT,2,2,34.72,Amazon,45.98,75.51109177903437,45.98,1082,2,2,2,8,Inner-SP-KW-VB-b complex vitamins-EM-1W,spTargeting,US,INNERBRIGHTNESS,spTargeting_innerbrightness_US_2026-03-21_2026-04-20.json,2026-04-21 01:59:26
39798,2026-04-21 01:59:27.050291,2026-04-21 01:59:27.050291,2026-04-04,629.79,1.271052717373586,25,EXACT,659.78,779.74,659.78,0,21,ENABLED,creatine gummies,119.96,22,1000.0,26,22,4.58,26,Inner-SP-KW-Creatine Gummies-creatine gummies-EM-CPC-800,297069838936079,1.5494912118408881,0,78.67494292969451,26,0,197748004457307.0,USD,1.271052717373586,22,26,415672664361434,659.78,4.31,0,749.75,439851151117545,0,1.8,creatine gummies,22,4,21,DAILY_BUDGET,ENABLED,EXACT,25,22,613.46,Amazon,779.74,78.67494292969451,779.74,8648,22,26,26,134,Inner-SP-KW-Creatine Gummies-creatine gummies-EM-CPC-800,spTargeting,US,INNERBRIGHTNESS,spTargeting_innerbrightness_US_2026-03-21_2026-04-20.json,2026-04-21 01:59:26
39799,2026-04-21 01:59:27.050291,2026-04-21 01:59:27.050291,2026-04-05,629.79,1.4533056420906887,27,EXACT,659.78,809.73,659.78,0,21,ENABLED,creatine gummies,179.94,21,1000.0,27,22,4.62,28,Inner-SP-KW-Creatine Gummies-creatine gummies-EM-CPC-800,297069838936079,1.3035770153300656,0,68.80865050254847,28,0,197748004457307.0,USD,1.4014018691588783,22,27,415672664361434,629.79,3.75,0,809.73,439851151117545,0,1.8,creatine gummies,22,6,21,DAILY_BUDGET,ENABLED,EXACT,27,21,577.8,Amazon,839.72,71.3571190396799,839.72,9589,22,28,28,125,Inner-SP-KW-Creatine Gummies-creatine gummies-EM-CPC-800,spTargeting,US,INNERBRIGHTNESS,spTargeting_innerbrightness_US_2026-03-21_2026-04-20.json,2026-04-21 01:59:26
39800,2026-04-21 01:59:27.050291,2026-04-21 01:59:27.050291,2026-04-06,779.74,1.5633712815511123,29,EXACT,809.73,899.7,809.73,0,26,ENABLED,creatine gummies,119.96,26,1000.0,30,27,4.47,31,Inner-SP-KW-Creatine Gummies-creatine gummies-EM-CPC-800,297069838936079,1.1651335961454228,0,63.96433219675376,31,0,197748004457307.0,USD,1.5129399498881733,27,30,415672664361434,779.74,2.4,0,869.71,439851151117545,0,1.8,creatine gummies,27,4,26,DAILY_BUDGET,ENABLED,EXACT,29,26,594.67,Amazon,929.69,66.09647660331221,929.69,11415,27,31,31,133,Inner-SP-KW-Creatine Gummies-creatine gummies-EM-CPC-800,spTargeting,US,INNERBRIGHTNESS,spTargeting_innerbrightness_US_2026-03-21_2026-04-20.json,2026-04-21 01:59:26
39801,2026-04-21 01:59:27.050291,2026-04-21 01:59:27.050291,2026-04-07,479.84,1.41237416848178,20,EXACT,599.8,689.77,599.8,0,16,ENABLED,creatine gummies,119.96,18,1000.0,22,20,4.55,24,Inner-SP-KW-Creatine Gummies-creatine gummies-EM-CPC-800,297069838936079,0.9446693657219973,0,70.8027675891964,24,0,197748004457307.0,USD,1.3535252447950392,20,23,415672664361434,569.81,3.27,0,599.8,439851151117545,0,1.8,creatine gummies,19,4,15,DAILY_BUDGET,ENABLED,EXACT,19,19,509.61,Amazon,719.76,73.88114878872668,719.76,11856,19,23,23,112,Inner-SP-KW-Creatine Gummies-creatine gummies-EM-CPC-800,spTargeting,US,INNERBRIGHTNESS,spTargeting_innerbrightness_US_2026-03-21_2026-04-20.json,2026-04-21 01:59:26
39802,2026-04-21 01:59:27.050291,2026-04-21 01:59:27.050291,2026-04-08,599.8,1.643213285774556,24,EXACT,709.92,779.74,709.92,0,20,ENABLED,creatine gummies,119.96,22,1000.0,26,24,4.5,29,Inner-SP-KW-Creatine Gummies-creatine gummies-EM-CPC-800,297069838936079,0.8732309545317676,0,60.85637261194814,29,0,197748004457307.0,USD,1.4953016530510488,24,26,415672664361434,659.78,2.5,0,719.76,439851151117545,0,1.8,creatine gummies,24,4,20,DAILY_BUDGET,ENABLED,EXACT,24,22,521.46,Amazon,856.87,66.87613819991279,856.87,13284,24,29,29,116,Inner-SP-KW-Creatine Gummies-creatine gummies-EM-CPC-800,spTargeting,US,INNERBRIGHTNESS,spTargeting_innerbrightness_US_2026-03-21_2026-04-20.json,2026-04-21 01:59:26
39803,2026-04-21 01:59:27.050291,2026-04-21 01:59:27.050291,2026-04-09,719.76,1.9608297669995245,31,EXACT,749.75,989.67,749.75,0,24,ENABLED,creatine gummies,239.92,25,1000.0,32,25,4.31,33,Inner-SP-KW-Creatine Gummies-creatine gummies-EM-CPC-800,297069838936079,0.8117671546520502,0,50.99881778774743,33,0,197748004457307.0,USD,1.9608297669995245,25,33,415672664361434,749.75,2.68,0,929.69,439851151117545,0,1.8,creatine gummies,25,8,24,DAILY_BUDGET,ENABLED,EXACT,30,25,504.72,Amazon,989.67,50.99881778774743,989.67,14413,25,32,32,117,Inner-SP-KW-Creatine Gummies-creatine gummies-EM-CPC-800,spTargeting,US,INNERBRIGHTNESS,spTargeting_innerbrightness_US_2026-03-21_2026-04-20.json,2026-04-21 01:59:26
39804,2026-04-21 01:59:27.050291,2026-04-21 01:59:27.050291,2026-04-10,869.71,2.0215617715617715,33,EXACT,969.99,1049.65,969.99,0,29,ENABLED,creatine gummies,119.96,28,1000.0,32,33,4.32,38,Inner-SP-KW-Creatine Gummies-creatine gummies-EM-CPC-800,297069838936079,0.9600846688841851,0,49.46670510233497,38,0,197748004457307.0,USD,1.9115129662004664,33,35,415672664361434,929.69,2.21,0,989.67,439851151117545,0,1.8,creatine gummies,29,4,26,DAILY_BUDGET,ENABLED,EXACT,30,31,549.12,Amazon,1110.08,52.31458105082646,1110.08,13228,29,34,34,127,Inner-SP-KW-Creatine Gummies-creatine gummies-EM-CPC-800,spTargeting,US,INNERBRIGHTNESS,spTargeting_innerbrightness_US_2026-03-21_2026-04-20.json,2026-04-21 01:59:26
39819,2026-04-21 01:59:27.050291,2026-04-21 01:59:27.050291,2026-04-04,209.93,1.5415060395785143,8,BROAD,239.92,269.91,260.07,0,7,ENABLED,creatine gummies,59.98,7,700.0,9,9,3.41,10,Inner-SP-KW-Creatine Gummies-creatine gummies-BM-CPC-600,391617266091470,1.1604234527687296,0,64.87162387462489,12,0,197748004457307.0,USD,1.3873554356206632,8,9,402815703536000,209.93,0.24,0,239.92,425782617077083,0,1.5,creatine gummies,8,2,7,DAILY_BUDGET,ENABLED,BROAD,8,7,194.55,Amazon,299.9,72.07958208291653,348.84,4912,9,10,12,57,Inner-SP-KW-Creatine Gummies-creatine gummies-BM-CPC-600,spTargeting,US,INNERBRIGHTNESS,spTargeting_innerbrightness_US_2026-03-21_2026-04-20.json,2026-04-21 01:59:26
39820,2026-04-21 01:59:27.050291,2026-04-21 01:59:27.050291,2026-04-05,239.92,2.3624094107761793,14,BROAD,269.91,449.85,290.06,0,8,ENABLED,creatine gummies,179.94,9,700.0,15,10,3.53,15,Inner-SP-KW-Creatine Gummies-creatine gummies-BM-CPC-600,391617266091470,1.0119940029985006,0,42.3296654440369,16,0,197748004457307.0,USD,2.3624094107761793,9,15,402815703536000,269.91,0.19,0,419.86,425782617077083,0,1.5,creatine gummies,9,6,8,DAILY_BUDGET,ENABLED,BROAD,14,9,190.42,Amazon,449.85,42.3296654440369,470.0,5336,10,15,16,54,Inner-SP-KW-Creatine Gummies-creatine gummies-BM-CPC-600,spTargeting,US,INNERBRIGHTNESS,spTargeting_innerbrightness_US_2026-03-21_2026-04-20.json,2026-04-21 01:59:26
39821,2026-04-21 01:59:27.050291,2026-04-21 01:59:27.050291,2026-04-06,149.95,1.2373813780772935,5,BROAD,179.94,149.95,179.94,0,5,ENABLED,creatine gummies,0.0,5,700.0,5,6,3.46,6,Inner-SP-KW-Creatine Gummies-creatine gummies-BM-CPC-600,391617266091470,0.7622504537205083,0,80.8158274980549,6,0,197748004457307.0,USD,1.0311511483977445,6,5,402815703536000,149.95,0.15,0,149.95,425782617077083,0,1.5,creatine gummies,6,0,5,DAILY_BUDGET,ENABLED,BROAD,5,5,145.42,Amazon,179.94,96.9789929976659,179.94,5510,6,6,6,42,Inner-SP-KW-Creatine Gummies-creatine gummies-BM-CPC-600,spTargeting,US,INNERBRIGHTNESS,spTargeting_innerbrightness_US_2026-03-21_2026-04-20.json,2026-04-21 01:59:26
39822,2026-04-21 01:59:27.050291,2026-04-21 01:59:27.050291,2026-04-07,179.94,1.1500493042620796,6,BROAD,179.94,209.93,179.94,0,6,ENABLED,creatine gummies,29.99,6,700.0,7,6,3.65,7,Inner-SP-KW-Creatine Gummies-creatine gummies-BM-CPC-600,391617266091470,1.064282673478076,0,86.95279378840566,7,0,197748004457307.0,USD,1.1500493042620796,6,7,402815703536000,179.94,0.17,0,179.94,425782617077083,0,1.5,creatine gummies,6,1,6,DAILY_BUDGET,ENABLED,BROAD,6,6,182.54,Amazon,209.93,86.95279378840566,209.93,4698,6,7,7,50,Inner-SP-KW-Creatine Gummies-creatine gummies-BM-CPC-600,spTargeting,US,INNERBRIGHTNESS,spTargeting_innerbrightness_US_2026-03-21_2026-04-20.json,2026-04-21 01:59:26
39823,2026-04-21 01:59:27.050291,2026-04-21 01:59:27.050291,2026-04-08,239.92,1.870575393731483,12,BROAD,239.92,359.88,239.92,0,8,ENABLED,creatine gummies,119.96,8,700.0,12,8,3.56,12,Inner-SP-KW-Creatine Gummies-creatine gummies-BM-CPC-600,391617266091470,1.1954837281381447,0,53.459486495498496,12,0,197748004457307.0,USD,1.870575393731483,8,12,402815703536000,239.92,0.16,0,359.88,425782617077083,0,1.5,creatine gummies,8,4,8,DAILY_BUDGET,ENABLED,BROAD,12,8,192.39,Amazon,359.88,53.459486495498496,359.88,4517,8,12,12,54,Inner-SP-KW-Creatine Gummies-creatine gummies-BM-CPC-600,spTargeting,US,INNERBRIGHTNESS,spTargeting_innerbrightness_US_2026-03-21_2026-04-20.json,2026-04-21 01:59:26
39824,2026-04-21 01:59:27.050291,2026-04-21 01:59:27.050291,2026-04-09,299.9,2.1254429482636428,10,BROAD,359.88,359.88,359.88,0,10,ENABLED,creatine gummies,0.0,12,700.0,12,12,3.39,12,Inner-SP-KW-Creatine Gummies-creatine gummies-BM-CPC-600,391617266091470,0.8118201006656925,0,47.049016338779595,12,0,197748004457307.0,USD,2.1254429482636428,12,12,402815703536000,359.88,0.23,0,299.9,425782617077083,0,1.5,creatine gummies,12,0,10,DAILY_BUDGET,ENABLED,BROAD,10,12,169.32,Amazon,359.88,47.049016338779595,359.88,6159,12,12,12,50,Inner-SP-KW-Creatine Gummies-creatine gummies-BM-CPC-600,spTargeting,US,INNERBRIGHTNESS,spTargeting_innerbrightness_US_2026-03-21_2026-04-20.json,2026-04-21 01:59:26
39825,2026-04-21 01:59:27.050291,2026-04-21 01:59:27.050291,2026-04-10,149.95,1.515411824153613,7,BROAD,179.94,239.92,179.94,0,5,ENABLED,creatine gummies,59.98,6,700.0,8,6,3.52,8,Inner-SP-KW-Creatine Gummies-creatine gummies-BM-CPC-600,391617266091470,0.5558300395256917,0,65.98866288762922,8,0,197748004457307.0,USD,1.515411824153613,6,8,402815703536000,179.94,0.31,0,209.93,425782617077083,0,1.5,creatine gummies,6,2,5,DAILY_BUDGET,ENABLED,BROAD,7,6,158.32,Amazon,239.92,65.98866288762922,239.92,8096,6,8,8,45,Inner-SP-KW-Creatine Gummies-creatine gummies-BM-CPC-600,spTargeting,US,INNERBRIGHTNESS,spTargeting_innerbrightness_US_2026-03-21_2026-04-20.json,2026-04-21 01:59:26
39826,2026-04-21 01:59:27.050291,2026-04-21 01:59:27.050291,2026-04-07,89.97,0.9924986210700496,3,TARGETING_EXPRESSION_PREDEFINED,89.97,89.97,89.97,0,3,PAUSED,close-match,0.0,3,100.0,3,3,3.49,3,Inner-SP-Auto-Creatine Gummies-CPC,506739018117344,1.1333914559721012,0,100.75580749138602,3,0,197748004457307.0,USD,0.9924986210700496,3,3,519969922996681,89.97,0.01,0,89.97,557203492769823,0,1.0,close-match,3,0,3,DAILY_BUDGET,ENABLED,TARGETING_EXPRESSION_PREDEFINED,3,3,90.65,Amazon,89.97,100.75580749138602,89.97,2294,3,3,3,26,Inner-SP-Auto-Creatine Gummies-CPC,spTargeting,US,INNERBRIGHTNESS,spTargeting_innerbrightness_US_2026-03-21_2026-04-20.json,2026-04-21 01:59:26
39827,2026-04-21 01:59:27.050291,2026-04-21 01:59:27.050291,2026-04-08,59.98,1.3295797127150202,4,TARGETING_EXPRESSION_PREDEFINED,89.97,119.96,89.97,0,2,PAUSED,close-match,59.98,2,100.0,4,3,3.52,5,Inner-SP-Auto-Creatine Gummies-CPC,506739018117344,0.9950248756218906,0,75.2117372457486,5,0,197748004457307.0,USD,1.0636637701720162,3,4,519969922996681,59.98,0.04,0,119.96,557203492769823,0,1.0,close-match,3,2,2,DAILY_BUDGET,ENABLED,TARGETING_EXPRESSION_PREDEFINED,4,2,112.78,Amazon,149.95,94.01467155718574,149.95,3216,3,5,5,32,Inner-SP-Auto-Creatine Gummies-CPC,spTargeting,US,INNERBRIGHTNESS,spTargeting_innerbrightness_US_2026-03-21_2026-04-20.json,2026-04-21 01:59:26
39828,2026-04-21 01:59:27.050291,2026-04-21 01:59:27.050291,2026-04-09,59.98,0.6089340101522842,2,TARGETING_EXPRESSION_PREDEFINED,59.98,59.98,59.98,0,2,PAUSED,close-match,0.0,2,100.0,2,2,3.65,2,Inner-SP-Auto-Creatine Gummies-CPC,506739018117344,1.4547413793103448,0,164.22140713571193,2,0,197748004457307.0,USD,0.6089340101522842,2,2,519969922996681,59.98,0.04,0,59.98,557203492769823,0,1.0,close-match,2,0,2,DAILY_BUDGET,ENABLED,TARGETING_EXPRESSION_PREDEFINED,2,2,98.5,Amazon,59.98,164.22140713571193,59.98,1856,2,2,2,27,Inner-SP-Auto-Creatine Gummies-CPC,spTargeting,US,INNERBRIGHTNESS,spTargeting_innerbrightness_US_2026-03-21_2026-04-20.json,2026-04-21 01:59:26
39829,2026-04-21 01:59:27.050291,2026-04-21 01:59:27.050291,2026-04-10,29.99,1.1985213308022777,3,TARGETING_EXPRESSION_PREDEFINED,59.98,119.96,59.98,0,1,PAUSED,close-match,59.98,2,100.0,4,2,3.71,4,Inner-SP-Auto-Creatine Gummies-CPC,506739018117344,3.2335329341317367,0,83.43614538179393,4,0,197748004457307.0,USD,1.1985213308022777,2,4,519969922996681,59.98,0.17,0,89.97,557203492769823,0,1.0,close-match,2,2,1,DAILY_BUDGET,ENABLED,TARGETING_EXPRESSION_PREDEFINED,3,2,100.09,Amazon,119.96,83.43614538179393,119.96,835,2,4,4,27,Inner-SP-Auto-Creatine Gummies-CPC,spTargeting,US,INNERBRIGHTNESS,spTargeting_innerbrightness_US_2026-03-21_2026-04-20.json,2026-04-21 01:59:26
39844,2026-04-21 01:59:27.050291,2026-04-21 01:59:27.050291,2026-04-04,119.96,3.3042280677592615,6,BROAD,149.95,239.92,149.95,0,4,ENABLED,creatine,89.97,5,100.0,8,5,3.03,8,Inner-SP-KW-Creatine Gummies-creatine-BM-CPC-70,313950625346433,0.6818181818181818,0,30.264254751583863,8,0,197748004457307.0,USD,3.3042280677592615,5,8,407556257369922,149.95,0.22,0,179.94,343251949063559,0,1.7,creatine,5,3,4,DAILY_BUDGET,ENABLED,BROAD,6,5,72.61,Amazon,239.92,30.264254751583863,239.92,3520,5,8,8,24,Inner-SP-KW-Creatine Gummies-creatine-BM-CPC-70,spTargeting,US,INNERBRIGHTNESS,spTargeting_innerbrightness_US_2026-03-21_2026-04-20.json,2026-04-21 01:59:26
39845,2026-04-21 01:59:27.050291,2026-04-21 01:59:27.050291,2026-04-05,0.0,0.5517939282428702,0,BROAD,29.99,29.99,29.99,0,0,ENABLED,creatine,0.0,1,100.0,1,1,3.2,1,Inner-SP-KW-Creatine Gummies-creatine-BM-CPC-70,313950625346433,0.3875085479826761,0,181.2270756918973,1,0,197748004457307.0,USD,0.5517939282428702,1,1,407556257369922,29.99,0.22,0,0.0,343251949063559,0,1.7,creatine,1,0,0,DAILY_BUDGET,ENABLED,BROAD,0,1,54.35,Amazon,29.99,181.2270756918973,29.99,4387,1,1,1,17,Inner-SP-KW-Creatine Gummies-creatine-BM-CPC-70,spTargeting,US,INNERBRIGHTNESS,spTargeting_innerbrightness_US_2026-03-21_2026-04-20.json,2026-04-21 01:59:26
39846,2026-04-21 01:59:27.050291,2026-04-21 01:59:27.050291,2026-04-06,269.91,2.345167344385361,9,BROAD,299.9,299.9,299.9,0,9,ENABLED,creatine,0.0,8,100.0,8,10,3.2,10,Inner-SP-KW-Creatine Gummies-creatine-BM-CPC-70,313950625346433,0.7858546168958742,0,42.640880293431145,10,0,197748004457307.0,USD,2.345167344385361,10,10,407556257369922,299.9,0.23,0,269.91,343251949063559,0,1.7,creatine,8,0,7,DAILY_BUDGET,ENABLED,BROAD,7,10,127.88,Amazon,299.9,42.640880293431145,299.9,5090,8,8,8,40,Inner-SP-KW-Creatine Gummies-creatine-BM-CPC-70,spTargeting,US,INNERBRIGHTNESS,spTargeting_innerbrightness_US_2026-03-21_2026-04-20.json,2026-04-21 01:59:26
39847,2026-04-21 01:59:27.050291,2026-04-21 01:59:27.050291,2026-04-07,89.97,1.7040538238800886,5,BROAD,110.12,179.94,110.12,0,3,ENABLED,creatine,89.97,3,100.0,6,4,3.09,7,Inner-SP-KW-Creatine Gummies-creatine-BM-CPC-70,313950625346433,0.7794871794871795,0,58.68359238342745,7,0,197748004457307.0,USD,1.5324476239141542,4,6,407556257369922,89.97,0.17,0,149.95,343251949063559,0,1.7,creatine,4,3,3,DAILY_BUDGET,ENABLED,BROAD,5,3,117.42,Amazon,200.09,65.25508502834279,200.09,4875,4,7,7,38,Inner-SP-KW-Creatine Gummies-creatine-BM-CPC-70,spTargeting,US,INNERBRIGHTNESS,spTargeting_innerbrightness_US_2026-03-21_2026-04-20.json,2026-04-21 01:59:26
39848,2026-04-21 01:59:27.050291,2026-04-21 01:59:27.050291,2026-04-08,59.98,0.765832482124617,2,BROAD,59.98,59.98,59.98,0,2,ENABLED,creatine,0.0,2,100.0,2,2,3.41,2,Inner-SP-KW-Creatine Gummies-creatine-BM-CPC-70,313950625346433,0.5530175522962251,0,130.5768589529843,2,0,197748004457307.0,USD,0.765832482124617,2,2,407556257369922,59.98,0.22,0,59.98,343251949063559,0,1.7,creatine,2,0,2,DAILY_BUDGET,ENABLED,BROAD,2,2,78.32,Amazon,59.98,130.5768589529843,59.98,4159,2,2,2,23,Inner-SP-KW-Creatine Gummies-creatine-BM-CPC-70,spTargeting,US,INNERBRIGHTNESS,spTargeting_innerbrightness_US_2026-03-21_2026-04-20.json,2026-04-21 01:59:26
39849,2026-04-21 01:59:27.050291,2026-04-21 01:59:27.050291,2026-04-09,149.95,1.5206625538747571,6,BROAD,149.95,179.94,149.95,0,5,ENABLED,creatine,29.99,5,100.0,6,5,3.11,6,Inner-SP-KW-Creatine Gummies-creatine-BM-CPC-70,313950625346433,0.3003240338259701,0,65.76080915860842,6,0,197748004457307.0,USD,1.5206625538747571,5,6,407556257369922,149.95,0.26,0,179.94,343251949063559,0,1.7,creatine,5,1,5,DAILY_BUDGET,ENABLED,BROAD,6,5,118.33,Amazon,179.94,65.76080915860842,179.94,12653,5,6,6,38,Inner-SP-KW-Creatine Gummies-creatine-BM-CPC-70,spTargeting,US,INNERBRIGHTNESS,spTargeting_innerbrightness_US_2026-03-21_2026-04-20.json,2026-04-21 01:59:26
39850,2026-04-21 01:59:27.050291,2026-04-21 01:59:27.050291,2026-04-10,59.98,1.2576181157394464,2,BROAD,59.98,89.97,59.98,0,2,ENABLED,creatine,29.99,2,100.0,3,2,2.98,3,Inner-SP-KW-Creatine Gummies-creatine-BM-CPC-70,313950625346433,0.1682439537329127,0,79.51539402022897,3,0,197748004457307.0,USD,1.2576181157394464,2,3,407556257369922,59.98,0.2,0,59.98,343251949063559,0,1.7,creatine,2,1,2,DAILY_BUDGET,ENABLED,BROAD,2,2,71.54,Amazon,89.97,79.51539402022897,89.97,14265,2,3,3,24,Inner-SP-KW-Creatine Gummies-creatine-BM-CPC-70,spTargeting,US,INNERBRIGHTNESS,spTargeting_innerbrightness_US_2026-03-21_2026-04-20.json,2026-04-21 01:59:26
39865,2026-04-21 01:59:27.050291,2026-04-21 01:59:27.050291,2026-04-04,67.77,1.1724913494809688,3,EXACT,67.77,67.77,67.77,0,3,ENABLED,inositol supplement for women,0.0,3,40.0,3,3,3.04,3,IB-SP-KW-inositol-inositol supplement for women-EM-2w,467019307309442,1.532258064516129,0,85.28847572672274,3,0,209298027301784.0,USD,1.1724913494809688,3,3,350691199184379,67.77,1.3,0,67.77,364613545350368,0,1.0,inositol supplement for women,3,0,3,DAILY_BUDGET,ENABLED,EXACT,3,3,57.8,Amazon,67.77,85.28847572672274,67.77,1240,3,3,3,19,IB-SP-KW-inositol-inositol supplement for women-EM-2w,spTargeting,US,INNERBRIGHTNESS,spTargeting_innerbrightness_US_2026-03-21_2026-04-20.json,2026-04-21 01:59:26
39866,2026-04-21 01:59:27.050291,2026-04-21 01:59:27.050291,2026-04-05,90.36,1.0834532374100718,4,EXACT,90.36,90.36,90.36,0,4,ENABLED,inositol supplement for women,0.0,4,40.0,4,4,3.09,4,IB-SP-KW-inositol-inositol supplement for women-EM-2w,467019307309442,2.111024237685692,0,92.29747675962815,4,0,209298027301784.0,USD,1.0834532374100718,4,4,350691199184379,90.36,0.89,0,90.36,364613545350368,0,1.0,inositol supplement for women,4,0,4,DAILY_BUDGET,ENABLED,EXACT,4,4,83.4,Amazon,90.36,92.29747675962815,90.36,1279,4,4,4,27,IB-SP-KW-inositol-inositol supplement for women-EM-2w,spTargeting,US,INNERBRIGHTNESS,spTargeting_innerbrightness_US_2026-03-21_2026-04-20.json,2026-04-21 01:59:26
39867,2026-04-21 01:59:27.050291,2026-04-21 01:59:27.050291,2026-04-06,0.0,0.3494199535962877,0,EXACT,22.59,22.59,22.59,0,0,ENABLED,inositol supplement for women,0.0,1,40.0,1,1,2.94,1,IB-SP-KW-inositol-inositol supplement for women-EM-2w,467019307309442,1.096163428001993,0,286.18857901726426,1,0,209298027301784.0,USD,0.3494199535962877,1,1,350691199184379,22.59,1.51,0,0.0,364613545350368,0,1.0,inositol supplement for women,1,0,0,DAILY_BUDGET,ENABLED,EXACT,0,1,64.65,Amazon,22.59,286.18857901726426,22.59,2007,1,1,1,22,IB-SP-KW-inositol-inositol supplement for women-EM-2w,spTargeting,US,INNERBRIGHTNESS,spTargeting_innerbrightness_US_2026-03-21_2026-04-20.json,2026-04-21 01:59:26
39868,2026-04-21 01:59:27.050291,2026-04-21 01:59:27.050291,2026-04-07,90.36,1.348817769285885,4,EXACT,112.95,90.36,112.95,0,4,ENABLED,inositol supplement for women,0.0,4,40.0,4,5,3.1,5,IB-SP-KW-inositol-inositol supplement for women-EM-2w,467019307309442,1.8072289156626504,0,74.13899955732624,5,0,209298027301784.0,USD,1.079054215428708,5,4,350691199184379,90.36,0.84,0,90.36,364613545350368,0,1.0,inositol supplement for women,5,0,4,DAILY_BUDGET,ENABLED,EXACT,4,4,83.74,Amazon,112.95,92.67374944665781,112.95,1494,5,5,5,27,IB-SP-KW-inositol-inositol supplement for women-EM-2w,spTargeting,US,INNERBRIGHTNESS,spTargeting_innerbrightness_US_2026-03-21_2026-04-20.json,2026-04-21 01:59:26
39869,2026-04-21 01:59:27.050291,2026-04-21 01:59:27.050291,2026-04-08,22.59,1.0315068493150685,1,EXACT,45.18,45.18,45.18,0,1,ENABLED,inositol supplement for women,0.0,2,40.0,2,2,2.92,2,IB-SP-KW-inositol-inositol supplement for women-EM-2w,467019307309442,1.0033444816053512,0,96.94555112881805,2,0,209298027301784.0,USD,1.0315068493150685,2,2,350691199184379,45.18,0.5,0,22.59,364613545350368,0,1.0,inositol supplement for women,2,0,1,DAILY_BUDGET,ENABLED,EXACT,1,2,43.8,Amazon,45.18,96.94555112881805,45.18,1495,2,2,2,15,IB-SP-KW-inositol-inositol supplement for women-EM-2w,spTargeting,US,INNERBRIGHTNESS,spTargeting_innerbrightness_US_2026-03-21_2026-04-20.json,2026-04-21 01:59:26
39870,2026-04-21 01:59:27.050291,2026-04-21 01:59:27.050291,2026-04-09,45.18,0.5444029401132667,2,EXACT,45.18,45.18,45.18,0,2,ENABLED,inositol supplement for women,0.0,2,40.0,2,2,3.07,2,IB-SP-KW-inositol-inositol supplement for women-EM-2w,467019307309442,1.530612244897959,0,183.68747233289065,2,0,209298027301784.0,USD,0.5444029401132667,2,2,350691199184379,45.18,1.63,0,45.18,364613545350368,0,1.0,inositol supplement for women,2,0,2,DAILY_BUDGET,ENABLED,EXACT,2,2,82.99,Amazon,45.18,183.68747233289065,45.18,1764,2,2,2,27,IB-SP-KW-inositol-inositol supplement for women-EM-2w,spTargeting,US,INNERBRIGHTNESS,spTargeting_innerbrightness_US_2026-03-21_2026-04-20.json,2026-04-21 01:59:26
39871,2026-04-21 01:59:27.050291,2026-04-21 01:59:27.050291,2026-04-10,45.18,0.8087112171837708,2,EXACT,67.77,67.77,67.77,0,2,ENABLED,inositol supplement for women,0.0,3,40.0,3,3,3.1,3,IB-SP-KW-inositol-inositol supplement for women-EM-2w,467019307309442,1.6004742145820983,0,123.65353401209975,3,0,209298027301784.0,USD,0.8087112171837708,3,3,350691199184379,67.77,2.88,0,45.18,364613545350368,0,1.0,inositol supplement for women,3,0,2,DAILY_BUDGET,ENABLED,EXACT,2,3,83.8,Amazon,67.77,123.65353401209975,67.77,1687,3,3,3,27,IB-SP-KW-inositol-inositol supplement for women-EM-2w,spTargeting,US,INNERBRIGHTNESS,spTargeting_innerbrightness_US_2026-03-21_2026-04-20.json,2026-04-21 01:59:26
39888,2026-04-21 01:59:27.050291,2026-04-21 01:59:27.050291,2026-04-04,389.87,2.1382291341740562,15,EXACT,419.86,479.84,440.01,0,13,ENABLED,creatine,59.98,14,300.0,16,15,4.68,16,Inner-SP-KW-Creatine Gummies-creatine-EM-CPC-60,427396974780100,0.7896035532159895,0,46.76767255751918,17,0,197748004457307.0,USD,2.1382291341740562,14,16,365290665079448,419.86,0.48,0,449.85,531228150922353,0,2.3,creatine,14,2,13,DAILY_BUDGET,ENABLED,EXACT,15,14,224.41,Amazon,479.84,46.76767255751918,499.99,6079,15,16,17,48,Inner-SP-KW-Creatine Gummies-creatine-EM-CPC-60,spTargeting,US,INNERBRIGHTNESS,spTargeting_innerbrightness_US_2026-03-21_2026-04-20.json,2026-04-21 01:59:26
39889,2026-04-21 01:59:27.050291,2026-04-21 01:59:27.050291,2026-04-05,389.87,1.7198335167859107,13,EXACT,499.99,479.84,499.99,0,13,ENABLED,creatine,0.0,16,300.0,16,17,4.54,17,Inner-SP-KW-Creatine Gummies-creatine-EM-CPC-60,427396974780100,0.6481012658227848,0,58.145162903258075,17,0,197748004457307.0,USD,1.6505228398458995,17,16,365290665079448,479.84,0.83,0,389.87,531228150922353,0,2.3,creatine,17,0,13,DAILY_BUDGET,ENABLED,EXACT,13,16,290.72,Amazon,499.99,60.586862287429156,499.99,9875,17,17,17,64,Inner-SP-KW-Creatine Gummies-creatine-EM-CPC-60,spTargeting,US,INNERBRIGHTNESS,spTargeting_innerbrightness_US_2026-03-21_2026-04-20.json,2026-04-21 01:59:26
39890,2026-04-21 01:59:27.050291,2026-04-21 01:59:27.050291,2026-04-06,449.85,1.5065190090192944,21,EXACT,479.84,659.78,479.84,0,15,ENABLED,creatine,179.94,16,300.0,22,16,5.03,22,Inner-SP-KW-Creatine Gummies-creatine-EM-CPC-60,427396974780100,0.8522727272727272,0,66.37818666828336,22,0,197748004457307.0,USD,1.5065190090192944,16,22,365290665079448,479.84,1.21,0,629.79,531228150922353,0,2.3,creatine,16,6,15,DAILY_BUDGET,ENABLED,EXACT,21,16,437.95,Amazon,659.78,66.37818666828336,659.78,10208,16,22,22,87,Inner-SP-KW-Creatine Gummies-creatine-EM-CPC-60,spTargeting,US,INNERBRIGHTNESS,spTargeting_innerbrightness_US_2026-03-21_2026-04-20.json,2026-04-21 01:59:26
39891,2026-04-21 01:59:27.050291,2026-04-21 01:59:27.050291,2026-04-07,209.93,0.9706468157147836,11,EXACT,269.91,359.88,269.91,0,7,ENABLED,creatine,119.96,8,300.0,12,9,4.67,13,Inner-SP-KW-Creatine Gummies-creatine-EM-CPC-60,427396974780100,0.7431731766332527,0,103.02408495139406,13,0,197748004457307.0,USD,0.8959816760444156,9,12,365290665079448,239.92,0.93,0,329.89,531228150922353,0,2.3,creatine,9,4,7,DAILY_BUDGET,ENABLED,EXACT,11,8,401.66,Amazon,389.87,111.60942536401024,389.87,11572,9,13,13,86,Inner-SP-KW-Creatine Gummies-creatine-EM-CPC-60,spTargeting,US,INNERBRIGHTNESS,spTargeting_innerbrightness_US_2026-03-21_2026-04-20.json,2026-04-21 01:59:26
39892,2026-04-21 01:59:27.050291,2026-04-21 01:59:27.050291,2026-04-08,539.82,1.9153054457026355,23,EXACT,599.8,779.74,599.8,0,18,ENABLED,creatine,179.94,20,300.0,26,20,4.96,26,Inner-SP-KW-Creatine Gummies-creatine-EM-CPC-60,427396974780100,0.7998439328911432,0,52.2109934080591,26,0,197748004457307.0,USD,1.9153054457026355,20,26,365290665079448,599.8,0.97,0,689.77,531228150922353,0,2.3,creatine,20,6,18,DAILY_BUDGET,ENABLED,EXACT,23,20,407.11,Amazon,779.74,52.2109934080591,779.74,10252,20,26,26,82,Inner-SP-KW-Creatine Gummies-creatine-EM-CPC-60,spTargeting,US,INNERBRIGHTNESS,spTargeting_innerbrightness_US_2026-03-21_2026-04-20.json,2026-04-21 01:59:26
39893,2026-04-21 01:59:27.050291,2026-04-21 01:59:27.050291,2026-04-09,509.83,1.4560019419832504,20,EXACT,509.83,599.8,509.83,0,17,ENABLED,creatine,89.97,16,300.0,19,17,5.02,20,Inner-SP-KW-Creatine Gummies-creatine-EM-CPC-60,427396974780100,0.616634080312829,0,68.6812270756919,20,0,197748004457307.0,USD,1.4560019419832504,17,20,365290665079448,509.83,1.45,0,599.8,531228150922353,0,2.3,creatine,16,3,16,DAILY_BUDGET,ENABLED,EXACT,19,17,411.95,Amazon,599.8,68.6812270756919,599.8,13298,16,19,19,82,Inner-SP-KW-Creatine Gummies-creatine-EM-CPC-60,spTargeting,US,INNERBRIGHTNESS,spTargeting_innerbrightness_US_2026-03-21_2026-04-20.json,2026-04-21 01:59:26
39894,2026-04-21 01:59:27.050291,2026-04-21 01:59:27.050291,2026-04-10,359.88,1.21028592308395,16,EXACT,389.87,509.83,389.87,0,12,ENABLED,creatine,119.96,13,300.0,17,13,4.87,18,Inner-SP-KW-Creatine Gummies-creatine-EM-CPC-60,427396974780100,0.8254608823259654,0,82.62510378141747,18,0,197748004457307.0,USD,1.164314424043117,13,17,365290665079448,389.87,1.14,0,479.84,531228150922353,0,2.3,creatine,13,4,12,DAILY_BUDGET,ENABLED,EXACT,16,13,437.88,Amazon,529.96,85.8874526803052,529.96,10903,13,18,18,90,Inner-SP-KW-Creatine Gummies-creatine-EM-CPC-60,spTargeting,US,INNERBRIGHTNESS,spTargeting_innerbrightness_US_2026-03-21_2026-04-20.json,2026-04-21 01:59:26
39910,2026-04-21 01:59:27.050291,2026-04-21 01:59:27.050291,2026-04-04,0.0,0.0,0,EXACT,0.0,0.0,0.0,0,0,ENABLED,berberine with ceylon cinnamon,0.0,0,150.0,0,0,3.63,0,Inner-SP-KW-Berberine Capsules-EM-berberine with ceylon cinnamon-1w,486037133623874,3.7037037037037033,0,nan,0,0,189812334889736.0,USD,0.0,0,0,519438190071766,0.0,0.03,0,0.0,553363763288089,0,1.1,berberine with ceylon cinnamon,0,0,0,DAILY_BUDGET,ENABLED,EXACT,0,0,3.63,Amazon,0.0,nan,0.0,27,0,0,0,1,Inner-SP-KW-Berberine Capsules-EM-berberine with ceylon cinnamon-1w,spTargeting,US,INNERBRIGHTNESS,spTargeting_innerbrightness_US_2026-03-21_2026-04-20.json,2026-04-21 01:59:26
39911,2026-04-21 01:59:27.050291,2026-04-21 01:59:27.050291,2026-04-05,0.0,0.0,0,EXACT,0.0,0.0,0.0,0,0,ENABLED,berberine with ceylon cinnamon,0.0,0,150.0,0,0,3.61,0,Inner-SP-KW-Berberine Capsules-EM-berberine with ceylon cinnamon-1w,486037133623874,2.2222222222222223,0,nan,0,0,189812334889736.0,USD,0.0,0,0,519438190071766,0.0,0.03,0,0.0,553363763288089,0,1.1,berberine with ceylon cinnamon,0,0,0,DAILY_BUDGET,ENABLED,EXACT,0,0,3.61,Amazon,0.0,nan,0.0,45,0,0,0,1,Inner-SP-KW-Berberine Capsules-EM-berberine with ceylon cinnamon-1w,spTargeting,US,INNERBRIGHTNESS,spTargeting_innerbrightness_US_2026-03-21_2026-04-20.json,2026-04-21 01:59:26
39912,2026-04-21 01:59:27.050291,2026-04-21 01:59:27.050291,2026-04-06,0.0,0.0,0,EXACT,0.0,0.0,0.0,0,0,ENABLED,berberine with ceylon cinnamon,0.0,0,150.0,0,0,3.63,0,Inner-SP-KW-Berberine Capsules-EM-berberine with ceylon cinnamon-1w,486037133623874,0.3597122302158274,0,nan,0,0,189812334889736.0,USD,0.0,0,0,519438190071766,0.0,0.11,0,0.0,553363763288089,0,1.1,berberine with ceylon cinnamon,0,0,0,DAILY_BUDGET,ENABLED,EXACT,0,0,3.63,Amazon,0.0,nan,0.0,278,0,0,0,1,Inner-SP-KW-Berberine Capsules-EM-berberine with ceylon cinnamon-1w,spTargeting,US,INNERBRIGHTNESS,spTargeting_innerbrightness_US_2026-03-21_2026-04-20.json,2026-04-21 01:59:26
39913,2026-04-21 01:59:27.050291,2026-04-21 01:59:27.050291,2026-04-07,0.0,0.0,0,EXACT,0.0,0.0,0.0,0,0,ENABLED,berberine with ceylon cinnamon,0.0,0,150.0,0,0,3.63,0,Inner-SP-KW-Berberine Capsules-EM-berberine with ceylon cinnamon-1w,486037133623874,2.7777777777777777,0,nan,0,0,189812334889736.0,USD,0.0,0,0,519438190071766,0.0,0.03,0,0.0,553363763288089,0,1.1,berberine with ceylon cinnamon,0,0,0,DAILY_BUDGET,ENABLED,EXACT,0,0,3.63,Amazon,0.0,nan,0.0,36,0,0,0,1,Inner-SP-KW-Berberine Capsules-EM-berberine with ceylon cinnamon-1w,spTargeting,US,INNERBRIGHTNESS,spTargeting_innerbrightness_US_2026-03-21_2026-04-20.json,2026-04-21 01:59:26
39915,2026-04-21 01:59:27.050291,2026-04-21 01:59:27.050291,2026-04-08,0.0,0.0,0,EXACT,0.0,0.0,0.0,0,0,ENABLED,berberine with ceylon cinnamon,0.0,0,150.0,0,0,3.63,0,Inner-SP-KW-Berberine Capsules-EM-berberine with ceylon cinnamon-1w,486037133623874,0.4132231404958678,0,nan,0,0,189812334889736.0,USD,0.0,0,0,519438190071766,0.0,0.11,0,0.0,553363763288089,0,1.1,berberine with ceylon cinnamon,0,0,0,DAILY_BUDGET,ENABLED,EXACT,0,0,3.63,Amazon,0.0,nan,0.0,242,0,0,0,1,Inner-SP-KW-Berberine Capsules-EM-berberine with ceylon cinnamon-1w,spTargeting,US,INNERBRIGHTNESS,spTargeting_innerbrightness_US_2026-03-21_2026-04-20.json,2026-04-21 01:59:26
39916,2026-04-21 01:59:27.050291,2026-04-21 01:59:27.050291,2026-04-09,0.0,0.0,0,EXACT,0.0,0.0,0.0,0,0,ENABLED,berberine with ceylon cinnamon,0.0,0,150.0,0,0,3.63,0,Inner-SP-KW-Berberine Capsules-EM-berberine with ceylon cinnamon-1w,486037133623874,0.5847953216374269,0,nan,0,0,189812334889736.0,USD,0.0,0,0,519438190071766,0.0,0.35,0,0.0,553363763288089,0,1.1,berberine with ceylon cinnamon,0,0,0,DAILY_BUDGET,ENABLED,EXACT,0,0,3.63,Amazon,0.0,nan,0.0,171,0,0,0,1,Inner-SP-KW-Berberine Capsules-EM-berberine with ceylon cinnamon-1w,spTargeting,US,INNERBRIGHTNESS,spTargeting_innerbrightness_US_2026-03-21_2026-04-20.json,2026-04-21 01:59:26
39917,2026-04-21 01:59:27.050291,2026-04-21 01:59:27.050291,2026-04-10,0.0,0.0,0,EXACT,0.0,0.0,0.0,0,0,ENABLED,berberine with ceylon cinnamon,0.0,0,150.0,0,0,3.62,0,Inner-SP-KW-Berberine Capsules-EM-berberine with ceylon cinnamon-1w,486037133623874,0.3448275862068966,0,nan,0,0,189812334889736.0,USD,0.0,0,0,519438190071766,0.0,0.42,0,0.0,553363763288089,0,1.1,berberine with ceylon cinnamon,0,0,0,DAILY_BUDGET,ENABLED,EXACT,0,0,3.62,Amazon,0.0,nan,0.0,290,0,0,0,1,Inner-SP-KW-Berberine Capsules-EM-berberine with ceylon cinnamon-1w,spTargeting,US,INNERBRIGHTNESS,spTargeting_innerbrightness_US_2026-03-21_2026-04-20.json,2026-04-21 01:59:26
39926,2026-04-21 01:59:27.050291,2026-04-21 01:59:27.050291,2026-04-10,0.0,nan,0,EXACT,0.0,0.0,0.0,0,0,PAUSED,magnesium gummies,0.0,0,200.0,0,0,0.0,0,Inner-SP-KW-gumm-magnesium gummies-EM-CPC-8k,292978254342032,nan,0,nan,0,0,269179459475581.0,USD,nan,0,0,356094101725196,0.0,nan,0,0.0,412235548274635,0,1.0,magnesium gummies,0,0,0,DAILY_BUDGET,ENABLED,EXACT,0,0,0.0,Amazon,0.0,nan,0.0,0,0,0,0,0,Inner-SP-KW-gumm-magnesium gummies-EM-CPC-8k,spTargeting,US,INNERBRIGHTNESS,spTargeting_innerbrightness_US_2026-03-21_2026-04-20.json,2026-04-21 01:59:26
40769,2026-04-21 01:59:27.050291,2026-04-21 01:59:27.050291,2026-04-12,0.0,nan,0,EXACT,0.0,0.0,0.0,0,0,ENABLED,nmn,0.0,0,150.0,0,0,0.0,0,Inner-SP-KW-NMN Capsules-nmn-EM-CPC-1.2w,112480725342057,0.0,0,nan,0,0,156346298397171.0,USD,nan,0,0,373078963489934,0.0,0.0,0,0.0,377263535703992,0,nan,nmn,0,0,0,DAILY_BUDGET,ENABLED,EXACT,0,0,0.0,Amazon,0.0,nan,0.0,2,0,0,0,0,Inner-SP-KW-NMN Capsules-nmn-EM-CPC-1.2w,spTargeting,US,INNERBRIGHTNESS,spTargeting_innerbrightness_US_2026-03-21_2026-04-20.json,2026-04-21 01:59:26
40770,2026-04-21 01:59:27.050291,2026-04-21 01:59:27.050291,2026-04-13,0.0,nan,0,EXACT,0.0,0.0,0.0,0,0,ENABLED,nmn,0.0,0,150.0,0,0,0.0,0,Inner-SP-KW-NMN Capsules-nmn-EM-CPC-1.2w,112480725342057,0.0,0,nan,0,0,156346298397171.0,USD,nan,0,0,373078963489934,0.0,0.0,0,0.0,377263535703992,0,nan,nmn,0,0,0,DAILY_BUDGET,ENABLED,EXACT,0,0,0.0,Amazon,0.0,nan,0.0,1,0,0,0,0,Inner-SP-KW-NMN Capsules-nmn-EM-CPC-1.2w,spTargeting,US,INNERBRIGHTNESS,spTargeting_innerbrightness_US_2026-03-21_2026-04-20.json,2026-04-21 01:59:26
40771,2026-04-21 01:59:27.050291,2026-04-21 01:59:27.050291,2026-04-14,0.0,nan,0,EXACT,0.0,0.0,0.0,0,0,ENABLED,nmn,0.0,0,150.0,0,0,0.0,0,Inner-SP-KW-NMN Capsules-nmn-EM-CPC-1.2w,112480725342057,0.0,0,nan,0,0,156346298397171.0,USD,nan,0,0,373078963489934,0.0,0.0,0,0.0,377263535703992,0,nan,nmn,0,0,0,DAILY_BUDGET,ENABLED,EXACT,0,0,0.0,Amazon,0.0,nan,0.0,1,0,0,0,0,Inner-SP-KW-NMN Capsules-nmn-EM-CPC-1.2w,spTargeting,US,INNERBRIGHTNESS,spTargeting_innerbrightness_US_2026-03-21_2026-04-20.json,2026-04-21 01:59:26
40772,2026-04-21 01:59:27.050291,2026-04-21 01:59:27.050291,2026-04-15,0.0,nan,0,EXACT,0.0,0.0,0.0,0,0,ENABLED,nmn,0.0,0,150.0,0,0,0.0,0,Inner-SP-KW-NMN Capsules-nmn-EM-CPC-1.2w,112480725342057,0.0,0,nan,0,0,156346298397171.0,USD,nan,0,0,373078963489934,0.0,0.0,0,0.0,377263535703992,0,nan,nmn,0,0,0,DAILY_BUDGET,ENABLED,EXACT,0,0,0.0,Amazon,0.0,nan,0.0,1,0,0,0,0,Inner-SP-KW-NMN Capsules-nmn-EM-CPC-1.2w,spTargeting,US,INNERBRIGHTNESS,spTargeting_innerbrightness_US_2026-03-21_2026-04-20.json,2026-04-21 01:59:26
39940,2026-04-21 01:59:27.050291,2026-04-21 01:59:27.050291,2026-04-04,339.83,0.8284781868780907,19,PHRASE,359.82,413.8,359.82,0,17,ENABLED,magnesium glycinate,53.98,18,1.0,20,18,3.12,20,Inner-SP-KW-gumm-magnesium glaycinate-PM-CPC-56,399896724869227,1.7410228509249184,0,120.70323827936203,20,0,269179459475581.0,USD,0.8284781868780907,18,20,369202946261989,359.82,2.72,0,393.81,423666555472075,0,1.0,magnesium glycinate,18,2,17,DAILY_BUDGET,ENABLED,PHRASE,19,18,499.47,Amazon,413.8,120.70323827936203,413.8,9190,18,20,20,160,Inner-SP-KW-gumm-magnesium glaycinate-PM-CPC-56,spTargeting,US,INNERBRIGHTNESS,spTargeting_innerbrightness_US_2026-03-21_2026-04-20.json,2026-04-21 01:59:26
39941,2026-04-21 01:59:27.050291,2026-04-21 01:59:27.050291,2026-04-05,379.81,1.136211127247233,25,PHRASE,521.73,638.7,521.73,0,19,ENABLED,magnesium glycinate,158.94,24,1.0,30,27,3.14,33,Inner-SP-KW-gumm-magnesium glaycinate-PM-CPC-56,399896724869227,2.0130691399662735,0,88.01181189122484,33,0,269179459475581.0,USD,1.0661525364314688,27,30,369202946261989,479.76,3.08,0,538.75,423666555472075,0,1.0,magnesium glycinate,27,6,19,DAILY_BUDGET,ENABLED,PHRASE,25,24,599.07,Amazon,680.67,93.79520901831846,680.67,9488,27,33,33,191,Inner-SP-KW-gumm-magnesium glaycinate-PM-CPC-56,spTargeting,US,INNERBRIGHTNESS,spTargeting_innerbrightness_US_2026-03-21_2026-04-20.json,2026-04-21 01:59:26
39942,2026-04-21 01:59:27.050291,2026-04-21 01:59:27.050291,2026-04-06,759.62,1.2205959161340065,44,PHRASE,819.59,981.53,819.59,0,38,ENABLED,magnesium glycinate,161.94,37,1.0,43,41,3.13,47,Inner-SP-KW-gumm-magnesium glaycinate-PM-CPC-56,399896724869227,1.9500720843766597,0,81.92719529713814,47,0,269179459475581.0,USD,1.2205959161340065,41,47,369202946261989,819.59,3.5,0,921.56,423666555472075,0,1.0,magnesium glycinate,37,6,34,DAILY_BUDGET,ENABLED,PHRASE,40,41,804.14,Amazon,981.53,81.92719529713814,981.53,13179,37,43,43,257,Inner-SP-KW-gumm-magnesium glaycinate-PM-CPC-56,spTargeting,US,INNERBRIGHTNESS,spTargeting_innerbrightness_US_2026-03-21_2026-04-20.json,2026-04-21 01:59:26
39943,2026-04-21 01:59:27.050291,2026-04-21 01:59:27.050291,2026-04-07,199.9,0.8674166331860185,12,PHRASE,239.88,323.85,239.88,0,10,ENABLED,magnesium glycinate,83.97,12,1.0,15,12,2.92,15,Inner-SP-KW-gumm-magnesium glaycinate-PM-CPC-56,399896724869227,1.1695906432748537,0,115.28485409911997,15,0,269179459475581.0,USD,0.8674166331860185,12,15,369202946261989,239.88,2.16,0,255.88,423666555472075,0,1.0,magnesium glycinate,12,3,10,DAILY_BUDGET,ENABLED,PHRASE,12,12,373.35,Amazon,323.85,115.28485409911997,323.85,10944,12,15,15,128,Inner-SP-KW-gumm-magnesium glaycinate-PM-CPC-56,spTargeting,US,INNERBRIGHTNESS,spTargeting_innerbrightness_US_2026-03-21_2026-04-20.json,2026-04-21 01:59:26
39944,2026-04-21 01:59:27.050291,2026-04-21 01:59:27.050291,2026-04-08,79.96,0.8458815199433563,7,PHRASE,113.94,211.91,113.94,0,4,ENABLED,magnesium glycinate,111.96,5,1.0,9,6,2.97,11,Inner-SP-KW-gumm-magnesium glaycinate-PM-CPC-56,399896724869227,1.09217999126256,0,118.21986607142856,11,0,269179459475581.0,USD,0.7144880137563641,6,9,369202946261989,99.95,1.61,0,163.93,423666555472075,0,1.0,magnesium glycinate,6,4,4,DAILY_BUDGET,ENABLED,PHRASE,7,5,296.59,Amazon,250.88,139.96036053041385,250.88,9156,6,11,11,100,Inner-SP-KW-gumm-magnesium glaycinate-PM-CPC-56,spTargeting,US,INNERBRIGHTNESS,spTargeting_innerbrightness_US_2026-03-21_2026-04-20.json,2026-04-21 01:59:26
39945,2026-04-21 01:59:27.050291,2026-04-21 01:59:27.050291,2026-04-09,299.85,1.5184031383408332,17,PHRASE,313.84,380.81,313.84,0,15,ENABLED,magnesium glycinate,80.96,14,1.0,17,16,2.92,19,Inner-SP-KW-gumm-magnesium glaycinate-PM-CPC-56,399896724869227,0.9920856091851522,0,65.85866261398175,19,0,269179459475581.0,USD,1.4645975154801738,16,18,369202946261989,299.85,1.75,0,355.83,423666555472075,0,1.0,magnesium glycinate,15,3,14,DAILY_BUDGET,ENABLED,PHRASE,16,15,260.01,Amazon,394.8,68.27814395630367,394.8,8971,15,18,18,89,Inner-SP-KW-gumm-magnesium glaycinate-PM-CPC-56,spTargeting,US,INNERBRIGHTNESS,spTargeting_innerbrightness_US_2026-03-21_2026-04-20.json,2026-04-21 01:59:26
39946,2026-04-21 01:59:27.050291,2026-04-21 01:59:27.050291,2026-04-10,339.83,1.503761242845462,18,PHRASE,339.83,367.82,339.83,0,17,ENABLED,magnesium glycinate,27.99,16,1.0,17,17,2.88,18,Inner-SP-KW-gumm-magnesium glaycinate-PM-CPC-56,399896724869227,0.9851645804357904,0,66.49991843836659,18,0,269179459475581.0,USD,1.503761242845462,17,18,369202946261989,339.83,1.51,0,367.82,423666555472075,0,1.0,magnesium glycinate,16,1,16,DAILY_BUDGET,ENABLED,PHRASE,17,17,244.6,Amazon,367.82,66.49991843836659,367.82,8628,16,17,17,85,Inner-SP-KW-gumm-magnesium glaycinate-PM-CPC-56,spTargeting,US,INNERBRIGHTNESS,spTargeting_innerbrightness_US_2026-03-21_2026-04-20.json,2026-04-21 01:59:26
39955,2026-04-21 01:59:27.050291,2026-04-21 01:59:27.050291,2026-04-04,0.0,0.0,0,EXACT,0.0,0.0,0.0,0,0,PAUSED,magnesium,0.0,0,300.0,0,0,3.0,0,Inner-SP-KW-gumm-magnesium-EM-CPC-222,423904171460856,0.34662045060658575,0,nan,0,0,269179459475581.0,USD,0.0,0,0,496504625848680,0.0,0.02,0,0.0,515353240338806,0,1.0,magnesium,0,0,0,DAILY_BUDGET,ENABLED,EXACT,0,0,12.0,Amazon,0.0,nan,0.0,1154,0,0,0,4,Inner-SP-KW-gumm-magnesium-EM-CPC-222,spTargeting,US,INNERBRIGHTNESS,spTargeting_innerbrightness_US_2026-03-21_2026-04-20.json,2026-04-21 01:59:26
39956,2026-04-21 01:59:27.050291,2026-04-21 01:59:27.050291,2026-04-05,19.99,1.764838467317806,2,EXACT,19.99,46.98,19.99,0,1,PAUSED,magnesium,26.99,1,300.0,2,1,2.96,2,Inner-SP-KW-gumm-magnesium-EM-CPC-222,423904171460856,0.7936507936507936,0,56.662409535972756,2,0,269179459475581.0,USD,1.764838467317806,1,2,496504625848680,19.99,0.04,0,46.98,515353240338806,0,1.0,magnesium,1,1,1,DAILY_BUDGET,ENABLED,EXACT,2,1,26.62,Amazon,46.98,56.662409535972756,46.98,1134,1,2,2,9,Inner-SP-KW-gumm-magnesium-EM-CPC-222,spTargeting,US,INNERBRIGHTNESS,spTargeting_innerbrightness_US_2026-03-21_2026-04-20.json,2026-04-21 01:59:26
39957,2026-04-21 01:59:27.050291,2026-04-21 01:59:27.050291,2026-04-06,19.99,1.0419598644774564,1,EXACT,39.98,39.98,39.98,0,1,PAUSED,magnesium,0.0,2,300.0,2,2,2.95,2,Inner-SP-KW-gumm-magnesium-EM-CPC-222,423904171460856,0.9200283085633405,0,95.97298649324662,2,0,269179459475581.0,USD,1.0419598644774564,2,2,496504625848680,39.98,0.06,0,19.99,515353240338806,0,1.0,magnesium,2,0,1,DAILY_BUDGET,ENABLED,EXACT,1,2,38.37,Amazon,39.98,95.97298649324662,39.98,1413,2,2,2,13,Inner-SP-KW-gumm-magnesium-EM-CPC-222,spTargeting,US,INNERBRIGHTNESS,spTargeting_innerbrightness_US_2026-03-21_2026-04-20.json,2026-04-21 01:59:26
39958,2026-04-21 01:59:27.050291,2026-04-21 01:59:27.050291,2026-04-07,19.99,2.321238509917755,2,EXACT,19.99,47.98,19.99,0,1,PAUSED,magnesium,27.99,1,300.0,2,1,2.95,2,Inner-SP-KW-gumm-magnesium-EM-CPC-222,423904171460856,0.9900990099009901,0,43.080450187578165,2,0,269179459475581.0,USD,2.321238509917755,1,2,496504625848680,19.99,0.04,0,47.98,515353240338806,0,1.0,magnesium,1,1,1,DAILY_BUDGET,ENABLED,EXACT,2,1,20.67,Amazon,47.98,43.080450187578165,47.98,707,1,2,2,7,Inner-SP-KW-gumm-magnesium-EM-CPC-222,spTargeting,US,INNERBRIGHTNESS,spTargeting_innerbrightness_US_2026-03-21_2026-04-20.json,2026-04-21 01:59:26
39959,2026-04-21 01:59:27.050291,2026-04-21 01:59:27.050291,2026-04-08,19.99,1.1449026345933562,1,EXACT,19.99,19.99,19.99,0,1,PAUSED,magnesium,0.0,1,300.0,1,1,2.91,1,Inner-SP-KW-gumm-magnesium-EM-CPC-222,423904171460856,0.641025641025641,0,87.34367183591797,1,0,269179459475581.0,USD,1.1449026345933562,1,1,496504625848680,19.99,0.08,0,19.99,515353240338806,0,1.0,magnesium,1,0,1,DAILY_BUDGET,ENABLED,EXACT,1,1,17.46,Amazon,19.99,87.34367183591797,19.99,936,1,1,1,6,Inner-SP-KW-gumm-magnesium-EM-CPC-222,spTargeting,US,INNERBRIGHTNESS,spTargeting_innerbrightness_US_2026-03-21_2026-04-20.json,2026-04-21 01:59:26
39960,2026-04-21 01:59:27.050291,2026-04-21 01:59:27.050291,2026-04-09,59.97,0.9686157912124215,4,EXACT,59.97,87.96,59.97,0,3,PAUSED,magnesium,27.99,3,300.0,4,3,3.03,4,Inner-SP-KW-gumm-magnesium-EM-CPC-222,423904171460856,0.7694280584765324,0,103.24010914051843,4,0,269179459475581.0,USD,0.9686157912124215,3,4,496504625848680,59.97,0.11,0,87.96,515353240338806,0,1.0,magnesium,3,1,3,DAILY_BUDGET,ENABLED,EXACT,4,3,90.81,Amazon,87.96,103.24010914051843,87.96,3899,3,4,4,30,Inner-SP-KW-gumm-magnesium-EM-CPC-222,spTargeting,US,INNERBRIGHTNESS,spTargeting_innerbrightness_US_2026-03-21_2026-04-20.json,2026-04-21 01:59:26
39961,2026-04-21 01:59:27.050291,2026-04-21 01:59:27.050291,2026-04-10,19.99,0.7123689727463312,1,EXACT,33.98,33.98,33.98,0,1,PAUSED,magnesium,0.0,2,300.0,2,2,2.98,2,Inner-SP-KW-gumm-magnesium-EM-CPC-222,423904171460856,0.4904966278356836,0,140.37669217186584,2,0,269179459475581.0,USD,0.7123689727463312,2,2,496504625848680,33.98,0.0,0,19.99,515353240338806,0,1.0,magnesium,2,0,1,DAILY_BUDGET,ENABLED,EXACT,1,2,47.7,Amazon,33.98,140.37669217186584,33.98,3262,2,2,2,16,Inner-SP-KW-gumm-magnesium-EM-CPC-222,spTargeting,US,INNERBRIGHTNESS,spTargeting_innerbrightness_US_2026-03-21_2026-04-20.json,2026-04-21 01:59:26
39976,2026-04-21 01:59:27.050291,2026-04-21 01:59:27.050291,2026-04-04,179.91,1.0381923163768911,13,EXACT,213.89,307.86,213.89,0,9,PAUSED,magnesium glycinate,107.96,10,100.0,14,11,3.26,15,Inner-SP-KW-gumm-magnesium glycinate-EM-54,298402294383592,1.1165961448048896,0,96.32126767127544,15,0,269179459475581.0,USD,0.9930647398471018,11,14,340977619538363,199.9,0.5,0,287.87,401692569369608,0,1.9,magnesium glycinate,11,4,9,DAILY_BUDGET,ENABLED,EXACT,13,10,310.01,Amazon,321.85,100.69836938868315,321.85,8508,11,15,15,95,Inner-SP-KW-gumm-magnesium glycinate-EM-54,spTargeting,US,INNERBRIGHTNESS,spTargeting_innerbrightness_US_2026-03-21_2026-04-20.json,2026-04-21 01:59:26
39977,2026-04-21 01:59:27.050291,2026-04-21 01:59:27.050291,2026-04-05,199.9,0.9700094352338591,12,EXACT,233.88,273.87,233.88,0,10,PAUSED,magnesium glycinate,53.98,11,100.0,13,12,3.45,14,Inner-SP-KW-gumm-magnesium glycinate-EM-54,298402294383592,1.4121510673234812,0,103.09178072674217,14,0,269179459475581.0,USD,0.922866963202588,12,13,340977619538363,219.89,0.3,0,253.88,401692569369608,0,1.9,magnesium glycinate,12,2,10,DAILY_BUDGET,ENABLED,EXACT,12,11,296.76,Amazon,287.86,108.35798006353379,287.86,6090,12,14,14,86,Inner-SP-KW-gumm-magnesium glycinate-EM-54,spTargeting,US,INNERBRIGHTNESS,spTargeting_innerbrightness_US_2026-03-21_2026-04-20.json,2026-04-21 01:59:26
39978,2026-04-21 01:59:27.050291,2026-04-21 01:59:27.050291,2026-04-06,179.91,0.7840238669884687,11,EXACT,179.91,233.89,179.91,0,9,PAUSED,magnesium glycinate,53.98,9,100.0,11,9,3.43,11,Inner-SP-KW-gumm-magnesium glycinate-EM-54,298402294383592,1.56137832017229,0,127.5471375432896,11,0,269179459475581.0,USD,0.7840238669884687,9,11,340977619538363,179.91,0.45,0,233.89,401692569369608,0,1.9,magnesium glycinate,9,2,9,DAILY_BUDGET,ENABLED,EXACT,11,9,298.32,Amazon,233.89,127.5471375432896,233.89,5572,9,11,11,87,Inner-SP-KW-gumm-magnesium glycinate-EM-54,spTargeting,US,INNERBRIGHTNESS,spTargeting_innerbrightness_US_2026-03-21_2026-04-20.json,2026-04-21 01:59:26
39979,2026-04-21 01:59:27.050291,2026-04-21 01:59:27.050291,2026-04-07,119.94,0.7196088923481053,7,EXACT,119.94,147.93,119.94,0,6,PAUSED,magnesium glycinate,27.99,6,100.0,7,6,3.67,7,Inner-SP-KW-gumm-magnesium glycinate-EM-54,298402294383592,1.5110631408526713,0,138.96437504224969,7,0,269179459475581.0,USD,0.7196088923481053,6,7,340977619538363,119.94,0.39,0,147.93,401692569369608,0,1.9,magnesium glycinate,6,1,6,DAILY_BUDGET,ENABLED,EXACT,7,6,205.57,Amazon,147.93,138.96437504224969,147.93,3706,6,7,7,56,Inner-SP-KW-gumm-magnesium glycinate-EM-54,spTargeting,US,INNERBRIGHTNESS,spTargeting_innerbrightness_US_2026-03-21_2026-04-20.json,2026-04-21 01:59:26
39980,2026-04-21 01:59:27.050291,2026-04-21 01:59:27.050291,2026-04-08,79.96,1.162365982191532,4,EXACT,127.93,127.93,127.93,0,4,PAUSED,magnesium glycinate,0.0,7,100.0,7,7,3.24,7,Inner-SP-KW-gumm-magnesium glycinate-EM-54,298402294383592,0.6682389937106918,0,86.03142343469085,7,0,269179459475581.0,USD,1.162365982191532,7,7,340977619538363,127.93,0.33,0,79.96,401692569369608,0,1.9,magnesium glycinate,7,0,4,DAILY_BUDGET,ENABLED,EXACT,4,7,110.06,Amazon,127.93,86.03142343469085,127.93,5088,7,7,7,34,Inner-SP-KW-gumm-magnesium glycinate-EM-54,spTargeting,US,INNERBRIGHTNESS,spTargeting_innerbrightness_US_2026-03-21_2026-04-20.json,2026-04-21 01:59:26
39981,2026-04-21 01:59:27.050291,2026-04-21 01:59:27.050291,2026-04-09,79.96,0.7565630536318247,4,EXACT,93.95,93.95,93.95,0,4,PAUSED,magnesium glycinate,0.0,5,100.0,5,5,3.45,5,Inner-SP-KW-gumm-magnesium glycinate-EM-54,298402294383592,0.99805932908234,0,132.17668972857902,5,0,269179459475581.0,USD,0.7565630536318247,5,5,340977619538363,93.95,0.34,0,79.96,401692569369608,0,1.9,magnesium glycinate,5,0,4,DAILY_BUDGET,ENABLED,EXACT,4,5,124.18,Amazon,93.95,132.17668972857902,93.95,3607,5,5,5,36,Inner-SP-KW-gumm-magnesium glycinate-EM-54,spTargeting,US,INNERBRIGHTNESS,spTargeting_innerbrightness_US_2026-03-21_2026-04-20.json,2026-04-21 01:59:26
39982,2026-04-21 01:59:27.050291,2026-04-21 01:59:27.050291,2026-04-10,0.0,0.0,0,EXACT,0.0,0.0,0.0,0,0,PAUSED,magnesium glycinate,0.0,0,100.0,0,0,2.14,0,Inner-SP-KW-gumm-magnesium glycinate-EM-54,298402294383592,0.46765393608729544,0,nan,0,0,269179459475581.0,USD,0.0,0,0,340977619538363,0.0,0.0,0,0.0,401692569369608,0,1.9,magnesium glycinate,0,0,0,DAILY_BUDGET,ENABLED,EXACT,0,0,12.81,Amazon,0.0,nan,0.0,1283,0,0,0,6,Inner-SP-KW-gumm-magnesium glycinate-EM-54,spTargeting,US,INNERBRIGHTNESS,spTargeting_innerbrightness_US_2026-03-21_2026-04-20.json,2026-04-21 01:59:26
39991,2026-04-21 01:59:27.050291,2026-04-21 01:59:27.050291,2026-04-04,279.86,1.0747104140109738,18,TARGETING_EXPRESSION_PREDEFINED,279.86,387.82,279.86,0,14,ENABLED,close-match,107.96,14,1300.0,18,14,3.03,18,Inner-SP-Auto-gumm-magnesium-CPC-Low bid,558606714617685,1.364991970635467,0,93.04832138621009,18,0,269179459475581.0,USD,1.0747104140109738,14,18,551282443934041,279.86,0.13,0,387.82,285469202359062,0,1.0,close-match,14,4,14,DAILY_BUDGET,ENABLED,TARGETING_EXPRESSION_PREDEFINED,18,14,360.86,Amazon,387.82,93.04832138621009,387.82,8718,14,18,18,119,Inner-SP-Auto-gumm-magnesium-CPC-Low bid,spTargeting,US,INNERBRIGHTNESS,spTargeting_innerbrightness_US_2026-03-21_2026-04-20.json,2026-04-21 01:59:26
39992,2026-04-21 01:59:27.050291,2026-04-21 01:59:27.050291,2026-04-05,479.76,1.2023544043228407,27,TARGETING_EXPRESSION_PREDEFINED,479.76,560.73,479.76,0,24,ENABLED,close-match,80.97,23,1300.0,26,24,3.05,27,Inner-SP-Auto-gumm-magnesium-CPC-Low bid,558606714617685,1.3173755811951093,0,83.17015319315891,27,0,269179459475581.0,USD,1.2023544043228407,24,27,551282443934041,479.76,0.19,0,560.73,285469202359062,0,1.0,close-match,23,3,23,DAILY_BUDGET,ENABLED,TARGETING_EXPRESSION_PREDEFINED,26,24,466.36,Amazon,560.73,83.17015319315891,560.73,11614,23,26,26,153,Inner-SP-Auto-gumm-magnesium-CPC-Low bid,spTargeting,US,INNERBRIGHTNESS,spTargeting_innerbrightness_US_2026-03-21_2026-04-20.json,2026-04-21 01:59:26
39993,2026-04-21 01:59:27.050291,2026-04-21 01:59:27.050291,2026-04-06,579.71,1.4596188328373108,33,TARGETING_EXPRESSION_PREDEFINED,681.65,747.64,681.65,0,29,ENABLED,close-match,107.96,32,1300.0,35,35,3.06,39,Inner-SP-Auto-gumm-magnesium-CPC-Low bid,558606714617685,1.1512195121951219,0,68.51103709426172,39,0,269179459475581.0,USD,1.3820359724199123,35,36,551282443934041,639.68,0.19,0,687.67,285469202359062,0,1.0,close-match,35,4,29,DAILY_BUDGET,ENABLED,TARGETING_EXPRESSION_PREDEFINED,32,32,540.97,Amazon,789.61,72.3570167460275,789.61,15375,35,38,38,177,Inner-SP-Auto-gumm-magnesium-CPC-Low bid,spTargeting,US,INNERBRIGHTNESS,spTargeting_innerbrightness_US_2026-03-21_2026-04-20.json,2026-04-21 01:59:26
39994,2026-04-21 01:59:27.050291,2026-04-21 01:59:27.050291,2026-04-07,1019.49,1.3247776641847084,58,TARGETING_EXPRESSION_PREDEFINED,1187.4,1436.31,1187.4,0,51,ENABLED,close-match,276.89,57,1300.0,67,60,3.19,70,Inner-SP-Auto-gumm-magnesium-CPC-Low bid,558606714617685,1.5569614573518193,0,75.48436443600653,70,0,269179459475581.0,USD,1.2994634989279026,60,68,551282443934041,1159.42,0.7,0,1215.42,285469202359062,0,1.0,close-match,59,10,50,DAILY_BUDGET,ENABLED,TARGETING_EXPRESSION_PREDEFINED,57,58,1105.31,Amazon,1464.29,76.95483565525548,1464.29,22287,59,69,69,347,Inner-SP-Auto-gumm-magnesium-CPC-Low bid,spTargeting,US,INNERBRIGHTNESS,spTargeting_innerbrightness_US_2026-03-21_2026-04-20.json,2026-04-21 01:59:26
39995,2026-04-21 01:59:27.050291,2026-04-21 01:59:27.050291,2026-04-08,879.56,1.1605442408845619,51,TARGETING_EXPRESSION_PREDEFINED,1137.41,1291.38,1137.41,0,44,ENABLED,close-match,223.92,53,1300.0,61,59,3.16,67,Inner-SP-Auto-gumm-magnesium-CPC-Low bid,558606714617685,1.3601202478278402,0,86.16646955550821,67,0,269179459475581.0,USD,1.100911330679193,59,62,551282443934041,1067.46,0.75,0,1075.49,285469202359062,0,1.0,close-match,58,8,44,DAILY_BUDGET,ENABLED,TARGETING_EXPRESSION_PREDEFINED,51,54,1173.01,Amazon,1361.33,90.83383667084823,1361.33,27277,58,66,66,371,Inner-SP-Auto-gumm-magnesium-CPC-Low bid,spTargeting,US,INNERBRIGHTNESS,spTargeting_innerbrightness_US_2026-03-21_2026-04-20.json,2026-04-21 01:59:26
39996,2026-04-21 01:59:27.050291,2026-04-21 01:59:27.050291,2026-04-09,1059.47,1.1114707321050057,59,TARGETING_EXPRESSION_PREDEFINED,1195.39,1335.35,1195.39,0,53,ENABLED,close-match,167.94,57,1300.0,63,61,3.13,67,Inner-SP-Auto-gumm-magnesium-CPC-Low bid,558606714617685,1.6485133941713275,0,89.97088012440128,67,0,269179459475581.0,USD,1.0886597097668351,61,65,551282443934041,1167.41,1.16,0,1227.41,285469202359062,0,1.0,close-match,59,6,51,DAILY_BUDGET,ENABLED,TARGETING_EXPRESSION_PREDEFINED,57,59,1226.6,Amazon,1363.33,91.85606769760737,1363.33,23779,59,65,65,392,Inner-SP-Auto-gumm-magnesium-CPC-Low bid,spTargeting,US,INNERBRIGHTNESS,spTargeting_innerbrightness_US_2026-03-21_2026-04-20.json,2026-04-21 01:59:26
39997,2026-04-21 01:59:27.050291,2026-04-21 01:59:27.050291,2026-04-10,919.54,1.327033932951758,55,TARGETING_EXPRESSION_PREDEFINED,1021.48,1298.37,1021.48,0,46,ENABLED,close-match,276.89,49,1300.0,59,52,3.24,62,Inner-SP-Auto-gumm-magnesium-CPC-Low bid,558606714617685,1.985796948974224,0,75.35602332154934,62,0,269179459475581.0,USD,1.327033932951758,52,62,551282443934041,1021.48,1.21,0,1171.45,285469202359062,0,1.0,close-match,49,10,43,DAILY_BUDGET,ENABLED,TARGETING_EXPRESSION_PREDEFINED,52,52,978.4,Amazon,1298.37,75.35602332154934,1298.37,15208,49,59,59,302,Inner-SP-Auto-gumm-magnesium-CPC-Low bid,spTargeting,US,INNERBRIGHTNESS,spTargeting_innerbrightness_US_2026-03-21_2026-04-20.json,2026-04-21 01:59:26
40015,2026-04-21 01:59:27.050291,2026-04-21 01:59:27.050291,2026-04-04,21.99,1.5186464088397789,1,BROAD,21.99,21.99,21.99,0,1,ENABLED,berberine supplement,0.0,1,1.0,1,1,2.41,1,Inner-SP-KW-Berberine Capsules-PM-Berberine,492405995934092,0.28341993386868214,0,65.84811277853571,1,0,189812334889736.0,USD,1.5186464088397789,1,1,432790521304689,21.99,0.1,0,21.99,554794794836811,0,1.2,berberine supplement,1,0,1,DAILY_BUDGET,ENABLED,BROAD,1,1,14.48,Amazon,21.99,65.84811277853571,21.99,2117,1,1,1,6,Inner-SP-KW-Berberine Capsules-PM-Berberine Supplement-2k,spTargeting,US,INNERBRIGHTNESS,spTargeting_innerbrightness_US_2026-03-21_2026-04-20.json,2026-04-21 01:59:26
40016,2026-04-21 01:59:27.050291,2026-04-21 01:59:27.050291,2026-04-05,21.99,2.623896409652737,2,BROAD,21.99,44.58,21.99,0,1,ENABLED,berberine supplement,22.59,1,1.0,2,1,1.89,2,Inner-SP-KW-Berberine Capsules-PM-Berberine,492405995934092,0.4511278195488722,0,38.11126065500224,2,0,189812334889736.0,USD,2.623896409652737,1,2,432790521304689,21.99,0.16,0,44.58,554794794836811,0,1.2,berberine supplement,1,1,1,DAILY_BUDGET,ENABLED,BROAD,2,1,16.99,Amazon,44.58,38.11126065500224,44.58,1995,1,2,2,9,Inner-SP-KW-Berberine Capsules-PM-Berberine Supplement-2k,spTargeting,US,INNERBRIGHTNESS,spTargeting_innerbrightness_US_2026-03-21_2026-04-20.json,2026-04-21 01:59:26
40017,2026-04-21 01:59:27.050291,2026-04-21 01:59:27.050291,2026-04-06,21.99,0.8329545454545454,1,BROAD,21.99,21.99,21.99,0,1,ENABLED,berberine supplement,0.0,1,1.0,1,1,2.2,1,Inner-SP-KW-Berberine Capsules-PM-Berberine,492405995934092,0.49281314168377827,0,120.05457025920873,1,0,189812334889736.0,USD,0.8329545454545454,1,1,432790521304689,21.99,0.18,0,21.99,554794794836811,0,1.2,berberine supplement,1,0,1,DAILY_BUDGET,ENABLED,BROAD,1,1,26.4,Amazon,21.99,120.05457025920873,21.99,2435,1,1,1,12,Inner-SP-KW-Berberine Capsules-PM-Berberine Supplement-2k,spTargeting,US,INNERBRIGHTNESS,spTargeting_innerbrightness_US_2026-03-21_2026-04-20.json,2026-04-21 01:59:26
40018,2026-04-21 01:59:27.050291,2026-04-21 01:59:27.050291,2026-04-07,0.0,0.0,0,BROAD,0.0,0.0,0.0,0,0,ENABLED,berberine supplement,0.0,0,1.0,0,0,2.56,0,Inner-SP-KW-Berberine Capsules-PM-Berberine,492405995934092,0.5982512655315232,0,nan,0,0,189812334889736.0,USD,0.0,0,0,432790521304689,0.0,0.35,0,0.0,554794794836811,0,1.2,berberine supplement,0,0,0,DAILY_BUDGET,ENABLED,BROAD,0,0,33.23,Amazon,0.0,nan,0.0,2173,0,0,0,13,Inner-SP-KW-Berberine Capsules-PM-Berberine Supplement-2k,spTargeting,US,INNERBRIGHTNESS,spTargeting_innerbrightness_US_2026-03-21_2026-04-20.json,2026-04-21 01:59:26
40019,2026-04-21 01:59:27.050291,2026-04-21 01:59:27.050291,2026-04-08,24.49,0.8524190741385311,1,BROAD,24.49,24.49,24.49,0,1,ENABLED,berberine supplement,0.0,1,1.0,1,1,2.39,1,Inner-SP-KW-Berberine Capsules-PM-Berberine,492405995934092,1.0889292196007259,0,117.31318905675788,1,0,189812334889736.0,USD,0.8524190741385311,1,1,432790521304689,24.49,0.33,0,24.49,554794794836811,0,1.2,berberine supplement,1,0,1,DAILY_BUDGET,ENABLED,BROAD,1,1,28.73,Amazon,24.49,117.31318905675788,24.49,1102,1,1,1,12,Inner-SP-KW-Berberine Capsules-PM-Berberine Supplement-2k,spTargeting,US,INNERBRIGHTNESS,spTargeting_innerbrightness_US_2026-03-21_2026-04-20.json,2026-04-21 01:59:26
40020,2026-04-21 01:59:27.050291,2026-04-21 01:59:27.050291,2026-04-09,48.98,1.3888468809073724,2,BROAD,73.47,73.47,73.47,0,2,ENABLED,berberine supplement,0.0,3,1.0,3,3,2.2,3,Inner-SP-KW-Berberine Capsules-PM-Berberine,492405995934092,0.7421150278293136,0,72.00217775962979,3,0,189812334889736.0,USD,1.3888468809073724,3,3,432790521304689,73.47,0.9,0,48.98,554794794836811,0,1.2,berberine supplement,3,0,2,DAILY_BUDGET,ENABLED,BROAD,2,3,52.9,Amazon,73.47,72.00217775962979,73.47,3234,3,3,3,24,Inner-SP-KW-Berberine Capsules-PM-Berberine Supplement-2k,spTargeting,US,INNERBRIGHTNESS,spTargeting_innerbrightness_US_2026-03-21_2026-04-20.json,2026-04-21 01:59:26
40021,2026-04-21 01:59:27.050291,2026-04-21 01:59:27.050291,2026-04-10,24.49,0.32575152966214416,1,BROAD,24.49,24.49,24.49,0,1,ENABLED,berberine supplement,0.0,1,1.0,1,1,1.98,1,Inner-SP-KW-Berberine Capsules-PM-Berberine,492405995934092,0.9906152241918665,0,306.982441812985,1,0,189812334889736.0,USD,0.32575152966214416,1,1,432790521304689,24.49,0.33,0,24.49,554794794836811,0,1.2,berberine supplement,1,0,1,DAILY_BUDGET,ENABLED,BROAD,1,1,75.18,Amazon,24.49,306.982441812985,24.49,3836,1,1,1,38,Inner-SP-KW-Berberine Capsules-PM-Berberine Supplement-2k,spTargeting,US,INNERBRIGHTNESS,spTargeting_innerbrightness_US_2026-03-21_2026-04-20.json,2026-04-21 01:59:26
40036,2026-04-21 01:59:27.050291,2026-04-21 01:59:27.050291,2026-04-04,0.0,1.2522388059701492,0,BROAD,16.78,0.0,16.78,0,0,ENABLED,magnesium complex for women,0.0,0,200.0,0,1,2.23,1,Inner-SP-KW-Complex-magnesium complex for women-BM-CPC-1k,385122874231334,2.2388059701492535,0,79.85697258641238,1,0,18976432727508.0,USD,0.0,1,0,342689666840399,0.0,0.01,0,0.0,534961527455391,0,1.0,magnesium complex for women,1,0,0,DAILY_BUDGET,ENABLED,BROAD,0,0,13.4,Amazon,16.78,nan,16.78,268,1,1,1,6,Inner-SP-KW-Complex-magnesium complex for women-BM-CPC-1k,spTargeting,US,INNERBRIGHTNESS,spTargeting_innerbrightness_US_2026-03-21_2026-04-20.json,2026-04-21 01:59:26
40037,2026-04-21 01:59:27.050291,2026-04-21 01:59:27.050291,2026-04-05,0.0,0.0,0,BROAD,0.0,0.0,0.0,0,0,ENABLED,magnesium complex for women,0.0,0,200.0,0,0,2.1,0,Inner-SP-KW-Complex-magnesium complex for women-BM-CPC-1k,385122874231334,0.2638522427440633,0,nan,0,0,18976432727508.0,USD,0.0,0,0,342689666840399,0.0,0.01,0,0.0,534961527455391,0,1.0,magnesium complex for women,0,0,0,DAILY_BUDGET,ENABLED,BROAD,0,0,2.1,Amazon,0.0,nan,0.0,379,0,0,0,1,Inner-SP-KW-Complex-magnesium complex for women-BM-CPC-1k,spTargeting,US,INNERBRIGHTNESS,spTargeting_innerbrightness_US_2026-03-21_2026-04-20.json,2026-04-21 01:59:26
40038,2026-04-21 01:59:27.050291,2026-04-21 01:59:27.050291,2026-04-06,0.0,0.0,0,BROAD,0.0,0.0,0.0,0,0,ENABLED,magnesium complex for women,0.0,0,200.0,0,0,2.1,0,Inner-SP-KW-Complex-magnesium complex for women-BM-CPC-1k,385122874231334,1.3262599469496021,0,nan,0,0,18976432727508.0,USD,0.0,0,0,342689666840399,0.0,0.01,0,0.0,534961527455391,0,1.0,magnesium complex for women,0,0,0,DAILY_BUDGET,ENABLED,BROAD,0,0,10.5,Amazon,0.0,nan,0.0,377,0,0,0,5,Inner-SP-KW-Complex-magnesium complex for women-BM-CPC-1k,spTargeting,US,INNERBRIGHTNESS,spTargeting_innerbrightness_US_2026-03-21_2026-04-20.json,2026-04-21 01:59:26
40039,2026-04-21 01:59:27.050291,2026-04-21 01:59:27.050291,2026-04-07,71.97,4.470186335403726,3,BROAD,71.97,71.97,71.97,0,3,ENABLED,magnesium complex for women,0.0,3,200.0,3,3,2.01,3,Inner-SP-KW-Complex-magnesium complex for women-BM-CPC-1k,385122874231334,1.2403100775193798,0,22.37043212449632,3,0,18976432727508.0,USD,4.470186335403726,3,3,342689666840399,71.97,0.03,0,71.97,534961527455391,0,1.0,magnesium complex for women,3,0,3,DAILY_BUDGET,ENABLED,BROAD,3,3,16.1,Amazon,71.97,22.37043212449632,71.97,645,3,3,3,8,Inner-SP-KW-Complex-magnesium complex for women-BM-CPC-1k,spTargeting,US,INNERBRIGHTNESS,spTargeting_innerbrightness_US_2026-03-21_2026-04-20.json,2026-04-21 01:59:26
40040,2026-04-21 01:59:27.050291,2026-04-21 01:59:27.050291,2026-04-08,47.98,1.5284399339155064,2,BROAD,64.76,64.76,64.76,0,2,ENABLED,magnesium complex for women,0.0,3,200.0,3,3,3.26,3,Inner-SP-KW-Complex-magnesium complex for women-BM-CPC-1k,385122874231334,8.024691358024691,0,65.42618900555898,3,0,18976432727508.0,USD,1.5284399339155064,3,3,342689666840399,64.76,0.18,0,47.98,534961527455391,0,1.0,magnesium complex for women,3,0,2,DAILY_BUDGET,ENABLED,BROAD,2,3,42.37,Amazon,64.76,65.42618900555898,64.76,162,3,3,3,13,Inner-SP-KW-Complex-magnesium complex for women-BM-CPC-1k,spTargeting,US,INNERBRIGHTNESS,spTargeting_innerbrightness_US_2026-03-21_2026-04-20.json,2026-04-21 01:59:26
40041,2026-04-21 01:59:27.050291,2026-04-21 01:59:27.050291,2026-04-09,0.0,0.5750514050719672,0,BROAD,16.78,16.78,16.78,0,0,ENABLED,magnesium complex for women,0.0,1,200.0,1,1,3.24,1,Inner-SP-KW-Complex-magnesium complex for women-BM-CPC-1k,385122874231334,5.0,0,173.8974970202622,1,0,18976432727508.0,USD,0.5750514050719672,1,1,342689666840399,16.78,0.25,0,0.0,534961527455391,0,1.0,magnesium complex for women,1,0,0,DAILY_BUDGET,ENABLED,BROAD,0,1,29.18,Amazon,16.78,173.8974970202622,16.78,180,1,1,1,9,Inner-SP-KW-Complex-magnesium complex for women-BM-CPC-1k,spTargeting,US,INNERBRIGHTNESS,spTargeting_innerbrightness_US_2026-03-21_2026-04-20.json,2026-04-21 01:59:26
40042,2026-04-21 01:59:27.050291,2026-04-21 01:59:27.050291,2026-04-10,47.98,0.7415324548560273,3,BROAD,47.98,75.97,47.98,0,2,ENABLED,magnesium complex for women,27.99,2,200.0,3,2,3.53,3,Inner-SP-KW-Complex-magnesium complex for women-BM-CPC-1k,385122874231334,5.7654075546719685,0,134.85586415690406,3,0,18976432727508.0,USD,0.7415324548560273,2,3,342689666840399,47.98,0.79,0,75.97,534961527455391,0,1.0,magnesium complex for women,2,1,2,DAILY_BUDGET,ENABLED,BROAD,3,2,102.45,Amazon,75.97,134.85586415690406,75.97,503,2,3,3,29,Inner-SP-KW-Complex-magnesium complex for women-BM-CPC-1k,spTargeting,US,INNERBRIGHTNESS,spTargeting_innerbrightness_US_2026-03-21_2026-04-20.json,2026-04-21 01:59:26
40043,2026-04-21 01:59:27.050291,2026-04-21 01:59:27.050291,2026-04-07,0.0,1.613315400134499,0,TARGETING_EXPRESSION_PREDEFINED,23.99,23.99,23.99,0,0,ENABLED,close-match,0.0,1,1.0,1,1,2.97,1,Inner-SP-Auto-Magnesium Complex-CPC-Low bid,387720267759382,0.8103727714748784,0,61.98416006669446,1,0,18976432727508.0,USD,1.613315400134499,1,1,470907115241757,23.99,0.0,0,0.0,450215071199945,0,1.0,close-match,1,0,0,DAILY_BUDGET,ENABLED,TARGETING_EXPRESSION_PREDEFINED,0,1,14.87,Amazon,23.99,61.98416006669446,23.99,617,1,1,1,5,Inner-SP-Auto-Magnesium Complex-CPC-Low bid,spTargeting,US,INNERBRIGHTNESS,spTargeting_innerbrightness_US_2026-03-21_2026-04-20.json,2026-04-21 01:59:26
40044,2026-04-21 01:59:27.050291,2026-04-21 01:59:27.050291,2026-04-08,23.99,0.7996666666666666,1,TARGETING_EXPRESSION_PREDEFINED,47.98,47.98,47.98,0,1,ENABLED,close-match,0.0,2,1.0,2,2,3.0,2,Inner-SP-Auto-Magnesium Complex-CPC-Low bid,387720267759382,0.4481290611696168,0,125.05210504376825,2,0,18976432727508.0,USD,0.7996666666666666,2,2,470907115241757,47.98,0.0,0,23.99,450215071199945,0,1.0,close-match,2,0,1,DAILY_BUDGET,ENABLED,TARGETING_EXPRESSION_PREDEFINED,1,2,60.0,Amazon,47.98,125.05210504376825,47.98,4463,2,2,2,20,Inner-SP-Auto-Magnesium Complex-CPC-Low bid,spTargeting,US,INNERBRIGHTNESS,spTargeting_innerbrightness_US_2026-03-21_2026-04-20.json,2026-04-21 01:59:26
40045,2026-04-21 01:59:27.050291,2026-04-21 01:59:27.050291,2026-04-09,23.99,0.5317594887178818,1,TARGETING_EXPRESSION_PREDEFINED,40.77,23.99,40.77,0,1,ENABLED,close-match,0.0,1,1.0,1,2,2.95,2,Inner-SP-Auto-Magnesium Complex-CPC-Low bid,387720267759382,0.6165520512212473,0,188.05494235957812,2,0,18976432727508.0,USD,0.3128994391548193,2,1,470907115241757,23.99,0.01,0,23.99,450215071199945,0,1.0,close-match,2,0,1,DAILY_BUDGET,ENABLED,TARGETING_EXPRESSION_PREDEFINED,1,1,76.67,Amazon,40.77,319.59149645685704,40.77,4217,2,2,2,26,Inner-SP-Auto-Magnesium Complex-CPC-Low bid,spTargeting,US,INNERBRIGHTNESS,spTargeting_innerbrightness_US_2026-03-21_2026-04-20.json,2026-04-21 01:59:26
40046,2026-04-21 01:59:27.050291,2026-04-21 01:59:27.050291,2026-04-10,0.0,0.0,0,TARGETING_EXPRESSION_PREDEFINED,0.0,0.0,0.0,0,0,ENABLED,close-match,0.0,0,1.0,0,0,2.46,0,Inner-SP-Auto-Magnesium Complex-CPC-Low bid,387720267759382,0.38957876795714635,0,nan,0,0,18976432727508.0,USD,0.0,0,0,470907115241757,0.0,0.02,0,0.0,450215071199945,0,1.0,close-match,0,0,0,DAILY_BUDGET,ENABLED,TARGETING_EXPRESSION_PREDEFINED,0,0,39.33,Amazon,0.0,nan,0.0,4107,0,0,0,16,Inner-SP-Auto-Magnesium Complex-CPC-Low bid,spTargeting,US,INNERBRIGHTNESS,spTargeting_innerbrightness_US_2026-03-21_2026-04-20.json,2026-04-21 01:59:26
40061,2026-04-21 01:59:27.050291,2026-04-21 01:59:27.050291,2026-04-04,71.97,1.4628048780487803,3,EXACT,71.97,71.97,71.97,0,3,PAUSED,magnesium complex for women,0.0,3,1.0,3,3,2.46,3,Inner-SP-KW-Complex-magnesium complex for women-EM-CPC-1k,345330397911117,1.0209290454313424,0,68.36181742392664,3,0,18976432727508.0,USD,1.4628048780487803,3,3,359120757312344,71.97,0.28,0,71.97,455241455675192,0,1.0,magnesium complex for women,3,0,3,DAILY_BUDGET,ENABLED,EXACT,3,3,49.2,Amazon,71.97,68.36181742392664,71.97,1959,3,3,3,20,Inner-SP-KW-Complex-magnesium complex for women-EM-CPC-1k,spTargeting,US,INNERBRIGHTNESS,spTargeting_innerbrightness_US_2026-03-21_2026-04-20.json,2026-04-21 01:59:26
40062,2026-04-21 01:59:27.050291,2026-04-21 01:59:27.050291,2026-04-05,23.99,1.0197557964055426,1,EXACT,74.33,23.99,74.33,0,1,PAUSED,magnesium complex for women,0.0,1,1.0,1,4,2.6,4,Inner-SP-KW-Complex-magnesium complex for women-EM-CPC-1k,345330397911117,1.003944065973467,0,98.06269339432262,4,0,18976432727508.0,USD,0.3291260803951159,4,1,359120757312344,23.99,0.4,0,23.99,455241455675192,0,1.0,magnesium complex for women,4,0,1,DAILY_BUDGET,ENABLED,EXACT,1,1,72.89,Amazon,74.33,303.83493122134223,74.33,2789,4,4,4,28,Inner-SP-KW-Complex-magnesium complex for women-EM-CPC-1k,spTargeting,US,INNERBRIGHTNESS,spTargeting_innerbrightness_US_2026-03-21_2026-04-20.json,2026-04-21 01:59:26
40063,2026-04-21 01:59:27.050291,2026-04-21 01:59:27.050291,2026-04-06,71.97,0.7714653231857648,3,EXACT,71.97,71.97,71.97,0,3,PAUSED,magnesium complex for women,0.0,3,1.0,3,3,2.59,3,Inner-SP-KW-Complex-magnesium complex for women-EM-CPC-1k,345330397911117,1.2815948736205056,0,129.6234542170349,3,0,18976432727508.0,USD,0.7714653231857648,3,3,359120757312344,71.97,0.71,0,71.97,455241455675192,0,1.0,magnesium complex for women,3,0,3,DAILY_BUDGET,ENABLED,EXACT,3,3,93.29,Amazon,71.97,129.6234542170349,71.97,2809,3,3,3,36,Inner-SP-KW-Complex-magnesium complex for women-EM-CPC-1k,spTargeting,US,INNERBRIGHTNESS,spTargeting_innerbrightness_US_2026-03-21_2026-04-20.json,2026-04-21 01:59:26
40064,2026-04-21 01:59:27.050291,2026-04-21 01:59:27.050291,2026-04-07,0.0,0.0,0,EXACT,0.0,0.0,0.0,0,0,PAUSED,magnesium complex for women,0.0,0,1.0,0,0,2.73,0,Inner-SP-KW-Complex-magnesium complex for women-EM-CPC-1k,345330397911117,0.953053300388281,0,nan,0,0,18976432727508.0,USD,0.0,0,0,359120757312344,0.0,0.9,0,0.0,455241455675192,0,1.0,magnesium complex for women,0,0,0,DAILY_BUDGET,ENABLED,EXACT,0,0,73.77,Amazon,0.0,nan,0.0,2833,0,0,0,27,Inner-SP-KW-Complex-magnesium complex for women-EM-CPC-1k,spTargeting,US,INNERBRIGHTNESS,spTargeting_innerbrightness_US_2026-03-21_2026-04-20.json,2026-04-21 01:59:26
40065,2026-04-21 01:59:27.050291,2026-04-21 01:59:27.050291,2026-04-08,0.0,0.0,0,EXACT,0.0,0.0,0.0,0,0,PAUSED,magnesium complex for women,0.0,0,1.0,0,0,2.3,0,Inner-SP-KW-Complex-magnesium complex for women-EM-CPC-1k,345330397911117,0.21321961620469082,0,nan,0,0,18976432727508.0,USD,0.0,0,0,359120757312344,0.0,0.01,0,0.0,455241455675192,0,1.0,magnesium complex for women,0,0,0,DAILY_BUDGET,ENABLED,EXACT,0,0,4.6,Amazon,0.0,nan,0.0,938,0,0,0,2,Inner-SP-KW-Complex-magnesium complex for women-EM-CPC-1k,spTargeting,US,INNERBRIGHTNESS,spTargeting_innerbrightness_US_2026-03-21_2026-04-20.json,2026-04-21 01:59:26
40066,2026-04-21 01:59:27.050291,2026-04-21 01:59:27.050291,2026-04-09,0.0,0.0,0,EXACT,0.0,0.0,0.0,0,0,PAUSED,magnesium complex for women,0.0,0,1.0,0,0,2.3,0,Inner-SP-KW-Complex-magnesium complex for women-EM-CPC-1k,345330397911117,0.12484394506866417,0,nan,0,0,18976432727508.0,USD,0.0,0,0,359120757312344,0.0,0.0,0,0.0,455241455675192,0,1.0,magnesium complex for women,0,0,0,DAILY_BUDGET,ENABLED,EXACT,0,0,2.3,Amazon,0.0,nan,0.0,801,0,0,0,1,Inner-SP-KW-Complex-magnesium complex for women-EM-CPC-1k,spTargeting,US,INNERBRIGHTNESS,spTargeting_innerbrightness_US_2026-03-21_2026-04-20.json,2026-04-21 01:59:26
40067,2026-04-21 01:59:27.050291,2026-04-21 01:59:27.050291,2026-04-10,0.0,0.0,0,EXACT,0.0,0.0,0.0,0,0,PAUSED,magnesium complex for women,0.0,0,1.0,0,0,2.3,0,Inner-SP-KW-Complex-magnesium complex for women-EM-CPC-1k,345330397911117,0.39447731755424065,0,nan,0,0,18976432727508.0,USD,0.0,0,0,359120757312344,0.0,0.01,0,0.0,455241455675192,0,1.0,magnesium complex for women,0,0,0,DAILY_BUDGET,ENABLED,EXACT,0,0,9.2,Amazon,0.0,nan,0.0,1014,0,0,0,4,Inner-SP-KW-Complex-magnesium complex for women-EM-CPC-1k,spTargeting,US,INNERBRIGHTNESS,spTargeting_innerbrightness_US_2026-03-21_2026-04-20.json,2026-04-21 01:59:26
40081,2026-04-21 01:59:27.050291,2026-04-21 01:59:27.050291,2026-04-04,65.97,1.2734906616476038,3,TARGETING_EXPRESSION,87.96,87.96,87.96,0,3,ENABLED,"asin=""B0DBLHXG3Z""",0.0,3,180.0,3,4,3.14,4,Inner-SP-KW-Berberine Capsules-PAT,287272276943680,2.4043715846994536,0,78.5243292405639,4,0,189812334889736.0,USD,1.2734906616476038,4,4,522284620832806,87.96,13.87,0,65.97,301827846242541,0,1.0,"asin=""B0DBLHXG3Z""",3,0,2,DAILY_BUDGET,ENABLED,TARGETING_EXPRESSION,2,4,69.07,Amazon,87.96,78.5243292405639,87.96,915,3,3,3,22,Inner-SP-KW-Berberine Capsules-PAT,spTargeting,US,INNERBRIGHTNESS,spTargeting_innerbrightness_US_2026-03-21_2026-04-20.json,2026-04-21 01:59:26
40082,2026-04-21 01:59:27.050291,2026-04-21 01:59:27.050291,2026-04-05,109.95,2.4604752290728373,5,TARGETING_EXPRESSION,158.43,158.43,158.43,0,5,ENABLED,"asin=""B0DBLHXG3Z""",0.0,7,180.0,7,7,3.07,7,Inner-SP-KW-Berberine Capsules-PAT,287272276943680,2.0854021847070507,0,40.642555071640466,7,0,189812334889736.0,USD,2.4604752290728373,7,7,522284620832806,158.43,2.88,0,109.95,301827846242541,0,1.0,"asin=""B0DBLHXG3Z""",7,0,5,DAILY_BUDGET,ENABLED,TARGETING_EXPRESSION,5,7,64.39,Amazon,158.43,40.642555071640466,158.43,1007,7,7,7,21,Inner-SP-KW-Berberine Capsules-PAT,spTargeting,US,INNERBRIGHTNESS,spTargeting_innerbrightness_US_2026-03-21_2026-04-20.json,2026-04-21 01:59:26
40083,2026-04-21 01:59:27.050291,2026-04-21 01:59:27.050291,2026-04-06,65.97,1.1829475611350857,3,TARGETING_EXPRESSION,90.46,90.46,90.46,0,3,ENABLED,"asin=""B0DBLHXG3Z""",0.0,4,180.0,4,4,3.06,4,Inner-SP-KW-Berberine Capsules-PAT,287272276943680,5.434782608695652,0,84.53460092858722,4,0,189812334889736.0,USD,1.1829475611350857,4,4,522284620832806,90.46,16.53,0,65.97,301827846242541,0,1.0,"asin=""B0DBLHXG3Z""",4,0,3,DAILY_BUDGET,ENABLED,TARGETING_EXPRESSION,3,4,76.47,Amazon,90.46,84.53460092858722,90.46,460,4,4,4,25,Inner-SP-KW-Berberine Capsules-PAT,spTargeting,US,INNERBRIGHTNESS,spTargeting_innerbrightness_US_2026-03-21_2026-04-20.json,2026-04-21 01:59:26
40084,2026-04-21 01:59:27.050291,2026-04-21 01:59:27.050291,2026-04-07,119.95,1.414838405284265,5,TARGETING_EXPRESSION,119.95,119.95,119.95,0,5,ENABLED,"asin=""B0DBLHXG3Z""",0.0,5,180.0,5,5,3.03,5,Inner-SP-KW-Berberine Capsules-PAT,287272276943680,2.1638330757341575,0,70.67944977073782,5,0,189812334889736.0,USD,1.414838405284265,5,5,522284620832806,119.95,23.11,0,119.95,301827846242541,0,1.0,"asin=""B0DBLHXG3Z""",5,0,5,DAILY_BUDGET,ENABLED,TARGETING_EXPRESSION,5,5,84.78,Amazon,119.95,70.67944977073782,119.95,1294,5,5,5,28,Inner-SP-KW-Berberine Capsules-PAT,spTargeting,US,INNERBRIGHTNESS,spTargeting_innerbrightness_US_2026-03-21_2026-04-20.json,2026-04-21 01:59:26
40085,2026-04-21 01:59:27.050291,2026-04-21 01:59:27.050291,2026-04-08,24.49,0.5709955700629517,1,TARGETING_EXPRESSION,24.49,24.49,24.49,0,1,ENABLED,"asin=""B0DBLHXG3Z""",0.0,1,180.0,1,1,3.06,1,Inner-SP-KW-Berberine Capsules-PAT,287272276943680,1.9830028328611897,0,175.1327072274398,1,0,189812334889736.0,USD,0.5709955700629517,1,1,522284620832806,24.49,0.99,0,24.49,301827846242541,0,1.0,"asin=""B0DBLHXG3Z""",1,0,1,DAILY_BUDGET,ENABLED,TARGETING_EXPRESSION,1,1,42.89,Amazon,24.49,175.1327072274398,24.49,706,1,1,1,14,Inner-SP-KW-Berberine Capsules-PAT,spTargeting,US,INNERBRIGHTNESS,spTargeting_innerbrightness_US_2026-03-21_2026-04-20.json,2026-04-21 01:59:26
40086,2026-04-21 01:59:27.050291,2026-04-21 01:59:27.050291,2026-04-09,0.0,0.0,0,TARGETING_EXPRESSION,0.0,0.0,0.0,0,0,ENABLED,"asin=""B0DBLHXG3Z""",0.0,0,180.0,0,0,2.5,0,Inner-SP-KW-Berberine Capsules-PAT,287272276943680,2.857142857142857,0,nan,0,0,189812334889736.0,USD,0.0,0,0,522284620832806,0.0,4.35,0,0.0,301827846242541,0,1.0,"asin=""B0DBLHXG3Z""",0,0,0,DAILY_BUDGET,ENABLED,TARGETING_EXPRESSION,0,0,2.5,Amazon,0.0,nan,0.0,35,0,0,0,1,Inner-SP-KW-Berberine Capsules-PAT,spTargeting,US,INNERBRIGHTNESS,spTargeting_innerbrightness_US_2026-03-21_2026-04-20.json,2026-04-21 01:59:26
40087,2026-04-21 01:59:27.050291,2026-04-21 01:59:27.050291,2026-04-10,0.0,0.0,0,TARGETING_EXPRESSION,0.0,0.0,0.0,0,0,ENABLED,"asin=""B0DBLHXG3Z""",0.0,0,180.0,0,0,2.5,0,Inner-SP-KW-Berberine Capsules-PAT,287272276943680,20.0,0,nan,0,0,189812334889736.0,USD,0.0,0,0,522284620832806,0.0,0.0,0,0.0,301827846242541,0,1.0,"asin=""B0DBLHXG3Z""",0,0,0,DAILY_BUDGET,ENABLED,TARGETING_EXPRESSION,0,0,2.5,Amazon,0.0,nan,0.0,5,0,0,0,1,Inner-SP-KW-Berberine Capsules-PAT,spTargeting,US,INNERBRIGHTNESS,spTargeting_innerbrightness_US_2026-03-21_2026-04-20.json,2026-04-21 01:59:26
40102,2026-04-21 01:59:27.050291,2026-04-21 01:59:27.050291,2026-04-04,99.95,3.730869727510265,5,EXACT,99.95,99.95,99.95,0,5,ENABLED,magnesium glycinate gummies,0.0,5,600.0,5,5,1.28,5,Inner-SP-KW-gumm-magnesium glycinate gummies-EM-CPC-8k,552923299547324,0.6620428751576293,0,26.803401700850422,5,0,269179459475581.0,USD,3.730869727510265,5,5,321320371298455,99.95,0.05,0,99.95,439217402283731,0,1.5,magnesium glycinate gummies,5,0,5,DAILY_BUDGET,ENABLED,EXACT,5,5,26.79,Amazon,99.95,26.803401700850422,99.95,3172,5,5,5,21,Inner-SP-KW-gumm-magnesium glycinate gummies-EM-CPC-8k,spTargeting,US,INNERBRIGHTNESS,spTargeting_innerbrightness_US_2026-03-21_2026-04-20.json,2026-04-21 01:59:26
40103,2026-04-21 01:59:27.050291,2026-04-21 01:59:27.050291,2026-04-05,0.0,0.9519047619047618,0,EXACT,19.99,19.99,19.99,0,0,ENABLED,magnesium glycinate gummies,0.0,1,600.0,1,1,1.5,1,Inner-SP-KW-gumm-magnesium glycinate gummies-EM-CPC-8k,552923299547324,0.5124450951683748,0,105.05252626313157,1,0,269179459475581.0,USD,0.9519047619047618,1,1,321320371298455,19.99,0.14,0,0.0,439217402283731,0,1.5,magnesium glycinate gummies,1,0,0,DAILY_BUDGET,ENABLED,EXACT,0,1,21.0,Amazon,19.99,105.05252626313157,19.99,2732,1,1,1,14,Inner-SP-KW-gumm-magnesium glycinate gummies-EM-CPC-8k,spTargeting,US,INNERBRIGHTNESS,spTargeting_innerbrightness_US_2026-03-21_2026-04-20.json,2026-04-21 01:59:26
40104,2026-04-21 01:59:27.050291,2026-04-21 01:59:27.050291,2026-04-06,0.0,0.0,0,EXACT,0.0,0.0,0.0,0,0,ENABLED,magnesium glycinate gummies,0.0,0,600.0,0,0,1.5,0,Inner-SP-KW-gumm-magnesium glycinate gummies-EM-CPC-8k,552923299547324,0.30349013657056145,0,nan,0,0,269179459475581.0,USD,0.0,0,0,321320371298455,0.0,0.08,0,0.0,439217402283731,0,1.5,magnesium glycinate gummies,0,0,0,DAILY_BUDGET,ENABLED,EXACT,0,0,15.0,Amazon,0.0,nan,0.0,3295,0,0,0,10,Inner-SP-KW-gumm-magnesium glycinate gummies-EM-CPC-8k,spTargeting,US,INNERBRIGHTNESS,spTargeting_innerbrightness_US_2026-03-21_2026-04-20.json,2026-04-21 01:59:26
40105,2026-04-21 01:59:27.050291,2026-04-21 01:59:27.050291,2026-04-07,0.0,2.9639830508474576,0,EXACT,13.99,0.0,13.99,0,0,ENABLED,magnesium glycinate gummies,0.0,0,600.0,0,1,1.18,1,Inner-SP-KW-gumm-magnesium glycinate gummies-EM-CPC-8k,552923299547324,0.27991602519244224,0,33.738384560400284,1,0,269179459475581.0,USD,0.0,1,0,321320371298455,0.0,0.02,0,0.0,439217402283731,0,1.5,magnesium glycinate gummies,1,0,0,DAILY_BUDGET,ENABLED,EXACT,0,0,4.72,Amazon,13.99,nan,13.99,1429,1,1,1,4,Inner-SP-KW-gumm-magnesium glycinate gummies-EM-CPC-8k,spTargeting,US,INNERBRIGHTNESS,spTargeting_innerbrightness_US_2026-03-21_2026-04-20.json,2026-04-21 01:59:26
40106,2026-04-21 01:59:27.050291,2026-04-21 01:59:27.050291,2026-04-08,79.96,2.021730217302173,5,EXACT,119.94,147.93,119.94,0,4,ENABLED,magnesium glycinate gummies,27.99,6,600.0,7,6,2.36,7,Inner-SP-KW-gumm-magnesium glycinate gummies-EM-CPC-8k,552923299547324,1.6976998904709748,0,49.46258365443115,7,0,269179459475581.0,USD,2.021730217302173,6,7,321320371298455,119.94,1.28,0,107.95,439217402283731,0,1.5,magnesium glycinate gummies,6,1,4,DAILY_BUDGET,ENABLED,EXACT,5,6,73.17,Amazon,147.93,49.46258365443115,147.93,1826,6,7,7,31,Inner-SP-KW-gumm-magnesium glycinate gummies-EM-CPC-8k,spTargeting,US,INNERBRIGHTNESS,spTargeting_innerbrightness_US_2026-03-21_2026-04-20.json,2026-04-21 01:59:26
40107,2026-04-21 01:59:27.050291,2026-04-21 01:59:27.050291,2026-04-09,19.99,1.9038095238095236,1,EXACT,19.99,19.99,19.99,0,1,ENABLED,magnesium glycinate gummies,0.0,1,600.0,1,1,1.5,1,Inner-SP-KW-gumm-magnesium glycinate gummies-EM-CPC-8k,552923299547324,0.32243205895900506,0,52.526263131565784,1,0,269179459475581.0,USD,1.9038095238095236,1,1,321320371298455,19.99,0.01,0,19.99,439217402283731,0,1.5,magnesium glycinate gummies,1,0,1,DAILY_BUDGET,ENABLED,EXACT,1,1,10.5,Amazon,19.99,52.526263131565784,19.99,2171,1,1,1,7,Inner-SP-KW-gumm-magnesium glycinate gummies-EM-CPC-8k,spTargeting,US,INNERBRIGHTNESS,spTargeting_innerbrightness_US_2026-03-21_2026-04-20.json,2026-04-21 01:59:26
40108,2026-04-21 01:59:27.050291,2026-04-21 01:59:27.050291,2026-04-10,0.0,0.0,0,EXACT,0.0,0.0,0.0,0,0,ENABLED,magnesium glycinate gummies,0.0,0,600.0,0,0,1.5,0,Inner-SP-KW-gumm-magnesium glycinate gummies-EM-CPC-8k,552923299547324,0.31503150315031503,0,nan,0,0,269179459475581.0,USD,0.0,0,0,321320371298455,0.0,0.04,0,0.0,439217402283731,0,1.5,magnesium glycinate gummies,0,0,0,DAILY_BUDGET,ENABLED,EXACT,0,0,10.5,Amazon,0.0,nan,0.0,2222,0,0,0,7,Inner-SP-KW-gumm-magnesium glycinate gummies-EM-CPC-8k,spTargeting,US,INNERBRIGHTNESS,spTargeting_innerbrightness_US_2026-03-21_2026-04-20.json,2026-04-21 01:59:26
40130,2026-04-21 01:59:27.050291,2026-04-21 01:59:27.050291,2026-04-04,87.96,0.6416181672943057,4,EXACT,112.45,112.45,112.45,0,4,ENABLED,berberine supplement,0.0,5,300.0,5,5,3.73,5,Inner-SP-KW-Berberine Capsules-EM-berberine supplement-2k,158485660571374,1.7857142857142856,0,155.8559359715429,5,0,189812334889736.0,USD,0.6416181672943057,5,5,325673997292654,112.45,4.07,0,87.96,496839653442133,0,1.0,berberine supplement,5,0,4,DAILY_BUDGET,ENABLED,EXACT,4,5,175.26,Amazon,112.45,155.8559359715429,112.45,2632,5,5,5,47,Inner-SP-KW-Berberine Capsules-EM-berberine supplement-2k,spTargeting,US,INNERBRIGHTNESS,spTargeting_innerbrightness_US_2026-03-21_2026-04-20.json,2026-04-21 01:59:26
40131,2026-04-21 01:59:27.050291,2026-04-21 01:59:27.050291,2026-04-05,241.89,1.292768959435626,11,EXACT,263.88,263.88,263.88,0,11,ENABLED,berberine supplement,0.0,12,300.0,12,12,3.85,12,Inner-SP-KW-Berberine Capsules-EM-berberine supplement-2k,158485660571374,2.0711215318483784,0,77.35334242837654,12,0,189812334889736.0,USD,1.292768959435626,12,12,325673997292654,263.88,4.46,0,241.89,496839653442133,0,1.0,berberine supplement,12,0,11,DAILY_BUDGET,ENABLED,EXACT,11,12,204.12,Amazon,263.88,77.35334242837654,263.88,2559,12,12,12,53,Inner-SP-KW-Berberine Capsules-EM-berberine supplement-2k,spTargeting,US,INNERBRIGHTNESS,spTargeting_innerbrightness_US_2026-03-21_2026-04-20.json,2026-04-21 01:59:26
40132,2026-04-21 01:59:27.050291,2026-04-21 01:59:27.050291,2026-04-06,131.94,0.9688467731945993,6,EXACT,156.43,156.43,156.43,0,6,ENABLED,berberine supplement,0.0,7,300.0,7,7,3.51,7,Inner-SP-KW-Berberine Capsules-EM-berberine supplement-2k,158485660571374,1.5834767641996557,0,103.21549574889728,7,0,189812334889736.0,USD,0.9688467731945993,7,7,325673997292654,156.43,2.84,0,131.94,496839653442133,0,1.0,berberine supplement,7,0,6,DAILY_BUDGET,ENABLED,EXACT,6,7,161.46,Amazon,156.43,103.21549574889728,156.43,2905,7,7,7,46,Inner-SP-KW-Berberine Capsules-EM-berberine supplement-2k,spTargeting,US,INNERBRIGHTNESS,spTargeting_innerbrightness_US_2026-03-21_2026-04-20.json,2026-04-21 01:59:26
40133,2026-04-21 01:59:27.050291,2026-04-21 01:59:27.050291,2026-04-07,95.96,0.7196640167991599,4,EXACT,95.96,95.96,95.96,0,4,ENABLED,berberine supplement,0.0,4,300.0,4,4,3.92,4,Inner-SP-KW-Berberine Capsules-EM-berberine supplement-2k,158485660571374,2.9209621993127146,0,138.9537307211338,4,0,189812334889736.0,USD,0.7196640167991599,4,4,325673997292654,95.96,2.77,0,95.96,496839653442133,0,1.0,berberine supplement,4,0,4,DAILY_BUDGET,ENABLED,EXACT,4,4,133.34,Amazon,95.96,138.9537307211338,95.96,1164,4,4,4,34,Inner-SP-KW-Berberine Capsules-EM-berberine supplement-2k,spTargeting,US,INNERBRIGHTNESS,spTargeting_innerbrightness_US_2026-03-21_2026-04-20.json,2026-04-21 01:59:26
40134,2026-04-21 01:59:27.050291,2026-04-21 01:59:27.050291,2026-04-08,0.0,0.0,0,EXACT,0.0,0.0,0.0,0,0,ENABLED,berberine supplement,0.0,0,300.0,0,0,3.45,0,Inner-SP-KW-Berberine Capsules-EM-berberine supplement-2k,158485660571374,0.667302192564347,0,nan,0,0,189812334889736.0,USD,0.0,0,0,325673997292654,0.0,0.42,0,0.0,496839653442133,0,1.0,berberine supplement,0,0,0,DAILY_BUDGET,ENABLED,EXACT,0,0,24.17,Amazon,0.0,nan,0.0,1049,0,0,0,7,Inner-SP-KW-Berberine Capsules-EM-berberine supplement-2k,spTargeting,US,INNERBRIGHTNESS,spTargeting_innerbrightness_US_2026-03-21_2026-04-20.json,2026-04-21 01:59:26
40135,2026-04-21 01:59:27.050291,2026-04-21 01:59:27.050291,2026-04-09,97.96,2.0209605545469547,4,EXACT,122.45,122.45,122.45,0,4,ENABLED,berberine supplement,0.0,5,300.0,5,5,2.24,5,Inner-SP-KW-Berberine Capsules-EM-berberine supplement-2k,158485660571374,0.5512454062882809,0,49.48142098815843,5,0,189812334889736.0,USD,2.0209605545469547,5,5,325673997292654,122.45,0.72,0,97.96,496839653442133,0,1.0,berberine supplement,5,0,4,DAILY_BUDGET,ENABLED,EXACT,4,5,60.59,Amazon,122.45,49.48142098815843,122.45,4898,5,5,5,27,Inner-SP-KW-Berberine Capsules-EM-berberine supplement-2k,spTargeting,US,INNERBRIGHTNESS,spTargeting_innerbrightness_US_2026-03-21_2026-04-20.json,2026-04-21 01:59:26
40136,2026-04-21 01:59:27.050291,2026-04-21 01:59:27.050291,2026-04-10,0.0,0.0,0,EXACT,0.0,0.0,0.0,0,0,ENABLED,berberine supplement,0.0,0,300.0,0,0,1.79,0,Inner-SP-KW-Berberine Capsules-EM-berberine supplement-2k,158485660571374,0.3418353931107021,0,nan,0,0,189812334889736.0,USD,0.0,0,0,325673997292654,0.0,0.19,0,0.0,496839653442133,0,1.0,berberine supplement,0,0,0,DAILY_BUDGET,ENABLED,EXACT,0,0,23.21,Amazon,0.0,nan,0.0,3803,0,0,0,13,Inner-SP-KW-Berberine Capsules-EM-berberine supplement-2k,spTargeting,US,INNERBRIGHTNESS,spTargeting_innerbrightness_US_2026-03-21_2026-04-20.json,2026-04-21 01:59:26
40531,2026-04-21 01:59:27.050291,2026-04-21 01:59:27.050291,2026-04-17,0.0,nan,0,TARGETING_EXPRESSION,0.0,0.0,0.0,0,0,ENABLED,"asin=""B01CUNY01Y""",0.0,0,180.0,0,0,0.0,0,Inner-SP-KW-Berberine Capsules-PAT,287272276943680,0.0,0,nan,0,0,189812334889736.0,USD,nan,0,0,230967480239130,0.0,0.0,0,0.0,301827846242541,0,1.5,"asin=""B01CUNY01Y""",0,0,0,DAILY_BUDGET,ENABLED,TARGETING_EXPRESSION,0,0,0.0,Amazon,0.0,nan,0.0,1,0,0,0,0,Inner-SP-KW-Berberine Capsules-PAT,spTargeting,US,INNERBRIGHTNESS,spTargeting_innerbrightness_US_2026-03-21_2026-04-20.json,2026-04-21 01:59:26
40152,2026-04-21 01:59:27.050291,2026-04-21 01:59:27.050291,2026-04-04,21.99,0.5567088607594937,1,BROAD,21.99,21.99,21.99,0,1,ENABLED,berberine with ceylon cinnamon,0.0,1,1.0,1,1,2.82,1,Inner-SP-KW-Berberine Capsules-BM-berberine with ceylon cinnamon-1w,181887194239676,0.6499535747446611,0,179.62710322874037,1,0,189812334889736.0,USD,0.5567088607594937,1,1,504352428734953,21.99,0.0,0,21.99,382442285328166,0,1.5,berberine with ceylon cinnamon,1,0,1,DAILY_BUDGET,ENABLED,BROAD,1,1,39.5,Amazon,21.99,179.62710322874037,21.99,2154,1,1,1,14,Inner-SP-KW-Berberine Capsules-BM-berberine with ceylon cinnamon-1w,spTargeting,US,INNERBRIGHTNESS,spTargeting_innerbrightness_US_2026-03-21_2026-04-20.json,2026-04-21 01:59:26
40153,2026-04-21 01:59:27.050291,2026-04-21 01:59:27.050291,2026-04-05,0.0,0.0,0,BROAD,0.0,0.0,0.0,0,0,ENABLED,berberine with ceylon cinnamon,0.0,0,1.0,0,0,2.9,0,Inner-SP-KW-Berberine Capsules-BM-berberine with ceylon cinnamon-1w,181887194239676,0.6561679790026247,0,nan,0,0,189812334889736.0,USD,0.0,0,0,504352428734953,0.0,0.02,0,0.0,382442285328166,0,1.5,berberine with ceylon cinnamon,0,0,0,DAILY_BUDGET,ENABLED,BROAD,0,0,43.5,Amazon,0.0,nan,0.0,2286,0,0,0,15,Inner-SP-KW-Berberine Capsules-BM-berberine with ceylon cinnamon-1w,spTargeting,US,INNERBRIGHTNESS,spTargeting_innerbrightness_US_2026-03-21_2026-04-20.json,2026-04-21 01:59:26
40154,2026-04-21 01:59:27.050291,2026-04-21 01:59:27.050291,2026-04-06,21.99,0.5434997528423133,1,BROAD,21.99,21.99,21.99,0,1,ENABLED,berberine with ceylon cinnamon,0.0,1,1.0,1,1,2.89,1,Inner-SP-KW-Berberine Capsules-BM-berberine with ceylon cinnamon-1w,181887194239676,0.6965174129353234,0,183.99272396543884,1,0,189812334889736.0,USD,0.5434997528423133,1,1,504352428734953,21.99,0.0,0,21.99,382442285328166,0,1.5,berberine with ceylon cinnamon,1,0,1,DAILY_BUDGET,ENABLED,BROAD,1,1,40.46,Amazon,21.99,183.99272396543884,21.99,2010,1,1,1,14,Inner-SP-KW-Berberine Capsules-BM-berberine with ceylon cinnamon-1w,spTargeting,US,INNERBRIGHTNESS,spTargeting_innerbrightness_US_2026-03-21_2026-04-20.json,2026-04-21 01:59:26
40155,2026-04-21 01:59:27.050291,2026-04-21 01:59:27.050291,2026-04-07,23.99,0.462770061728395,1,BROAD,23.99,23.99,23.99,0,1,ENABLED,berberine with ceylon cinnamon,0.0,1,1.0,1,1,2.88,1,Inner-SP-KW-Berberine Capsules-BM-berberine with ceylon cinnamon-1w,181887194239676,0.9513742071881607,0,216.09003751563156,1,0,189812334889736.0,USD,0.462770061728395,1,1,504352428734953,23.99,0.0,0,23.99,382442285328166,0,1.5,berberine with ceylon cinnamon,1,0,1,DAILY_BUDGET,ENABLED,BROAD,1,1,51.84,Amazon,23.99,216.09003751563156,23.99,1892,1,1,1,18,Inner-SP-KW-Berberine Capsules-BM-berberine with ceylon cinnamon-1w,spTargeting,US,INNERBRIGHTNESS,spTargeting_innerbrightness_US_2026-03-21_2026-04-20.json,2026-04-21 01:59:26
40156,2026-04-21 01:59:27.050291,2026-04-21 01:59:27.050291,2026-04-08,24.49,0.4286714510764922,1,BROAD,24.49,24.49,24.49,0,1,ENABLED,berberine with ceylon cinnamon,0.0,1,1.0,1,1,2.72,1,Inner-SP-KW-Berberine Capsules-BM-berberine with ceylon cinnamon-1w,181887194239676,0.7172131147540983,0,233.27888934258883,1,0,189812334889736.0,USD,0.4286714510764922,1,1,504352428734953,24.49,0.0,0,24.49,382442285328166,0,1.5,berberine with ceylon cinnamon,1,0,1,DAILY_BUDGET,ENABLED,BROAD,1,1,57.13,Amazon,24.49,233.27888934258883,24.49,2928,1,1,1,21,Inner-SP-KW-Berberine Capsules-BM-berberine with ceylon cinnamon-1w,spTargeting,US,INNERBRIGHTNESS,spTargeting_innerbrightness_US_2026-03-21_2026-04-20.json,2026-04-21 01:59:26
40157,2026-04-21 01:59:27.050291,2026-04-21 01:59:27.050291,2026-04-09,48.98,0.9656940063091483,2,BROAD,48.98,48.98,48.98,0,2,ENABLED,berberine with ceylon cinnamon,0.0,2,1.0,2,2,2.42,2,Inner-SP-KW-Berberine Capsules-BM-berberine with ceylon cinnamon-1w,181887194239676,0.6055363321799307,0,103.55247039608004,2,0,189812334889736.0,USD,0.9656940063091483,2,2,504352428734953,48.98,0.01,0,48.98,382442285328166,0,1.5,berberine with ceylon cinnamon,2,0,2,DAILY_BUDGET,ENABLED,BROAD,2,2,50.72,Amazon,48.98,103.55247039608004,48.98,3468,2,2,2,21,Inner-SP-KW-Berberine Capsules-BM-berberine with ceylon cinnamon-1w,spTargeting,US,INNERBRIGHTNESS,spTargeting_innerbrightness_US_2026-03-21_2026-04-20.json,2026-04-21 01:59:26
40158,2026-04-21 01:59:27.050291,2026-04-21 01:59:27.050291,2026-04-10,24.49,0.4715963797419603,1,BROAD,24.49,24.49,24.49,0,1,ENABLED,berberine with ceylon cinnamon,0.0,1,1.0,1,1,2.73,1,Inner-SP-KW-Berberine Capsules-BM-berberine with ceylon cinnamon-1w,181887194239676,0.5480242284395731,0,212.0457329522254,1,0,189812334889736.0,USD,0.4715963797419603,1,1,504352428734953,24.49,0.01,0,24.49,382442285328166,0,1.5,berberine with ceylon cinnamon,1,0,1,DAILY_BUDGET,ENABLED,BROAD,1,1,51.93,Amazon,24.49,212.0457329522254,24.49,3467,1,1,1,19,Inner-SP-KW-Berberine Capsules-BM-berberine with ceylon cinnamon-1w,spTargeting,US,INNERBRIGHTNESS,spTargeting_innerbrightness_US_2026-03-21_2026-04-20.json,2026-04-21 01:59:26
40171,2026-04-21 01:59:27.050291,2026-04-21 01:59:27.050291,2026-04-04,0.0,nan,0,PHRASE,0.0,0.0,0.0,0,0,ENABLED,myo inositol,0.0,0,50.0,0,0,0.0,0,IB-SP-KW-inositol-myo inositol-PM,1182589332550,nan,0,nan,0,0,209298027301784.0,USD,nan,0,0,390046037974112,0.0,nan,0,0.0,487700417776058,0,1.1,myo inositol,0,0,0,DAILY_BUDGET,ENABLED,PHRASE,0,0,0.0,Amazon,0.0,nan,0.0,0,0,0,0,0,IB-SP-KW-inositol-myo inositol-PM,spTargeting,US,INNERBRIGHTNESS,spTargeting_innerbrightness_US_2026-03-21_2026-04-20.json,2026-04-21 01:59:26
40172,2026-04-21 01:59:27.050291,2026-04-21 01:59:27.050291,2026-04-06,0.0,nan,0,PHRASE,0.0,0.0,0.0,0,0,ENABLED,myo inositol,0.0,0,50.0,0,0,0.0,0,IB-SP-KW-inositol-myo inositol-PM,1182589332550,nan,0,nan,0,0,209298027301784.0,USD,nan,0,0,390046037974112,0.0,nan,0,0.0,487700417776058,0,1.1,myo inositol,0,0,0,DAILY_BUDGET,ENABLED,PHRASE,0,0,0.0,Amazon,0.0,nan,0.0,0,0,0,0,0,IB-SP-KW-inositol-myo inositol-PM,spTargeting,US,INNERBRIGHTNESS,spTargeting_innerbrightness_US_2026-03-21_2026-04-20.json,2026-04-21 01:59:26
40173,2026-04-21 01:59:27.050291,2026-04-21 01:59:27.050291,2026-04-07,0.0,nan,0,PHRASE,0.0,0.0,0.0,0,0,ENABLED,myo inositol,0.0,0,50.0,0,0,0.0,0,IB-SP-KW-inositol-myo inositol-PM,1182589332550,nan,0,nan,0,0,209298027301784.0,USD,nan,0,0,390046037974112,0.0,nan,0,0.0,487700417776058,0,1.1,myo inositol,0,0,0,DAILY_BUDGET,ENABLED,PHRASE,0,0,0.0,Amazon,0.0,nan,0.0,0,0,0,0,0,IB-SP-KW-inositol-myo inositol-PM,spTargeting,US,INNERBRIGHTNESS,spTargeting_innerbrightness_US_2026-03-21_2026-04-20.json,2026-04-21 01:59:26
40179,2026-04-21 01:59:27.050291,2026-04-21 01:59:27.050291,2026-04-04,0.0,nan,0,PHRASE,0.0,0.0,0.0,0,0,ENABLED,inositol,0.0,0,50.0,0,0,0.0,0,IB-SP-KW-inositol-myo inositol-PM,1182589332550,nan,0,nan,0,0,209298027301784.0,USD,nan,0,0,404460071153752,0.0,nan,0,0.0,487700417776058,0,0.9,inositol,0,0,0,DAILY_BUDGET,ENABLED,PHRASE,0,0,0.0,Amazon,0.0,nan,0.0,0,0,0,0,0,IB-SP-KW-inositol-myo inositol-PM,spTargeting,US,INNERBRIGHTNESS,spTargeting_innerbrightness_US_2026-03-21_2026-04-20.json,2026-04-21 01:59:26
40194,2026-04-21 01:59:27.050291,2026-04-21 01:59:27.050291,2026-04-06,0.0,nan,0,EXACT,0.0,0.0,0.0,0,0,ENABLED,nmn,0.0,0,150.0,0,0,0.0,0,Inner-SP-KW-NMN Capsules-nmn-EM-CPC-1.2w,112480725342057,nan,0,nan,0,0,156346298397171.0,USD,nan,0,0,373078963489934,0.0,nan,0,0.0,377263535703992,0,nan,nmn,0,0,0,DAILY_BUDGET,ENABLED,EXACT,0,0,0.0,Amazon,0.0,nan,0.0,0,0,0,0,0,Inner-SP-KW-NMN Capsules-nmn-EM-CPC-1.2w,spTargeting,US,INNERBRIGHTNESS,spTargeting_innerbrightness_US_2026-03-21_2026-04-20.json,2026-04-21 01:59:26
40195,2026-04-21 01:59:27.050291,2026-04-21 01:59:27.050291,2026-04-08,0.0,nan,0,EXACT,0.0,0.0,0.0,0,0,ENABLED,nmn,0.0,0,150.0,0,0,0.0,0,Inner-SP-KW-NMN Capsules-nmn-EM-CPC-1.2w,112480725342057,0.0,0,nan,0,0,156346298397171.0,USD,nan,0,0,373078963489934,0.0,0.0,0,0.0,377263535703992,0,nan,nmn,0,0,0,DAILY_BUDGET,ENABLED,EXACT,0,0,0.0,Amazon,0.0,nan,0.0,3,0,0,0,0,Inner-SP-KW-NMN Capsules-nmn-EM-CPC-1.2w,spTargeting,US,INNERBRIGHTNESS,spTargeting_innerbrightness_US_2026-03-21_2026-04-20.json,2026-04-21 01:59:26
40196,2026-04-21 01:59:27.050291,2026-04-21 01:59:27.050291,2026-04-09,0.0,nan,0,EXACT,0.0,0.0,0.0,0,0,ENABLED,nmn,0.0,0,150.0,0,0,0.0,0,Inner-SP-KW-NMN Capsules-nmn-EM-CPC-1.2w,112480725342057,0.0,0,nan,0,0,156346298397171.0,USD,nan,0,0,373078963489934,0.0,0.0,0,0.0,377263535703992,0,nan,nmn,0,0,0,DAILY_BUDGET,ENABLED,EXACT,0,0,0.0,Amazon,0.0,nan,0.0,1,0,0,0,0,Inner-SP-KW-NMN Capsules-nmn-EM-CPC-1.2w,spTargeting,US,INNERBRIGHTNESS,spTargeting_innerbrightness_US_2026-03-21_2026-04-20.json,2026-04-21 01:59:26
40197,2026-04-21 01:59:27.050291,2026-04-21 01:59:27.050291,2026-04-10,0.0,nan,0,EXACT,0.0,0.0,0.0,0,0,ENABLED,nmn,0.0,0,150.0,0,0,0.0,0,Inner-SP-KW-NMN Capsules-nmn-EM-CPC-1.2w,112480725342057,0.0,0,nan,0,0,156346298397171.0,USD,nan,0,0,373078963489934,0.0,0.0,0,0.0,377263535703992,0,nan,nmn,0,0,0,DAILY_BUDGET,ENABLED,EXACT,0,0,0.0,Amazon,0.0,nan,0.0,1,0,0,0,0,Inner-SP-KW-NMN Capsules-nmn-EM-CPC-1.2w,spTargeting,US,INNERBRIGHTNESS,spTargeting_innerbrightness_US_2026-03-21_2026-04-20.json,2026-04-21 01:59:26
40205,2026-04-21 01:59:27.050291,2026-04-21 01:59:27.050291,2026-04-07,0.0,nan,0,EXACT,0.0,0.0,0.0,0,0,ENABLED,nmn supplement 1000mg pure organic,0.0,0,150.0,0,0,0.0,0,Inner-SP-KW-NMN Capsules-nmn-EM-CPC-1.2w,112480725342057,0.0,0,nan,0,0,156346298397171.0,USD,nan,0,0,457011345043450,0.0,0.0,0,0.0,377263535703992,0,nan,nmn supplement 1000mg pure organic,0,0,0,DAILY_BUDGET,ENABLED,EXACT,0,0,0.0,Amazon,0.0,nan,0.0,1,0,0,0,0,Inner-SP-KW-NMN Capsules-nmn-EM-CPC-1.2w,spTargeting,US,INNERBRIGHTNESS,spTargeting_innerbrightness_US_2026-03-21_2026-04-20.json,2026-04-21 01:59:26
40206,2026-04-21 01:59:27.050291,2026-04-21 01:59:27.050291,2026-04-08,0.0,nan,0,EXACT,0.0,0.0,0.0,0,0,ENABLED,nmn supplement 1000mg pure organic,0.0,0,150.0,0,0,0.0,0,Inner-SP-KW-NMN Capsules-nmn-EM-CPC-1.2w,112480725342057,nan,0,nan,0,0,156346298397171.0,USD,nan,0,0,457011345043450,0.0,nan,0,0.0,377263535703992,0,nan,nmn supplement 1000mg pure organic,0,0,0,DAILY_BUDGET,ENABLED,EXACT,0,0,0.0,Amazon,0.0,nan,0.0,0,0,0,0,0,Inner-SP-KW-NMN Capsules-nmn-EM-CPC-1.2w,spTargeting,US,INNERBRIGHTNESS,spTargeting_innerbrightness_US_2026-03-21_2026-04-20.json,2026-04-21 01:59:26
40212,2026-04-21 01:59:27.050291,2026-04-21 01:59:27.050291,2026-04-04,0.0,nan,0,EXACT,0.0,0.0,0.0,0,0,ENABLED,nmn resveratrol,0.0,0,150.0,0,0,0.0,0,Inner-SP-KW-NMN Capsules-nmn-EM-CPC-1.2w,112480725342057,0.0,0,nan,0,0,156346298397171.0,USD,nan,0,0,543546464722721,0.0,0.0,0,0.0,377263535703992,0,nan,nmn resveratrol,0,0,0,DAILY_BUDGET,ENABLED,EXACT,0,0,0.0,Amazon,0.0,nan,0.0,1,0,0,0,0,Inner-SP-KW-NMN Capsules-nmn-EM-CPC-1.2w,spTargeting,US,INNERBRIGHTNESS,spTargeting_innerbrightness_US_2026-03-21_2026-04-20.json,2026-04-21 01:59:26
40213,2026-04-21 01:59:27.050291,2026-04-21 01:59:27.050291,2026-04-05,0.0,nan,0,EXACT,0.0,0.0,0.0,0,0,ENABLED,nmn resveratrol,0.0,0,150.0,0,0,0.0,0,Inner-SP-KW-NMN Capsules-nmn-EM-CPC-1.2w,112480725342057,0.0,0,nan,0,0,156346298397171.0,USD,nan,0,0,543546464722721,0.0,0.0,0,0.0,377263535703992,0,nan,nmn resveratrol,0,0,0,DAILY_BUDGET,ENABLED,EXACT,0,0,0.0,Amazon,0.0,nan,0.0,4,0,0,0,0,Inner-SP-KW-NMN Capsules-nmn-EM-CPC-1.2w,spTargeting,US,INNERBRIGHTNESS,spTargeting_innerbrightness_US_2026-03-21_2026-04-20.json,2026-04-21 01:59:26
40214,2026-04-21 01:59:27.050291,2026-04-21 01:59:27.050291,2026-04-07,35.99,42.8452380952381,1,EXACT,35.99,35.99,35.99,0,1,ENABLED,nmn resveratrol,0.0,1,150.0,1,1,0.84,1,Inner-SP-KW-NMN Capsules-nmn-EM-CPC-1.2w,112480725342057,20.0,0,2.3339816615726585,1,0,156346298397171.0,USD,42.8452380952381,1,1,543546464722721,35.99,0.26,0,35.99,377263535703992,0,nan,nmn resveratrol,1,0,1,DAILY_BUDGET,ENABLED,EXACT,1,1,0.84,Amazon,35.99,2.3339816615726585,35.99,5,1,1,1,1,Inner-SP-KW-NMN Capsules-nmn-EM-CPC-1.2w,spTargeting,US,INNERBRIGHTNESS,spTargeting_innerbrightness_US_2026-03-21_2026-04-20.json,2026-04-21 01:59:26
40215,2026-04-21 01:59:27.050291,2026-04-21 01:59:27.050291,2026-04-08,0.0,nan,0,EXACT,0.0,0.0,0.0,0,0,ENABLED,nmn resveratrol,0.0,0,150.0,0,0,0.0,0,Inner-SP-KW-NMN Capsules-nmn-EM-CPC-1.2w,112480725342057,0.0,0,nan,0,0,156346298397171.0,USD,nan,0,0,543546464722721,0.0,0.0,0,0.0,377263535703992,0,nan,nmn resveratrol,0,0,0,DAILY_BUDGET,ENABLED,EXACT,0,0,0.0,Amazon,0.0,nan,0.0,1,0,0,0,0,Inner-SP-KW-NMN Capsules-nmn-EM-CPC-1.2w,spTargeting,US,INNERBRIGHTNESS,spTargeting_innerbrightness_US_2026-03-21_2026-04-20.json,2026-04-21 01:59:26
40216,2026-04-21 01:59:27.050291,2026-04-21 01:59:27.050291,2026-04-09,0.0,nan,0,EXACT,0.0,0.0,0.0,0,0,ENABLED,nmn resveratrol,0.0,0,150.0,0,0,0.0,0,Inner-SP-KW-NMN Capsules-nmn-EM-CPC-1.2w,112480725342057,0.0,0,nan,0,0,156346298397171.0,USD,nan,0,0,543546464722721,0.0,0.0,0,0.0,377263535703992,0,nan,nmn resveratrol,0,0,0,DAILY_BUDGET,ENABLED,EXACT,0,0,0.0,Amazon,0.0,nan,0.0,1,0,0,0,0,Inner-SP-KW-NMN Capsules-nmn-EM-CPC-1.2w,spTargeting,US,INNERBRIGHTNESS,spTargeting_innerbrightness_US_2026-03-21_2026-04-20.json,2026-04-21 01:59:26
40652,2026-04-21 01:59:27.050291,2026-04-21 01:59:27.050291,2026-04-13,55.96,0.7574445046020575,4,EXACT,55.96,55.96,55.96,0,4,PAUSED,magnesium,0.0,4,300.0,4,4,2.96,4,Inner-SP-KW-gumm-magnesium-EM-CPC-222,423904171460856,1.1405109489051095,0,132.02287348105787,4,0,269179459475581.0,USD,0.7574445046020575,4,4,496504625848680,55.96,0.0,0,55.96,515353240338806,0,1.0,magnesium,4,0,4,DAILY_BUDGET,ENABLED,EXACT,4,4,73.88,Amazon,55.96,132.02287348105787,55.96,2192,4,4,4,25,Inner-SP-KW-gumm-magnesium-EM-CPC-222,spTargeting,US,INNERBRIGHTNESS,spTargeting_innerbrightness_US_2026-03-21_2026-04-20.json,2026-04-21 01:59:26
40231,2026-04-21 01:59:27.050291,2026-04-21 01:59:27.050291,2026-04-04,0.0,0.0,0,TARGETING_EXPRESSION_PREDEFINED,0.0,0.0,0.0,0,0,ENABLED,close-match,0.0,0,20.0,0,0,1.12,0,Inner-SP-KW-biotin gummies-Auto,2960493459434,0.42194092827004215,0,nan,0,0,105099487523342.0,USD,0.0,0,0,483703098565239,0.0,0.01,0,0.0,542233362908024,0,0.8,close-match,0,0,0,DAILY_BUDGET,ENABLED,TARGETING_EXPRESSION_PREDEFINED,0,0,2.24,Amazon,0.0,nan,0.0,474,0,0,0,2,Inner-SP-KW-biotin gummies-Auto,spTargeting,US,INNERBRIGHTNESS,spTargeting_innerbrightness_US_2026-03-21_2026-04-20.json,2026-04-21 01:59:26
40232,2026-04-21 01:59:27.050291,2026-04-21 01:59:27.050291,2026-04-05,0.0,nan,0,TARGETING_EXPRESSION_PREDEFINED,0.0,0.0,0.0,0,0,ENABLED,close-match,0.0,0,20.0,0,0,0.0,0,Inner-SP-KW-biotin gummies-Auto,2960493459434,0.0,0,nan,0,0,105099487523342.0,USD,nan,0,0,483703098565239,0.0,0.0,0,0.0,542233362908024,0,0.8,close-match,0,0,0,DAILY_BUDGET,ENABLED,TARGETING_EXPRESSION_PREDEFINED,0,0,0.0,Amazon,0.0,nan,0.0,273,0,0,0,0,Inner-SP-KW-biotin gummies-Auto,spTargeting,US,INNERBRIGHTNESS,spTargeting_innerbrightness_US_2026-03-21_2026-04-20.json,2026-04-21 01:59:26
40233,2026-04-21 01:59:27.050291,2026-04-21 01:59:27.050291,2026-04-06,0.0,nan,0,TARGETING_EXPRESSION_PREDEFINED,0.0,0.0,0.0,0,0,ENABLED,close-match,0.0,0,20.0,0,0,0.0,0,Inner-SP-KW-biotin gummies-Auto,2960493459434,0.0,0,nan,0,0,105099487523342.0,USD,nan,0,0,483703098565239,0.0,0.0,0,0.0,542233362908024,0,0.8,close-match,0,0,0,DAILY_BUDGET,ENABLED,TARGETING_EXPRESSION_PREDEFINED,0,0,0.0,Amazon,0.0,nan,0.0,272,0,0,0,0,Inner-SP-KW-biotin gummies-Auto,spTargeting,US,INNERBRIGHTNESS,spTargeting_innerbrightness_US_2026-03-21_2026-04-20.json,2026-04-21 01:59:26
40234,2026-04-21 01:59:27.050291,2026-04-21 01:59:27.050291,2026-04-07,0.0,nan,0,TARGETING_EXPRESSION_PREDEFINED,0.0,0.0,0.0,0,0,ENABLED,close-match,0.0,0,20.0,0,0,0.0,0,Inner-SP-KW-biotin gummies-Auto,2960493459434,0.0,0,nan,0,0,105099487523342.0,USD,nan,0,0,483703098565239,0.0,0.03,0,0.0,542233362908024,0,0.8,close-match,0,0,0,DAILY_BUDGET,ENABLED,TARGETING_EXPRESSION_PREDEFINED,0,0,0.0,Amazon,0.0,nan,0.0,14,0,0,0,0,Inner-SP-KW-biotin gummies-Auto,spTargeting,US,INNERBRIGHTNESS,spTargeting_innerbrightness_US_2026-03-21_2026-04-20.json,2026-04-21 01:59:26
40235,2026-04-21 01:59:27.050291,2026-04-21 01:59:27.050291,2026-04-08,0.0,nan,0,TARGETING_EXPRESSION_PREDEFINED,0.0,0.0,0.0,0,0,ENABLED,close-match,0.0,0,20.0,0,0,0.0,0,Inner-SP-KW-biotin gummies-Auto,2960493459434,0.0,0,nan,0,0,105099487523342.0,USD,nan,0,0,483703098565239,0.0,0.0,0,0.0,542233362908024,0,0.8,close-match,0,0,0,DAILY_BUDGET,ENABLED,TARGETING_EXPRESSION_PREDEFINED,0,0,0.0,Amazon,0.0,nan,0.0,7,0,0,0,0,Inner-SP-KW-biotin gummies-Auto,spTargeting,US,INNERBRIGHTNESS,spTargeting_innerbrightness_US_2026-03-21_2026-04-20.json,2026-04-21 01:59:26
40236,2026-04-21 01:59:27.050291,2026-04-21 01:59:27.050291,2026-04-09,0.0,nan,0,TARGETING_EXPRESSION_PREDEFINED,0.0,0.0,0.0,0,0,ENABLED,close-match,0.0,0,20.0,0,0,0.0,0,Inner-SP-KW-biotin gummies-Auto,2960493459434,0.0,0,nan,0,0,105099487523342.0,USD,nan,0,0,483703098565239,0.0,0.0,0,0.0,542233362908024,0,0.8,close-match,0,0,0,DAILY_BUDGET,ENABLED,TARGETING_EXPRESSION_PREDEFINED,0,0,0.0,Amazon,0.0,nan,0.0,8,0,0,0,0,Inner-SP-KW-biotin gummies-Auto,spTargeting,US,INNERBRIGHTNESS,spTargeting_innerbrightness_US_2026-03-21_2026-04-20.json,2026-04-21 01:59:26
40237,2026-04-21 01:59:27.050291,2026-04-21 01:59:27.050291,2026-04-10,0.0,nan,0,TARGETING_EXPRESSION_PREDEFINED,0.0,0.0,0.0,0,0,ENABLED,close-match,0.0,0,20.0,0,0,0.0,0,Inner-SP-KW-biotin gummies-Auto,2960493459434,0.0,0,nan,0,0,105099487523342.0,USD,nan,0,0,483703098565239,0.0,0.0,0,0.0,542233362908024,0,0.8,close-match,0,0,0,DAILY_BUDGET,ENABLED,TARGETING_EXPRESSION_PREDEFINED,0,0,0.0,Amazon,0.0,nan,0.0,3,0,0,0,0,Inner-SP-KW-biotin gummies-Auto,spTargeting,US,INNERBRIGHTNESS,spTargeting_innerbrightness_US_2026-03-21_2026-04-20.json,2026-04-21 01:59:26
40252,2026-04-21 01:59:27.050291,2026-04-21 01:59:27.050291,2026-04-04,0.0,nan,0,EXACT,0.0,0.0,0.0,0,0,ENABLED,biotin gummies,0.0,0,150.0,0,0,0.0,0,Inner-SP-KW-biotin gummies-EM-biotin gummies-1w,103105471930136,0.0,0,nan,0,0,105099487523342.0,USD,nan,0,0,282296268344422,0.0,0.0,0,0.0,353711061783975,0,0.8,biotin gummies,0,0,0,DAILY_BUDGET,ENABLED,EXACT,0,0,0.0,Amazon,0.0,nan,0.0,386,0,0,0,0,Inner-SP-KW-biotin gummies-EM-biotin gummies-1w,spTargeting,US,INNERBRIGHTNESS,spTargeting_innerbrightness_US_2026-03-21_2026-04-20.json,2026-04-21 01:59:26
40253,2026-04-21 01:59:27.050291,2026-04-21 01:59:27.050291,2026-04-05,0.0,0.0,0,EXACT,0.0,0.0,0.0,0,0,ENABLED,biotin gummies,0.0,0,150.0,0,0,1.5,0,Inner-SP-KW-biotin gummies-EM-biotin gummies-1w,103105471930136,0.46511627906976744,0,nan,0,0,105099487523342.0,USD,0.0,0,0,282296268344422,0.0,0.0,0,0.0,353711061783975,0,0.8,biotin gummies,0,0,0,DAILY_BUDGET,ENABLED,EXACT,0,0,1.5,Amazon,0.0,nan,0.0,215,0,0,0,1,Inner-SP-KW-biotin gummies-EM-biotin gummies-1w,spTargeting,US,INNERBRIGHTNESS,spTargeting_innerbrightness_US_2026-03-21_2026-04-20.json,2026-04-21 01:59:26
40254,2026-04-21 01:59:27.050291,2026-04-21 01:59:27.050291,2026-04-06,0.0,0.0,0,EXACT,0.0,0.0,0.0,0,0,ENABLED,biotin gummies,0.0,0,150.0,0,0,1.47,0,Inner-SP-KW-biotin gummies-EM-biotin gummies-1w,103105471930136,0.9174311926605505,0,nan,0,0,105099487523342.0,USD,0.0,0,0,282296268344422,0.0,0.0,0,0.0,353711061783975,0,0.8,biotin gummies,0,0,0,DAILY_BUDGET,ENABLED,EXACT,0,0,4.4,Amazon,0.0,nan,0.0,327,0,0,0,3,Inner-SP-KW-biotin gummies-EM-biotin gummies-1w,spTargeting,US,INNERBRIGHTNESS,spTargeting_innerbrightness_US_2026-03-21_2026-04-20.json,2026-04-21 01:59:26
40255,2026-04-21 01:59:27.050291,2026-04-21 01:59:27.050291,2026-04-08,0.0,nan,0,EXACT,0.0,0.0,0.0,0,0,ENABLED,biotin gummies,0.0,0,150.0,0,0,0.0,0,Inner-SP-KW-biotin gummies-EM-biotin gummies-1w,103105471930136,0.0,0,nan,0,0,105099487523342.0,USD,nan,0,0,282296268344422,0.0,0.0,0,0.0,353711061783975,0,0.8,biotin gummies,0,0,0,DAILY_BUDGET,ENABLED,EXACT,0,0,0.0,Amazon,0.0,nan,0.0,1,0,0,0,0,Inner-SP-KW-biotin gummies-EM-biotin gummies-1w,spTargeting,US,INNERBRIGHTNESS,spTargeting_innerbrightness_US_2026-03-21_2026-04-20.json,2026-04-21 01:59:26
40256,2026-04-21 01:59:27.050291,2026-04-21 01:59:27.050291,2026-04-09,0.0,nan,0,EXACT,0.0,0.0,0.0,0,0,ENABLED,biotin gummies,0.0,0,150.0,0,0,0.0,0,Inner-SP-KW-biotin gummies-EM-biotin gummies-1w,103105471930136,0.0,0,nan,0,0,105099487523342.0,USD,nan,0,0,282296268344422,0.0,0.0,0,0.0,353711061783975,0,0.8,biotin gummies,0,0,0,DAILY_BUDGET,ENABLED,EXACT,0,0,0.0,Amazon,0.0,nan,0.0,4,0,0,0,0,Inner-SP-KW-biotin gummies-EM-biotin gummies-1w,spTargeting,US,INNERBRIGHTNESS,spTargeting_innerbrightness_US_2026-03-21_2026-04-20.json,2026-04-21 01:59:26
40257,2026-04-21 01:59:27.050291,2026-04-21 01:59:27.050291,2026-04-10,0.0,nan,0,EXACT,0.0,0.0,0.0,0,0,ENABLED,biotin gummies,0.0,0,150.0,0,0,0.0,0,Inner-SP-KW-biotin gummies-EM-biotin gummies-1w,103105471930136,0.0,0,nan,0,0,105099487523342.0,USD,nan,0,0,282296268344422,0.0,0.0,0,0.0,353711061783975,0,0.8,biotin gummies,0,0,0,DAILY_BUDGET,ENABLED,EXACT,0,0,0.0,Amazon,0.0,nan,0.0,4,0,0,0,0,Inner-SP-KW-biotin gummies-EM-biotin gummies-1w,spTargeting,US,INNERBRIGHTNESS,spTargeting_innerbrightness_US_2026-03-21_2026-04-20.json,2026-04-21 01:59:26
40653,2026-04-21 01:59:27.050291,2026-04-21 01:59:27.050291,2026-04-15,0.0,nan,0,EXACT,0.0,0.0,0.0,0,0,PAUSED,magnesium,0.0,0,300.0,0,0,0.0,0,Inner-SP-KW-gumm-magnesium-EM-CPC-222,423904171460856,nan,0,nan,0,0,269179459475581.0,USD,nan,0,0,496504625848680,0.0,nan,0,0.0,515353240338806,0,1.0,magnesium,0,0,0,DAILY_BUDGET,ENABLED,EXACT,0,0,0.0,Amazon,0.0,nan,0.0,0,0,0,0,0,Inner-SP-KW-gumm-magnesium-EM-CPC-222,spTargeting,US,INNERBRIGHTNESS,spTargeting_innerbrightness_US_2026-03-21_2026-04-20.json,2026-04-21 01:59:26
40283,2026-04-21 01:59:27.050291,2026-04-21 01:59:27.050291,2026-04-04,22.99,0.44442296539725495,1,PHRASE,22.99,22.99,22.99,0,1,ENABLED,methylated b complex,0.0,1,145.0,1,1,4.7,1,Inner-SP-KW-VB-vitamin b complex-PM,57298629983623,2.4774774774774775,0,225.01087429317096,1,0,128011262266839.0,USD,0.44442296539725495,1,1,312470611589223,22.99,4.02,0,22.99,308862798962255,0,1.3,methylated b complex,1,0,1,DAILY_BUDGET,ENABLED,PHRASE,1,1,51.73,Amazon,22.99,225.01087429317096,22.99,444,1,1,1,11,Inner-SP-KW-VB-vitamin b complex-PM-3K,spTargeting,US,INNERBRIGHTNESS,spTargeting_innerbrightness_US_2026-03-21_2026-04-20.json,2026-04-21 01:59:26
40284,2026-04-21 01:59:27.050291,2026-04-21 01:59:27.050291,2026-04-05,0.0,0.0,0,PHRASE,0.0,0.0,0.0,0,0,ENABLED,methylated b complex,0.0,0,145.0,0,0,4.31,0,Inner-SP-KW-VB-vitamin b complex-PM,57298629983623,1.9083969465648856,0,nan,0,0,128011262266839.0,USD,0.0,0,0,312470611589223,0.0,4.91,0,0.0,308862798962255,0,1.3,methylated b complex,0,0,0,DAILY_BUDGET,ENABLED,PHRASE,0,0,43.08,Amazon,0.0,nan,0.0,524,0,0,0,10,Inner-SP-KW-VB-vitamin b complex-PM-3K,spTargeting,US,INNERBRIGHTNESS,spTargeting_innerbrightness_US_2026-03-21_2026-04-20.json,2026-04-21 01:59:26
40285,2026-04-21 01:59:27.050291,2026-04-21 01:59:27.050291,2026-04-06,91.96,1.7626988690818477,4,PHRASE,91.96,91.96,91.96,0,4,ENABLED,methylated b complex,0.0,4,145.0,4,4,4.35,4,Inner-SP-KW-VB-vitamin b complex-PM,57298629983623,1.9230769230769231,0,56.73118747281427,4,0,128011262266839.0,USD,1.7626988690818477,4,4,312470611589223,91.96,5.0,0,91.96,308862798962255,0,1.3,methylated b complex,4,0,4,DAILY_BUDGET,ENABLED,PHRASE,4,4,52.17,Amazon,91.96,56.73118747281427,91.96,624,4,4,4,12,Inner-SP-KW-VB-vitamin b complex-PM-3K,spTargeting,US,INNERBRIGHTNESS,spTargeting_innerbrightness_US_2026-03-21_2026-04-20.json,2026-04-21 01:59:26
40286,2026-04-21 01:59:27.050291,2026-04-21 01:59:27.050291,2026-04-07,22.99,0.20096153846153844,1,PHRASE,22.99,22.99,22.99,0,1,ENABLED,methylated b complex,0.0,1,145.0,1,1,4.4,1,Inner-SP-KW-VB-vitamin b complex-PM,57298629983623,2.73972602739726,0,497.6076555023924,1,0,128011262266839.0,USD,0.20096153846153844,1,1,312470611589223,22.99,6.43,0,22.99,308862798962255,0,1.3,methylated b complex,1,0,1,DAILY_BUDGET,ENABLED,PHRASE,1,1,114.4,Amazon,22.99,497.6076555023924,22.99,949,1,1,1,26,Inner-SP-KW-VB-vitamin b complex-PM-3K,spTargeting,US,INNERBRIGHTNESS,spTargeting_innerbrightness_US_2026-03-21_2026-04-20.json,2026-04-21 01:59:26
40287,2026-04-21 01:59:27.050291,2026-04-21 01:59:27.050291,2026-04-08,91.96,1.1911917098445595,4,PHRASE,91.96,91.96,91.96,0,4,ENABLED,methylated b complex,0.0,4,145.0,4,4,4.29,4,Inner-SP-KW-VB-vitamin b complex-PM,57298629983623,1.9251336898395723,0,83.94954327968684,4,0,128011262266839.0,USD,1.1911917098445595,4,4,312470611589223,91.96,5.34,0,91.96,308862798962255,0,1.3,methylated b complex,4,0,4,DAILY_BUDGET,ENABLED,PHRASE,4,4,77.2,Amazon,91.96,83.94954327968684,91.96,935,4,4,4,18,Inner-SP-KW-VB-vitamin b complex-PM-3K,spTargeting,US,INNERBRIGHTNESS,spTargeting_innerbrightness_US_2026-03-21_2026-04-20.json,2026-04-21 01:59:26
40288,2026-04-21 01:59:27.050291,2026-04-21 01:59:27.050291,2026-04-09,45.98,0.8533778767631773,2,PHRASE,45.98,45.98,45.98,0,2,ENABLED,methylated b complex,0.0,2,145.0,2,2,4.49,2,Inner-SP-KW-VB-vitamin b complex-PM,57298629983623,2.3300970873786406,0,117.18138321009135,2,0,128011262266839.0,USD,0.8533778767631773,2,2,312470611589223,45.98,3.87,0,45.98,308862798962255,0,1.3,methylated b complex,2,0,2,DAILY_BUDGET,ENABLED,PHRASE,2,2,53.88,Amazon,45.98,117.18138321009135,45.98,515,2,2,2,12,Inner-SP-KW-VB-vitamin b complex-PM-3K,spTargeting,US,INNERBRIGHTNESS,spTargeting_innerbrightness_US_2026-03-21_2026-04-20.json,2026-04-21 01:59:26
40289,2026-04-21 01:59:27.050291,2026-04-21 01:59:27.050291,2026-04-10,22.99,0.8320665942815779,1,PHRASE,22.99,22.99,22.99,0,1,ENABLED,methylated b complex,0.0,1,145.0,1,1,3.95,1,Inner-SP-KW-VB-vitamin b complex-PM,57298629983623,1.2259194395796849,0,120.18268812527187,1,0,128011262266839.0,USD,0.8320665942815779,1,1,312470611589223,22.99,2.14,0,22.99,308862798962255,0,1.3,methylated b complex,1,0,1,DAILY_BUDGET,ENABLED,PHRASE,1,1,27.63,Amazon,22.99,120.18268812527187,22.99,571,1,1,1,7,Inner-SP-KW-VB-vitamin b complex-PM-3K,spTargeting,US,INNERBRIGHTNESS,spTargeting_innerbrightness_US_2026-03-21_2026-04-20.json,2026-04-21 01:59:26
40303,2026-04-21 01:59:27.050291,2026-04-21 01:59:27.050291,2026-04-06,0.0,nan,0,EXACT,0.0,0.0,0.0,0,0,PAUSED,magnesium supplement,0.0,0,400.0,0,0,0.0,0,Inner-SP-KW-gumm-magnesium supplement-EM-CPC-9k,49806989748035,nan,0,nan,0,0,269179459475581.0,USD,nan,0,0,404792726399812,0.0,nan,0,0.0,409304911275062,0,nan,magnesium supplement,0,0,0,DAILY_BUDGET,ENABLED,EXACT,0,0,0.0,Amazon,0.0,nan,0.0,0,0,0,0,0,Inner-SP-KW-gumm-magnesium supplement-EM-CPC-9k,spTargeting,US,INNERBRIGHTNESS,spTargeting_innerbrightness_US_2026-03-21_2026-04-20.json,2026-04-21 01:59:26
40318,2026-04-21 01:59:27.050291,2026-04-21 01:59:27.050291,2026-04-04,137.94,1.1087533156498675,6,EXACT,137.94,137.94,137.94,0,6,ENABLED,vitamin b complex,0.0,6,364.0,6,6,5.18,6,Inner-SP-KW-VB-vitamin b complex-EM,16573246879315,0.74487895716946,0,90.19138755980862,6,0,128011262266839.0,USD,1.1087533156498675,6,6,325219396871930,137.94,1.27,0,137.94,557962024699161,0,1.8,vitamin b complex,6,0,6,DAILY_BUDGET,ENABLED,EXACT,6,6,124.41,Amazon,137.94,90.19138755980862,137.94,3222,6,6,6,24,Inner-SP-KW-VB-vitamin b complex-EM-3K,spTargeting,US,INNERBRIGHTNESS,spTargeting_innerbrightness_US_2026-03-21_2026-04-20.json,2026-04-21 01:59:26
40319,2026-04-21 01:59:27.050291,2026-04-21 01:59:27.050291,2026-04-05,68.97,0.603200979534721,3,EXACT,68.97,68.97,68.97,0,3,ENABLED,vitamin b complex,0.0,3,364.0,3,3,5.2,3,Inner-SP-KW-VB-vitamin b complex-EM,16573246879315,0.5452292441140025,0,165.7822241554299,3,0,128011262266839.0,USD,0.603200979534721,3,3,325219396871930,68.97,0.89,0,68.97,557962024699161,0,1.8,vitamin b complex,3,0,3,DAILY_BUDGET,ENABLED,EXACT,3,3,114.34,Amazon,68.97,165.7822241554299,68.97,4035,3,3,3,22,Inner-SP-KW-VB-vitamin b complex-EM-3K,spTargeting,US,INNERBRIGHTNESS,spTargeting_innerbrightness_US_2026-03-21_2026-04-20.json,2026-04-21 01:59:26
40320,2026-04-21 01:59:27.050291,2026-04-21 01:59:27.050291,2026-04-06,183.92,1.099590795557209,8,EXACT,206.91,206.91,206.91,0,8,ENABLED,vitamin b complex,0.0,9,364.0,9,9,5.23,9,Inner-SP-KW-VB-vitamin b complex-EM,16573246879315,0.7843137254901961,0,90.94292204340051,9,0,128011262266839.0,USD,1.099590795557209,9,9,325219396871930,206.91,1.4,0,183.92,557962024699161,0,1.8,vitamin b complex,9,0,8,DAILY_BUDGET,ENABLED,EXACT,8,9,188.17,Amazon,206.91,90.94292204340051,206.91,4590,9,9,9,36,Inner-SP-KW-VB-vitamin b complex-EM-3K,spTargeting,US,INNERBRIGHTNESS,spTargeting_innerbrightness_US_2026-03-21_2026-04-20.json,2026-04-21 01:59:26
40321,2026-04-21 01:59:27.050291,2026-04-21 01:59:27.050291,2026-04-07,160.93,1.1582798459563544,7,EXACT,180.46,160.93,180.46,0,7,ENABLED,vitamin b complex,0.0,7,364.0,7,8,5.37,8,Inner-SP-KW-VB-vitamin b complex-EM,16573246879315,0.5161060686954975,0,86.33492186634157,8,0,128011262266839.0,USD,1.0329268292682927,8,7,325219396871930,160.93,2.01,0,160.93,557962024699161,0,1.8,vitamin b complex,8,0,7,DAILY_BUDGET,ENABLED,EXACT,7,7,155.8,Amazon,180.46,96.81227863046044,180.46,5619,8,8,8,29,Inner-SP-KW-VB-vitamin b complex-EM-3K,spTargeting,US,INNERBRIGHTNESS,spTargeting_innerbrightness_US_2026-03-21_2026-04-20.json,2026-04-21 01:59:26
40322,2026-04-21 01:59:27.050291,2026-04-21 01:59:27.050291,2026-04-08,183.92,1.0714063794531896,8,EXACT,206.91,206.91,206.91,0,8,ENABLED,vitamin b complex,0.0,9,364.0,9,9,5.08,9,Inner-SP-KW-VB-vitamin b complex-EM,16573246879315,0.72367168158446,0,93.33526654100817,9,0,128011262266839.0,USD,1.0714063794531896,9,9,325219396871930,206.91,1.95,0,183.92,557962024699161,0,1.8,vitamin b complex,9,0,8,DAILY_BUDGET,ENABLED,EXACT,8,9,193.12,Amazon,206.91,93.33526654100817,206.91,5251,9,9,9,38,Inner-SP-KW-VB-vitamin b complex-EM-3K,spTargeting,US,INNERBRIGHTNESS,spTargeting_innerbrightness_US_2026-03-21_2026-04-20.json,2026-04-21 01:59:26
40323,2026-04-21 01:59:27.050291,2026-04-21 01:59:27.050291,2026-04-09,137.94,1.0855460845035876,6,EXACT,177.02,177.02,177.02,0,6,ENABLED,vitamin b complex,0.0,7,364.0,7,8,5.1,8,Inner-SP-KW-VB-vitamin b complex-EM,16573246879315,0.7160438576862832,0,92.11953451587391,8,0,128011262266839.0,USD,1.0855460845035876,8,8,325219396871930,177.02,1.05,0,137.94,557962024699161,0,1.8,vitamin b complex,7,0,5,DAILY_BUDGET,ENABLED,EXACT,5,8,163.07,Amazon,177.02,92.11953451587391,177.02,4469,7,7,7,32,Inner-SP-KW-VB-vitamin b complex-EM-3K,spTargeting,US,INNERBRIGHTNESS,spTargeting_innerbrightness_US_2026-03-21_2026-04-20.json,2026-04-21 01:59:26
40324,2026-04-21 01:59:27.050291,2026-04-21 01:59:27.050291,2026-04-10,229.9,1.3045653856074284,10,EXACT,252.89,252.89,252.89,0,10,ENABLED,vitamin b complex,0.0,11,364.0,11,11,5.38,11,Inner-SP-KW-VB-vitamin b complex-EM,16573246879315,0.8046490835940991,0,76.65388113408991,11,0,128011262266839.0,USD,1.3045653856074284,11,11,325219396871930,252.89,2.74,0,229.9,557962024699161,0,1.8,vitamin b complex,11,0,10,DAILY_BUDGET,ENABLED,EXACT,10,11,193.85,Amazon,252.89,76.65388113408991,252.89,4474,11,11,11,36,Inner-SP-KW-VB-vitamin b complex-EM-3K,spTargeting,US,INNERBRIGHTNESS,spTargeting_innerbrightness_US_2026-03-21_2026-04-20.json,2026-04-21 01:59:26
40773,2026-04-21 01:59:27.050291,2026-04-21 01:59:27.050291,2026-04-16,0.0,nan,0,EXACT,0.0,0.0,0.0,0,0,ENABLED,nmn,0.0,0,150.0,0,0,0.0,0,Inner-SP-KW-NMN Capsules-nmn-EM-CPC-1.2w,112480725342057,0.0,0,nan,0,0,156346298397171.0,USD,nan,0,0,373078963489934,0.0,0.0,0,0.0,377263535703992,0,nan,nmn,0,0,0,DAILY_BUDGET,ENABLED,EXACT,0,0,0.0,Amazon,0.0,nan,0.0,6,0,0,0,0,Inner-SP-KW-NMN Capsules-nmn-EM-CPC-1.2w,spTargeting,US,INNERBRIGHTNESS,spTargeting_innerbrightness_US_2026-03-21_2026-04-20.json,2026-04-21 01:59:26
40344,2026-04-21 01:59:27.050291,2026-04-21 01:59:27.050291,2026-04-04,45.98,1.0484949832775918,2,TARGETING_EXPRESSION_PREDEFINED,68.97,68.97,68.97,0,2,PAUSED,close-match,0.0,3,40.0,3,3,2.99,3,Inner-SP-VB-auto,71902167295137,0.554016620498615,0,95.37480063795853,3,0,128011262266839.0,USD,1.0484949832775918,3,3,335565565166216,68.97,0.03,0,45.98,540600850303009,0,0.8,close-match,3,0,2,DAILY_BUDGET,ENABLED,TARGETING_EXPRESSION_PREDEFINED,2,3,65.78,Amazon,68.97,95.37480063795853,68.97,3971,3,3,3,22,Inner-SP-VB-auto,spTargeting,US,INNERBRIGHTNESS,spTargeting_innerbrightness_US_2026-03-21_2026-04-20.json,2026-04-21 01:59:26
40345,2026-04-21 01:59:27.050291,2026-04-21 01:59:27.050291,2026-04-05,22.99,0.33537563822027716,1,TARGETING_EXPRESSION_PREDEFINED,22.99,22.99,22.99,0,1,PAUSED,close-match,0.0,1,40.0,1,1,2.98,1,Inner-SP-VB-auto,71902167295137,0.7438551099611902,0,298.1731187472815,1,0,128011262266839.0,USD,0.33537563822027716,1,1,335565565166216,22.99,0.04,0,22.99,540600850303009,0,0.8,close-match,1,0,1,DAILY_BUDGET,ENABLED,TARGETING_EXPRESSION_PREDEFINED,1,1,68.55,Amazon,22.99,298.1731187472815,22.99,3092,1,1,1,23,Inner-SP-VB-auto,spTargeting,US,INNERBRIGHTNESS,spTargeting_innerbrightness_US_2026-03-21_2026-04-20.json,2026-04-21 01:59:26
40346,2026-04-21 01:59:27.050291,2026-04-21 01:59:27.050291,2026-04-06,68.97,1.1040419161676647,3,TARGETING_EXPRESSION_PREDEFINED,88.5,68.97,88.5,0,3,PAUSED,close-match,0.0,3,40.0,3,4,2.97,4,Inner-SP-VB-auto,71902167295137,0.6540697674418605,0,90.57627118644066,4,0,128011262266839.0,USD,0.8604041916167665,4,3,335565565166216,68.97,0.05,0,68.97,540600850303009,0,0.8,close-match,4,0,3,DAILY_BUDGET,ENABLED,TARGETING_EXPRESSION_PREDEFINED,3,3,80.16,Amazon,88.5,116.22444541104828,88.5,4128,4,4,4,27,Inner-SP-VB-auto,spTargeting,US,INNERBRIGHTNESS,spTargeting_innerbrightness_US_2026-03-21_2026-04-20.json,2026-04-21 01:59:26
40774,2026-04-21 01:59:27.050291,2026-04-21 01:59:27.050291,2026-04-17,0.0,nan,0,EXACT,0.0,0.0,0.0,0,0,ENABLED,nmn,0.0,0,150.0,0,0,0.0,0,Inner-SP-KW-NMN Capsules-nmn-EM-CPC-1.2w,112480725342057,0.0,0,nan,0,0,156346298397171.0,USD,nan,0,0,373078963489934,0.0,0.0,0,0.0,377263535703992,0,nan,nmn,0,0,0,DAILY_BUDGET,ENABLED,EXACT,0,0,0.0,Amazon,0.0,nan,0.0,2,0,0,0,0,Inner-SP-KW-NMN Capsules-nmn-EM-CPC-1.2w,spTargeting,US,INNERBRIGHTNESS,spTargeting_innerbrightness_US_2026-03-21_2026-04-20.json,2026-04-21 01:59:26
40347,2026-04-21 01:59:27.050291,2026-04-21 01:59:27.050291,2026-04-07,45.98,0.5933668860498129,2,TARGETING_EXPRESSION_PREDEFINED,45.98,45.98,45.98,0,2,PAUSED,close-match,0.0,2,40.0,2,2,2.98,2,Inner-SP-VB-auto,71902167295137,0.8119925046845722,0,168.5297955632884,2,0,128011262266839.0,USD,0.5933668860498129,2,2,335565565166216,45.98,0.04,0,45.98,540600850303009,0,0.8,close-match,2,0,2,DAILY_BUDGET,ENABLED,TARGETING_EXPRESSION_PREDEFINED,2,2,77.49,Amazon,45.98,168.5297955632884,45.98,3202,2,2,2,26,Inner-SP-VB-auto,spTargeting,US,INNERBRIGHTNESS,spTargeting_innerbrightness_US_2026-03-21_2026-04-20.json,2026-04-21 01:59:26
40348,2026-04-21 01:59:27.050291,2026-04-21 01:59:27.050291,2026-04-08,68.97,0.934173100365705,3,TARGETING_EXPRESSION_PREDEFINED,68.97,68.97,68.97,0,3,PAUSED,close-match,0.0,3,40.0,3,3,2.95,3,Inner-SP-VB-auto,71902167295137,0.4420866489832007,0,107.04654197477164,3,0,128011262266839.0,USD,0.934173100365705,3,3,335565565166216,68.97,0.0,0,68.97,540600850303009,0,0.8,close-match,3,0,3,DAILY_BUDGET,ENABLED,TARGETING_EXPRESSION_PREDEFINED,3,3,73.83,Amazon,68.97,107.04654197477164,68.97,5655,3,3,3,25,Inner-SP-VB-auto,spTargeting,US,INNERBRIGHTNESS,spTargeting_innerbrightness_US_2026-03-21_2026-04-20.json,2026-04-21 01:59:26
40349,2026-04-21 01:59:27.050291,2026-04-21 01:59:27.050291,2026-04-09,0.0,0.0,0,TARGETING_EXPRESSION_PREDEFINED,0.0,0.0,0.0,0,0,PAUSED,close-match,0.0,0,40.0,0,0,3.0,0,Inner-SP-VB-auto,71902167295137,0.2931691586045148,0,nan,0,0,128011262266839.0,USD,0.0,0,0,335565565166216,0.0,0.0,0,0.0,540600850303009,0,0.8,close-match,0,0,0,DAILY_BUDGET,ENABLED,TARGETING_EXPRESSION_PREDEFINED,0,0,30.0,Amazon,0.0,nan,0.0,3411,0,0,0,10,Inner-SP-VB-auto,spTargeting,US,INNERBRIGHTNESS,spTargeting_innerbrightness_US_2026-03-21_2026-04-20.json,2026-04-21 01:59:26
40350,2026-04-21 01:59:27.050291,2026-04-21 01:59:27.050291,2026-04-10,68.97,1.100175466581592,3,TARGETING_EXPRESSION_PREDEFINED,68.97,68.97,68.97,0,3,PAUSED,close-match,0.0,3,40.0,3,3,2.85,3,Inner-SP-VB-auto,71902167295137,0.5223171889838557,0,90.89459185152965,3,0,128011262266839.0,USD,1.100175466581592,3,3,335565565166216,68.97,0.0,0,68.97,540600850303009,0,0.8,close-match,3,0,3,DAILY_BUDGET,ENABLED,TARGETING_EXPRESSION_PREDEFINED,3,3,62.69,Amazon,68.97,90.89459185152965,68.97,4212,3,3,3,22,Inner-SP-VB-auto,spTargeting,US,INNERBRIGHTNESS,spTargeting_innerbrightness_US_2026-03-21_2026-04-20.json,2026-04-21 01:59:26
40362,2026-04-21 01:59:27.050291,2026-04-21 01:59:27.050291,2026-04-04,0.0,0.0,0,EXACT,0.0,0.0,0.0,0,0,ENABLED,b complex vitamins,0.0,0,30.0,0,0,4.54,0,Inner-SP-KW-VB-b complex vitamins-EM-1.5w,86707689409336,0.5633802816901409,0,nan,0,0,NaN,USD,0.0,0,0,549428982350419,0.0,0.09,0,0.0,358090685783492,0,2.65,b complex vitamins,0,0,0,DAILY_BUDGET,ENABLED,EXACT,0,0,27.26,Amazon,0.0,nan,0.0,1065,0,0,0,6,Campaign - 3/24/2026 08:56:17.623,spTargeting,US,INNERBRIGHTNESS,spTargeting_innerbrightness_US_2026-03-21_2026-04-20.json,2026-04-21 01:59:26
40363,2026-04-21 01:59:27.050291,2026-04-21 01:59:27.050291,2026-04-05,0.0,0.0,0,EXACT,0.0,0.0,0.0,0,0,ENABLED,b complex vitamins,0.0,0,30.0,0,0,4.44,0,Inner-SP-KW-VB-b complex vitamins-EM-1.5w,86707689409336,0.3818876159301691,0,nan,0,0,NaN,USD,0.0,0,0,549428982350419,0.0,0.38,0,0.0,358090685783492,0,2.65,b complex vitamins,0,0,0,DAILY_BUDGET,ENABLED,EXACT,0,0,31.07,Amazon,0.0,nan,0.0,1833,0,0,0,7,Campaign - 3/24/2026 08:56:17.623,spTargeting,US,INNERBRIGHTNESS,spTargeting_innerbrightness_US_2026-03-21_2026-04-20.json,2026-04-21 01:59:26
40364,2026-04-21 01:59:27.050291,2026-04-21 01:59:27.050291,2026-04-06,45.98,1.383689437255492,2,EXACT,45.98,45.98,45.98,0,2,ENABLED,b complex vitamins,0.0,2,30.0,2,2,4.75,2,Inner-SP-KW-VB-b complex vitamins-EM-1.5w,86707689409336,0.546448087431694,0,72.27055241409307,2,0,NaN,USD,1.383689437255492,2,2,549428982350419,45.98,0.48,0,45.98,358090685783492,0,2.65,b complex vitamins,2,0,2,DAILY_BUDGET,ENABLED,EXACT,2,2,33.23,Amazon,45.98,72.27055241409307,45.98,1281,2,2,2,7,Campaign - 3/24/2026 08:56:17.623,spTargeting,US,INNERBRIGHTNESS,spTargeting_innerbrightness_US_2026-03-21_2026-04-20.json,2026-04-21 01:59:26
40365,2026-04-21 01:59:27.050291,2026-04-21 01:59:27.050291,2026-04-07,0.0,0.0,0,EXACT,0.0,0.0,0.0,0,0,ENABLED,b complex vitamins,0.0,0,30.0,0,0,4.41,0,Inner-SP-KW-VB-b complex vitamins-EM-1.5w,86707689409336,0.5654281098546041,0,nan,0,0,NaN,USD,0.0,0,0,549428982350419,0.0,0.44,0,0.0,358090685783492,0,2.65,b complex vitamins,0,0,0,DAILY_BUDGET,ENABLED,EXACT,0,0,30.89,Amazon,0.0,nan,0.0,1238,0,0,0,7,Campaign - 3/24/2026 08:56:17.623,spTargeting,US,INNERBRIGHTNESS,spTargeting_innerbrightness_US_2026-03-21_2026-04-20.json,2026-04-21 01:59:26
40366,2026-04-21 01:59:27.050291,2026-04-21 01:59:27.050291,2026-04-08,22.99,0.7527832351015062,1,EXACT,22.99,22.99,22.99,0,1,ENABLED,b complex vitamins,0.0,1,30.0,1,1,4.36,1,Inner-SP-KW-VB-b complex vitamins-EM-1.5w,86707689409336,0.37253858435337944,0,132.84036537625056,1,0,NaN,USD,0.7527832351015062,1,1,549428982350419,22.99,0.67,0,22.99,358090685783492,0,2.65,b complex vitamins,1,0,1,DAILY_BUDGET,ENABLED,EXACT,1,1,30.54,Amazon,22.99,132.84036537625056,22.99,1879,1,1,1,7,Campaign - 3/24/2026 08:56:17.623,spTargeting,US,INNERBRIGHTNESS,spTargeting_innerbrightness_US_2026-03-21_2026-04-20.json,2026-04-21 01:59:26
40367,2026-04-21 01:59:27.050291,2026-04-21 01:59:27.050291,2026-04-09,0.0,0.0,0,EXACT,0.0,0.0,0.0,0,0,ENABLED,b complex vitamins,0.0,0,30.0,0,0,4.16,0,Inner-SP-KW-VB-b complex vitamins-EM-1.5w,86707689409336,0.5509641873278237,0,nan,0,0,NaN,USD,0.0,0,0,549428982350419,0.0,0.51,0,0.0,358090685783492,0,2.65,b complex vitamins,0,0,0,DAILY_BUDGET,ENABLED,EXACT,0,0,33.27,Amazon,0.0,nan,0.0,1452,0,0,0,8,Campaign - 3/24/2026 08:56:17.623,spTargeting,US,INNERBRIGHTNESS,spTargeting_innerbrightness_US_2026-03-21_2026-04-20.json,2026-04-21 01:59:26
40368,2026-04-21 01:59:27.050291,2026-04-21 01:59:27.050291,2026-04-10,0.0,0.0,0,EXACT,0.0,0.0,0.0,0,0,ENABLED,b complex vitamins,0.0,0,30.0,0,0,4.72,0,Inner-SP-KW-VB-b complex vitamins-EM-1.5w,86707689409336,0.7604562737642585,0,nan,0,0,NaN,USD,0.0,0,0,549428982350419,0.0,0.43,0,0.0,358090685783492,0,2.65,b complex vitamins,0,0,0,DAILY_BUDGET,ENABLED,EXACT,0,0,28.34,Amazon,0.0,nan,0.0,789,0,0,0,6,Campaign - 3/24/2026 08:56:17.623,spTargeting,US,INNERBRIGHTNESS,spTargeting_innerbrightness_US_2026-03-21_2026-04-20.json,2026-04-21 01:59:26
40380,2026-04-21 01:59:27.050291,2026-04-21 01:59:27.050291,2026-04-04,0.0,0.0,0,EXACT,0.0,0.0,0.0,0,0,ENABLED,b complex,0.0,0,180.0,0,0,4.32,0,Inner-SP-KW-VB-b complex-EM-8K,133485526455499,2.7027027027027026,0,nan,0,0,128011262266839.0,USD,0.0,0,0,405303792653147,0.0,0.72,0,0.0,331857307014632,0,1.5,b complex,0,0,0,DAILY_BUDGET,ENABLED,EXACT,0,0,8.64,Amazon,0.0,nan,0.0,74,0,0,0,2,Inner-SP-KW-VB-b complex-EM-8K,spTargeting,US,INNERBRIGHTNESS,spTargeting_innerbrightness_US_2026-03-21_2026-04-20.json,2026-04-21 01:59:26
40381,2026-04-21 01:59:27.050291,2026-04-21 01:59:27.050291,2026-04-05,0.0,4.1237668161434975,0,EXACT,45.98,45.98,45.98,0,0,ENABLED,b complex,0.0,1,180.0,1,2,5.58,2,Inner-SP-KW-VB-b complex-EM-8K,133485526455499,2.941176470588235,0,24.249673771204876,2,0,128011262266839.0,USD,4.1237668161434975,2,2,405303792653147,45.98,1.01,0,0.0,331857307014632,0,1.5,b complex,1,0,0,DAILY_BUDGET,ENABLED,EXACT,0,2,11.15,Amazon,45.98,24.249673771204876,45.98,68,1,1,1,2,Inner-SP-KW-VB-b complex-EM-8K,spTargeting,US,INNERBRIGHTNESS,spTargeting_innerbrightness_US_2026-03-21_2026-04-20.json,2026-04-21 01:59:26
40382,2026-04-21 01:59:27.050291,2026-04-21 01:59:27.050291,2026-04-06,22.99,1.533689126084056,1,EXACT,22.99,22.99,22.99,0,1,ENABLED,b complex,0.0,1,180.0,1,1,5.0,1,Inner-SP-KW-VB-b complex-EM-8K,133485526455499,3.4482758620689653,0,65.20226185297956,1,0,128011262266839.0,USD,1.533689126084056,1,1,405303792653147,22.99,0.88,0,22.99,331857307014632,0,1.5,b complex,1,0,1,DAILY_BUDGET,ENABLED,EXACT,1,1,14.99,Amazon,22.99,65.20226185297956,22.99,87,1,1,1,3,Inner-SP-KW-VB-b complex-EM-8K,spTargeting,US,INNERBRIGHTNESS,spTargeting_innerbrightness_US_2026-03-21_2026-04-20.json,2026-04-21 01:59:26
40383,2026-04-21 01:59:27.050291,2026-04-21 01:59:27.050291,2026-04-07,0.0,0.0,0,EXACT,0.0,0.0,0.0,0,0,ENABLED,b complex,0.0,0,180.0,0,0,5.34,0,Inner-SP-KW-VB-b complex-EM-8K,133485526455499,4.166666666666666,0,nan,0,0,128011262266839.0,USD,0.0,0,0,405303792653147,0.0,0.96,0,0.0,331857307014632,0,1.5,b complex,0,0,0,DAILY_BUDGET,ENABLED,EXACT,0,0,21.38,Amazon,0.0,nan,0.0,96,0,0,0,4,Inner-SP-KW-VB-b complex-EM-8K,spTargeting,US,INNERBRIGHTNESS,spTargeting_innerbrightness_US_2026-03-21_2026-04-20.json,2026-04-21 01:59:26
40384,2026-04-21 01:59:27.050291,2026-04-21 01:59:27.050291,2026-04-08,22.99,1.1257202723939235,2,EXACT,22.99,42.98,22.99,0,1,ENABLED,b complex,19.99,1,180.0,2,1,6.36,2,Inner-SP-KW-VB-b complex-EM-8K,133485526455499,7.4074074074074066,0,88.83201489064682,2,0,128011262266839.0,USD,1.1257202723939235,1,2,405303792653147,22.99,1.44,0,42.98,331857307014632,0,1.5,b complex,1,1,1,DAILY_BUDGET,ENABLED,EXACT,2,1,38.18,Amazon,42.98,88.83201489064682,42.98,81,1,2,2,6,Inner-SP-KW-VB-b complex-EM-8K,spTargeting,US,INNERBRIGHTNESS,spTargeting_innerbrightness_US_2026-03-21_2026-04-20.json,2026-04-21 01:59:26
40385,2026-04-21 01:59:27.050291,2026-04-21 01:59:27.050291,2026-04-09,22.99,0.717764595691539,1,EXACT,22.99,22.99,22.99,0,1,ENABLED,b complex,0.0,1,180.0,1,1,6.41,1,Inner-SP-KW-VB-b complex-EM-8K,133485526455499,6.756756756756757,0,139.32144410613313,1,0,128011262266839.0,USD,0.717764595691539,1,1,405303792653147,22.99,1.35,0,22.99,331857307014632,0,1.5,b complex,1,0,1,DAILY_BUDGET,ENABLED,EXACT,1,1,32.03,Amazon,22.99,139.32144410613313,22.99,74,1,1,1,5,Inner-SP-KW-VB-b complex-EM-8K,spTargeting,US,INNERBRIGHTNESS,spTargeting_innerbrightness_US_2026-03-21_2026-04-20.json,2026-04-21 01:59:26
40386,2026-04-21 01:59:27.050291,2026-04-21 01:59:27.050291,2026-04-10,45.98,0.67807108096151,2,EXACT,45.98,45.98,45.98,0,2,ENABLED,b complex,0.0,2,180.0,2,2,6.16,2,Inner-SP-KW-VB-b complex-EM-8K,133485526455499,6.145251396648044,0,147.47716398434102,2,0,128011262266839.0,USD,0.67807108096151,2,2,405303792653147,45.98,3.44,0,45.98,331857307014632,0,1.5,b complex,2,0,2,DAILY_BUDGET,ENABLED,EXACT,2,2,67.81,Amazon,45.98,147.47716398434102,45.98,179,2,2,2,11,Inner-SP-KW-VB-b complex-EM-8K,spTargeting,US,INNERBRIGHTNESS,spTargeting_innerbrightness_US_2026-03-21_2026-04-20.json,2026-04-21 01:59:26
40387,2026-04-21 01:59:27.050291,2026-04-21 01:59:27.050291,2026-04-09,79.96,1.5053677295305241,4,TARGETING_EXPRESSION_PREDEFINED,93.95,93.95,93.95,0,4,ENABLED,close-match,0.0,4,300.0,4,5,2.71,5,Inner-SP-Auto-gumm-magnesium-CPC-New,31526300125663,0.8835958509412217,0,66.42895156998404,5,0,269179459475581.0,USD,1.5053677295305241,5,5,348012246532570,93.95,0.3,0,79.96,343806971340416,0,1.0,close-match,4,0,3,DAILY_BUDGET,ENABLED,TARGETING_EXPRESSION_PREDEFINED,3,5,62.41,Amazon,93.95,66.42895156998404,93.95,2603,4,4,4,23,Inner-SP-Auto-gumm-magnesium-CPC-New,spTargeting,US,INNERBRIGHTNESS,spTargeting_innerbrightness_US_2026-03-21_2026-04-20.json,2026-04-21 01:59:26
40388,2026-04-21 01:59:27.050291,2026-04-21 01:59:27.050291,2026-04-10,59.97,1.5793831662108784,7,TARGETING_EXPRESSION_PREDEFINED,99.95,207.91,99.95,0,3,ENABLED,close-match,107.96,5,300.0,8,5,2.53,9,Inner-SP-Auto-gumm-magnesium-CPC-New,31526300125663,0.8145363408521302,0,63.31585782309652,9,0,269179459475581.0,USD,1.5793831662108784,5,9,348012246532570,99.95,0.21,0,167.93,343806971340416,0,1.0,close-match,5,4,3,DAILY_BUDGET,ENABLED,TARGETING_EXPRESSION_PREDEFINED,6,5,131.64,Amazon,207.91,63.31585782309652,207.91,6384,5,8,8,52,Inner-SP-Auto-gumm-magnesium-CPC-New,spTargeting,US,INNERBRIGHTNESS,spTargeting_innerbrightness_US_2026-03-21_2026-04-20.json,2026-04-21 01:59:26
40389,2026-04-21 01:59:27.050291,2026-04-21 01:59:27.050291,2026-04-09,0.0,nan,0,TARGETING_EXPRESSION_PREDEFINED,0.0,0.0,0.0,0,0,ENABLED,loose-match,0.0,0,300.0,0,0,0.0,0,Inner-SP-Auto-gumm-magnesium-CPC-New,31526300125663,0.0,0,nan,0,0,269179459475581.0,USD,nan,0,0,485880747112961,0.0,0.02,0,0.0,343806971340416,0,0.5,loose-match,0,0,0,DAILY_BUDGET,PAUSED,TARGETING_EXPRESSION_PREDEFINED,0,0,0.0,Amazon,0.0,nan,0.0,82,0,0,0,0,Inner-SP-Auto-gumm-magnesium-CPC-New,spTargeting,US,INNERBRIGHTNESS,spTargeting_innerbrightness_US_2026-03-21_2026-04-20.json,2026-04-21 01:59:26
40390,2026-04-21 01:59:27.050291,2026-04-21 01:59:27.050291,2026-04-10,0.0,0.0,0,TARGETING_EXPRESSION_PREDEFINED,0.0,0.0,0.0,0,0,ENABLED,loose-match,0.0,0,300.0,0,0,1.43,0,Inner-SP-Auto-gumm-magnesium-CPC-New,31526300125663,1.5873015873015872,0,nan,0,0,269179459475581.0,USD,0.0,0,0,485880747112961,0.0,0.01,0,0.0,343806971340416,0,0.5,loose-match,0,0,0,DAILY_BUDGET,PAUSED,TARGETING_EXPRESSION_PREDEFINED,0,0,2.85,Amazon,0.0,nan,0.0,126,0,0,0,2,Inner-SP-Auto-gumm-magnesium-CPC-New,spTargeting,US,INNERBRIGHTNESS,spTargeting_innerbrightness_US_2026-03-21_2026-04-20.json,2026-04-21 01:59:26
40391,2026-04-21 01:59:27.050291,2026-04-21 01:59:27.050291,2026-04-09,0.0,0.0,0,TARGETING_EXPRESSION_PREDEFINED,0.0,0.0,0.0,0,0,ENABLED,complements,0.0,0,300.0,0,0,0.5,0,Inner-SP-Auto-gumm-magnesium-CPC-New,31526300125663,1.4705882352941175,0,nan,0,0,269179459475581.0,USD,0.0,0,0,411414100466858,0.0,0.0,0,0.0,343806971340416,0,0.5,complements,0,0,0,DAILY_BUDGET,PAUSED,TARGETING_EXPRESSION_PREDEFINED,0,0,0.5,Amazon,0.0,nan,0.0,68,0,0,0,1,Inner-SP-Auto-gumm-magnesium-CPC-New,spTargeting,US,INNERBRIGHTNESS,spTargeting_innerbrightness_US_2026-03-21_2026-04-20.json,2026-04-21 01:59:26
40392,2026-04-21 01:59:27.050291,2026-04-21 01:59:27.050291,2026-04-10,0.0,nan,0,TARGETING_EXPRESSION_PREDEFINED,0.0,0.0,0.0,0,0,ENABLED,complements,0.0,0,300.0,0,0,0.0,0,Inner-SP-Auto-gumm-magnesium-CPC-New,31526300125663,0.0,0,nan,0,0,269179459475581.0,USD,nan,0,0,411414100466858,0.0,0.0,0,0.0,343806971340416,0,0.5,complements,0,0,0,DAILY_BUDGET,PAUSED,TARGETING_EXPRESSION_PREDEFINED,0,0,0.0,Amazon,0.0,nan,0.0,104,0,0,0,0,Inner-SP-Auto-gumm-magnesium-CPC-New,spTargeting,US,INNERBRIGHTNESS,spTargeting_innerbrightness_US_2026-03-21_2026-04-20.json,2026-04-21 01:59:26
40393,2026-04-21 01:59:27.050291,2026-04-21 01:59:27.050291,2026-04-09,0.0,0.0,0,TARGETING_EXPRESSION_PREDEFINED,0.0,0.0,0.0,0,0,ENABLED,substitutes,0.0,0,300.0,0,0,1.14,0,Inner-SP-Auto-gumm-magnesium-CPC-New,31526300125663,0.13513513513513514,0,nan,0,0,269179459475581.0,USD,0.0,0,0,562299588555401,0.0,0.01,0,0.0,343806971340416,0,0.5,substitutes,0,0,0,DAILY_BUDGET,PAUSED,TARGETING_EXPRESSION_PREDEFINED,0,0,2.27,Amazon,0.0,nan,0.0,1480,0,0,0,2,Inner-SP-Auto-gumm-magnesium-CPC-New,spTargeting,US,INNERBRIGHTNESS,spTargeting_innerbrightness_US_2026-03-21_2026-04-20.json,2026-04-21 01:59:26
40394,2026-04-21 01:59:27.050291,2026-04-21 01:59:27.050291,2026-04-10,0.0,nan,0,TARGETING_EXPRESSION_PREDEFINED,0.0,0.0,0.0,0,0,ENABLED,substitutes,0.0,0,300.0,0,0,0.0,0,Inner-SP-Auto-gumm-magnesium-CPC-New,31526300125663,0.0,0,nan,0,0,269179459475581.0,USD,nan,0,0,562299588555401,0.0,0.01,0,0.0,343806971340416,0,0.5,substitutes,0,0,0,DAILY_BUDGET,PAUSED,TARGETING_EXPRESSION_PREDEFINED,0,0,0.0,Amazon,0.0,nan,0.0,1266,0,0,0,0,Inner-SP-Auto-gumm-magnesium-CPC-New,spTargeting,US,INNERBRIGHTNESS,spTargeting_innerbrightness_US_2026-03-21_2026-04-20.json,2026-04-21 01:59:26
40395,2026-04-21 01:59:27.050291,2026-04-21 01:59:27.050291,2026-04-11,0.0,0.0,0,EXACT,0.0,0.0,0.0,0,0,ENABLED,biotin,0.0,0,40.0,0,0,4.08,0,Inner-SP-KW-biotin-biotin-EM-2K,90609254666494,0.646551724137931,0,nan,0,0,105099487523342.0,USD,0.0,0,0,103354962706091,0.0,0.0,0,0.0,69195557591815,0,0.8,biotin,0,0,0,DAILY_BUDGET,ENABLED,EXACT,0,0,12.24,Amazon,0.0,nan,0.0,464,0,0,0,3,Inner-SP-KW-biotin-biotin-EM-2K,spTargeting,US,INNERBRIGHTNESS,spTargeting_innerbrightness_US_2026-03-21_2026-04-20.json,2026-04-21 01:59:26
40396,2026-04-21 01:59:27.050291,2026-04-21 01:59:27.050291,2026-04-12,0.0,0.0,0,EXACT,0.0,0.0,0.0,0,0,ENABLED,biotin,0.0,0,40.0,0,0,3.54,0,Inner-SP-KW-biotin-biotin-EM-2K,90609254666494,0.149812734082397,0,nan,0,0,105099487523342.0,USD,0.0,0,0,103354962706091,0.0,0.0,0,0.0,69195557591815,0,0.8,biotin,0,0,0,DAILY_BUDGET,ENABLED,EXACT,0,0,7.07,Amazon,0.0,nan,0.0,1335,0,0,0,2,Inner-SP-KW-biotin-biotin-EM-2K,spTargeting,US,INNERBRIGHTNESS,spTargeting_innerbrightness_US_2026-03-21_2026-04-20.json,2026-04-21 01:59:26
40397,2026-04-21 01:59:27.050291,2026-04-21 01:59:27.050291,2026-04-13,64.77,0.8205820003854307,3,EXACT,85.16,85.16,85.16,0,3,ENABLED,biotin,0.0,4,40.0,4,4,3.58,4,Inner-SP-KW-biotin-biotin-EM-2K,90609254666494,0.20339458549586195,0,121.86472522310945,4,0,105099487523342.0,USD,0.8205820003854307,4,4,103354962706091,85.16,0.12,0,64.77,69195557591815,0,0.8,biotin,4,0,3,DAILY_BUDGET,ENABLED,EXACT,3,4,103.78,Amazon,85.16,121.86472522310945,85.16,14258,4,4,4,29,Inner-SP-KW-biotin-biotin-EM-2K,spTargeting,US,INNERBRIGHTNESS,spTargeting_innerbrightness_US_2026-03-21_2026-04-20.json,2026-04-21 01:59:26
40398,2026-04-21 01:59:27.050291,2026-04-21 01:59:27.050291,2026-04-14,122.34,1.4404077101624784,6,EXACT,142.73,142.73,142.73,0,6,ENABLED,biotin,0.0,7,40.0,7,7,3.81,7,Inner-SP-KW-biotin-biotin-EM-2K,90609254666494,0.23567802755620013,0,69.42478806137463,7,0,105099487523342.0,USD,1.4404077101624784,7,7,103354962706091,142.73,0.0,0,122.34,69195557591815,0,0.8,biotin,7,0,6,DAILY_BUDGET,ENABLED,EXACT,6,7,99.09,Amazon,142.73,69.42478806137463,142.73,11032,7,7,7,26,Inner-SP-KW-biotin-biotin-EM-2K,spTargeting,US,INNERBRIGHTNESS,spTargeting_innerbrightness_US_2026-03-21_2026-04-20.json,2026-04-21 01:59:26
40399,2026-04-21 01:59:27.050291,2026-04-21 01:59:27.050291,2026-04-15,81.56,0.9178483006977268,4,EXACT,81.56,81.56,81.56,0,4,ENABLED,biotin,0.0,4,40.0,4,4,3.55,4,Inner-SP-KW-biotin-biotin-EM-2K,90609254666494,0.1492091912861832,0,108.95046591466404,4,0,105099487523342.0,USD,0.9178483006977268,4,4,103354962706091,81.56,0.0,0,81.56,69195557591815,0,0.8,biotin,4,0,4,DAILY_BUDGET,ENABLED,EXACT,4,4,88.86,Amazon,81.56,108.95046591466404,81.56,16755,4,4,4,25,Inner-SP-KW-biotin-biotin-EM-2K,spTargeting,US,INNERBRIGHTNESS,spTargeting_innerbrightness_US_2026-03-21_2026-04-20.json,2026-04-21 01:59:26
40400,2026-04-21 01:59:27.050291,2026-04-21 01:59:27.050291,2026-04-16,20.39,0.4895558223289316,1,EXACT,20.39,20.39,20.39,0,1,ENABLED,biotin,0.0,1,40.0,1,1,3.2,1,Inner-SP-KW-biotin-biotin-EM-2K,90609254666494,0.24190547078526237,0,204.26679744973026,1,0,105099487523342.0,USD,0.4895558223289316,1,1,103354962706091,20.39,0.0,0,20.39,69195557591815,0,0.8,biotin,1,0,1,DAILY_BUDGET,ENABLED,EXACT,1,1,41.65,Amazon,20.39,204.26679744973026,20.39,5374,1,1,1,13,Inner-SP-KW-biotin-biotin-EM-2K,spTargeting,US,INNERBRIGHTNESS,spTargeting_innerbrightness_US_2026-03-21_2026-04-20.json,2026-04-21 01:59:26
40401,2026-04-21 01:59:27.050291,2026-04-21 01:59:27.050291,2026-04-17,81.56,2.9842663739480426,4,EXACT,81.56,81.56,81.56,0,4,ENABLED,biotin,0.0,4,40.0,4,4,3.9,4,Inner-SP-KW-biotin-biotin-EM-2K,90609254666494,0.10342789598108747,0,33.509073075036774,4,0,105099487523342.0,USD,2.9842663739480426,4,4,103354962706091,81.56,0.0,0,81.56,69195557591815,0,0.8,biotin,4,0,4,DAILY_BUDGET,ENABLED,EXACT,4,4,27.33,Amazon,81.56,33.509073075036774,81.56,6768,4,4,4,7,Inner-SP-KW-biotin-biotin-EM-2K,spTargeting,US,INNERBRIGHTNESS,spTargeting_innerbrightness_US_2026-03-21_2026-04-20.json,2026-04-21 01:59:26
40405,2026-04-21 01:59:27.050291,2026-04-21 01:59:27.050291,2026-04-11,91.96,0.8915172079495879,4,EXACT,91.96,91.96,91.96,0,4,ENABLED,methylated b complex,0.0,4,140.0,4,4,4.48,4,Inner-SP-KW-VB-methylated b complex-EM-1.9W,124155407961116,1.6874541452677916,0,112.16833405828623,4,0,128011262266839.0,USD,0.8915172079495879,4,4,233380051725988,91.96,0.0,0,91.96,82937763590039,0,2.68,methylated b complex,4,0,4,DAILY_BUDGET,ENABLED,EXACT,4,4,103.15,Amazon,91.96,112.16833405828623,91.96,1363,4,4,4,23,Inner-SP-KW-VB-methylated b complex-EM-1.9W,spTargeting,US,INNERBRIGHTNESS,spTargeting_innerbrightness_US_2026-03-21_2026-04-20.json,2026-04-21 01:59:26
40406,2026-04-21 01:59:27.050291,2026-04-21 01:59:27.050291,2026-04-12,45.98,0.784373933810986,2,EXACT,45.98,45.98,45.98,0,2,ENABLED,methylated b complex,0.0,2,140.0,2,2,4.51,2,Inner-SP-KW-VB-methylated b complex-EM-1.9W,124155407961116,0.7510109763142693,0,127.49021313614615,2,0,128011262266839.0,USD,0.784373933810986,2,2,233380051725988,45.98,0.0,0,45.98,82937763590039,0,2.68,methylated b complex,2,0,2,DAILY_BUDGET,ENABLED,EXACT,2,2,58.62,Amazon,45.98,127.49021313614615,45.98,1731,2,2,2,13,Inner-SP-KW-VB-methylated b complex-EM-1.9W,spTargeting,US,INNERBRIGHTNESS,spTargeting_innerbrightness_US_2026-03-21_2026-04-20.json,2026-04-21 01:59:26
40407,2026-04-21 01:59:27.050291,2026-04-21 01:59:27.050291,2026-04-13,97.7,0.8794670987487623,5,EXACT,97.7,97.7,97.7,0,5,ENABLED,methylated b complex,0.0,5,140.0,5,5,4.44,5,Inner-SP-KW-VB-methylated b complex-EM-1.9W,124155407961116,1.3034410844629822,0,113.70522006141248,5,0,128011262266839.0,USD,0.8794670987487623,5,5,233380051725988,97.7,0.0,0,97.7,82937763590039,0,2.68,methylated b complex,5,0,5,DAILY_BUDGET,ENABLED,EXACT,5,5,111.09,Amazon,97.7,113.70522006141248,97.7,1918,5,5,5,25,Inner-SP-KW-VB-methylated b complex-EM-1.9W,spTargeting,US,INNERBRIGHTNESS,spTargeting_innerbrightness_US_2026-03-21_2026-04-20.json,2026-04-21 01:59:26
40408,2026-04-21 01:59:27.050291,2026-04-21 01:59:27.050291,2026-04-14,136.78,1.4652383502945903,7,EXACT,136.78,136.78,136.78,0,7,ENABLED,methylated b complex,0.0,7,140.0,7,7,4.45,7,Inner-SP-KW-VB-methylated b complex-EM-1.9W,124155407961116,1.0510510510510511,0,68.24828191256032,7,0,128011262266839.0,USD,1.4652383502945903,7,7,233380051725988,136.78,0.0,0,136.78,82937763590039,0,2.68,methylated b complex,7,0,7,DAILY_BUDGET,ENABLED,EXACT,7,7,93.35,Amazon,136.78,68.24828191256032,136.78,1998,7,7,7,21,Inner-SP-KW-VB-methylated b complex-EM-1.9W,spTargeting,US,INNERBRIGHTNESS,spTargeting_innerbrightness_US_2026-03-21_2026-04-20.json,2026-04-21 01:59:26
40409,2026-04-21 01:59:27.050291,2026-04-21 01:59:27.050291,2026-04-15,97.65,0.7797652319731694,5,EXACT,97.65,97.65,97.65,0,5,ENABLED,methylated b complex,0.0,5,140.0,5,5,4.47,5,Inner-SP-KW-VB-methylated b complex-EM-1.9W,124155407961116,1.342925659472422,0,128.2437275985663,5,0,128011262266839.0,USD,0.7797652319731694,5,5,233380051725988,97.65,0.0,0,97.65,82937763590039,0,2.68,methylated b complex,5,0,5,DAILY_BUDGET,ENABLED,EXACT,5,5,125.23,Amazon,97.65,128.2437275985663,97.65,2085,5,5,5,28,Inner-SP-KW-VB-methylated b complex-EM-1.9W,spTargeting,US,INNERBRIGHTNESS,spTargeting_innerbrightness_US_2026-03-21_2026-04-20.json,2026-04-21 01:59:26
40410,2026-04-21 01:59:27.050291,2026-04-21 01:59:27.050291,2026-04-16,39.06,0.5165983335537627,2,EXACT,39.06,39.06,39.06,0,2,ENABLED,methylated b complex,0.0,2,140.0,2,2,4.45,2,Inner-SP-KW-VB-methylated b complex-EM-1.9W,124155407961116,0.9204114780725501,0,193.57398873527904,2,0,128011262266839.0,USD,0.5165983335537627,2,2,233380051725988,39.06,0.0,0,39.06,82937763590039,0,2.68,methylated b complex,2,0,2,DAILY_BUDGET,ENABLED,EXACT,2,2,75.61,Amazon,39.06,193.57398873527904,39.06,1847,2,2,2,17,Inner-SP-KW-VB-methylated b complex-EM-1.9W,spTargeting,US,INNERBRIGHTNESS,spTargeting_innerbrightness_US_2026-03-21_2026-04-20.json,2026-04-21 01:59:26
40411,2026-04-21 01:59:27.050291,2026-04-21 01:59:27.050291,2026-04-17,58.59,0.5663058186738837,3,EXACT,58.59,58.59,58.59,0,3,ENABLED,methylated b complex,0.0,3,140.0,3,3,4.31,3,Inner-SP-KW-VB-methylated b complex-EM-1.9W,124155407961116,1.3969732246798603,0,176.58303464755076,3,0,128011262266839.0,USD,0.5663058186738837,3,3,233380051725988,58.59,0.0,0,58.59,82937763590039,0,2.68,methylated b complex,3,0,3,DAILY_BUDGET,ENABLED,EXACT,3,3,103.46,Amazon,58.59,176.58303464755076,58.59,1718,3,3,3,24,Inner-SP-KW-VB-methylated b complex-EM-1.9W,spTargeting,US,INNERBRIGHTNESS,spTargeting_innerbrightness_US_2026-03-21_2026-04-20.json,2026-04-21 01:59:26
40415,2026-04-21 01:59:27.050291,2026-04-21 01:59:27.050291,2026-04-11,0.0,0.0,0,EXACT,0.0,0.0,0.0,0,0,ENABLED,b vitamins complex,0.0,0,20.0,0,0,5.32,0,Inner-SP-KW-VB-b vitamins complex-EM-1W,250659622813733,0.5813953488372093,0,nan,0,0,128011262266839.0,USD,0.0,0,0,185699754661731,0.0,17.1,0,0.0,113941798014442,0,2.8,b vitamins complex,0,0,0,DAILY_BUDGET,ENABLED,EXACT,0,0,15.96,Amazon,0.0,nan,0.0,516,0,0,0,3,Inner-SP-KW-VB-b vitamins complex-EM-1W,spTargeting,US,INNERBRIGHTNESS,spTargeting_innerbrightness_US_2026-03-21_2026-04-20.json,2026-04-21 01:59:26
40416,2026-04-21 01:59:27.050291,2026-04-21 01:59:27.050291,2026-04-12,68.97,2.383206634416033,3,EXACT,68.97,68.97,68.97,0,3,ENABLED,b vitamins complex,0.0,3,20.0,3,3,4.13,3,Inner-SP-KW-VB-b vitamins complex-EM-1W,250659622813733,0.9762900976290098,0,41.96027258228215,3,0,128011262266839.0,USD,2.383206634416033,3,3,185699754661731,68.97,14.48,0,68.97,113941798014442,0,2.8,b vitamins complex,3,0,3,DAILY_BUDGET,ENABLED,EXACT,3,3,28.94,Amazon,68.97,41.96027258228215,68.97,717,3,3,3,7,Inner-SP-KW-VB-b vitamins complex-EM-1W,spTargeting,US,INNERBRIGHTNESS,spTargeting_innerbrightness_US_2026-03-21_2026-04-20.json,2026-04-21 01:59:26
40417,2026-04-21 01:59:27.050291,2026-04-21 01:59:27.050291,2026-04-13,39.08,0.5058244887393217,2,EXACT,39.08,39.08,39.08,0,2,ENABLED,b vitamins complex,0.0,2,20.0,2,2,4.54,2,Inner-SP-KW-VB-b vitamins complex-EM-1W,250659622813733,0.6576402321083172,0,197.69703172978507,2,0,128011262266839.0,USD,0.5058244887393217,2,2,185699754661731,39.08,22.08,0,39.08,113941798014442,0,2.8,b vitamins complex,2,0,2,DAILY_BUDGET,ENABLED,EXACT,2,2,77.26,Amazon,39.08,197.69703172978507,39.08,2585,2,2,2,17,Inner-SP-KW-VB-b vitamins complex-EM-1W,spTargeting,US,INNERBRIGHTNESS,spTargeting_innerbrightness_US_2026-03-21_2026-04-20.json,2026-04-21 01:59:26
40418,2026-04-21 01:59:27.050291,2026-04-21 01:59:27.050291,2026-04-14,39.08,0.7557532392187197,2,EXACT,39.08,39.08,39.08,0,2,ENABLED,b vitamins complex,0.0,2,20.0,2,2,4.31,2,Inner-SP-KW-VB-b vitamins complex-EM-1W,250659622813733,0.4261363636363636,0,132.31832139201637,2,0,128011262266839.0,USD,0.7557532392187197,2,2,185699754661731,39.08,20.3,0,39.08,113941798014442,0,2.8,b vitamins complex,2,0,2,DAILY_BUDGET,ENABLED,EXACT,2,2,51.71,Amazon,39.08,132.31832139201637,39.08,2816,2,2,2,12,Inner-SP-KW-VB-b vitamins complex-EM-1W,spTargeting,US,INNERBRIGHTNESS,spTargeting_innerbrightness_US_2026-03-21_2026-04-20.json,2026-04-21 01:59:26
40419,2026-04-21 01:59:27.050291,2026-04-21 01:59:27.050291,2026-04-15,0.0,0.0,0,EXACT,0.0,0.0,0.0,0,0,ENABLED,b vitamins complex,0.0,0,20.0,0,0,4.48,0,Inner-SP-KW-VB-b vitamins complex-EM-1W,250659622813733,0.21330230754314522,0,nan,0,0,128011262266839.0,USD,0.0,0,0,185699754661731,0.0,23.28,0,0.0,113941798014442,0,2.8,b vitamins complex,0,0,0,DAILY_BUDGET,ENABLED,EXACT,0,0,49.26,Amazon,0.0,nan,0.0,5157,0,0,0,11,Inner-SP-KW-VB-b vitamins complex-EM-1W,spTargeting,US,INNERBRIGHTNESS,spTargeting_innerbrightness_US_2026-03-21_2026-04-20.json,2026-04-21 01:59:26
40420,2026-04-21 01:59:27.050291,2026-04-21 01:59:27.050291,2026-04-16,39.06,0.9843750000000001,2,EXACT,39.06,39.06,39.06,0,2,ENABLED,b vitamins complex,0.0,2,20.0,2,2,4.96,2,Inner-SP-KW-VB-b vitamins complex-EM-1W,250659622813733,0.520494469746259,0,101.58730158730158,2,0,128011262266839.0,USD,0.9843750000000001,2,2,185699754661731,39.06,9.27,0,39.06,113941798014442,0,2.8,b vitamins complex,2,0,2,DAILY_BUDGET,ENABLED,EXACT,2,2,39.68,Amazon,39.06,101.58730158730158,39.06,1537,2,2,2,8,Inner-SP-KW-VB-b vitamins complex-EM-1W,spTargeting,US,INNERBRIGHTNESS,spTargeting_innerbrightness_US_2026-03-21_2026-04-20.json,2026-04-21 01:59:26
40421,2026-04-21 01:59:27.050291,2026-04-21 01:59:27.050291,2026-04-17,58.59,0.9646032268686203,3,EXACT,58.59,58.59,58.59,0,3,ENABLED,b vitamins complex,0.0,3,20.0,3,3,3.57,3,Inner-SP-KW-VB-b vitamins complex-EM-1W,250659622813733,0.4233067729083665,0,103.66956818569722,3,0,128011262266839.0,USD,0.9646032268686203,3,3,185699754661731,58.59,24.47,0,58.59,113941798014442,0,2.8,b vitamins complex,3,0,3,DAILY_BUDGET,ENABLED,EXACT,3,3,60.74,Amazon,58.59,103.66956818569722,58.59,4016,3,3,3,17,Inner-SP-KW-VB-b vitamins complex-EM-1W,spTargeting,US,INNERBRIGHTNESS,spTargeting_innerbrightness_US_2026-03-21_2026-04-20.json,2026-04-21 01:59:26
40425,2026-04-21 01:59:27.050291,2026-04-21 01:59:27.050291,2026-04-11,22.99,0.5935966950684224,1,EXACT,22.99,22.99,22.99,0,1,ENABLED,b complex vitamins,0.0,1,20.0,1,1,4.3,1,Inner-SP-KW-VB-b complex vitamins-EM-1W,36760962650554,0.7395234182415776,0,168.46454980426273,1,0,128011262266839.0,USD,0.5935966950684224,1,1,196649877774933,22.99,0.08,0,22.99,216529654495592,0,1.4,b complex vitamins,1,0,1,DAILY_BUDGET,ENABLED,EXACT,1,1,38.73,Amazon,22.99,168.46454980426273,22.99,1217,1,1,1,9,Inner-SP-KW-VB-b complex vitamins-EM-1W,spTargeting,US,INNERBRIGHTNESS,spTargeting_innerbrightness_US_2026-03-21_2026-04-20.json,2026-04-21 01:59:26
40426,2026-04-21 01:59:27.050291,2026-04-21 01:59:27.050291,2026-04-12,0.0,0.0,0,EXACT,0.0,0.0,0.0,0,0,ENABLED,b complex vitamins,0.0,0,20.0,0,0,4.34,0,Inner-SP-KW-VB-b complex vitamins-EM-1W,36760962650554,0.34207525655644244,0,nan,0,0,128011262266839.0,USD,0.0,0,0,196649877774933,0.0,0.82,0,0.0,216529654495592,0,1.4,b complex vitamins,0,0,0,DAILY_BUDGET,ENABLED,EXACT,0,0,26.04,Amazon,0.0,nan,0.0,1754,0,0,0,6,Inner-SP-KW-VB-b complex vitamins-EM-1W,spTargeting,US,INNERBRIGHTNESS,spTargeting_innerbrightness_US_2026-03-21_2026-04-20.json,2026-04-21 01:59:26
40427,2026-04-21 01:59:27.050291,2026-04-21 01:59:27.050291,2026-04-13,78.16,1.1229885057471265,4,EXACT,78.16,78.16,78.16,0,4,ENABLED,b complex vitamins,0.0,4,20.0,4,4,4.35,4,Inner-SP-KW-VB-b complex vitamins-EM-1W,36760962650554,0.6688963210702341,0,89.04810644831115,4,0,128011262266839.0,USD,1.1229885057471265,4,4,196649877774933,78.16,4.09,0,78.16,216529654495592,0,1.4,b complex vitamins,4,0,4,DAILY_BUDGET,ENABLED,EXACT,4,4,69.6,Amazon,78.16,89.04810644831115,78.16,2392,4,4,4,16,Inner-SP-KW-VB-b complex vitamins-EM-1W,spTargeting,US,INNERBRIGHTNESS,spTargeting_innerbrightness_US_2026-03-21_2026-04-20.json,2026-04-21 01:59:26
40428,2026-04-21 01:59:27.050291,2026-04-21 01:59:27.050291,2026-04-14,39.08,0.583022527226615,2,EXACT,39.08,39.08,39.08,0,2,ENABLED,b complex vitamins,0.0,2,20.0,2,2,4.19,2,Inner-SP-KW-VB-b complex vitamins-EM-1W,36760962650554,0.8238928939237898,0,171.51995905834187,2,0,128011262266839.0,USD,0.583022527226615,2,2,196649877774933,39.08,2.43,0,39.08,216529654495592,0,1.4,b complex vitamins,2,0,2,DAILY_BUDGET,ENABLED,EXACT,2,2,67.03,Amazon,39.08,171.51995905834187,39.08,1942,2,2,2,16,Inner-SP-KW-VB-b complex vitamins-EM-1W,spTargeting,US,INNERBRIGHTNESS,spTargeting_innerbrightness_US_2026-03-21_2026-04-20.json,2026-04-21 01:59:26
40429,2026-04-21 01:59:27.050291,2026-04-21 01:59:27.050291,2026-04-15,78.12,1.1937652811735942,4,EXACT,78.12,78.12,78.12,0,4,ENABLED,b complex vitamins,0.0,3,20.0,3,4,4.36,4,Inner-SP-KW-VB-b complex vitamins-EM-1W,36760962650554,0.5115961800818555,0,83.76856118791602,4,0,128011262266839.0,USD,1.1937652811735942,4,4,196649877774933,78.12,1.14,0,78.12,216529654495592,0,1.4,b complex vitamins,3,0,3,DAILY_BUDGET,ENABLED,EXACT,3,4,65.44,Amazon,78.12,83.76856118791602,78.12,2932,3,3,3,15,Inner-SP-KW-VB-b complex vitamins-EM-1W,spTargeting,US,INNERBRIGHTNESS,spTargeting_innerbrightness_US_2026-03-21_2026-04-20.json,2026-04-21 01:59:26
40430,2026-04-21 01:59:27.050291,2026-04-21 01:59:27.050291,2026-04-16,0.0,0.0,0,EXACT,0.0,0.0,0.0,0,0,ENABLED,b complex vitamins,0.0,0,20.0,0,0,3.81,0,Inner-SP-KW-VB-b complex vitamins-EM-1W,36760962650554,0.2824858757062147,0,nan,0,0,128011262266839.0,USD,0.0,0,0,196649877774933,0.0,0.0,0,0.0,216529654495592,0,1.4,b complex vitamins,0,0,0,DAILY_BUDGET,ENABLED,EXACT,0,0,22.85,Amazon,0.0,nan,0.0,2124,0,0,0,6,Inner-SP-KW-VB-b complex vitamins-EM-1W,spTargeting,US,INNERBRIGHTNESS,spTargeting_innerbrightness_US_2026-03-21_2026-04-20.json,2026-04-21 01:59:26
40431,2026-04-21 01:59:27.050291,2026-04-21 01:59:27.050291,2026-04-17,19.53,0.6503496503496503,1,EXACT,19.53,19.53,19.53,0,1,ENABLED,b complex vitamins,0.0,1,20.0,1,1,4.29,1,Inner-SP-KW-VB-b complex vitamins-EM-1W,36760962650554,0.3514056224899598,0,153.76344086021504,1,0,128011262266839.0,USD,0.6503496503496503,1,1,196649877774933,19.53,0.0,0,19.53,216529654495592,0,1.4,b complex vitamins,1,0,1,DAILY_BUDGET,ENABLED,EXACT,1,1,30.03,Amazon,19.53,153.76344086021504,19.53,1992,1,1,1,7,Inner-SP-KW-VB-b complex vitamins-EM-1W,spTargeting,US,INNERBRIGHTNESS,spTargeting_innerbrightness_US_2026-03-21_2026-04-20.json,2026-04-21 01:59:26
40435,2026-04-21 01:59:27.050291,2026-04-21 01:59:27.050291,2026-04-16,0.0,nan,0,TARGETING_EXPRESSION,0.0,0.0,0.0,0,0,ENABLED,"asin=""B0D767G78V""",0.0,0,180.0,0,0,0.0,0,Inner-SP-KW-Berberine Capsules-PAT,287272276943680,0.0,0,nan,0,0,189812334889736.0,USD,nan,0,0,4376318071626,0.0,0.0,0,0.0,301827846242541,0,1.5,"asin=""B0D767G78V""",0,0,0,DAILY_BUDGET,ENABLED,TARGETING_EXPRESSION,0,0,0.0,Amazon,0.0,nan,0.0,3,0,0,0,0,Inner-SP-KW-Berberine Capsules-PAT,spTargeting,US,INNERBRIGHTNESS,spTargeting_innerbrightness_US_2026-03-21_2026-04-20.json,2026-04-21 01:59:26
40438,2026-04-21 01:59:27.050291,2026-04-21 01:59:27.050291,2026-04-15,0.0,nan,0,TARGETING_EXPRESSION,0.0,0.0,0.0,0,0,ENABLED,"asin=""B0D75VX5ML""",0.0,0,180.0,0,0,0.0,0,Inner-SP-KW-Berberine Capsules-PAT,287272276943680,0.0,0,nan,0,0,189812334889736.0,USD,nan,0,0,118688365925486,0.0,0.0,0,0.0,301827846242541,0,1.4,"asin=""B0D75VX5ML""",0,0,0,DAILY_BUDGET,ENABLED,TARGETING_EXPRESSION,0,0,0.0,Amazon,0.0,nan,0.0,8,0,0,0,0,Inner-SP-KW-Berberine Capsules-PAT,spTargeting,US,INNERBRIGHTNESS,spTargeting_innerbrightness_US_2026-03-21_2026-04-20.json,2026-04-21 01:59:26
40439,2026-04-21 01:59:27.050291,2026-04-21 01:59:27.050291,2026-04-16,0.0,nan,0,TARGETING_EXPRESSION,0.0,0.0,0.0,0,0,ENABLED,"asin=""B0D75VX5ML""",0.0,0,180.0,0,0,0.0,0,Inner-SP-KW-Berberine Capsules-PAT,287272276943680,0.0,0,nan,0,0,189812334889736.0,USD,nan,0,0,118688365925486,0.0,0.0,0,0.0,301827846242541,0,1.4,"asin=""B0D75VX5ML""",0,0,0,DAILY_BUDGET,ENABLED,TARGETING_EXPRESSION,0,0,0.0,Amazon,0.0,nan,0.0,22,0,0,0,0,Inner-SP-KW-Berberine Capsules-PAT,spTargeting,US,INNERBRIGHTNESS,spTargeting_innerbrightness_US_2026-03-21_2026-04-20.json,2026-04-21 01:59:26
40440,2026-04-21 01:59:27.050291,2026-04-21 01:59:27.050291,2026-04-17,0.0,nan,0,TARGETING_EXPRESSION,0.0,0.0,0.0,0,0,ENABLED,"asin=""B0D75VX5ML""",0.0,0,180.0,0,0,0.0,0,Inner-SP-KW-Berberine Capsules-PAT,287272276943680,0.0,0,nan,0,0,189812334889736.0,USD,nan,0,0,118688365925486,0.0,0.0,0,0.0,301827846242541,0,1.4,"asin=""B0D75VX5ML""",0,0,0,DAILY_BUDGET,ENABLED,TARGETING_EXPRESSION,0,0,0.0,Amazon,0.0,nan,0.0,36,0,0,0,0,Inner-SP-KW-Berberine Capsules-PAT,spTargeting,US,INNERBRIGHTNESS,spTargeting_innerbrightness_US_2026-03-21_2026-04-20.json,2026-04-21 01:59:26
40444,2026-04-21 01:59:27.050291,2026-04-21 01:59:27.050291,2026-04-17,0.0,nan,0,TARGETING_EXPRESSION,0.0,0.0,0.0,0,0,ENABLED,"asin=""B0CCQ8FSGH""",0.0,0,180.0,0,0,0.0,0,Inner-SP-KW-Berberine Capsules-PAT,287272276943680,0.0,0,nan,0,0,189812334889736.0,USD,nan,0,0,123660728080300,0.0,0.0,0,0.0,301827846242541,0,1.5,"asin=""B0CCQ8FSGH""",0,0,0,DAILY_BUDGET,ENABLED,TARGETING_EXPRESSION,0,0,0.0,Amazon,0.0,nan,0.0,1,0,0,0,0,Inner-SP-KW-Berberine Capsules-PAT,spTargeting,US,INNERBRIGHTNESS,spTargeting_innerbrightness_US_2026-03-21_2026-04-20.json,2026-04-21 01:59:26
40447,2026-04-21 01:59:27.050291,2026-04-21 01:59:27.050291,2026-04-17,0.0,nan,0,TARGETING_EXPRESSION,0.0,0.0,0.0,0,0,ENABLED,"asin=""B0D7537K4Z""",0.0,0,180.0,0,0,0.0,0,Inner-SP-KW-Berberine Capsules-PAT,287272276943680,0.0,0,nan,0,0,189812334889736.0,USD,nan,0,0,11233921553352,0.0,nan,0,0.0,301827846242541,0,nan,"asin=""B0D7537K4Z""",0,0,0,DAILY_BUDGET,ENABLED,TARGETING_EXPRESSION,0,0,0.0,Amazon,0.0,nan,0.0,1,0,0,0,0,Inner-SP-KW-Berberine Capsules-PAT,spTargeting,US,INNERBRIGHTNESS,spTargeting_innerbrightness_US_2026-03-21_2026-04-20.json,2026-04-21 01:59:26
40451,2026-04-21 01:59:27.050291,2026-04-21 01:59:27.050291,2026-04-16,0.0,0.0,0,TARGETING_EXPRESSION,0.0,0.0,0.0,0,0,ENABLED,"asin=""B0F3QKYM9J""",0.0,0,180.0,0,0,0.87,0,Inner-SP-KW-Berberine Capsules-PAT,287272276943680,4.166666666666666,0,nan,0,0,189812334889736.0,USD,0.0,0,0,233942441225452,0.0,0.0,0,0.0,301827846242541,0,1.3,"asin=""B0F3QKYM9J""",0,0,0,DAILY_BUDGET,ENABLED,TARGETING_EXPRESSION,0,0,0.87,Amazon,0.0,nan,0.0,24,0,0,0,1,Inner-SP-KW-Berberine Capsules-PAT,spTargeting,US,INNERBRIGHTNESS,spTargeting_innerbrightness_US_2026-03-21_2026-04-20.json,2026-04-21 01:59:26
40452,2026-04-21 01:59:27.050291,2026-04-21 01:59:27.050291,2026-04-17,0.0,nan,0,TARGETING_EXPRESSION,0.0,0.0,0.0,0,0,ENABLED,"asin=""B0F3QKYM9J""",0.0,0,180.0,0,0,0.0,0,Inner-SP-KW-Berberine Capsules-PAT,287272276943680,0.0,0,nan,0,0,189812334889736.0,USD,nan,0,0,233942441225452,0.0,0.0,0,0.0,301827846242541,0,1.3,"asin=""B0F3QKYM9J""",0,0,0,DAILY_BUDGET,ENABLED,TARGETING_EXPRESSION,0,0,0.0,Amazon,0.0,nan,0.0,5,0,0,0,0,Inner-SP-KW-Berberine Capsules-PAT,spTargeting,US,INNERBRIGHTNESS,spTargeting_innerbrightness_US_2026-03-21_2026-04-20.json,2026-04-21 01:59:26
40456,2026-04-21 01:59:27.050291,2026-04-21 01:59:27.050291,2026-04-16,0.0,nan,0,TARGETING_EXPRESSION,0.0,0.0,0.0,0,0,ENABLED,"asin=""B0BHFCW4C5""",0.0,0,180.0,0,0,0.0,0,Inner-SP-KW-Berberine Capsules-PAT,287272276943680,0.0,0,nan,0,0,189812334889736.0,USD,nan,0,0,30880870750223,0.0,0.0,0,0.0,301827846242541,0,nan,"asin=""B0BHFCW4C5""",0,0,0,DAILY_BUDGET,ENABLED,TARGETING_EXPRESSION,0,0,0.0,Amazon,0.0,nan,0.0,3,0,0,0,0,Inner-SP-KW-Berberine Capsules-PAT,spTargeting,US,INNERBRIGHTNESS,spTargeting_innerbrightness_US_2026-03-21_2026-04-20.json,2026-04-21 01:59:26
40460,2026-04-21 01:59:27.050291,2026-04-21 01:59:27.050291,2026-04-17,0.0,nan,0,TARGETING_EXPRESSION,0.0,0.0,0.0,0,0,ENABLED,"asin=""B0FX2ZFJCC""",0.0,0,180.0,0,0,0.0,0,Inner-SP-KW-Berberine Capsules-PAT,287272276943680,0.0,0,nan,0,0,189812334889736.0,USD,nan,0,0,173280104490450,0.0,0.0,0,0.0,301827846242541,0,nan,"asin=""B0FX2ZFJCC""",0,0,0,DAILY_BUDGET,ENABLED,TARGETING_EXPRESSION,0,0,0.0,Amazon,0.0,nan,0.0,1,0,0,0,0,Inner-SP-KW-Berberine Capsules-PAT,spTargeting,US,INNERBRIGHTNESS,spTargeting_innerbrightness_US_2026-03-21_2026-04-20.json,2026-04-21 01:59:26
40463,2026-04-21 01:59:27.050291,2026-04-21 01:59:27.050291,2026-04-16,0.0,nan,0,TARGETING_EXPRESSION,0.0,0.0,0.0,0,0,ENABLED,"asin=""B0D55BB452""",0.0,0,180.0,0,0,0.0,0,Inner-SP-KW-Berberine Capsules-PAT,287272276943680,0.0,0,nan,0,0,189812334889736.0,USD,nan,0,0,47373152613974,0.0,0.0,0,0.0,301827846242541,0,nan,"asin=""B0D55BB452""",0,0,0,DAILY_BUDGET,ENABLED,TARGETING_EXPRESSION,0,0,0.0,Amazon,0.0,nan,0.0,3,0,0,0,0,Inner-SP-KW-Berberine Capsules-PAT,spTargeting,US,INNERBRIGHTNESS,spTargeting_innerbrightness_US_2026-03-21_2026-04-20.json,2026-04-21 01:59:26
40464,2026-04-21 01:59:27.050291,2026-04-21 01:59:27.050291,2026-04-17,0.0,nan,0,TARGETING_EXPRESSION,0.0,0.0,0.0,0,0,ENABLED,"asin=""B0D55BB452""",0.0,0,180.0,0,0,0.0,0,Inner-SP-KW-Berberine Capsules-PAT,287272276943680,0.0,0,nan,0,0,189812334889736.0,USD,nan,0,0,47373152613974,0.0,0.0,0,0.0,301827846242541,0,nan,"asin=""B0D55BB452""",0,0,0,DAILY_BUDGET,ENABLED,TARGETING_EXPRESSION,0,0,0.0,Amazon,0.0,nan,0.0,1,0,0,0,0,Inner-SP-KW-Berberine Capsules-PAT,spTargeting,US,INNERBRIGHTNESS,spTargeting_innerbrightness_US_2026-03-21_2026-04-20.json,2026-04-21 01:59:26
40468,2026-04-21 01:59:27.050291,2026-04-21 01:59:27.050291,2026-04-16,0.0,nan,0,TARGETING_EXPRESSION,0.0,0.0,0.0,0,0,ENABLED,"asin=""B0CJTL53NK""",0.0,0,180.0,0,0,0.0,0,Inner-SP-KW-Berberine Capsules-PAT,287272276943680,0.0,0,nan,0,0,189812334889736.0,USD,nan,0,0,203493155987096,0.0,0.0,0,0.0,301827846242541,0,nan,"asin=""B0CJTL53NK""",0,0,0,DAILY_BUDGET,ENABLED,TARGETING_EXPRESSION,0,0,0.0,Amazon,0.0,nan,0.0,1,0,0,0,0,Inner-SP-KW-Berberine Capsules-PAT,spTargeting,US,INNERBRIGHTNESS,spTargeting_innerbrightness_US_2026-03-21_2026-04-20.json,2026-04-21 01:59:26
40469,2026-04-21 01:59:27.050291,2026-04-21 01:59:27.050291,2026-04-17,0.0,nan,0,TARGETING_EXPRESSION,0.0,0.0,0.0,0,0,ENABLED,"asin=""B0CJTL53NK""",0.0,0,180.0,0,0,0.0,0,Inner-SP-KW-Berberine Capsules-PAT,287272276943680,0.0,0,nan,0,0,189812334889736.0,USD,nan,0,0,203493155987096,0.0,0.0,0,0.0,301827846242541,0,nan,"asin=""B0CJTL53NK""",0,0,0,DAILY_BUDGET,ENABLED,TARGETING_EXPRESSION,0,0,0.0,Amazon,0.0,nan,0.0,1,0,0,0,0,Inner-SP-KW-Berberine Capsules-PAT,spTargeting,US,INNERBRIGHTNESS,spTargeting_innerbrightness_US_2026-03-21_2026-04-20.json,2026-04-21 01:59:26
40473,2026-04-21 01:59:27.050291,2026-04-21 01:59:27.050291,2026-04-16,0.0,nan,0,TARGETING_EXPRESSION,0.0,0.0,0.0,0,0,ENABLED,"asin=""B0FDH58CXQ""",0.0,0,180.0,0,0,0.0,0,Inner-SP-KW-Berberine Capsules-PAT,287272276943680,0.0,0,nan,0,0,189812334889736.0,USD,nan,0,0,141922874600447,0.0,0.0,0,0.0,301827846242541,0,nan,"asin=""B0FDH58CXQ""",0,0,0,DAILY_BUDGET,ENABLED,TARGETING_EXPRESSION,0,0,0.0,Amazon,0.0,nan,0.0,1,0,0,0,0,Inner-SP-KW-Berberine Capsules-PAT,spTargeting,US,INNERBRIGHTNESS,spTargeting_innerbrightness_US_2026-03-21_2026-04-20.json,2026-04-21 01:59:26
40474,2026-04-21 01:59:27.050291,2026-04-21 01:59:27.050291,2026-04-17,0.0,nan,0,TARGETING_EXPRESSION,0.0,0.0,0.0,0,0,ENABLED,"asin=""B0FDH58CXQ""",0.0,0,180.0,0,0,0.0,0,Inner-SP-KW-Berberine Capsules-PAT,287272276943680,0.0,0,nan,0,0,189812334889736.0,USD,nan,0,0,141922874600447,0.0,0.0,0,0.0,301827846242541,0,nan,"asin=""B0FDH58CXQ""",0,0,0,DAILY_BUDGET,ENABLED,TARGETING_EXPRESSION,0,0,0.0,Amazon,0.0,nan,0.0,1,0,0,0,0,Inner-SP-KW-Berberine Capsules-PAT,spTargeting,US,INNERBRIGHTNESS,spTargeting_innerbrightness_US_2026-03-21_2026-04-20.json,2026-04-21 01:59:26
40479,2026-04-21 01:59:27.050291,2026-04-21 01:59:27.050291,2026-04-15,0.0,nan,0,TARGETING_EXPRESSION,0.0,0.0,0.0,0,0,ENABLED,"asin=""B0CBB1H324""",0.0,0,180.0,0,0,0.0,0,Inner-SP-KW-Berberine Capsules-PAT,287272276943680,0.0,0,nan,0,0,189812334889736.0,USD,nan,0,0,163240518976484,0.0,0.0,0,0.0,301827846242541,0,nan,"asin=""B0CBB1H324""",0,0,0,DAILY_BUDGET,ENABLED,TARGETING_EXPRESSION,0,0,0.0,Amazon,0.0,nan,0.0,1,0,0,0,0,Inner-SP-KW-Berberine Capsules-PAT,spTargeting,US,INNERBRIGHTNESS,spTargeting_innerbrightness_US_2026-03-21_2026-04-20.json,2026-04-21 01:59:26
40480,2026-04-21 01:59:27.050291,2026-04-21 01:59:27.050291,2026-04-16,0.0,nan,0,TARGETING_EXPRESSION,0.0,0.0,0.0,0,0,ENABLED,"asin=""B0CBB1H324""",0.0,0,180.0,0,0,0.0,0,Inner-SP-KW-Berberine Capsules-PAT,287272276943680,0.0,0,nan,0,0,189812334889736.0,USD,nan,0,0,163240518976484,0.0,0.0,0,0.0,301827846242541,0,nan,"asin=""B0CBB1H324""",0,0,0,DAILY_BUDGET,ENABLED,TARGETING_EXPRESSION,0,0,0.0,Amazon,0.0,nan,0.0,1,0,0,0,0,Inner-SP-KW-Berberine Capsules-PAT,spTargeting,US,INNERBRIGHTNESS,spTargeting_innerbrightness_US_2026-03-21_2026-04-20.json,2026-04-21 01:59:26
40481,2026-04-21 01:59:27.050291,2026-04-21 01:59:27.050291,2026-04-17,0.0,nan,0,TARGETING_EXPRESSION,0.0,0.0,0.0,0,0,ENABLED,"asin=""B0CBB1H324""",0.0,0,180.0,0,0,0.0,0,Inner-SP-KW-Berberine Capsules-PAT,287272276943680,0.0,0,nan,0,0,189812334889736.0,USD,nan,0,0,163240518976484,0.0,0.0,0,0.0,301827846242541,0,nan,"asin=""B0CBB1H324""",0,0,0,DAILY_BUDGET,ENABLED,TARGETING_EXPRESSION,0,0,0.0,Amazon,0.0,nan,0.0,3,0,0,0,0,Inner-SP-KW-Berberine Capsules-PAT,spTargeting,US,INNERBRIGHTNESS,spTargeting_innerbrightness_US_2026-03-21_2026-04-20.json,2026-04-21 01:59:26
40485,2026-04-21 01:59:27.050291,2026-04-21 01:59:27.050291,2026-04-17,0.0,nan,0,TARGETING_EXPRESSION,0.0,0.0,0.0,0,0,ENABLED,"asin=""B0F2K6SNKL""",0.0,0,180.0,0,0,0.0,0,Inner-SP-KW-Berberine Capsules-PAT,287272276943680,0.0,0,nan,0,0,189812334889736.0,USD,nan,0,0,223364156787279,0.0,0.0,0,0.0,301827846242541,0,nan,"asin=""B0F2K6SNKL""",0,0,0,DAILY_BUDGET,ENABLED,TARGETING_EXPRESSION,0,0,0.0,Amazon,0.0,nan,0.0,4,0,0,0,0,Inner-SP-KW-Berberine Capsules-PAT,spTargeting,US,INNERBRIGHTNESS,spTargeting_innerbrightness_US_2026-03-21_2026-04-20.json,2026-04-21 01:59:26
40490,2026-04-21 01:59:27.050291,2026-04-21 01:59:27.050291,2026-04-17,0.0,nan,0,TARGETING_EXPRESSION,0.0,0.0,0.0,0,0,ENABLED,"asin=""B0BTTZ41JB""",0.0,0,180.0,0,0,0.0,0,Inner-SP-KW-Berberine Capsules-PAT,287272276943680,nan,0,nan,0,0,189812334889736.0,USD,nan,0,0,77610025036149,0.0,nan,0,0.0,301827846242541,0,nan,"asin=""B0BTTZ41JB""",0,0,0,DAILY_BUDGET,ENABLED,TARGETING_EXPRESSION,0,0,0.0,Amazon,0.0,nan,0.0,0,0,0,0,0,Inner-SP-KW-Berberine Capsules-PAT,spTargeting,US,INNERBRIGHTNESS,spTargeting_innerbrightness_US_2026-03-21_2026-04-20.json,2026-04-21 01:59:26
40493,2026-04-21 01:59:27.050291,2026-04-21 01:59:27.050291,2026-04-17,0.0,nan,0,TARGETING_EXPRESSION,0.0,0.0,0.0,0,0,ENABLED,"asin=""B0DXMNNQDZ""",0.0,0,180.0,0,0,0.0,0,Inner-SP-KW-Berberine Capsules-PAT,287272276943680,0.0,0,nan,0,0,189812334889736.0,USD,nan,0,0,135802259493171,0.0,0.0,0,0.0,301827846242541,0,nan,"asin=""B0DXMNNQDZ""",0,0,0,DAILY_BUDGET,ENABLED,TARGETING_EXPRESSION,0,0,0.0,Amazon,0.0,nan,0.0,2,0,0,0,0,Inner-SP-KW-Berberine Capsules-PAT,spTargeting,US,INNERBRIGHTNESS,spTargeting_innerbrightness_US_2026-03-21_2026-04-20.json,2026-04-21 01:59:26
40496,2026-04-21 01:59:27.050291,2026-04-21 01:59:27.050291,2026-04-17,0.0,nan,0,TARGETING_EXPRESSION,0.0,0.0,0.0,0,0,ENABLED,"asin=""B08HFN997X""",0.0,0,180.0,0,0,0.0,0,Inner-SP-KW-Berberine Capsules-PAT,287272276943680,0.0,0,nan,0,0,189812334889736.0,USD,nan,0,0,108525300700580,0.0,0.0,0,0.0,301827846242541,0,1.5,"asin=""B08HFN997X""",0,0,0,DAILY_BUDGET,ENABLED,TARGETING_EXPRESSION,0,0,0.0,Amazon,0.0,nan,0.0,13,0,0,0,0,Inner-SP-KW-Berberine Capsules-PAT,spTargeting,US,INNERBRIGHTNESS,spTargeting_innerbrightness_US_2026-03-21_2026-04-20.json,2026-04-21 01:59:26
40500,2026-04-21 01:59:27.050291,2026-04-21 01:59:27.050291,2026-04-15,0.0,nan,0,TARGETING_EXPRESSION,0.0,0.0,0.0,0,0,ENABLED,"asin=""B0FMRSMMHR""",0.0,0,180.0,0,0,0.0,0,Inner-SP-KW-Berberine Capsules-PAT,287272276943680,0.0,0,nan,0,0,189812334889736.0,USD,nan,0,0,6497853869112,0.0,nan,0,0.0,301827846242541,0,nan,"asin=""B0FMRSMMHR""",0,0,0,DAILY_BUDGET,ENABLED,TARGETING_EXPRESSION,0,0,0.0,Amazon,0.0,nan,0.0,4,0,0,0,0,Inner-SP-KW-Berberine Capsules-PAT,spTargeting,US,INNERBRIGHTNESS,spTargeting_innerbrightness_US_2026-03-21_2026-04-20.json,2026-04-21 01:59:26
40501,2026-04-21 01:59:27.050291,2026-04-21 01:59:27.050291,2026-04-16,0.0,nan,0,TARGETING_EXPRESSION,0.0,0.0,0.0,0,0,ENABLED,"asin=""B0FMRSMMHR""",0.0,0,180.0,0,0,0.0,0,Inner-SP-KW-Berberine Capsules-PAT,287272276943680,0.0,0,nan,0,0,189812334889736.0,USD,nan,0,0,6497853869112,0.0,nan,0,0.0,301827846242541,0,nan,"asin=""B0FMRSMMHR""",0,0,0,DAILY_BUDGET,ENABLED,TARGETING_EXPRESSION,0,0,0.0,Amazon,0.0,nan,0.0,17,0,0,0,0,Inner-SP-KW-Berberine Capsules-PAT,spTargeting,US,INNERBRIGHTNESS,spTargeting_innerbrightness_US_2026-03-21_2026-04-20.json,2026-04-21 01:59:26
40502,2026-04-21 01:59:27.050291,2026-04-21 01:59:27.050291,2026-04-17,0.0,nan,0,TARGETING_EXPRESSION,0.0,0.0,0.0,0,0,ENABLED,"asin=""B0FMRSMMHR""",0.0,0,180.0,0,0,0.0,0,Inner-SP-KW-Berberine Capsules-PAT,287272276943680,0.0,0,nan,0,0,189812334889736.0,USD,nan,0,0,6497853869112,0.0,0.0,0,0.0,301827846242541,0,nan,"asin=""B0FMRSMMHR""",0,0,0,DAILY_BUDGET,ENABLED,TARGETING_EXPRESSION,0,0,0.0,Amazon,0.0,nan,0.0,19,0,0,0,0,Inner-SP-KW-Berberine Capsules-PAT,spTargeting,US,INNERBRIGHTNESS,spTargeting_innerbrightness_US_2026-03-21_2026-04-20.json,2026-04-21 01:59:26
40508,2026-04-21 01:59:27.050291,2026-04-21 01:59:27.050291,2026-04-15,0.0,nan,0,TARGETING_EXPRESSION,0.0,0.0,0.0,0,0,ENABLED,"asin=""B0DWNJF22W""",0.0,0,180.0,0,0,0.0,0,Inner-SP-KW-Berberine Capsules-PAT,287272276943680,0.0,0,nan,0,0,189812334889736.0,USD,nan,0,0,278168158031887,0.0,nan,0,0.0,301827846242541,0,2.0,"asin=""B0DWNJF22W""",0,0,0,DAILY_BUDGET,ENABLED,TARGETING_EXPRESSION,0,0,0.0,Amazon,0.0,nan,0.0,1,0,0,0,0,Inner-SP-KW-Berberine Capsules-PAT,spTargeting,US,INNERBRIGHTNESS,spTargeting_innerbrightness_US_2026-03-21_2026-04-20.json,2026-04-21 01:59:26
40509,2026-04-21 01:59:27.050291,2026-04-21 01:59:27.050291,2026-04-16,0.0,nan,0,TARGETING_EXPRESSION,0.0,0.0,0.0,0,0,ENABLED,"asin=""B0DWNJF22W""",0.0,0,180.0,0,0,0.0,0,Inner-SP-KW-Berberine Capsules-PAT,287272276943680,0.0,0,nan,0,0,189812334889736.0,USD,nan,0,0,278168158031887,0.0,nan,0,0.0,301827846242541,0,2.0,"asin=""B0DWNJF22W""",0,0,0,DAILY_BUDGET,ENABLED,TARGETING_EXPRESSION,0,0,0.0,Amazon,0.0,nan,0.0,1,0,0,0,0,Inner-SP-KW-Berberine Capsules-PAT,spTargeting,US,INNERBRIGHTNESS,spTargeting_innerbrightness_US_2026-03-21_2026-04-20.json,2026-04-21 01:59:26
40510,2026-04-21 01:59:27.050291,2026-04-21 01:59:27.050291,2026-04-17,0.0,nan,0,TARGETING_EXPRESSION,0.0,0.0,0.0,0,0,ENABLED,"asin=""B0DWNJF22W""",0.0,0,180.0,0,0,0.0,0,Inner-SP-KW-Berberine Capsules-PAT,287272276943680,0.0,0,nan,0,0,189812334889736.0,USD,nan,0,0,278168158031887,0.0,nan,0,0.0,301827846242541,0,2.0,"asin=""B0DWNJF22W""",0,0,0,DAILY_BUDGET,ENABLED,TARGETING_EXPRESSION,0,0,0.0,Amazon,0.0,nan,0.0,1,0,0,0,0,Inner-SP-KW-Berberine Capsules-PAT,spTargeting,US,INNERBRIGHTNESS,spTargeting_innerbrightness_US_2026-03-21_2026-04-20.json,2026-04-21 01:59:26
40515,2026-04-21 01:59:27.050291,2026-04-21 01:59:27.050291,2026-04-16,0.0,nan,0,TARGETING_EXPRESSION,0.0,0.0,0.0,0,0,ENABLED,"asin=""B0CX8WZ68M""",0.0,0,180.0,0,0,0.0,0,Inner-SP-KW-Berberine Capsules-PAT,287272276943680,0.0,0,nan,0,0,189812334889736.0,USD,nan,0,0,216000575909954,0.0,0.0,0,0.0,301827846242541,0,nan,"asin=""B0CX8WZ68M""",0,0,0,DAILY_BUDGET,ENABLED,TARGETING_EXPRESSION,0,0,0.0,Amazon,0.0,nan,0.0,1,0,0,0,0,Inner-SP-KW-Berberine Capsules-PAT,spTargeting,US,INNERBRIGHTNESS,spTargeting_innerbrightness_US_2026-03-21_2026-04-20.json,2026-04-21 01:59:26
40518,2026-04-21 01:59:27.050291,2026-04-21 01:59:27.050291,2026-04-15,0.0,nan,0,TARGETING_EXPRESSION,0.0,0.0,0.0,0,0,ENABLED,"asin=""B095JCB9B9""",0.0,0,180.0,0,0,0.0,0,Inner-SP-KW-Berberine Capsules-PAT,287272276943680,nan,0,nan,0,0,189812334889736.0,USD,nan,0,0,22168765073733,0.0,nan,0,0.0,301827846242541,0,nan,"asin=""B095JCB9B9""",0,0,0,DAILY_BUDGET,ENABLED,TARGETING_EXPRESSION,0,0,0.0,Amazon,0.0,nan,0.0,0,0,0,0,0,Inner-SP-KW-Berberine Capsules-PAT,spTargeting,US,INNERBRIGHTNESS,spTargeting_innerbrightness_US_2026-03-21_2026-04-20.json,2026-04-21 01:59:26
40519,2026-04-21 01:59:27.050291,2026-04-21 01:59:27.050291,2026-04-16,0.0,nan,0,TARGETING_EXPRESSION,0.0,0.0,0.0,0,0,ENABLED,"asin=""B095JCB9B9""",0.0,0,180.0,0,0,0.0,0,Inner-SP-KW-Berberine Capsules-PAT,287272276943680,nan,0,nan,0,0,189812334889736.0,USD,nan,0,0,22168765073733,0.0,nan,0,0.0,301827846242541,0,nan,"asin=""B095JCB9B9""",0,0,0,DAILY_BUDGET,ENABLED,TARGETING_EXPRESSION,0,0,0.0,Amazon,0.0,nan,0.0,0,0,0,0,0,Inner-SP-KW-Berberine Capsules-PAT,spTargeting,US,INNERBRIGHTNESS,spTargeting_innerbrightness_US_2026-03-21_2026-04-20.json,2026-04-21 01:59:26
40520,2026-04-21 01:59:27.050291,2026-04-21 01:59:27.050291,2026-04-17,0.0,nan,0,TARGETING_EXPRESSION,0.0,0.0,0.0,0,0,ENABLED,"asin=""B095JCB9B9""",0.0,0,180.0,0,0,0.0,0,Inner-SP-KW-Berberine Capsules-PAT,287272276943680,0.0,0,nan,0,0,189812334889736.0,USD,nan,0,0,22168765073733,0.0,0.0,0,0.0,301827846242541,0,nan,"asin=""B095JCB9B9""",0,0,0,DAILY_BUDGET,ENABLED,TARGETING_EXPRESSION,0,0,0.0,Amazon,0.0,nan,0.0,2,0,0,0,0,Inner-SP-KW-Berberine Capsules-PAT,spTargeting,US,INNERBRIGHTNESS,spTargeting_innerbrightness_US_2026-03-21_2026-04-20.json,2026-04-21 01:59:26
40533,2026-04-21 01:59:27.050291,2026-04-21 01:59:27.050291,2026-04-17,0.0,nan,0,TARGETING_EXPRESSION,0.0,0.0,0.0,0,0,ENABLED,"asin=""B01CUNXZYM""",0.0,0,180.0,0,0,0.0,0,Inner-SP-KW-Berberine Capsules-PAT,287272276943680,0.0,0,nan,0,0,189812334889736.0,USD,nan,0,0,174790288887457,0.0,0.0,0,0.0,301827846242541,0,1.5,"asin=""B01CUNXZYM""",0,0,0,DAILY_BUDGET,ENABLED,TARGETING_EXPRESSION,0,0,0.0,Amazon,0.0,nan,0.0,1,0,0,0,0,Inner-SP-KW-Berberine Capsules-PAT,spTargeting,US,INNERBRIGHTNESS,spTargeting_innerbrightness_US_2026-03-21_2026-04-20.json,2026-04-21 01:59:26
40537,2026-04-21 01:59:27.050291,2026-04-21 01:59:27.050291,2026-04-17,0.0,nan,0,TARGETING_EXPRESSION,0.0,0.0,0.0,0,0,ENABLED,"asin=""B0CWC6F56X""",0.0,0,180.0,0,0,0.0,0,Inner-SP-KW-Berberine Capsules-PAT,287272276943680,0.0,0,nan,0,0,189812334889736.0,USD,nan,0,0,156236972105816,0.0,0.0,0,0.0,301827846242541,0,nan,"asin=""B0CWC6F56X""",0,0,0,DAILY_BUDGET,ENABLED,TARGETING_EXPRESSION,0,0,0.0,Amazon,0.0,nan,0.0,2,0,0,0,0,Inner-SP-KW-Berberine Capsules-PAT,spTargeting,US,INNERBRIGHTNESS,spTargeting_innerbrightness_US_2026-03-21_2026-04-20.json,2026-04-21 01:59:26
40541,2026-04-21 01:59:27.050291,2026-04-21 01:59:27.050291,2026-04-17,0.0,nan,0,TARGETING_EXPRESSION,0.0,0.0,0.0,0,0,ENABLED,"asin=""B0DJ9MJTZ1""",0.0,0,180.0,0,0,0.0,0,Inner-SP-KW-Berberine Capsules-PAT,287272276943680,0.0,0,nan,0,0,189812334889736.0,USD,nan,0,0,160696293767186,0.0,0.0,0,0.0,301827846242541,0,nan,"asin=""B0DJ9MJTZ1""",0,0,0,DAILY_BUDGET,ENABLED,TARGETING_EXPRESSION,0,0,0.0,Amazon,0.0,nan,0.0,1,0,0,0,0,Inner-SP-KW-Berberine Capsules-PAT,spTargeting,US,INNERBRIGHTNESS,spTargeting_innerbrightness_US_2026-03-21_2026-04-20.json,2026-04-21 01:59:26
40550,2026-04-21 01:59:27.050291,2026-04-21 01:59:27.050291,2026-04-17,0.0,nan,0,TARGETING_EXPRESSION,0.0,0.0,0.0,0,0,ENABLED,"asin=""B07FQM42YV""",0.0,0,180.0,0,0,0.0,0,Inner-SP-KW-Berberine Capsules-PAT,287272276943680,0.0,0,nan,0,0,189812334889736.0,USD,nan,0,0,203753663196086,0.0,0.0,0,0.0,301827846242541,0,1.5,"asin=""B07FQM42YV""",0,0,0,DAILY_BUDGET,ENABLED,TARGETING_EXPRESSION,0,0,0.0,Amazon,0.0,nan,0.0,7,0,0,0,0,Inner-SP-KW-Berberine Capsules-PAT,spTargeting,US,INNERBRIGHTNESS,spTargeting_innerbrightness_US_2026-03-21_2026-04-20.json,2026-04-21 01:59:26
40555,2026-04-21 01:59:27.050291,2026-04-21 01:59:27.050291,2026-04-16,0.0,nan,0,TARGETING_EXPRESSION,0.0,0.0,0.0,0,0,ENABLED,"asin=""B07FQCQK2Y""",0.0,0,180.0,0,0,0.0,0,Inner-SP-KW-Berberine Capsules-PAT,287272276943680,0.0,0,nan,0,0,189812334889736.0,USD,nan,0,0,155081036127319,0.0,0.0,0,0.0,301827846242541,0,1.5,"asin=""B07FQCQK2Y""",0,0,0,DAILY_BUDGET,ENABLED,TARGETING_EXPRESSION,0,0,0.0,Amazon,0.0,nan,0.0,1,0,0,0,0,Inner-SP-KW-Berberine Capsules-PAT,spTargeting,US,INNERBRIGHTNESS,spTargeting_innerbrightness_US_2026-03-21_2026-04-20.json,2026-04-21 01:59:26
40557,2026-04-21 01:59:27.050291,2026-04-21 01:59:27.050291,2026-04-17,0.0,nan,0,TARGETING_EXPRESSION,0.0,0.0,0.0,0,0,ENABLED,"asin=""B082FTNRCQ""",0.0,0,180.0,0,0,0.0,0,Inner-SP-KW-Berberine Capsules-PAT,287272276943680,0.0,0,nan,0,0,189812334889736.0,USD,nan,0,0,266408193495658,0.0,0.0,0,0.0,301827846242541,0,1.5,"asin=""B082FTNRCQ""",0,0,0,DAILY_BUDGET,ENABLED,TARGETING_EXPRESSION,0,0,0.0,Amazon,0.0,nan,0.0,9,0,0,0,0,Inner-SP-KW-Berberine Capsules-PAT,spTargeting,US,INNERBRIGHTNESS,spTargeting_innerbrightness_US_2026-03-21_2026-04-20.json,2026-04-21 01:59:26
40561,2026-04-21 01:59:27.050291,2026-04-21 01:59:27.050291,2026-04-16,0.0,nan,0,TARGETING_EXPRESSION,0.0,0.0,0.0,0,0,ENABLED,"asin=""B0F9VTLK7R""",0.0,0,180.0,0,0,0.0,0,Inner-SP-KW-Berberine Capsules-PAT,287272276943680,0.0,0,nan,0,0,189812334889736.0,USD,nan,0,0,257845209544128,0.0,0.0,0,0.0,301827846242541,0,nan,"asin=""B0F9VTLK7R""",0,0,0,DAILY_BUDGET,ENABLED,TARGETING_EXPRESSION,0,0,0.0,Amazon,0.0,nan,0.0,1,0,0,0,0,Inner-SP-KW-Berberine Capsules-PAT,spTargeting,US,INNERBRIGHTNESS,spTargeting_innerbrightness_US_2026-03-21_2026-04-20.json,2026-04-21 01:59:26
40562,2026-04-21 01:59:27.050291,2026-04-21 01:59:27.050291,2026-04-17,0.0,nan,0,TARGETING_EXPRESSION,0.0,0.0,0.0,0,0,ENABLED,"asin=""B0F9VTLK7R""",0.0,0,180.0,0,0,0.0,0,Inner-SP-KW-Berberine Capsules-PAT,287272276943680,0.0,0,nan,0,0,189812334889736.0,USD,nan,0,0,257845209544128,0.0,0.0,0,0.0,301827846242541,0,nan,"asin=""B0F9VTLK7R""",0,0,0,DAILY_BUDGET,ENABLED,TARGETING_EXPRESSION,0,0,0.0,Amazon,0.0,nan,0.0,1,0,0,0,0,Inner-SP-KW-Berberine Capsules-PAT,spTargeting,US,INNERBRIGHTNESS,spTargeting_innerbrightness_US_2026-03-21_2026-04-20.json,2026-04-21 01:59:26
40565,2026-04-21 01:59:27.050291,2026-04-21 01:59:27.050291,2026-04-15,0.0,nan,0,TARGETING_EXPRESSION,0.0,0.0,0.0,0,0,ENABLED,"asin=""B0D8VMPX1N""",0.0,0,180.0,0,0,0.0,0,Inner-SP-KW-Berberine Capsules-PAT,287272276943680,0.0,0,nan,0,0,189812334889736.0,USD,nan,0,0,18048400750930,0.0,0.0,0,0.0,301827846242541,0,nan,"asin=""B0D8VMPX1N""",0,0,0,DAILY_BUDGET,ENABLED,TARGETING_EXPRESSION,0,0,0.0,Amazon,0.0,nan,0.0,1,0,0,0,0,Inner-SP-KW-Berberine Capsules-PAT,spTargeting,US,INNERBRIGHTNESS,spTargeting_innerbrightness_US_2026-03-21_2026-04-20.json,2026-04-21 01:59:26
40569,2026-04-21 01:59:27.050291,2026-04-21 01:59:27.050291,2026-04-15,167.88,1.7737094837935172,13,TARGETING_EXPRESSION,181.87,206.85,181.87,0,12,ENABLED,"asin=""B0DKT3PXRP""",24.98,13,300.0,14,13,3.33,14,Inner-SP-PT-gumm-mag-Defend-CPC,203667979592011,5.833333333333333,0,56.37901861252116,14,0,269179459475581.0,USD,1.7737094837935172,13,14,48334772974140,181.87,97.8,0,192.86,146743686725883,0,1.0,"asin=""B0DKT3PXRP""",13,1,12,DAILY_BUDGET,ENABLED,TARGETING_EXPRESSION,13,13,116.62,Amazon,206.85,56.37901861252116,206.85,600,13,14,14,35,Inner-SP-PT-gumm-mag-Defend-CPC,spTargeting,US,INNERBRIGHTNESS,spTargeting_innerbrightness_US_2026-03-21_2026-04-20.json,2026-04-21 01:59:26
40570,2026-04-21 01:59:27.050291,2026-04-21 01:59:27.050291,2026-04-16,0.0,0.0,0,TARGETING_EXPRESSION,0.0,0.0,0.0,0,0,ENABLED,"asin=""B0DKT3PXRP""",0.0,0,300.0,0,0,1.42,0,Inner-SP-PT-gumm-mag-Defend-CPC,203667979592011,7.6923076923076925,0,nan,0,0,269179459475581.0,USD,0.0,0,0,48334772974140,0.0,2.56,0,0.0,146743686725883,0,1.0,"asin=""B0DKT3PXRP""",0,0,0,DAILY_BUDGET,ENABLED,TARGETING_EXPRESSION,0,0,1.42,Amazon,0.0,nan,0.0,13,0,0,0,1,Inner-SP-PT-gumm-mag-Defend-CPC,spTargeting,US,INNERBRIGHTNESS,spTargeting_innerbrightness_US_2026-03-21_2026-04-20.json,2026-04-21 01:59:26
40571,2026-04-21 01:59:27.050291,2026-04-21 01:59:27.050291,2026-04-17,0.0,0.0,0,TARGETING_EXPRESSION,0.0,0.0,0.0,0,0,ENABLED,"asin=""B0DKT3PXRP""",0.0,0,300.0,0,0,1.85,0,Inner-SP-PT-gumm-mag-Defend-CPC,203667979592011,5.555555555555555,0,nan,0,0,269179459475581.0,USD,0.0,0,0,48334772974140,0.0,1.0,0,0.0,146743686725883,0,1.0,"asin=""B0DKT3PXRP""",0,0,0,DAILY_BUDGET,ENABLED,TARGETING_EXPRESSION,0,0,1.85,Amazon,0.0,nan,0.0,18,0,0,0,1,Inner-SP-PT-gumm-mag-Defend-CPC,spTargeting,US,INNERBRIGHTNESS,spTargeting_innerbrightness_US_2026-03-21_2026-04-20.json,2026-04-21 01:59:26
40575,2026-04-21 01:59:27.050291,2026-04-21 01:59:27.050291,2026-04-11,629.79,1.9020136356429367,31,EXACT,689.77,1079.64,689.77,0,21,ENABLED,creatine gummies,389.87,22,1000.0,35,23,4.4,36,Inner-SP-KW-Creatine Gummies-creatine gummies-EM-CPC-800,297069838936079,1.0302691478316428,0,52.57585861953984,36,0,197748004457307.0,USD,1.9020136356429367,23,36,415672664361434,689.77,2.0,0,929.69,439851151117545,0,1.8,creatine gummies,22,13,20,DAILY_BUDGET,ENABLED,EXACT,30,23,567.63,Amazon,1079.64,52.57585861953984,1079.64,12521,22,35,35,129,Inner-SP-KW-Creatine Gummies-creatine gummies-EM-CPC-800,spTargeting,US,INNERBRIGHTNESS,spTargeting_innerbrightness_US_2026-03-21_2026-04-20.json,2026-04-21 01:59:26
40576,2026-04-21 01:59:27.050291,2026-04-21 01:59:27.050291,2026-04-12,929.69,1.9995651669758814,41,EXACT,1019.66,1379.54,1019.66,0,31,ENABLED,creatine gummies,359.88,33,1000.0,45,34,4.39,46,Inner-SP-KW-Creatine Gummies-creatine gummies-EM-CPC-800,297069838936079,0.8329796264855688,0,50.010873189613925,46,0,197748004457307.0,USD,1.9995651669758814,34,46,415672664361434,1019.66,2.48,0,1229.59,439851151117545,0,1.8,creatine gummies,33,12,30,DAILY_BUDGET,ENABLED,EXACT,40,34,689.92,Amazon,1379.54,50.010873189613925,1379.54,18848,33,45,45,157,Inner-SP-KW-Creatine Gummies-creatine gummies-EM-CPC-800,spTargeting,US,INNERBRIGHTNESS,spTargeting_innerbrightness_US_2026-03-21_2026-04-20.json,2026-04-21 01:59:26
40577,2026-04-21 01:59:27.050291,2026-04-21 01:59:27.050291,2026-04-13,809.73,1.3302612124199111,35,EXACT,839.72,1079.64,839.72,0,27,ENABLED,creatine gummies,239.92,27,1000.0,35,28,4.51,36,Inner-SP-KW-Creatine Gummies-creatine gummies-EM-CPC-800,297069838936079,0.7743600774360078,0,75.17320588344263,36,0,197748004457307.0,USD,1.3302612124199111,28,36,415672664361434,839.72,2.76,0,1049.65,439851151117545,0,1.8,creatine gummies,27,8,26,DAILY_BUDGET,ENABLED,EXACT,34,28,811.6,Amazon,1079.64,75.17320588344263,1079.64,23245,27,35,35,180,Inner-SP-KW-Creatine Gummies-creatine gummies-EM-CPC-800,spTargeting,US,INNERBRIGHTNESS,spTargeting_innerbrightness_US_2026-03-21_2026-04-20.json,2026-04-21 01:59:26
40578,2026-04-21 01:59:27.050291,2026-04-21 01:59:27.050291,2026-04-14,869.71,1.6608955447772389,41,EXACT,909.99,1328.65,909.99,0,29,ENABLED,creatine gummies,418.65999999999997,31,1000.0,45,31,4.44,45,Inner-SP-KW-Creatine Gummies-creatine gummies-EM-CPC-800,297069838936079,0.873065916476694,0,60.20848229405787,45,0,197748004457307.0,USD,1.6608955447772389,31,45,415672664361434,909.99,3.01,0,1229.59,439851151117545,0,1.8,creatine gummies,31,14,29,DAILY_BUDGET,ENABLED,EXACT,41,31,799.96,Amazon,1328.65,60.20848229405787,1328.65,20617,31,45,45,180,Inner-SP-KW-Creatine Gummies-creatine gummies-EM-CPC-800,spTargeting,US,INNERBRIGHTNESS,spTargeting_innerbrightness_US_2026-03-21_2026-04-20.json,2026-04-21 01:59:26
40579,2026-04-21 01:59:27.050291,2026-04-21 01:59:27.050291,2026-04-15,899.7,1.9710955642864443,42,EXACT,989.67,1349.55,989.67,0,30,ENABLED,creatine gummies,359.88,32,1000.0,44,33,4.69,45,Inner-SP-KW-Creatine Gummies-creatine gummies-EM-CPC-800,297069838936079,0.7860026917900405,0,50.73320736541811,45,0,197748004457307.0,USD,1.9710955642864443,33,45,415672664361434,989.67,3.35,0,1259.58,439851151117545,0,1.8,creatine gummies,32,12,29,DAILY_BUDGET,ENABLED,EXACT,41,33,684.67,Amazon,1349.55,50.73320736541811,1349.55,18575,32,44,44,146,Inner-SP-KW-Creatine Gummies-creatine gummies-EM-CPC-800,spTargeting,US,INNERBRIGHTNESS,spTargeting_innerbrightness_US_2026-03-21_2026-04-20.json,2026-04-21 01:59:26
40580,2026-04-21 01:59:27.050291,2026-04-21 01:59:27.050291,2026-04-16,599.8,1.3260660748071604,28,EXACT,640.1,911.14,640.1,0,20,ENABLED,creatine gummies,271.04,22,1000.0,32,22,4.55,32,Inner-SP-KW-Creatine Gummies-creatine gummies-EM-CPC-800,297069838936079,0.5622789052318005,0,75.41102355291174,32,0,197748004457307.0,USD,1.3260660748071604,22,32,415672664361434,640.1,5.2,0,823.72,439851151117545,0,1.8,creatine gummies,22,10,20,DAILY_BUDGET,ENABLED,EXACT,28,22,687.1,Amazon,911.14,75.41102355291174,911.14,26855,22,32,32,151,Inner-SP-KW-Creatine Gummies-creatine gummies-EM-CPC-800,spTargeting,US,INNERBRIGHTNESS,spTargeting_innerbrightness_US_2026-03-21_2026-04-20.json,2026-04-21 01:59:26
40581,2026-04-21 01:59:27.050291,2026-04-21 01:59:27.050291,2026-04-17,539.82,1.3421947726459005,30,EXACT,539.82,899.7,539.82,0,18,ENABLED,creatine gummies,359.88,18,1000.0,30,18,4.53,30,Inner-SP-KW-Creatine Gummies-creatine gummies-EM-CPC-800,297069838936079,0.5301809063227655,0,74.50483494498165,30,0,197748004457307.0,USD,1.3421947726459005,18,30,415672664361434,539.82,4.14,0,899.7,439851151117545,0,1.8,creatine gummies,18,12,18,DAILY_BUDGET,ENABLED,EXACT,30,18,670.32,Amazon,899.7,74.50483494498165,899.7,27915,18,30,30,148,Inner-SP-KW-Creatine Gummies-creatine gummies-EM-CPC-800,spTargeting,US,INNERBRIGHTNESS,spTargeting_innerbrightness_US_2026-03-21_2026-04-20.json,2026-04-21 01:59:26
40585,2026-04-21 01:59:27.050291,2026-04-21 01:59:27.050291,2026-04-11,329.89,2.3514475271411337,12,BROAD,359.88,389.87,359.88,0,11,ENABLED,creatine gummies,29.99,11,700.0,12,12,3.45,13,Inner-SP-KW-Creatine Gummies-creatine gummies-BM-CPC-600,391617266091470,0.5535055350553505,0,42.52699617821325,13,0,197748004457307.0,USD,2.3514475271411337,12,13,402815703536000,359.88,0.2,0,359.88,425782617077083,0,1.5,creatine gummies,11,1,10,DAILY_BUDGET,ENABLED,BROAD,11,12,165.8,Amazon,389.87,42.52699617821325,389.87,8672,11,12,12,48,Inner-SP-KW-Creatine Gummies-creatine gummies-BM-CPC-600,spTargeting,US,INNERBRIGHTNESS,spTargeting_innerbrightness_US_2026-03-21_2026-04-20.json,2026-04-21 01:59:26
40586,2026-04-21 01:59:27.050291,2026-04-21 01:59:27.050291,2026-04-12,179.94,2.0479976586507975,8,BROAD,299.9,419.86,299.9,0,6,ENABLED,creatine gummies,119.96,10,700.0,14,10,3.47,14,Inner-SP-KW-Creatine Gummies-creatine gummies-BM-CPC-600,391617266091470,0.5131327187336928,0,48.828180822178815,14,0,197748004457307.0,USD,2.0479976586507975,10,14,402815703536000,299.9,0.26,0,239.92,425782617077083,0,1.5,creatine gummies,10,4,6,DAILY_BUDGET,ENABLED,BROAD,8,10,205.01,Amazon,419.86,48.828180822178815,419.86,11498,10,14,14,59,Inner-SP-KW-Creatine Gummies-creatine gummies-BM-CPC-600,spTargeting,US,INNERBRIGHTNESS,spTargeting_innerbrightness_US_2026-03-21_2026-04-20.json,2026-04-21 01:59:26
40587,2026-04-21 01:59:27.050291,2026-04-21 01:59:27.050291,2026-04-13,359.88,2.059079317334728,18,BROAD,419.86,629.79,419.86,0,12,ENABLED,creatine gummies,209.93,13,700.0,20,14,3.29,21,Inner-SP-KW-Creatine Gummies-creatine gummies-BM-CPC-600,391617266091470,0.7035327937060293,0,48.565394814144405,21,0,197748004457307.0,USD,2.059079317334728,14,21,402815703536000,419.86,0.3,0,539.82,425782617077083,0,1.5,creatine gummies,13,7,11,DAILY_BUDGET,ENABLED,BROAD,17,14,305.86,Amazon,629.79,48.565394814144405,629.79,13219,13,20,20,93,Inner-SP-KW-Creatine Gummies-creatine gummies-BM-CPC-600,spTargeting,US,INNERBRIGHTNESS,spTargeting_innerbrightness_US_2026-03-21_2026-04-20.json,2026-04-21 01:59:26
40588,2026-04-21 01:59:27.050291,2026-04-21 01:59:27.050291,2026-04-14,149.95,1.1671531426347537,7,BROAD,149.95,239.92,149.95,0,5,ENABLED,creatine gummies,89.97,5,700.0,8,5,3.81,8,Inner-SP-KW-Creatine Gummies-creatine gummies-BM-CPC-600,391617266091470,0.6720597386434349,0,85.67855951983995,8,0,197748004457307.0,USD,1.1671531426347537,5,8,402815703536000,149.95,0.2,0,209.93,425782617077083,0,1.5,creatine gummies,5,3,5,DAILY_BUDGET,ENABLED,BROAD,7,5,205.56,Amazon,239.92,85.67855951983995,239.92,8035,5,8,8,54,Inner-SP-KW-Creatine Gummies-creatine gummies-BM-CPC-600,spTargeting,US,INNERBRIGHTNESS,spTargeting_innerbrightness_US_2026-03-21_2026-04-20.json,2026-04-21 01:59:26
40589,2026-04-21 01:59:27.050291,2026-04-21 01:59:27.050291,2026-04-15,89.97,2.4599610376294474,7,BROAD,89.97,239.92,89.97,0,3,ENABLED,creatine gummies,149.95,3,700.0,8,3,3.48,8,Inner-SP-KW-Creatine Gummies-creatine gummies-BM-CPC-600,391617266091470,0.546448087431694,0,40.651050350116705,8,0,197748004457307.0,USD,2.4599610376294474,3,8,402815703536000,89.97,0.12,0,209.93,425782617077083,0,1.5,creatine gummies,3,5,3,DAILY_BUDGET,ENABLED,BROAD,7,3,97.53,Amazon,239.92,40.651050350116705,239.92,5124,3,8,8,28,Inner-SP-KW-Creatine Gummies-creatine gummies-BM-CPC-600,spTargeting,US,INNERBRIGHTNESS,spTargeting_innerbrightness_US_2026-03-21_2026-04-20.json,2026-04-21 01:59:26
40590,2026-04-21 01:59:27.050291,2026-04-21 01:59:27.050291,2026-04-16,299.9,2.5896236597826867,12,BROAD,299.9,359.88,299.9,0,10,ENABLED,creatine gummies,59.98,10,700.0,12,10,3.31,12,Inner-SP-KW-Creatine Gummies-creatine gummies-BM-CPC-600,391617266091470,1.1400651465798046,0,38.61564966099811,12,0,197748004457307.0,USD,2.5896236597826867,10,12,402815703536000,299.9,0.24,0,359.88,425782617077083,0,1.5,creatine gummies,10,2,10,DAILY_BUDGET,ENABLED,BROAD,12,10,138.97,Amazon,359.88,38.61564966099811,359.88,3684,10,12,12,42,Inner-SP-KW-Creatine Gummies-creatine gummies-BM-CPC-600,spTargeting,US,INNERBRIGHTNESS,spTargeting_innerbrightness_US_2026-03-21_2026-04-20.json,2026-04-21 01:59:26
40591,2026-04-21 01:59:27.050291,2026-04-21 01:59:27.050291,2026-04-17,149.95,2.4510731789758324,9,BROAD,170.1,290.06,170.1,0,5,ENABLED,creatine gummies,119.96,5,700.0,8,6,3.82,10,Inner-SP-KW-Creatine Gummies-creatine gummies-BM-CPC-600,391617266091470,0.8771929824561403,0,40.798455491967175,10,0,197748004457307.0,USD,2.4510731789758324,6,10,402815703536000,170.1,0.89,0,269.91,425782617077083,0,1.5,creatine gummies,5,4,4,DAILY_BUDGET,ENABLED,BROAD,7,6,118.34,Amazon,290.06,40.798455491967175,290.06,3534,5,8,8,31,Inner-SP-KW-Creatine Gummies-creatine gummies-BM-CPC-600,spTargeting,US,INNERBRIGHTNESS,spTargeting_innerbrightness_US_2026-03-21_2026-04-20.json,2026-04-21 01:59:26
40595,2026-04-21 01:59:27.050291,2026-04-21 01:59:27.050291,2026-04-11,59.98,0.7867261280167891,2,TARGETING_EXPRESSION_PREDEFINED,59.98,59.98,59.98,0,2,PAUSED,close-match,0.0,2,100.0,2,2,3.31,2,Inner-SP-Auto-Creatine Gummies-CPC,506739018117344,5.373831775700935,0,127.10903634544847,2,0,197748004457307.0,USD,0.7867261280167891,2,2,519969922996681,59.98,0.21,0,59.98,557203492769823,0,1.0,close-match,2,0,2,DAILY_BUDGET,ENABLED,TARGETING_EXPRESSION_PREDEFINED,2,2,76.24,Amazon,59.98,127.10903634544847,59.98,428,2,2,2,23,Inner-SP-Auto-Creatine Gummies-CPC,spTargeting,US,INNERBRIGHTNESS,spTargeting_innerbrightness_US_2026-03-21_2026-04-20.json,2026-04-21 01:59:26
40596,2026-04-21 01:59:27.050291,2026-04-21 01:59:27.050291,2026-04-12,0.0,nan,0,TARGETING_EXPRESSION_PREDEFINED,0.0,0.0,0.0,0,0,PAUSED,close-match,0.0,0,100.0,0,0,0.0,0,Inner-SP-Auto-Creatine Gummies-CPC,506739018117344,0.0,0,nan,0,0,197748004457307.0,USD,nan,0,0,519969922996681,0.0,0.03,0,0.0,557203492769823,0,1.0,close-match,0,0,0,DAILY_BUDGET,ENABLED,TARGETING_EXPRESSION_PREDEFINED,0,0,0.0,Amazon,0.0,nan,0.0,138,0,0,0,0,Inner-SP-Auto-Creatine Gummies-CPC,spTargeting,US,INNERBRIGHTNESS,spTargeting_innerbrightness_US_2026-03-21_2026-04-20.json,2026-04-21 01:59:26
40597,2026-04-21 01:59:27.050291,2026-04-21 01:59:27.050291,2026-04-13,0.0,0.0,0,TARGETING_EXPRESSION_PREDEFINED,0.0,0.0,0.0,0,0,PAUSED,close-match,0.0,0,100.0,0,0,1.7,0,Inner-SP-Auto-Creatine Gummies-CPC,506739018117344,1.4084507042253522,0,nan,0,0,197748004457307.0,USD,0.0,0,0,519969922996681,0.0,0.01,0,0.0,557203492769823,0,1.0,close-match,0,0,0,DAILY_BUDGET,ENABLED,TARGETING_EXPRESSION_PREDEFINED,0,0,3.4,Amazon,0.0,nan,0.0,142,0,0,0,2,Inner-SP-Auto-Creatine Gummies-CPC,spTargeting,US,INNERBRIGHTNESS,spTargeting_innerbrightness_US_2026-03-21_2026-04-20.json,2026-04-21 01:59:26
40598,2026-04-21 01:59:27.050291,2026-04-21 01:59:27.050291,2026-04-14,0.0,nan,0,TARGETING_EXPRESSION_PREDEFINED,0.0,0.0,0.0,0,0,PAUSED,close-match,0.0,0,100.0,0,0,0.0,0,Inner-SP-Auto-Creatine Gummies-CPC,506739018117344,nan,0,nan,0,0,197748004457307.0,USD,nan,0,0,519969922996681,0.0,nan,0,0.0,557203492769823,0,1.0,close-match,0,0,0,DAILY_BUDGET,ENABLED,TARGETING_EXPRESSION_PREDEFINED,0,0,0.0,Amazon,0.0,nan,0.0,0,0,0,0,0,Inner-SP-Auto-Creatine Gummies-CPC,spTargeting,US,INNERBRIGHTNESS,spTargeting_innerbrightness_US_2026-03-21_2026-04-20.json,2026-04-21 01:59:26
40599,2026-04-21 01:59:27.050291,2026-04-21 01:59:27.050291,2026-04-17,0.0,nan,0,TARGETING_EXPRESSION_PREDEFINED,0.0,0.0,0.0,0,0,PAUSED,close-match,0.0,0,100.0,0,0,0.0,0,Inner-SP-Auto-Creatine Gummies-CPC,506739018117344,nan,0,nan,0,0,197748004457307.0,USD,nan,0,0,519969922996681,0.0,nan,0,0.0,557203492769823,0,1.0,close-match,0,0,0,DAILY_BUDGET,ENABLED,TARGETING_EXPRESSION_PREDEFINED,0,0,0.0,Amazon,0.0,nan,0.0,0,0,0,0,0,Inner-SP-Auto-Creatine Gummies-CPC,spTargeting,US,INNERBRIGHTNESS,spTargeting_innerbrightness_US_2026-03-21_2026-04-20.json,2026-04-21 01:59:26
40600,2026-04-21 01:59:27.050291,2026-04-21 01:59:27.050291,2026-04-11,59.98,1.161952731499419,2,BROAD,59.98,59.98,59.98,0,2,ENABLED,creatine,0.0,2,100.0,2,2,3.44,2,Inner-SP-KW-Creatine Gummies-creatine-BM-CPC-70,313950625346433,0.1355258402602096,0,86.06202067355785,2,0,197748004457307.0,USD,1.161952731499419,2,2,407556257369922,59.98,0.2,0,59.98,343251949063559,0,1.7,creatine,2,0,2,DAILY_BUDGET,ENABLED,BROAD,2,2,51.62,Amazon,59.98,86.06202067355785,59.98,11068,2,2,2,15,Inner-SP-KW-Creatine Gummies-creatine-BM-CPC-70,spTargeting,US,INNERBRIGHTNESS,spTargeting_innerbrightness_US_2026-03-21_2026-04-20.json,2026-04-21 01:59:26
40601,2026-04-21 01:59:27.050291,2026-04-21 01:59:27.050291,2026-04-12,89.97,2.228556263269639,7,BROAD,89.97,209.93,89.97,0,3,ENABLED,creatine,119.96,3,100.0,7,3,3.49,7,Inner-SP-KW-Creatine Gummies-creatine-BM-CPC-70,313950625346433,0.2514668901927913,0,44.87210022388415,7,0,197748004457307.0,USD,2.228556263269639,3,7,407556257369922,89.97,0.27,0,209.93,343251949063559,0,1.7,creatine,3,4,3,DAILY_BUDGET,ENABLED,BROAD,7,3,94.2,Amazon,209.93,44.87210022388415,209.93,10737,3,7,7,27,Inner-SP-KW-Creatine Gummies-creatine-BM-CPC-70,spTargeting,US,INNERBRIGHTNESS,spTargeting_innerbrightness_US_2026-03-21_2026-04-20.json,2026-04-21 01:59:26
40602,2026-04-21 01:59:27.050291,2026-04-21 01:59:27.050291,2026-04-13,59.98,2.1455358430693785,3,BROAD,59.98,148.75,59.98,0,2,ENABLED,creatine,88.77,2,100.0,5,2,3.3,5,Inner-SP-KW-Creatine Gummies-creatine-BM-CPC-70,313950625346433,0.1473270660867125,0,46.608403361344536,5,0,197748004457307.0,USD,2.1455358430693785,2,5,407556257369922,59.98,0.22,0,89.97,343251949063559,0,1.7,creatine,2,3,2,DAILY_BUDGET,ENABLED,BROAD,3,2,69.33,Amazon,148.75,46.608403361344536,148.75,14254,2,5,5,21,Inner-SP-KW-Creatine Gummies-creatine-BM-CPC-70,spTargeting,US,INNERBRIGHTNESS,spTargeting_innerbrightness_US_2026-03-21_2026-04-20.json,2026-04-21 01:59:26
40603,2026-04-21 01:59:27.050291,2026-04-21 01:59:27.050291,2026-04-14,119.96,1.878876474887752,6,BROAD,119.96,179.94,119.96,0,4,ENABLED,creatine,59.98,4,100.0,6,4,3.55,6,Inner-SP-KW-Creatine Gummies-creatine-BM-CPC-70,313950625346433,0.2932232841007819,0,53.22329665444037,6,0,197748004457307.0,USD,1.878876474887752,4,6,407556257369922,119.96,0.24,0,179.94,343251949063559,0,1.7,creatine,4,2,4,DAILY_BUDGET,ENABLED,BROAD,6,4,95.77,Amazon,179.94,53.22329665444037,179.94,9208,4,6,6,27,Inner-SP-KW-Creatine Gummies-creatine-BM-CPC-70,spTargeting,US,INNERBRIGHTNESS,spTargeting_innerbrightness_US_2026-03-21_2026-04-20.json,2026-04-21 01:59:26
40604,2026-04-21 01:59:27.050291,2026-04-21 01:59:27.050291,2026-04-15,29.99,0.8122968580715059,2,BROAD,29.99,59.98,29.99,0,1,ENABLED,creatine,29.99,1,100.0,2,1,3.36,2,Inner-SP-KW-Creatine Gummies-creatine-BM-CPC-70,313950625346433,0.4613126441602013,0,123.10770256752252,2,0,197748004457307.0,USD,0.8122968580715059,1,2,407556257369922,29.99,0.22,0,59.98,343251949063559,0,1.7,creatine,1,1,1,DAILY_BUDGET,ENABLED,BROAD,2,1,73.84,Amazon,59.98,123.10770256752252,59.98,4769,1,2,2,22,Inner-SP-KW-Creatine Gummies-creatine-BM-CPC-70,spTargeting,US,INNERBRIGHTNESS,spTargeting_innerbrightness_US_2026-03-21_2026-04-20.json,2026-04-21 01:59:26
40605,2026-04-21 01:59:27.050291,2026-04-21 01:59:27.050291,2026-04-16,29.99,0.5748514471918726,1,BROAD,29.99,29.99,29.99,0,1,ENABLED,creatine,0.0,1,100.0,1,1,3.26,1,Inner-SP-KW-Creatine Gummies-creatine-BM-CPC-70,313950625346433,0.3727865796831314,0,173.9579859953318,1,0,197748004457307.0,USD,0.5748514471918726,1,1,407556257369922,29.99,0.2,0,29.99,343251949063559,0,1.7,creatine,1,0,1,DAILY_BUDGET,ENABLED,BROAD,1,1,52.17,Amazon,29.99,173.9579859953318,29.99,4292,1,1,1,16,Inner-SP-KW-Creatine Gummies-creatine-BM-CPC-70,spTargeting,US,INNERBRIGHTNESS,spTargeting_innerbrightness_US_2026-03-21_2026-04-20.json,2026-04-21 01:59:26
40606,2026-04-21 01:59:27.050291,2026-04-21 01:59:27.050291,2026-04-17,29.99,1.1712556141378636,2,BROAD,29.99,59.98,29.99,0,1,ENABLED,creatine,29.99,1,100.0,2,1,2.85,2,Inner-SP-KW-Creatine Gummies-creatine-BM-CPC-70,313950625346433,0.34849951597289447,0,85.3784594864955,2,0,197748004457307.0,USD,1.1712556141378636,1,2,407556257369922,29.99,0.18,0,59.98,343251949063559,0,1.7,creatine,1,1,1,DAILY_BUDGET,ENABLED,BROAD,2,1,51.21,Amazon,59.98,85.3784594864955,59.98,5165,1,2,2,18,Inner-SP-KW-Creatine Gummies-creatine-BM-CPC-70,spTargeting,US,INNERBRIGHTNESS,spTargeting_innerbrightness_US_2026-03-21_2026-04-20.json,2026-04-21 01:59:26
40610,2026-04-21 01:59:27.050291,2026-04-21 01:59:27.050291,2026-04-11,67.77,0.8228508984944147,3,EXACT,67.77,67.77,67.77,0,3,ENABLED,inositol supplement for women,0.0,3,40.0,3,3,3.17,3,IB-SP-KW-inositol-inositol supplement for women-EM-2w,467019307309442,2.138157894736842,0,121.5287000147558,3,0,209298027301784.0,USD,0.8228508984944147,3,3,350691199184379,67.77,1.33,0,67.77,364613545350368,0,1.0,inositol supplement for women,3,0,3,DAILY_BUDGET,ENABLED,EXACT,3,3,82.36,Amazon,67.77,121.5287000147558,67.77,1216,3,3,3,26,IB-SP-KW-inositol-inositol supplement for women-EM-2w,spTargeting,US,INNERBRIGHTNESS,spTargeting_innerbrightness_US_2026-03-21_2026-04-20.json,2026-04-21 01:59:26
40611,2026-04-21 01:59:27.050291,2026-04-21 01:59:27.050291,2026-04-12,0.0,0.0,0,EXACT,0.0,0.0,0.0,0,0,ENABLED,inositol supplement for women,0.0,0,40.0,0,0,3.03,0,IB-SP-KW-inositol-inositol supplement for women-EM-2w,467019307309442,1.2933968686181077,0,nan,0,0,209298027301784.0,USD,0.0,0,0,350691199184379,0.0,1.32,0,0.0,364613545350368,0,1.0,inositol supplement for women,0,0,0,DAILY_BUDGET,ENABLED,EXACT,0,0,57.59,Amazon,0.0,nan,0.0,1469,0,0,0,19,IB-SP-KW-inositol-inositol supplement for women-EM-2w,spTargeting,US,INNERBRIGHTNESS,spTargeting_innerbrightness_US_2026-03-21_2026-04-20.json,2026-04-21 01:59:26
40612,2026-04-21 01:59:27.050291,2026-04-21 01:59:27.050291,2026-04-13,22.59,1.0625587958607714,1,EXACT,67.77,67.77,67.77,0,1,ENABLED,inositol supplement for women,0.0,3,40.0,3,3,2.9,3,IB-SP-KW-inositol-inositol supplement for women-EM-2w,467019307309442,1.334141904184354,0,94.11243913235946,3,0,209298027301784.0,USD,1.0625587958607714,3,3,350691199184379,67.77,0.93,0,22.59,364613545350368,0,1.0,inositol supplement for women,3,0,1,DAILY_BUDGET,ENABLED,EXACT,1,3,63.78,Amazon,67.77,94.11243913235946,67.77,1649,3,3,3,22,IB-SP-KW-inositol-inositol supplement for women-EM-2w,spTargeting,US,INNERBRIGHTNESS,spTargeting_innerbrightness_US_2026-03-21_2026-04-20.json,2026-04-21 01:59:26
40613,2026-04-21 01:59:27.050291,2026-04-21 01:59:27.050291,2026-04-14,112.95,1.9305335123916494,5,EXACT,158.13,158.13,158.13,0,5,ENABLED,inositol supplement for women,0.0,6,40.0,6,7,3.15,7,IB-SP-KW-inositol-inositol supplement for women-EM-2w,467019307309442,1.74496644295302,0,51.799152595965346,7,0,209298027301784.0,USD,1.9305335123916494,7,7,350691199184379,158.13,1.03,0,112.95,364613545350368,0,1.0,inositol supplement for women,6,0,4,DAILY_BUDGET,ENABLED,EXACT,4,7,81.91,Amazon,158.13,51.799152595965346,158.13,1490,6,6,6,26,IB-SP-KW-inositol-inositol supplement for women-EM-2w,spTargeting,US,INNERBRIGHTNESS,spTargeting_innerbrightness_US_2026-03-21_2026-04-20.json,2026-04-21 01:59:26
40614,2026-04-21 01:59:27.050291,2026-04-21 01:59:27.050291,2026-04-15,22.59,0.8397769516728625,1,EXACT,45.18,45.18,45.18,0,1,ENABLED,inositol supplement for women,0.0,2,40.0,2,2,2.99,2,IB-SP-KW-inositol-inositol supplement for women-EM-2w,467019307309442,2.2222222222222223,0,119.07923860115095,2,0,209298027301784.0,USD,0.8397769516728625,2,2,350691199184379,45.18,1.43,0,22.59,364613545350368,0,1.0,inositol supplement for women,2,0,1,DAILY_BUDGET,ENABLED,EXACT,1,2,53.8,Amazon,45.18,119.07923860115095,45.18,810,2,2,2,18,IB-SP-KW-inositol-inositol supplement for women-EM-2w,spTargeting,US,INNERBRIGHTNESS,spTargeting_innerbrightness_US_2026-03-21_2026-04-20.json,2026-04-21 01:59:26
40615,2026-04-21 01:59:27.050291,2026-04-21 01:59:27.050291,2026-04-16,112.95,1.7985668789808917,5,EXACT,135.54,135.54,135.54,0,5,ENABLED,inositol supplement for women,0.0,6,40.0,6,6,3.14,6,IB-SP-KW-inositol-inositol supplement for women-EM-2w,467019307309442,2.0151133501259446,0,55.59982293050022,6,0,209298027301784.0,USD,1.7985668789808917,6,6,350691199184379,135.54,1.43,0,112.95,364613545350368,0,1.0,inositol supplement for women,6,0,5,DAILY_BUDGET,ENABLED,EXACT,5,6,75.36,Amazon,135.54,55.59982293050022,135.54,1191,6,6,6,24,IB-SP-KW-inositol-inositol supplement for women-EM-2w,spTargeting,US,INNERBRIGHTNESS,spTargeting_innerbrightness_US_2026-03-21_2026-04-20.json,2026-04-21 01:59:26
40616,2026-04-21 01:59:27.050291,2026-04-21 01:59:27.050291,2026-04-17,22.59,0.43367248992129004,1,EXACT,22.59,22.59,22.59,0,1,ENABLED,inositol supplement for women,0.0,1,40.0,1,1,3.26,1,IB-SP-KW-inositol-inositol supplement for women-EM-2w,467019307309442,2.5848142164781907,0,230.58875608676405,1,0,209298027301784.0,USD,0.43367248992129004,1,1,350691199184379,22.59,2.48,0,22.59,364613545350368,0,1.0,inositol supplement for women,1,0,1,DAILY_BUDGET,ENABLED,EXACT,1,1,52.09,Amazon,22.59,230.58875608676405,22.59,619,1,1,1,16,IB-SP-KW-inositol-inositol supplement for women-EM-2w,spTargeting,US,INNERBRIGHTNESS,spTargeting_innerbrightness_US_2026-03-21_2026-04-20.json,2026-04-21 01:59:26
40620,2026-04-21 01:59:27.050291,2026-04-21 01:59:27.050291,2026-04-11,269.91,0.9047619047619047,12,EXACT,290.06,389.87,290.06,0,9,ENABLED,creatine,119.96,9,300.0,13,10,4.93,14,Inner-SP-KW-Creatine Gummies-creatine-EM-CPC-60,427396974780100,0.7457242441436329,0,110.5263157894737,14,0,197748004457307.0,USD,0.8602983362019506,10,13,365290665079448,269.91,1.2,0,359.88,531228150922353,0,2.3,creatine,10,4,9,DAILY_BUDGET,ENABLED,EXACT,12,9,453.18,Amazon,410.02,116.23874624874959,410.02,12337,10,14,14,92,Inner-SP-KW-Creatine Gummies-creatine-EM-CPC-60,spTargeting,US,INNERBRIGHTNESS,spTargeting_innerbrightness_US_2026-03-21_2026-04-20.json,2026-04-21 01:59:26
40621,2026-04-21 01:59:27.050291,2026-04-21 01:59:27.050291,2026-04-12,299.9,1.1754336197114605,15,EXACT,410.02,539.82,410.02,0,10,ENABLED,creatine,149.95,13,300.0,18,14,4.66,20,Inner-SP-KW-Creatine Gummies-creatine-EM-CPC-60,427396974780100,0.8312421580928481,0,85.07498707119461,20,0,197748004457307.0,USD,1.0938158534608529,14,18,365290665079448,389.87,1.09,0,449.85,531228150922353,0,2.3,creatine,14,5,10,DAILY_BUDGET,ENABLED,EXACT,15,13,493.52,Amazon,580.1,91.423066948242,580.1,12752,14,20,20,106,Inner-SP-KW-Creatine Gummies-creatine-EM-CPC-60,spTargeting,US,INNERBRIGHTNESS,spTargeting_innerbrightness_US_2026-03-21_2026-04-20.json,2026-04-21 01:59:26
40622,2026-04-21 01:59:27.050291,2026-04-21 01:59:27.050291,2026-04-13,209.93,1.7672362993517974,10,EXACT,239.92,359.88,239.92,0,7,ENABLED,creatine,119.96,8,300.0,12,8,4.63,12,Inner-SP-KW-Creatine Gummies-creatine-EM-CPC-60,427396974780100,0.7743752199929602,0,56.58552850950317,12,0,197748004457307.0,USD,1.7672362993517974,8,12,365290665079448,239.92,0.55,0,299.9,531228150922353,0,2.3,creatine,8,4,7,DAILY_BUDGET,ENABLED,EXACT,10,8,203.64,Amazon,359.88,56.58552850950317,359.88,5682,8,12,12,44,Inner-SP-KW-Creatine Gummies-creatine-EM-CPC-60,spTargeting,US,INNERBRIGHTNESS,spTargeting_innerbrightness_US_2026-03-21_2026-04-20.json,2026-04-21 01:59:26
40623,2026-04-21 01:59:27.050291,2026-04-21 01:59:27.050291,2026-04-14,119.96,2.1191018293161656,7,EXACT,179.94,269.91,179.94,0,4,ENABLED,creatine,89.97,6,300.0,9,6,4.39,9,Inner-SP-KW-Creatine Gummies-creatine-EM-CPC-60,427396974780100,0.7487735605473793,0,47.18980400874365,9,0,197748004457307.0,USD,2.1191018293161656,6,9,365290665079448,179.94,0.43,0,209.93,531228150922353,0,2.3,creatine,6,3,4,DAILY_BUDGET,ENABLED,EXACT,7,6,127.37,Amazon,269.91,47.18980400874365,269.91,3873,6,9,9,29,Inner-SP-KW-Creatine Gummies-creatine-EM-CPC-60,spTargeting,US,INNERBRIGHTNESS,spTargeting_innerbrightness_US_2026-03-21_2026-04-20.json,2026-04-21 01:59:26
40624,2026-04-21 01:59:27.050291,2026-04-21 01:59:27.050291,2026-04-15,89.97,2.0088995215311005,7,EXACT,89.97,209.93,89.97,0,3,ENABLED,creatine,119.96,3,300.0,7,3,4.54,7,Inner-SP-KW-Creatine Gummies-creatine-EM-CPC-60,427396974780100,0.6222943722943723,0,49.77849759443624,7,0,197748004457307.0,USD,2.0088995215311005,3,7,365290665079448,89.97,0.31,0,209.93,531228150922353,0,2.3,creatine,3,4,3,DAILY_BUDGET,ENABLED,EXACT,7,3,104.5,Amazon,209.93,49.77849759443624,209.93,3696,3,7,7,23,Inner-SP-KW-Creatine Gummies-creatine-EM-CPC-60,spTargeting,US,INNERBRIGHTNESS,spTargeting_innerbrightness_US_2026-03-21_2026-04-20.json,2026-04-21 01:59:26
40625,2026-04-21 01:59:27.050291,2026-04-21 01:59:27.050291,2026-04-16,119.96,1.2562133482267521,6,EXACT,119.96,179.94,119.96,0,4,ENABLED,creatine,59.98,4,300.0,6,4,3.77,6,Inner-SP-KW-Creatine Gummies-creatine-EM-CPC-60,427396974780100,0.5982367758186398,0,79.60431254862733,6,0,197748004457307.0,USD,1.2562133482267521,4,6,365290665079448,119.96,0.27,0,179.94,531228150922353,0,2.3,creatine,4,2,4,DAILY_BUDGET,ENABLED,EXACT,6,4,143.24,Amazon,179.94,79.60431254862733,179.94,6352,4,6,6,38,Inner-SP-KW-Creatine Gummies-creatine-EM-CPC-60,spTargeting,US,INNERBRIGHTNESS,spTargeting_innerbrightness_US_2026-03-21_2026-04-20.json,2026-04-21 01:59:26
40626,2026-04-21 01:59:27.050291,2026-04-21 01:59:27.050291,2026-04-17,209.93,2.168239323408122,9,EXACT,250.23,310.21,250.23,0,7,ENABLED,creatine,59.98,9,300.0,11,9,4.09,11,Inner-SP-KW-Creatine Gummies-creatine-EM-CPC-60,427396974780100,0.5210659520619324,0,46.12037007188678,11,0,197748004457307.0,USD,2.168239323408122,9,11,365290665079448,250.23,0.32,0,269.91,531228150922353,0,2.3,creatine,9,2,7,DAILY_BUDGET,ENABLED,EXACT,9,9,143.07,Amazon,310.21,46.12037007188678,310.21,6717,9,11,11,35,Inner-SP-KW-Creatine Gummies-creatine-EM-CPC-60,spTargeting,US,INNERBRIGHTNESS,spTargeting_innerbrightness_US_2026-03-21_2026-04-20.json,2026-04-21 01:59:26
40630,2026-04-21 01:59:27.050291,2026-04-21 01:59:27.050291,2026-04-11,0.0,0.0,0,EXACT,0.0,0.0,0.0,0,0,ENABLED,berberine with ceylon cinnamon,0.0,0,150.0,0,0,3.41,0,Inner-SP-KW-Berberine Capsules-EM-berberine with ceylon cinnamon-1w,486037133623874,33.33333333333333,0,nan,0,0,189812334889736.0,USD,0.0,0,0,519438190071766,0.0,0.0,0,0.0,553363763288089,0,1.1,berberine with ceylon cinnamon,0,0,0,DAILY_BUDGET,ENABLED,EXACT,0,0,3.41,Amazon,0.0,nan,0.0,3,0,0,0,1,Inner-SP-KW-Berberine Capsules-EM-berberine with ceylon cinnamon-1w,spTargeting,US,INNERBRIGHTNESS,spTargeting_innerbrightness_US_2026-03-21_2026-04-20.json,2026-04-21 01:59:26
40631,2026-04-21 01:59:27.050291,2026-04-21 01:59:27.050291,2026-04-12,0.0,0.0,0,EXACT,0.0,0.0,0.0,0,0,ENABLED,berberine with ceylon cinnamon,0.0,0,150.0,0,0,3.63,0,Inner-SP-KW-Berberine Capsules-EM-berberine with ceylon cinnamon-1w,486037133623874,1.9417475728155338,0,nan,0,0,189812334889736.0,USD,0.0,0,0,519438190071766,0.0,0.06,0,0.0,553363763288089,0,1.1,berberine with ceylon cinnamon,0,0,0,DAILY_BUDGET,ENABLED,EXACT,0,0,7.26,Amazon,0.0,nan,0.0,103,0,0,0,2,Inner-SP-KW-Berberine Capsules-EM-berberine with ceylon cinnamon-1w,spTargeting,US,INNERBRIGHTNESS,spTargeting_innerbrightness_US_2026-03-21_2026-04-20.json,2026-04-21 01:59:26
40632,2026-04-21 01:59:27.050291,2026-04-21 01:59:27.050291,2026-04-13,0.0,0.0,0,EXACT,0.0,0.0,0.0,0,0,ENABLED,berberine with ceylon cinnamon,0.0,0,150.0,0,0,3.63,0,Inner-SP-KW-Berberine Capsules-EM-berberine with ceylon cinnamon-1w,486037133623874,1.1952191235059761,0,nan,0,0,189812334889736.0,USD,0.0,0,0,519438190071766,0.0,0.25,0,0.0,553363763288089,0,1.1,berberine with ceylon cinnamon,0,0,0,DAILY_BUDGET,ENABLED,EXACT,0,0,10.89,Amazon,0.0,nan,0.0,251,0,0,0,3,Inner-SP-KW-Berberine Capsules-EM-berberine with ceylon cinnamon-1w,spTargeting,US,INNERBRIGHTNESS,spTargeting_innerbrightness_US_2026-03-21_2026-04-20.json,2026-04-21 01:59:26
40633,2026-04-21 01:59:27.050291,2026-04-21 01:59:27.050291,2026-04-14,0.0,0.0,0,EXACT,0.0,0.0,0.0,0,0,ENABLED,berberine with ceylon cinnamon,0.0,0,150.0,0,0,4.29,0,Inner-SP-KW-Berberine Capsules-EM-berberine with ceylon cinnamon-1w,486037133623874,1.7421602787456445,0,nan,0,0,189812334889736.0,USD,0.0,0,0,519438190071766,0.0,0.32,0,0.0,553363763288089,0,1.1,berberine with ceylon cinnamon,0,0,0,DAILY_BUDGET,ENABLED,EXACT,0,0,21.45,Amazon,0.0,nan,0.0,287,0,0,0,5,Inner-SP-KW-Berberine Capsules-EM-berberine with ceylon cinnamon-1w,spTargeting,US,INNERBRIGHTNESS,spTargeting_innerbrightness_US_2026-03-21_2026-04-20.json,2026-04-21 01:59:26
40634,2026-04-21 01:59:27.050291,2026-04-21 01:59:27.050291,2026-04-15,48.98,1.7455452601568069,2,EXACT,48.98,48.98,48.98,0,2,ENABLED,berberine with ceylon cinnamon,0.0,2,150.0,2,2,4.01,2,Inner-SP-KW-Berberine Capsules-EM-berberine with ceylon cinnamon-1w,486037133623874,1.2411347517730498,0,57.28868926092283,2,0,189812334889736.0,USD,1.7455452601568069,2,2,519438190071766,48.98,0.59,0,48.98,553363763288089,0,1.1,berberine with ceylon cinnamon,2,0,2,DAILY_BUDGET,ENABLED,EXACT,2,2,28.06,Amazon,48.98,57.28868926092283,48.98,564,2,2,2,7,Inner-SP-KW-Berberine Capsules-EM-berberine with ceylon cinnamon-1w,spTargeting,US,INNERBRIGHTNESS,spTargeting_innerbrightness_US_2026-03-21_2026-04-20.json,2026-04-21 01:59:26
40635,2026-04-21 01:59:27.050291,2026-04-21 01:59:27.050291,2026-04-16,48.98,1.3631911854723526,2,EXACT,66.81,66.81,66.81,0,2,ENABLED,berberine with ceylon cinnamon,0.0,3,150.0,3,3,3.77,3,Inner-SP-KW-Berberine Capsules-EM-berberine with ceylon cinnamon-1w,486037133623874,0.7336343115124153,0,73.35728184403531,3,0,189812334889736.0,USD,1.3631911854723526,3,3,519438190071766,66.81,1.71,0,48.98,553363763288089,0,1.1,berberine with ceylon cinnamon,3,0,2,DAILY_BUDGET,ENABLED,EXACT,2,3,49.01,Amazon,66.81,73.35728184403531,66.81,1772,3,3,3,13,Inner-SP-KW-Berberine Capsules-EM-berberine with ceylon cinnamon-1w,spTargeting,US,INNERBRIGHTNESS,spTargeting_innerbrightness_US_2026-03-21_2026-04-20.json,2026-04-21 01:59:26
40636,2026-04-21 01:59:27.050291,2026-04-21 01:59:27.050291,2026-04-17,48.98,1.2597736625514402,2,EXACT,48.98,48.98,48.98,0,2,ENABLED,berberine with ceylon cinnamon,0.0,2,150.0,2,2,3.89,2,Inner-SP-KW-Berberine Capsules-EM-berberine with ceylon cinnamon-1w,486037133623874,0.33400133600534404,0,79.37933850551246,2,0,189812334889736.0,USD,1.2597736625514402,2,2,519438190071766,48.98,3.95,0,48.98,553363763288089,0,1.1,berberine with ceylon cinnamon,2,0,2,DAILY_BUDGET,ENABLED,EXACT,2,2,38.88,Amazon,48.98,79.37933850551246,48.98,2994,2,2,2,10,Inner-SP-KW-Berberine Capsules-EM-berberine with ceylon cinnamon-1w,spTargeting,US,INNERBRIGHTNESS,spTargeting_innerbrightness_US_2026-03-21_2026-04-20.json,2026-04-21 01:59:26
40640,2026-04-21 01:59:27.050291,2026-04-21 01:59:27.050291,2026-04-11,79.96,0.6261286161783673,4,PHRASE,135.92,135.92,135.92,0,4,ENABLED,magnesium glycinate,0.0,8,1.0,8,8,3.02,8,Inner-SP-KW-gumm-magnesium glaycinate-PM-CPC-56,399896724869227,1.122894572676232,0,159.71159505591527,8,0,269179459475581.0,USD,0.6261286161783673,8,8,369202946261989,135.92,1.09,0,79.96,423666555472075,0,1.0,magnesium glycinate,8,0,4,DAILY_BUDGET,ENABLED,PHRASE,4,8,217.08,Amazon,135.92,159.71159505591527,135.92,6412,8,8,8,72,Inner-SP-KW-gumm-magnesium glaycinate-PM-CPC-56,spTargeting,US,INNERBRIGHTNESS,spTargeting_innerbrightness_US_2026-03-21_2026-04-20.json,2026-04-21 01:59:26
40641,2026-04-21 01:59:27.050291,2026-04-21 01:59:27.050291,2026-04-12,287.85,1.0662969004893963,15,PHRASE,301.84,326.82,301.84,0,15,ENABLED,magnesium glycinate,24.98,16,1.0,17,16,2.86,17,Inner-SP-KW-gumm-magnesium glaycinate-PM-CPC-56,399896724869227,1.281744130330618,0,93.78251025029068,17,0,269179459475581.0,USD,1.0662969004893963,16,17,369202946261989,301.84,1.3,0,287.85,423666555472075,0,1.0,magnesium glycinate,16,1,15,DAILY_BUDGET,ENABLED,PHRASE,15,16,306.5,Amazon,326.82,93.78251025029068,326.82,8348,16,17,17,107,Inner-SP-KW-gumm-magnesium glaycinate-PM-CPC-56,spTargeting,US,INNERBRIGHTNESS,spTargeting_innerbrightness_US_2026-03-21_2026-04-20.json,2026-04-21 01:59:26
40642,2026-04-21 01:59:27.050291,2026-04-21 01:59:27.050291,2026-04-13,223.84,1.3958868894601544,18,PHRASE,237.83,287.79,237.83,0,16,ENABLED,magnesium glycinate,49.96,16,1.0,18,17,2.61,19,Inner-SP-KW-gumm-magnesium glaycinate-PM-CPC-56,399896724869227,1.4066951566951567,0,71.63904235727439,19,0,269179459475581.0,USD,1.3958868894601544,17,19,369202946261989,237.83,0.98,0,273.8,423666555472075,0,1.0,magnesium glycinate,16,2,15,DAILY_BUDGET,ENABLED,PHRASE,17,17,206.17,Amazon,287.79,71.63904235727439,287.79,5616,16,18,18,79,Inner-SP-KW-gumm-magnesium glaycinate-PM-CPC-56,spTargeting,US,INNERBRIGHTNESS,spTargeting_innerbrightness_US_2026-03-21_2026-04-20.json,2026-04-21 01:59:26
40643,2026-04-21 01:59:27.050291,2026-04-21 01:59:27.050291,2026-04-14,251.82,1.2684187850064628,21,PHRASE,307.78,382.72,307.78,0,18,ENABLED,magnesium glycinate,74.94,21,1.0,24,22,2.82,25,Inner-SP-KW-gumm-magnesium glaycinate-PM-CPC-56,399896724869227,1.735041349116264,0,78.83831521739131,25,0,269179459475581.0,USD,1.2684187850064628,22,25,369202946261989,307.78,1.2,0,326.76,423666555472075,0,1.0,magnesium glycinate,21,3,17,DAILY_BUDGET,ENABLED,PHRASE,20,22,301.73,Amazon,382.72,78.83831521739131,382.72,6167,21,24,24,107,Inner-SP-KW-gumm-magnesium glaycinate-PM-CPC-56,spTargeting,US,INNERBRIGHTNESS,spTargeting_innerbrightness_US_2026-03-21_2026-04-20.json,2026-04-21 01:59:26
40644,2026-04-21 01:59:27.050291,2026-04-21 01:59:27.050291,2026-04-15,223.84,1.1420408163265308,16,PHRASE,237.83,237.83,237.83,0,16,ENABLED,magnesium glycinate,0.0,17,1.0,17,17,2.51,17,Inner-SP-KW-gumm-magnesium glaycinate-PM-CPC-56,399896724869227,1.5866947046453834,0,87.56254467476768,17,0,269179459475581.0,USD,1.1420408163265308,17,17,369202946261989,237.83,0.87,0,223.84,423666555472075,0,1.0,magnesium glycinate,17,0,16,DAILY_BUDGET,ENABLED,PHRASE,16,17,208.25,Amazon,237.83,87.56254467476768,237.83,5231,17,17,17,83,Inner-SP-KW-gumm-magnesium glaycinate-PM-CPC-56,spTargeting,US,INNERBRIGHTNESS,spTargeting_innerbrightness_US_2026-03-21_2026-04-20.json,2026-04-21 01:59:26
40645,2026-04-21 01:59:27.050291,2026-04-21 01:59:27.050291,2026-04-16,237.83,1.4016557688251425,17,PHRASE,265.81,265.81,265.81,0,17,ENABLED,magnesium glycinate,0.0,18,1.0,18,19,2.23,19,Inner-SP-KW-gumm-magnesium glaycinate-PM-CPC-56,399896724869227,1.716824883861846,0,71.34419322072156,19,0,269179459475581.0,USD,1.4016557688251425,19,19,369202946261989,265.81,1.07,0,237.83,423666555472075,0,1.0,magnesium glycinate,18,0,16,DAILY_BUDGET,ENABLED,PHRASE,16,19,189.64,Amazon,265.81,71.34419322072156,265.81,4951,18,18,18,85,Inner-SP-KW-gumm-magnesium glaycinate-PM-CPC-56,spTargeting,US,INNERBRIGHTNESS,spTargeting_innerbrightness_US_2026-03-21_2026-04-20.json,2026-04-21 01:59:26
40646,2026-04-21 01:59:27.050291,2026-04-21 01:59:27.050291,2026-04-17,167.88,1.345723798638374,13,PHRASE,195.86,270.8,195.86,0,12,ENABLED,magnesium glycinate,74.94,13,1.0,16,14,2.52,17,Inner-SP-KW-gumm-magnesium glaycinate-PM-CPC-56,399896724869227,2.320185614849188,0,74.30945347119645,17,0,269179459475581.0,USD,1.345723798638374,14,17,369202946261989,195.86,1.01,0,192.86,423666555472075,0,1.0,magnesium glycinate,13,3,11,DAILY_BUDGET,ENABLED,PHRASE,12,14,201.23,Amazon,270.8,74.30945347119645,270.8,3448,13,16,16,80,Inner-SP-KW-gumm-magnesium glaycinate-PM-CPC-56,spTargeting,US,INNERBRIGHTNESS,spTargeting_innerbrightness_US_2026-03-21_2026-04-20.json,2026-04-21 01:59:26
40650,2026-04-21 01:59:27.050291,2026-04-21 01:59:27.050291,2026-04-11,0.0,0.0,0,EXACT,0.0,0.0,0.0,0,0,PAUSED,magnesium,0.0,0,300.0,0,0,3.0,0,Inner-SP-KW-gumm-magnesium-EM-CPC-222,423904171460856,0.6041079339508658,0,nan,0,0,269179459475581.0,USD,0.0,0,0,496504625848680,0.0,0.0,0,0.0,515353240338806,0,1.0,magnesium,0,0,0,DAILY_BUDGET,ENABLED,EXACT,0,0,45.0,Amazon,0.0,nan,0.0,2483,0,0,0,15,Inner-SP-KW-gumm-magnesium-EM-CPC-222,spTargeting,US,INNERBRIGHTNESS,spTargeting_innerbrightness_US_2026-03-21_2026-04-20.json,2026-04-21 01:59:26
40651,2026-04-21 01:59:27.050291,2026-04-21 01:59:27.050291,2026-04-12,53.97,0.6673673797452702,3,EXACT,53.97,53.97,53.97,0,3,PAUSED,magnesium,0.0,3,300.0,3,3,2.89,3,Inner-SP-KW-gumm-magnesium-EM-CPC-222,423904171460856,0.9402283411685695,0,149.84250509542338,3,0,269179459475581.0,USD,0.6673673797452702,3,3,496504625848680,53.97,0.0,0,53.97,515353240338806,0,1.0,magnesium,3,0,3,DAILY_BUDGET,ENABLED,EXACT,3,3,80.87,Amazon,53.97,149.84250509542338,53.97,2978,3,3,3,28,Inner-SP-KW-gumm-magnesium-EM-CPC-222,spTargeting,US,INNERBRIGHTNESS,spTargeting_innerbrightness_US_2026-03-21_2026-04-20.json,2026-04-21 01:59:26
40654,2026-04-21 01:59:27.050291,2026-04-21 01:59:27.050291,2026-04-11,0.0,0.0,0,EXACT,0.0,0.0,0.0,0,0,PAUSED,magnesium glycinate,0.0,0,100.0,0,0,2.06,0,Inner-SP-KW-gumm-magnesium glycinate-EM-54,298402294383592,0.18337408312958436,0,nan,0,0,269179459475581.0,USD,0.0,0,0,340977619538363,0.0,0.0,0,0.0,401692569369608,0,1.9,magnesium glycinate,0,0,0,DAILY_BUDGET,ENABLED,EXACT,0,0,6.17,Amazon,0.0,nan,0.0,1636,0,0,0,3,Inner-SP-KW-gumm-magnesium glycinate-EM-54,spTargeting,US,INNERBRIGHTNESS,spTargeting_innerbrightness_US_2026-03-21_2026-04-20.json,2026-04-21 01:59:26
40655,2026-04-21 01:59:27.050291,2026-04-21 01:59:27.050291,2026-04-12,19.99,4.04212299915754,2,EXACT,19.99,47.98,19.99,0,1,PAUSED,magnesium glycinate,27.99,1,100.0,2,1,1.98,2,Inner-SP-KW-gumm-magnesium glycinate-EM-54,298402294383592,0.34662045060658575,0,24.739474781158815,2,0,269179459475581.0,USD,4.04212299915754,1,2,340977619538363,19.99,0.0,0,47.98,401692569369608,0,1.9,magnesium glycinate,1,1,1,DAILY_BUDGET,ENABLED,EXACT,2,1,11.87,Amazon,47.98,24.739474781158815,47.98,1731,1,2,2,6,Inner-SP-KW-gumm-magnesium glycinate-EM-54,spTargeting,US,INNERBRIGHTNESS,spTargeting_innerbrightness_US_2026-03-21_2026-04-20.json,2026-04-21 01:59:26
40656,2026-04-21 01:59:27.050291,2026-04-21 01:59:27.050291,2026-04-13,125.91,1.5253084466940843,10,EXACT,167.88,192.86,167.88,0,9,PAUSED,magnesium glycinate,24.98,9,100.0,10,12,2.48,13,Inner-SP-KW-gumm-magnesium glycinate-EM-54,298402294383592,1.48471615720524,0,65.56051021466348,13,0,269179459475581.0,USD,1.5253084466940843,12,13,340977619538363,167.88,0.11,0,150.89,401692569369608,0,1.9,magnesium glycinate,9,1,6,DAILY_BUDGET,ENABLED,EXACT,7,12,126.44,Amazon,192.86,65.56051021466348,192.86,3435,9,10,10,51,Inner-SP-KW-gumm-magnesium glycinate-EM-54,spTargeting,US,INNERBRIGHTNESS,spTargeting_innerbrightness_US_2026-03-21_2026-04-20.json,2026-04-21 01:59:26
40657,2026-04-21 01:59:27.050291,2026-04-21 01:59:27.050291,2026-04-14,97.93,1.381555572719549,7,EXACT,153.89,178.87,153.89,0,7,PAUSED,magnesium glycinate,24.98,11,100.0,12,11,2.64,12,Inner-SP-KW-gumm-magnesium glycinate-EM-54,298402294383592,1.8553578190079516,0,72.3821770000559,12,0,269179459475581.0,USD,1.381555572719549,11,12,340977619538363,153.89,0.14,0,97.93,401692569369608,0,1.9,magnesium glycinate,11,1,7,DAILY_BUDGET,ENABLED,EXACT,7,11,129.47,Amazon,178.87,72.3821770000559,178.87,2641,11,12,12,49,Inner-SP-KW-gumm-magnesium glycinate-EM-54,spTargeting,US,INNERBRIGHTNESS,spTargeting_innerbrightness_US_2026-03-21_2026-04-20.json,2026-04-21 01:59:26
40658,2026-04-21 01:59:27.050291,2026-04-21 01:59:27.050291,2026-04-15,41.97,0.6169337057180655,3,EXACT,41.97,41.97,41.97,0,3,PAUSED,magnesium glycinate,0.0,3,100.0,3,3,2.62,3,Inner-SP-KW-gumm-magnesium glycinate-EM-54,298402294383592,1.015625,0,162.09197045508697,3,0,269179459475581.0,USD,0.6169337057180655,3,3,340977619538363,41.97,0.08,0,41.97,401692569369608,0,1.9,magnesium glycinate,3,0,3,DAILY_BUDGET,ENABLED,EXACT,3,3,68.03,Amazon,41.97,162.09197045508697,41.97,2560,3,3,3,26,Inner-SP-KW-gumm-magnesium glycinate-EM-54,spTargeting,US,INNERBRIGHTNESS,spTargeting_innerbrightness_US_2026-03-21_2026-04-20.json,2026-04-21 01:59:26
40659,2026-04-21 01:59:27.050291,2026-04-21 01:59:27.050291,2026-04-16,0.0,nan,0,EXACT,0.0,0.0,0.0,0,0,PAUSED,magnesium glycinate,0.0,0,100.0,0,0,0.0,0,Inner-SP-KW-gumm-magnesium glycinate-EM-54,298402294383592,nan,0,nan,0,0,269179459475581.0,USD,nan,0,0,340977619538363,0.0,nan,0,0.0,401692569369608,0,1.9,magnesium glycinate,0,0,0,DAILY_BUDGET,ENABLED,EXACT,0,0,0.0,Amazon,0.0,nan,0.0,0,0,0,0,0,Inner-SP-KW-gumm-magnesium glycinate-EM-54,spTargeting,US,INNERBRIGHTNESS,spTargeting_innerbrightness_US_2026-03-21_2026-04-20.json,2026-04-21 01:59:26
40660,2026-04-21 01:59:27.050291,2026-04-21 01:59:27.050291,2026-04-17,0.0,nan,0,EXACT,0.0,0.0,0.0,0,0,PAUSED,magnesium glycinate,0.0,0,100.0,0,0,0.0,0,Inner-SP-KW-gumm-magnesium glycinate-EM-54,298402294383592,nan,0,nan,0,0,269179459475581.0,USD,nan,0,0,340977619538363,0.0,nan,0,0.0,401692569369608,0,1.9,magnesium glycinate,0,0,0,DAILY_BUDGET,ENABLED,EXACT,0,0,0.0,Amazon,0.0,nan,0.0,0,0,0,0,0,Inner-SP-KW-gumm-magnesium glycinate-EM-54,spTargeting,US,INNERBRIGHTNESS,spTargeting_innerbrightness_US_2026-03-21_2026-04-20.json,2026-04-21 01:59:26
40664,2026-04-21 01:59:27.050291,2026-04-21 01:59:27.050291,2026-04-11,619.69,0.9291316748534304,33,TARGETING_EXPRESSION_PREDEFINED,647.67,703.65,647.67,0,31,ENABLED,close-match,55.98,33,1300.0,35,33,3.26,35,Inner-SP-Auto-gumm-magnesium-CPC-Low bid,558606714617685,2.2101552824616557,0,107.62737156256664,35,0,269179459475581.0,USD,0.9291316748534304,33,35,551282443934041,647.67,0.83,0,675.67,285469202359062,0,1.0,close-match,33,2,31,DAILY_BUDGET,ENABLED,TARGETING_EXPRESSION_PREDEFINED,33,33,757.32,Amazon,703.65,107.62737156256664,703.65,10497,33,35,35,232,Inner-SP-Auto-gumm-magnesium-CPC-Low bid,spTargeting,US,INNERBRIGHTNESS,spTargeting_innerbrightness_US_2026-03-21_2026-04-20.json,2026-04-21 01:59:26
40665,2026-04-21 01:59:27.050291,2026-04-21 01:59:27.050291,2026-04-12,1153.42,1.274174666354484,66,TARGETING_EXPRESSION_PREDEFINED,1307.31,1564.19,1307.31,0,58,ENABLED,close-match,270.87,64,1300.0,74,69,3.24,79,Inner-SP-Auto-gumm-magnesium-CPC-Low bid,558606714617685,2.7800014554981445,0,78.48217567070928,79,0,269179459475581.0,USD,1.2628795646662738,69,78,551282443934041,1293.32,0.99,0,1374.33,285469202359062,0,1.0,close-match,65,10,55,DAILY_BUDGET,ENABLED,TARGETING_EXPRESSION_PREDEFINED,63,68,1238.59,Amazon,1578.18,79.18411446179812,1578.18,13741,65,75,75,382,Inner-SP-Auto-gumm-magnesium-CPC-Low bid,spTargeting,US,INNERBRIGHTNESS,spTargeting_innerbrightness_US_2026-03-21_2026-04-20.json,2026-04-21 01:59:26
40666,2026-04-21 01:59:27.050291,2026-04-21 01:59:27.050291,2026-04-13,741.47,1.242382467758352,58,TARGETING_EXPRESSION_PREDEFINED,839.4,950.31,839.4,0,53,ENABLED,close-match,124.9,55,1300.0,60,60,3.29,65,Inner-SP-Auto-gumm-magnesium-CPC-Low bid,558606714617685,5.707376058041112,0,80.49051125168516,65,0,269179459475581.0,USD,1.2243580658876276,60,64,551282443934041,825.41,0.74,0,866.37,285469202359062,0,1.0,close-match,56,5,49,DAILY_BUDGET,ENABLED,TARGETING_EXPRESSION_PREDEFINED,54,59,776.17,Amazon,964.3,81.67545327314245,964.3,4135,56,61,61,236,Inner-SP-Auto-gumm-magnesium-CPC-Low bid,spTargeting,US,INNERBRIGHTNESS,spTargeting_innerbrightness_US_2026-03-21_2026-04-20.json,2026-04-21 01:59:26
40667,2026-04-21 01:59:27.050291,2026-04-21 01:59:27.050291,2026-04-14,167.88,1.1400083476325187,14,TARGETING_EXPRESSION_PREDEFINED,195.86,245.82,195.86,0,12,ENABLED,close-match,49.96,14,1300.0,16,14,2.99,16,Inner-SP-Auto-gumm-magnesium-CPC-Low bid,558606714617685,9.171974522292993,0,87.71865592710112,16,0,269179459475581.0,USD,1.1400083476325187,14,16,551282443934041,195.86,0.29,0,217.84,285469202359062,0,1.0,close-match,14,2,12,DAILY_BUDGET,ENABLED,TARGETING_EXPRESSION_PREDEFINED,14,14,215.63,Amazon,245.82,87.71865592710112,245.82,785,14,16,16,72,Inner-SP-Auto-gumm-magnesium-CPC-Low bid,spTargeting,US,INNERBRIGHTNESS,spTargeting_innerbrightness_US_2026-03-21_2026-04-20.json,2026-04-21 01:59:26
40668,2026-04-21 01:59:27.050291,2026-04-21 01:59:27.050291,2026-04-15,405.71,1.4795390976529246,30,TARGETING_EXPRESSION_PREDEFINED,461.67,486.65,461.67,0,29,ENABLED,close-match,24.98,32,1300.0,33,33,2.91,34,Inner-SP-Auto-gumm-magnesium-CPC-Low bid,558606714617685,6.623681125439624,0,67.58861604849483,34,0,269179459475581.0,USD,1.4795390976529246,33,34,551282443934041,461.67,0.35,0,430.69,285469202359062,0,1.0,close-match,32,1,28,DAILY_BUDGET,ENABLED,TARGETING_EXPRESSION_PREDEFINED,29,33,328.92,Amazon,486.65,67.58861604849483,486.65,1706,32,33,33,113,Inner-SP-Auto-gumm-magnesium-CPC-Low bid,spTargeting,US,INNERBRIGHTNESS,spTargeting_innerbrightness_US_2026-03-21_2026-04-20.json,2026-04-21 01:59:26
40669,2026-04-21 01:59:27.050291,2026-04-21 01:59:27.050291,2026-04-16,377.73,1.4268230494645588,27,TARGETING_EXPRESSION_PREDEFINED,391.72,391.72,391.72,0,27,ENABLED,close-match,0.0,26,1300.0,26,28,2.72,28,Inner-SP-Auto-gumm-magnesium-CPC-Low bid,558606714617685,4.9412915851272015,0,70.08577555396712,28,0,269179459475581.0,USD,1.4268230494645588,28,28,551282443934041,391.72,0.34,0,377.73,285469202359062,0,1.0,close-match,26,0,25,DAILY_BUDGET,ENABLED,TARGETING_EXPRESSION_PREDEFINED,25,28,274.54,Amazon,391.72,70.08577555396712,391.72,2044,26,26,26,101,Inner-SP-Auto-gumm-magnesium-CPC-Low bid,spTargeting,US,INNERBRIGHTNESS,spTargeting_innerbrightness_US_2026-03-21_2026-04-20.json,2026-04-21 01:59:26
40670,2026-04-21 01:59:27.050291,2026-04-21 01:59:27.050291,2026-04-17,209.85,1.2852411063793177,18,TARGETING_EXPRESSION_PREDEFINED,223.84,298.78,223.84,0,15,ENABLED,close-match,74.94,15,1300.0,18,16,2.8,19,Inner-SP-Auto-gumm-magnesium-CPC-Low bid,558606714617685,6.561264822134387,0,77.80641274516368,19,0,269179459475581.0,USD,1.2852411063793177,16,19,551282443934041,223.84,0.35,0,284.79,285469202359062,0,1.0,close-match,15,3,14,DAILY_BUDGET,ENABLED,TARGETING_EXPRESSION_PREDEFINED,17,16,232.47,Amazon,298.78,77.80641274516368,298.78,1265,15,18,18,83,Inner-SP-Auto-gumm-magnesium-CPC-Low bid,spTargeting,US,INNERBRIGHTNESS,spTargeting_innerbrightness_US_2026-03-21_2026-04-20.json,2026-04-21 01:59:26
40674,2026-04-21 01:59:27.050291,2026-04-21 01:59:27.050291,2026-04-15,0.0,nan,0,PHRASE,0.0,0.0,0.0,0,0,PAUSED,magnesium,0.0,0,1.0,0,0,0.0,0,Inner-SP-KW-gumm-magnesium gummies-PM-CPC-7k,379771125260003,nan,0,nan,0,0,269179459475581.0,USD,nan,0,0,333347793047396,0.0,nan,0,0.0,406213779278243,0,2.0,magnesium,0,0,0,DAILY_BUDGET,ENABLED,PHRASE,0,0,0.0,Amazon,0.0,nan,0.0,0,0,0,0,0,Inner-SP-KW-gumm-magnesium-PM-CPC-222,spTargeting,US,INNERBRIGHTNESS,spTargeting_innerbrightness_US_2026-03-21_2026-04-20.json,2026-04-21 01:59:26
40675,2026-04-21 01:59:27.050291,2026-04-21 01:59:27.050291,2026-04-11,24.49,0.9668377418081326,1,BROAD,24.49,24.49,24.49,0,1,ENABLED,berberine supplement,0.0,1,1.0,1,1,1.95,1,Inner-SP-KW-Berberine Capsules-PM-Berberine,492405995934092,0.6516290726817042,0,103.42997141690486,1,0,189812334889736.0,USD,0.9668377418081326,1,1,432790521304689,24.49,0.11,0,24.49,554794794836811,0,1.2,berberine supplement,1,0,1,DAILY_BUDGET,ENABLED,BROAD,1,1,25.33,Amazon,24.49,103.42997141690486,24.49,1995,1,1,1,13,Inner-SP-KW-Berberine Capsules-PM-Berberine Supplement-2k,spTargeting,US,INNERBRIGHTNESS,spTargeting_innerbrightness_US_2026-03-21_2026-04-20.json,2026-04-21 01:59:26
40676,2026-04-21 01:59:27.050291,2026-04-21 01:59:27.050291,2026-04-12,0.0,0.0,0,BROAD,0.0,0.0,0.0,0,0,ENABLED,berberine supplement,0.0,0,1.0,0,0,1.91,0,Inner-SP-KW-Berberine Capsules-PM-Berberine,492405995934092,0.7633587786259541,0,nan,0,0,189812334889736.0,USD,0.0,0,0,432790521304689,0.0,0.1,0,0.0,554794794836811,0,1.2,berberine supplement,0,0,0,DAILY_BUDGET,ENABLED,BROAD,0,0,22.95,Amazon,0.0,nan,0.0,1572,0,0,0,12,Inner-SP-KW-Berberine Capsules-PM-Berberine Supplement-2k,spTargeting,US,INNERBRIGHTNESS,spTargeting_innerbrightness_US_2026-03-21_2026-04-20.json,2026-04-21 01:59:26
40677,2026-04-21 01:59:27.050291,2026-04-21 01:59:27.050291,2026-04-13,24.49,0.8479916897506925,1,BROAD,24.49,24.49,24.49,0,1,ENABLED,berberine supplement,0.0,1,1.0,1,1,1.8,1,Inner-SP-KW-Berberine Capsules-PM-Berberine,492405995934092,0.9070294784580499,0,117.92568395263375,1,0,189812334889736.0,USD,0.8479916897506925,1,1,432790521304689,24.49,0.06,0,24.49,554794794836811,0,1.2,berberine supplement,1,0,1,DAILY_BUDGET,ENABLED,BROAD,1,1,28.88,Amazon,24.49,117.92568395263375,24.49,1764,1,1,1,16,Inner-SP-KW-Berberine Capsules-PM-Berberine Supplement-2k,spTargeting,US,INNERBRIGHTNESS,spTargeting_innerbrightness_US_2026-03-21_2026-04-20.json,2026-04-21 01:59:26
40678,2026-04-21 01:59:27.050291,2026-04-21 01:59:27.050291,2026-04-14,73.47,1.3833553003200905,3,BROAD,73.47,73.47,73.47,0,3,ENABLED,berberine supplement,0.0,3,1.0,3,3,1.83,3,Inner-SP-KW-Berberine Capsules-PM-Berberine,492405995934092,0.8782556026650515,0,72.28800871103851,3,0,189812334889736.0,USD,1.3833553003200905,3,3,432790521304689,73.47,0.08,0,73.47,554794794836811,0,1.2,berberine supplement,3,0,3,DAILY_BUDGET,ENABLED,BROAD,3,3,53.11,Amazon,73.47,72.28800871103851,73.47,3302,3,3,3,29,Inner-SP-KW-Berberine Capsules-PM-Berberine Supplement-2k,spTargeting,US,INNERBRIGHTNESS,spTargeting_innerbrightness_US_2026-03-21_2026-04-20.json,2026-04-21 01:59:26
40679,2026-04-21 01:59:27.050291,2026-04-21 01:59:27.050291,2026-04-15,0.0,0.0,0,BROAD,0.0,0.0,0.0,0,0,ENABLED,berberine supplement,0.0,0,1.0,0,0,1.94,0,Inner-SP-KW-Berberine Capsules-PM-Berberine,492405995934092,0.5879692446856626,0,nan,0,0,189812334889736.0,USD,0.0,0,0,432790521304689,0.0,0.03,0,0.0,554794794836811,0,1.2,berberine supplement,0,0,0,DAILY_BUDGET,ENABLED,BROAD,0,0,25.23,Amazon,0.0,nan,0.0,2211,0,0,0,13,Inner-SP-KW-Berberine Capsules-PM-Berberine Supplement-2k,spTargeting,US,INNERBRIGHTNESS,spTargeting_innerbrightness_US_2026-03-21_2026-04-20.json,2026-04-21 01:59:26
40680,2026-04-21 01:59:27.050291,2026-04-21 01:59:27.050291,2026-04-16,0.0,0.0,0,BROAD,0.0,0.0,0.0,0,0,ENABLED,berberine supplement,0.0,0,1.0,0,0,1.77,0,Inner-SP-KW-Berberine Capsules-PM-Berberine,492405995934092,0.4098360655737705,0,nan,0,0,189812334889736.0,USD,0.0,0,0,432790521304689,0.0,0.03,0,0.0,554794794836811,0,1.2,berberine supplement,0,0,0,DAILY_BUDGET,ENABLED,BROAD,0,0,10.62,Amazon,0.0,nan,0.0,1464,0,0,0,6,Inner-SP-KW-Berberine Capsules-PM-Berberine Supplement-2k,spTargeting,US,INNERBRIGHTNESS,spTargeting_innerbrightness_US_2026-03-21_2026-04-20.json,2026-04-21 01:59:26
40681,2026-04-21 01:59:27.050291,2026-04-21 01:59:27.050291,2026-04-17,0.0,0.0,0,BROAD,0.0,0.0,0.0,0,0,ENABLED,berberine supplement,0.0,0,1.0,0,0,1.56,0,Inner-SP-KW-Berberine Capsules-PM-Berberine,492405995934092,0.4243281471004243,0,nan,0,0,189812334889736.0,USD,0.0,0,0,432790521304689,0.0,0.01,0,0.0,554794794836811,0,1.2,berberine supplement,0,0,0,DAILY_BUDGET,ENABLED,BROAD,0,0,4.68,Amazon,0.0,nan,0.0,707,0,0,0,3,Inner-SP-KW-Berberine Capsules-PM-Berberine Supplement-2k,spTargeting,US,INNERBRIGHTNESS,spTargeting_innerbrightness_US_2026-03-21_2026-04-20.json,2026-04-21 01:59:26
40685,2026-04-21 01:59:27.050291,2026-04-21 01:59:27.050291,2026-04-11,95.96,0.6767471787764798,4,BROAD,136.73,136.73,136.73,0,4,ENABLED,magnesium complex for women,0.0,6,200.0,6,6,3.61,6,Inner-SP-KW-Complex-magnesium complex for women-BM-CPC-1k,385122874231334,7.898448519040903,0,147.76566956776128,6,0,18976432727508.0,USD,0.6767471787764798,6,6,342689666840399,136.73,1.77,0,95.96,534961527455391,0,1.0,magnesium complex for women,6,0,4,DAILY_BUDGET,ENABLED,BROAD,4,6,202.04,Amazon,136.73,147.76566956776128,136.73,709,6,6,6,56,Inner-SP-KW-Complex-magnesium complex for women-BM-CPC-1k,spTargeting,US,INNERBRIGHTNESS,spTargeting_innerbrightness_US_2026-03-21_2026-04-20.json,2026-04-21 01:59:26
40686,2026-04-21 01:59:27.050291,2026-04-21 01:59:27.050291,2026-04-12,215.91,1.1378484107579463,9,BROAD,232.69,232.69,232.69,0,9,ENABLED,magnesium complex for women,0.0,10,200.0,10,10,3.59,10,Inner-SP-KW-Complex-magnesium complex for women-BM-CPC-1k,385122874231334,7.251908396946565,0,87.88516910911514,10,0,18976432727508.0,USD,1.1378484107579463,10,10,342689666840399,232.69,1.71,0,215.91,534961527455391,0,1.0,magnesium complex for women,10,0,9,DAILY_BUDGET,ENABLED,BROAD,9,10,204.5,Amazon,232.69,87.88516910911514,232.69,786,10,10,10,57,Inner-SP-KW-Complex-magnesium complex for women-BM-CPC-1k,spTargeting,US,INNERBRIGHTNESS,spTargeting_innerbrightness_US_2026-03-21_2026-04-20.json,2026-04-21 01:59:26
40687,2026-04-21 01:59:27.050291,2026-04-21 01:59:27.050291,2026-04-13,369.16,1.0797568934166937,23,BROAD,419.5,433.49,419.5,0,22,ENABLED,magnesium complex for women,13.99,25,200.0,26,25,3.55,26,Inner-SP-KW-Complex-magnesium complex for women-BM-CPC-1k,385122874231334,2.624245239201115,0,92.61343975639576,26,0,18976432727508.0,USD,1.0797568934166937,25,26,342689666840399,419.5,2.08,0,383.15,534961527455391,0,1.0,magnesium complex for women,25,1,22,DAILY_BUDGET,ENABLED,BROAD,23,25,401.47,Amazon,433.49,92.61343975639576,433.49,4306,25,26,26,113,Inner-SP-KW-Complex-magnesium complex for women-BM-CPC-1k,spTargeting,US,INNERBRIGHTNESS,spTargeting_innerbrightness_US_2026-03-21_2026-04-20.json,2026-04-21 01:59:26
40688,2026-04-21 01:59:27.050291,2026-04-21 01:59:27.050291,2026-04-14,167.8,0.718156378600823,10,BROAD,218.14,218.14,218.14,0,10,ENABLED,magnesium complex for women,0.0,12,200.0,12,13,3.2,13,Inner-SP-KW-Complex-magnesium complex for women-BM-CPC-1k,385122874231334,1.1214732617164442,0,139.24543870908593,13,0,18976432727508.0,USD,0.718156378600823,13,13,342689666840399,218.14,1.65,0,167.8,534961527455391,0,1.0,magnesium complex for women,12,0,9,DAILY_BUDGET,ENABLED,BROAD,9,13,303.75,Amazon,218.14,139.24543870908593,218.14,8471,12,12,12,95,Inner-SP-KW-Complex-magnesium complex for women-BM-CPC-1k,spTargeting,US,INNERBRIGHTNESS,spTargeting_innerbrightness_US_2026-03-21_2026-04-20.json,2026-04-21 01:59:26
40689,2026-04-21 01:59:27.050291,2026-04-21 01:59:27.050291,2026-04-15,67.12,0.4571895647435461,4,BROAD,67.12,67.12,67.12,0,4,ENABLED,magnesium complex for women,0.0,4,200.0,4,4,2.62,4,Inner-SP-KW-Complex-magnesium complex for women-BM-CPC-1k,385122874231334,0.8205128205128205,0,218.72765196662692,4,0,18976432727508.0,USD,0.4571895647435461,4,4,342689666840399,67.12,1.19,0,67.12,534961527455391,0,1.0,magnesium complex for women,4,0,4,DAILY_BUDGET,ENABLED,BROAD,4,4,146.81,Amazon,67.12,218.72765196662692,67.12,6825,4,4,4,56,Inner-SP-KW-Complex-magnesium complex for women-BM-CPC-1k,spTargeting,US,INNERBRIGHTNESS,spTargeting_innerbrightness_US_2026-03-21_2026-04-20.json,2026-04-21 01:59:26
40690,2026-04-21 01:59:27.050291,2026-04-21 01:59:27.050291,2026-04-16,100.68,1.1023932426091037,6,BROAD,117.46,117.46,117.46,0,6,ENABLED,magnesium complex for women,0.0,7,200.0,7,7,2.73,7,Inner-SP-KW-Complex-magnesium complex for women-BM-CPC-1k,385122874231334,0.693950177935943,0,90.7117316533288,7,0,18976432727508.0,USD,1.1023932426091037,7,7,342689666840399,117.46,0.3,0,100.68,534961527455391,0,1.0,magnesium complex for women,7,0,6,DAILY_BUDGET,ENABLED,BROAD,6,7,106.55,Amazon,117.46,90.7117316533288,117.46,5620,7,7,7,39,Inner-SP-KW-Complex-magnesium complex for women-BM-CPC-1k,spTargeting,US,INNERBRIGHTNESS,spTargeting_innerbrightness_US_2026-03-21_2026-04-20.json,2026-04-21 01:59:26
40691,2026-04-21 01:59:27.050291,2026-04-21 01:59:27.050291,2026-04-17,167.8,0.8492762425346695,10,BROAD,167.8,167.8,167.8,0,10,ENABLED,magnesium complex for women,0.0,9,200.0,9,10,2.63,10,Inner-SP-KW-Complex-magnesium complex for women-BM-CPC-1k,385122874231334,0.6693440428380187,0,117.74731823599522,10,0,18976432727508.0,USD,0.8492762425346695,10,10,342689666840399,167.8,1.22,0,167.8,534961527455391,0,1.0,magnesium complex for women,9,0,9,DAILY_BUDGET,ENABLED,BROAD,9,10,197.58,Amazon,167.8,117.74731823599522,167.8,11205,9,9,9,75,Inner-SP-KW-Complex-magnesium complex for women-BM-CPC-1k,spTargeting,US,INNERBRIGHTNESS,spTargeting_innerbrightness_US_2026-03-21_2026-04-20.json,2026-04-21 01:59:26
40695,2026-04-21 01:59:27.050291,2026-04-21 01:59:27.050291,2026-04-11,143.94,4.112571428571428,6,TARGETING_EXPRESSION_PREDEFINED,143.94,143.94,143.94,0,6,ENABLED,close-match,0.0,5,1.0,5,6,2.69,6,Inner-SP-Auto-Magnesium Complex-CPC-Low bid,387720267759382,0.391330523780855,0,24.315687091843824,6,0,18976432727508.0,USD,4.112571428571428,6,6,470907115241757,143.94,0.03,0,143.94,450215071199945,0,1.0,close-match,5,0,5,DAILY_BUDGET,ENABLED,TARGETING_EXPRESSION_PREDEFINED,5,6,35.0,Amazon,143.94,24.315687091843824,143.94,3322,5,5,5,13,Inner-SP-Auto-Magnesium Complex-CPC-Low bid,spTargeting,US,INNERBRIGHTNESS,spTargeting_innerbrightness_US_2026-03-21_2026-04-20.json,2026-04-21 01:59:26
40696,2026-04-21 01:59:27.050291,2026-04-21 01:59:27.050291,2026-04-12,23.99,0.6276818419675563,1,TARGETING_EXPRESSION_PREDEFINED,23.99,23.99,23.99,0,1,ENABLED,close-match,0.0,1,1.0,1,1,2.55,1,Inner-SP-Auto-Magnesium Complex-CPC-Low bid,387720267759382,0.44629574531389465,0,159.31638182576074,1,0,18976432727508.0,USD,0.6276818419675563,1,1,470907115241757,23.99,0.02,0,23.99,450215071199945,0,1.0,close-match,1,0,1,DAILY_BUDGET,ENABLED,TARGETING_EXPRESSION_PREDEFINED,1,1,38.22,Amazon,23.99,159.31638182576074,23.99,3361,1,1,1,15,Inner-SP-Auto-Magnesium Complex-CPC-Low bid,spTargeting,US,INNERBRIGHTNESS,spTargeting_innerbrightness_US_2026-03-21_2026-04-20.json,2026-04-21 01:59:26
40764,2026-04-21 01:59:27.050291,2026-04-21 01:59:27.050291,2026-04-15,22.59,1.1106194690265487,1,PHRASE,22.59,22.59,22.59,0,1,ENABLED,inositol,0.0,1,50.0,1,1,2.03,1,IB-SP-KW-inositol-myo inositol-PM,1182589332550,0.9910802775024776,0,90.0398406374502,1,0,209298027301784.0,USD,1.1106194690265487,1,1,404460071153752,22.59,0.4,0,22.59,487700417776058,0,0.9,inositol,1,0,1,DAILY_BUDGET,ENABLED,PHRASE,1,1,20.34,Amazon,22.59,90.0398406374502,22.59,1009,1,1,1,10,IB-SP-KW-inositol-myo inositol-PM,spTargeting,US,INNERBRIGHTNESS,spTargeting_innerbrightness_US_2026-03-21_2026-04-20.json,2026-04-21 01:59:26
40697,2026-04-21 01:59:27.050291,2026-04-21 01:59:27.050291,2026-04-13,50.34,0.6959767731231855,3,TARGETING_EXPRESSION_PREDEFINED,50.34,50.34,50.34,0,3,ENABLED,close-match,0.0,3,1.0,3,3,3.01,3,Inner-SP-Auto-Magnesium Complex-CPC-Low bid,387720267759382,0.164631636712855,0,143.6829558998808,3,0,18976432727508.0,USD,0.6959767731231855,3,3,470907115241757,50.34,0.06,0,50.34,450215071199945,0,1.0,close-match,3,0,3,DAILY_BUDGET,ENABLED,TARGETING_EXPRESSION_PREDEFINED,3,3,72.33,Amazon,50.34,143.6829558998808,50.34,14578,3,3,3,24,Inner-SP-Auto-Magnesium Complex-CPC-Low bid,spTargeting,US,INNERBRIGHTNESS,spTargeting_innerbrightness_US_2026-03-21_2026-04-20.json,2026-04-21 01:59:26
40698,2026-04-21 01:59:27.050291,2026-04-21 01:59:27.050291,2026-04-14,0.0,0.0,0,TARGETING_EXPRESSION_PREDEFINED,0.0,0.0,0.0,0,0,ENABLED,close-match,0.0,0,1.0,0,0,3.5,0,Inner-SP-Auto-Magnesium Complex-CPC-Low bid,387720267759382,0.3194888178913738,0,nan,0,0,18976432727508.0,USD,0.0,0,0,470907115241757,0.0,0.01,0,0.0,450215071199945,0,1.0,close-match,0,0,0,DAILY_BUDGET,ENABLED,TARGETING_EXPRESSION_PREDEFINED,0,0,3.5,Amazon,0.0,nan,0.0,313,0,0,0,1,Inner-SP-Auto-Magnesium Complex-CPC-Low bid,spTargeting,US,INNERBRIGHTNESS,spTargeting_innerbrightness_US_2026-03-21_2026-04-20.json,2026-04-21 01:59:26
40699,2026-04-21 01:59:27.050291,2026-04-21 01:59:27.050291,2026-04-15,0.0,0.0,0,TARGETING_EXPRESSION_PREDEFINED,0.0,0.0,0.0,0,0,ENABLED,close-match,0.0,0,1.0,0,0,3.5,0,Inner-SP-Auto-Magnesium Complex-CPC-Low bid,387720267759382,1.0,0,nan,0,0,18976432727508.0,USD,0.0,0,0,470907115241757,0.0,0.0,0,0.0,450215071199945,0,1.0,close-match,0,0,0,DAILY_BUDGET,ENABLED,TARGETING_EXPRESSION_PREDEFINED,0,0,3.5,Amazon,0.0,nan,0.0,100,0,0,0,1,Inner-SP-Auto-Magnesium Complex-CPC-Low bid,spTargeting,US,INNERBRIGHTNESS,spTargeting_innerbrightness_US_2026-03-21_2026-04-20.json,2026-04-21 01:59:26
40700,2026-04-21 01:59:27.050291,2026-04-21 01:59:27.050291,2026-04-16,0.0,0.0,0,TARGETING_EXPRESSION_PREDEFINED,0.0,0.0,0.0,0,0,ENABLED,close-match,0.0,0,1.0,0,0,3.46,0,Inner-SP-Auto-Magnesium Complex-CPC-Low bid,387720267759382,0.33670033670033667,0,nan,0,0,18976432727508.0,USD,0.0,0,0,470907115241757,0.0,0.04,0,0.0,450215071199945,0,1.0,close-match,0,0,0,DAILY_BUDGET,ENABLED,TARGETING_EXPRESSION_PREDEFINED,0,0,3.46,Amazon,0.0,nan,0.0,297,0,0,0,1,Inner-SP-Auto-Magnesium Complex-CPC-Low bid,spTargeting,US,INNERBRIGHTNESS,spTargeting_innerbrightness_US_2026-03-21_2026-04-20.json,2026-04-21 01:59:26
40701,2026-04-21 01:59:27.050291,2026-04-21 01:59:27.050291,2026-04-17,0.0,0.0,0,TARGETING_EXPRESSION_PREDEFINED,0.0,0.0,0.0,0,0,ENABLED,close-match,0.0,0,1.0,0,0,3.5,0,Inner-SP-Auto-Magnesium Complex-CPC-Low bid,387720267759382,0.8620689655172413,0,nan,0,0,18976432727508.0,USD,0.0,0,0,470907115241757,0.0,0.0,0,0.0,450215071199945,0,1.0,close-match,0,0,0,DAILY_BUDGET,ENABLED,TARGETING_EXPRESSION_PREDEFINED,0,0,3.5,Amazon,0.0,nan,0.0,116,0,0,0,1,Inner-SP-Auto-Magnesium Complex-CPC-Low bid,spTargeting,US,INNERBRIGHTNESS,spTargeting_innerbrightness_US_2026-03-21_2026-04-20.json,2026-04-21 01:59:26
40705,2026-04-21 01:59:27.050291,2026-04-21 01:59:27.050291,2026-04-11,95.96,5.246582832148715,4,EXACT,95.96,95.96,95.96,0,4,PAUSED,magnesium complex for women,0.0,3,1.0,3,4,2.29,4,Inner-SP-KW-Complex-magnesium complex for women-EM-CPC-1k,345330397911117,0.8743169398907104,0,19.060025010421008,4,0,18976432727508.0,USD,5.246582832148715,4,4,359120757312344,95.96,0.01,0,95.96,455241455675192,0,1.0,magnesium complex for women,3,0,3,DAILY_BUDGET,ENABLED,EXACT,3,4,18.29,Amazon,95.96,19.060025010421008,95.96,915,3,3,3,8,Inner-SP-KW-Complex-magnesium complex for women-EM-CPC-1k,spTargeting,US,INNERBRIGHTNESS,spTargeting_innerbrightness_US_2026-03-21_2026-04-20.json,2026-04-21 01:59:26
40706,2026-04-21 01:59:27.050291,2026-04-21 01:59:27.050291,2026-04-12,0.0,0.0,0,EXACT,0.0,0.0,0.0,0,0,PAUSED,magnesium complex for women,0.0,0,1.0,0,0,2.28,0,Inner-SP-KW-Complex-magnesium complex for women-EM-CPC-1k,345330397911117,0.546448087431694,0,nan,0,0,18976432727508.0,USD,0.0,0,0,359120757312344,0.0,0.0,0,0.0,455241455675192,0,1.0,magnesium complex for women,0,0,0,DAILY_BUDGET,ENABLED,EXACT,0,0,13.68,Amazon,0.0,nan,0.0,1098,0,0,0,6,Inner-SP-KW-Complex-magnesium complex for women-EM-CPC-1k,spTargeting,US,INNERBRIGHTNESS,spTargeting_innerbrightness_US_2026-03-21_2026-04-20.json,2026-04-21 01:59:26
40707,2026-04-21 01:59:27.050291,2026-04-21 01:59:27.050291,2026-04-13,16.78,0.9801401869158879,1,EXACT,33.56,33.56,33.56,0,1,PAUSED,magnesium complex for women,0.0,2,1.0,2,2,2.28,2,Inner-SP-KW-Complex-magnesium complex for women-EM-CPC-1k,345330397911117,1.179245283018868,0,102.02622169249108,2,0,18976432727508.0,USD,0.9801401869158879,2,2,359120757312344,33.56,0.0,0,16.78,455241455675192,0,1.0,magnesium complex for women,2,0,1,DAILY_BUDGET,ENABLED,EXACT,1,2,34.24,Amazon,33.56,102.02622169249108,33.56,1272,2,2,2,15,Inner-SP-KW-Complex-magnesium complex for women-EM-CPC-1k,spTargeting,US,INNERBRIGHTNESS,spTargeting_innerbrightness_US_2026-03-21_2026-04-20.json,2026-04-21 01:59:26
40708,2026-04-21 01:59:27.050291,2026-04-21 01:59:27.050291,2026-04-14,0.0,nan,0,EXACT,0.0,0.0,0.0,0,0,PAUSED,magnesium complex for women,0.0,0,1.0,0,0,0.0,0,Inner-SP-KW-Complex-magnesium complex for women-EM-CPC-1k,345330397911117,nan,0,nan,0,0,18976432727508.0,USD,nan,0,0,359120757312344,0.0,nan,0,0.0,455241455675192,0,1.0,magnesium complex for women,0,0,0,DAILY_BUDGET,ENABLED,EXACT,0,0,0.0,Amazon,0.0,nan,0.0,0,0,0,0,0,Inner-SP-KW-Complex-magnesium complex for women-EM-CPC-1k,spTargeting,US,INNERBRIGHTNESS,spTargeting_innerbrightness_US_2026-03-21_2026-04-20.json,2026-04-21 01:59:26
40709,2026-04-21 01:59:27.050291,2026-04-21 01:59:27.050291,2026-04-15,0.0,nan,0,EXACT,0.0,0.0,0.0,0,0,PAUSED,magnesium complex for women,0.0,0,1.0,0,0,0.0,0,Inner-SP-KW-Complex-magnesium complex for women-EM-CPC-1k,345330397911117,nan,0,nan,0,0,18976432727508.0,USD,nan,0,0,359120757312344,0.0,nan,0,0.0,455241455675192,0,1.0,magnesium complex for women,0,0,0,DAILY_BUDGET,ENABLED,EXACT,0,0,0.0,Amazon,0.0,nan,0.0,0,0,0,0,0,Inner-SP-KW-Complex-magnesium complex for women-EM-CPC-1k,spTargeting,US,INNERBRIGHTNESS,spTargeting_innerbrightness_US_2026-03-21_2026-04-20.json,2026-04-21 01:59:26
40710,2026-04-21 01:59:27.050291,2026-04-21 01:59:27.050291,2026-04-16,0.0,nan,0,EXACT,0.0,0.0,0.0,0,0,PAUSED,magnesium complex for women,0.0,0,1.0,0,0,0.0,0,Inner-SP-KW-Complex-magnesium complex for women-EM-CPC-1k,345330397911117,nan,0,nan,0,0,18976432727508.0,USD,nan,0,0,359120757312344,0.0,nan,0,0.0,455241455675192,0,1.0,magnesium complex for women,0,0,0,DAILY_BUDGET,ENABLED,EXACT,0,0,0.0,Amazon,0.0,nan,0.0,0,0,0,0,0,Inner-SP-KW-Complex-magnesium complex for women-EM-CPC-1k,spTargeting,US,INNERBRIGHTNESS,spTargeting_innerbrightness_US_2026-03-21_2026-04-20.json,2026-04-21 01:59:26
40711,2026-04-21 01:59:27.050291,2026-04-21 01:59:27.050291,2026-04-17,0.0,nan,0,EXACT,0.0,0.0,0.0,0,0,PAUSED,magnesium complex for women,0.0,0,1.0,0,0,0.0,0,Inner-SP-KW-Complex-magnesium complex for women-EM-CPC-1k,345330397911117,nan,0,nan,0,0,18976432727508.0,USD,nan,0,0,359120757312344,0.0,nan,0,0.0,455241455675192,0,1.0,magnesium complex for women,0,0,0,DAILY_BUDGET,ENABLED,EXACT,0,0,0.0,Amazon,0.0,nan,0.0,0,0,0,0,0,Inner-SP-KW-Complex-magnesium complex for women-EM-CPC-1k,spTargeting,US,INNERBRIGHTNESS,spTargeting_innerbrightness_US_2026-03-21_2026-04-20.json,2026-04-21 01:59:26
40712,2026-04-21 01:59:27.050291,2026-04-21 01:59:27.050291,2026-04-11,146.94,3.748469387755102,6,TARGETING_EXPRESSION,146.94,146.94,146.94,0,6,ENABLED,"asin=""B0DBLHXG3Z""",0.0,2,180.0,2,6,2.45,6,Inner-SP-KW-Berberine Capsules-PAT,287272276943680,1.9417475728155338,0,26.677555464815573,6,0,189812334889736.0,USD,3.748469387755102,6,6,522284620832806,146.94,10.49,0,146.94,301827846242541,0,1.0,"asin=""B0DBLHXG3Z""",2,0,2,DAILY_BUDGET,ENABLED,TARGETING_EXPRESSION,2,6,39.2,Amazon,146.94,26.677555464815573,146.94,824,2,2,2,16,Inner-SP-KW-Berberine Capsules-PAT,spTargeting,US,INNERBRIGHTNESS,spTargeting_innerbrightness_US_2026-03-21_2026-04-20.json,2026-04-21 01:59:26
40713,2026-04-21 01:59:27.050291,2026-04-21 01:59:27.050291,2026-04-12,73.47,1.6640996602491507,3,TARGETING_EXPRESSION,73.47,73.47,73.47,0,3,ENABLED,"asin=""B0DBLHXG3Z""",0.0,3,180.0,3,3,2.45,3,Inner-SP-KW-Berberine Capsules-PAT,287272276943680,1.4527845036319613,0,60.09255478426569,3,0,189812334889736.0,USD,1.6640996602491507,3,3,522284620832806,73.47,11.14,0,73.47,301827846242541,0,1.0,"asin=""B0DBLHXG3Z""",3,0,3,DAILY_BUDGET,ENABLED,TARGETING_EXPRESSION,3,3,44.15,Amazon,73.47,60.09255478426569,73.47,1239,3,3,3,18,Inner-SP-KW-Berberine Capsules-PAT,spTargeting,US,INNERBRIGHTNESS,spTargeting_innerbrightness_US_2026-03-21_2026-04-20.json,2026-04-21 01:59:26
40714,2026-04-21 01:59:27.050291,2026-04-21 01:59:27.050291,2026-04-13,0.0,0.8424492604059167,0,TARGETING_EXPRESSION,24.49,24.49,24.49,0,0,ENABLED,"asin=""B0DBLHXG3Z""",0.0,1,180.0,1,1,2.24,1,Inner-SP-KW-Berberine Capsules-PAT,287272276943680,1.169064748201439,0,118.70151082074317,1,0,189812334889736.0,USD,0.8424492604059167,1,1,522284620832806,24.49,0.75,0,0.0,301827846242541,0,1.0,"asin=""B0DBLHXG3Z""",1,0,0,DAILY_BUDGET,ENABLED,TARGETING_EXPRESSION,0,1,29.07,Amazon,24.49,118.70151082074317,24.49,1112,1,1,1,13,Inner-SP-KW-Berberine Capsules-PAT,spTargeting,US,INNERBRIGHTNESS,spTargeting_innerbrightness_US_2026-03-21_2026-04-20.json,2026-04-21 01:59:26
40715,2026-04-21 01:59:27.050291,2026-04-21 01:59:27.050291,2026-04-14,73.47,2.474987367357251,3,TARGETING_EXPRESSION,97.96,97.96,97.96,0,3,ENABLED,"asin=""B0DBLHXG3Z""",0.0,4,180.0,4,4,2.47,4,Inner-SP-KW-Berberine Capsules-PAT,287272276943680,3.4482758620689653,0,40.40424663127807,4,0,189812334889736.0,USD,2.474987367357251,4,4,522284620832806,97.96,3.3,0,73.47,301827846242541,0,1.0,"asin=""B0DBLHXG3Z""",4,0,3,DAILY_BUDGET,ENABLED,TARGETING_EXPRESSION,3,4,39.58,Amazon,97.96,40.40424663127807,97.96,464,4,4,4,16,Inner-SP-KW-Berberine Capsules-PAT,spTargeting,US,INNERBRIGHTNESS,spTargeting_innerbrightness_US_2026-03-21_2026-04-20.json,2026-04-21 01:59:26
40716,2026-04-21 01:59:27.050291,2026-04-21 01:59:27.050291,2026-04-15,171.43,3.358738244514107,7,TARGETING_EXPRESSION,171.43,171.43,171.43,0,7,ENABLED,"asin=""B0DBLHXG3Z""",0.0,6,180.0,6,7,2.43,7,Inner-SP-KW-Berberine Capsules-PAT,287272276943680,1.7661900756938604,0,29.773085224289797,7,0,189812334889736.0,USD,3.358738244514107,7,7,522284620832806,171.43,0.11,0,171.43,301827846242541,0,1.0,"asin=""B0DBLHXG3Z""",6,0,6,DAILY_BUDGET,ENABLED,TARGETING_EXPRESSION,6,7,51.04,Amazon,171.43,29.773085224289797,171.43,1189,6,6,6,21,Inner-SP-KW-Berberine Capsules-PAT,spTargeting,US,INNERBRIGHTNESS,spTargeting_innerbrightness_US_2026-03-21_2026-04-20.json,2026-04-21 01:59:26
40717,2026-04-21 01:59:27.050291,2026-04-21 01:59:27.050291,2026-04-16,97.96,2.630504833512352,4,TARGETING_EXPRESSION,97.96,97.96,97.96,0,4,ENABLED,"asin=""B0DBLHXG3Z""",0.0,4,180.0,4,4,2.48,4,Inner-SP-KW-Berberine Capsules-PAT,287272276943680,0.9247842170160296,0,38.015516537362195,4,0,189812334889736.0,USD,2.630504833512352,4,4,522284620832806,97.96,4.03,0,97.96,301827846242541,0,1.0,"asin=""B0DBLHXG3Z""",4,0,4,DAILY_BUDGET,ENABLED,TARGETING_EXPRESSION,4,4,37.24,Amazon,97.96,38.015516537362195,97.96,1622,4,4,4,15,Inner-SP-KW-Berberine Capsules-PAT,spTargeting,US,INNERBRIGHTNESS,spTargeting_innerbrightness_US_2026-03-21_2026-04-20.json,2026-04-21 01:59:26
40718,2026-04-21 01:59:27.050291,2026-04-21 01:59:27.050291,2026-04-17,48.98,1.1717703349282296,2,TARGETING_EXPRESSION,48.98,48.98,48.98,0,2,ENABLED,"asin=""B0DBLHXG3Z""",0.0,2,180.0,2,2,2.46,2,Inner-SP-KW-Berberine Capsules-PAT,287272276943680,1.1502029769959403,0,85.34095549203757,2,0,189812334889736.0,USD,1.1717703349282296,2,2,522284620832806,48.98,0.92,0,48.98,301827846242541,0,1.0,"asin=""B0DBLHXG3Z""",2,0,2,DAILY_BUDGET,ENABLED,TARGETING_EXPRESSION,2,2,41.8,Amazon,48.98,85.34095549203757,48.98,1478,2,2,2,17,Inner-SP-KW-Berberine Capsules-PAT,spTargeting,US,INNERBRIGHTNESS,spTargeting_innerbrightness_US_2026-03-21_2026-04-20.json,2026-04-21 01:59:26
40722,2026-04-21 01:59:27.050291,2026-04-21 01:59:27.050291,2026-04-11,0.0,0.0,0,EXACT,0.0,0.0,0.0,0,0,ENABLED,magnesium glycinate gummies,0.0,0,600.0,0,0,1.62,0,Inner-SP-KW-gumm-magnesium glycinate gummies-EM-CPC-8k,552923299547324,0.4660452729693742,0,nan,0,0,269179459475581.0,USD,0.0,0,0,321320371298455,0.0,0.03,0,0.0,439217402283731,0,1.5,magnesium glycinate gummies,0,0,0,DAILY_BUDGET,ENABLED,EXACT,0,0,11.37,Amazon,0.0,nan,0.0,1502,0,0,0,7,Inner-SP-KW-gumm-magnesium glycinate gummies-EM-CPC-8k,spTargeting,US,INNERBRIGHTNESS,spTargeting_innerbrightness_US_2026-03-21_2026-04-20.json,2026-04-21 01:59:26
40723,2026-04-21 01:59:27.050291,2026-04-21 01:59:27.050291,2026-04-12,0.0,0.0,0,EXACT,0.0,0.0,0.0,0,0,ENABLED,magnesium glycinate gummies,0.0,0,600.0,0,0,1.5,0,Inner-SP-KW-gumm-magnesium glycinate gummies-EM-CPC-8k,552923299547324,0.3097573567372225,0,nan,0,0,269179459475581.0,USD,0.0,0,0,321320371298455,0.0,0.04,0,0.0,439217402283731,0,1.5,magnesium glycinate gummies,0,0,0,DAILY_BUDGET,ENABLED,EXACT,0,0,8.98,Amazon,0.0,nan,0.0,1937,0,0,0,6,Inner-SP-KW-gumm-magnesium glycinate gummies-EM-CPC-8k,spTargeting,US,INNERBRIGHTNESS,spTargeting_innerbrightness_US_2026-03-21_2026-04-20.json,2026-04-21 01:59:26
40724,2026-04-21 01:59:27.050291,2026-04-21 01:59:27.050291,2026-04-13,0.0,0.0,0,EXACT,0.0,0.0,0.0,0,0,ENABLED,magnesium glycinate gummies,0.0,0,600.0,0,0,1.5,0,Inner-SP-KW-gumm-magnesium glycinate gummies-EM-CPC-8k,552923299547324,0.291970802919708,0,nan,0,0,269179459475581.0,USD,0.0,0,0,321320371298455,0.0,0.08,0,0.0,439217402283731,0,1.5,magnesium glycinate gummies,0,0,0,DAILY_BUDGET,ENABLED,EXACT,0,0,12.0,Amazon,0.0,nan,0.0,2740,0,0,0,8,Inner-SP-KW-gumm-magnesium glycinate gummies-EM-CPC-8k,spTargeting,US,INNERBRIGHTNESS,spTargeting_innerbrightness_US_2026-03-21_2026-04-20.json,2026-04-21 01:59:26
40725,2026-04-21 01:59:27.050291,2026-04-21 01:59:27.050291,2026-04-14,209.85,1.1678392745465915,18,EXACT,223.84,298.78,223.84,0,15,ENABLED,magnesium glycinate gummies,74.94,16,600.0,19,16,3.05,19,Inner-SP-KW-gumm-magnesium glycinate gummies-EM-CPC-8k,552923299547324,2.5172310458495653,0,85.62822143383092,19,0,269179459475581.0,USD,1.1678392745465915,16,19,321320371298455,223.84,5.08,0,284.79,439217402283731,0,1.5,magnesium glycinate gummies,16,3,15,DAILY_BUDGET,ENABLED,EXACT,18,16,255.84,Amazon,298.78,85.62822143383092,298.78,3337,16,19,19,84,Inner-SP-KW-gumm-magnesium glycinate gummies-EM-CPC-8k,spTargeting,US,INNERBRIGHTNESS,spTargeting_innerbrightness_US_2026-03-21_2026-04-20.json,2026-04-21 01:59:26
40726,2026-04-21 01:59:27.050291,2026-04-21 01:59:27.050291,2026-04-15,349.75,1.2611405835543765,27,EXACT,433.69,475.45,433.69,0,25,ENABLED,magnesium glycinate gummies,41.76,30,600.0,32,31,3.02,33,Inner-SP-KW-gumm-magnesium glycinate gummies-EM-CPC-8k,552923299547324,2.4390243902439024,0,79.29330108318436,33,0,269179459475581.0,USD,1.2611405835543765,31,33,321320371298455,433.69,6.12,0,391.51,439217402283731,0,1.5,magnesium glycinate gummies,30,2,24,DAILY_BUDGET,ENABLED,EXACT,26,31,377.0,Amazon,475.45,79.29330108318436,475.45,5125,30,32,32,125,Inner-SP-KW-gumm-magnesium glycinate gummies-EM-CPC-8k,spTargeting,US,INNERBRIGHTNESS,spTargeting_innerbrightness_US_2026-03-21_2026-04-20.json,2026-04-21 01:59:26
40727,2026-04-21 01:59:27.050291,2026-04-21 01:59:27.050291,2026-04-16,587.58,1.49326041083502,44,EXACT,643.54,693.5,643.54,0,42,ENABLED,magnesium glycinate gummies,49.96,44,600.0,46,46,2.9,48,Inner-SP-KW-gumm-magnesium glycinate gummies-EM-CPC-8k,552923299547324,2.729909571745436,0,66.96755587599135,48,0,269179459475581.0,USD,1.49326041083502,46,48,321320371298455,643.54,10.44,0,637.54,439217402283731,0,1.5,magnesium glycinate gummies,44,2,40,DAILY_BUDGET,ENABLED,EXACT,42,46,464.42,Amazon,693.5,66.96755587599135,693.5,5861,44,46,46,160,Inner-SP-KW-gumm-magnesium glycinate gummies-EM-CPC-8k,spTargeting,US,INNERBRIGHTNESS,spTargeting_innerbrightness_US_2026-03-21_2026-04-20.json,2026-04-21 01:59:26
40728,2026-04-21 01:59:27.050291,2026-04-21 01:59:27.050291,2026-04-17,475.66,1.0462852714936404,36,EXACT,503.64,553.6,503.64,0,34,ENABLED,magnesium glycinate gummies,49.96,35,600.0,37,36,2.76,38,Inner-SP-KW-gumm-magnesium glycinate gummies-EM-CPC-8k,552923299547324,2.619729840360213,0,95.57622832369943,38,0,269179459475581.0,USD,1.0462852714936404,36,38,321320371298455,503.64,12.79,0,525.62,439217402283731,0,1.5,magnesium glycinate gummies,35,2,33,DAILY_BUDGET,ENABLED,EXACT,35,36,529.11,Amazon,553.6,95.57622832369943,553.6,7329,35,37,37,192,Inner-SP-KW-gumm-magnesium glycinate gummies-EM-CPC-8k,spTargeting,US,INNERBRIGHTNESS,spTargeting_innerbrightness_US_2026-03-21_2026-04-20.json,2026-04-21 01:59:26
40732,2026-04-21 01:59:27.050291,2026-04-21 01:59:27.050291,2026-04-15,0.0,nan,0,TARGETING_EXPRESSION,0.0,0.0,0.0,0,0,ENABLED,"asin=""B0CGRYVKPV""",0.0,0,180.0,0,0,0.0,0,Inner-SP-KW-Berberine Capsules-PAT,287272276943680,0.0,0,nan,0,0,189812334889736.0,USD,nan,0,0,288640934311166,0.0,0.0,0,0.0,301827846242541,0,1.5,"asin=""B0CGRYVKPV""",0,0,0,DAILY_BUDGET,ENABLED,TARGETING_EXPRESSION,0,0,0.0,Amazon,0.0,nan,0.0,5,0,0,0,0,Inner-SP-KW-Berberine Capsules-PAT,spTargeting,US,INNERBRIGHTNESS,spTargeting_innerbrightness_US_2026-03-21_2026-04-20.json,2026-04-21 01:59:26
40733,2026-04-21 01:59:27.050291,2026-04-21 01:59:27.050291,2026-04-16,0.0,nan,0,TARGETING_EXPRESSION,0.0,0.0,0.0,0,0,ENABLED,"asin=""B0CGRYVKPV""",0.0,0,180.0,0,0,0.0,0,Inner-SP-KW-Berberine Capsules-PAT,287272276943680,0.0,0,nan,0,0,189812334889736.0,USD,nan,0,0,288640934311166,0.0,1.9,0,0.0,301827846242541,0,1.5,"asin=""B0CGRYVKPV""",0,0,0,DAILY_BUDGET,ENABLED,TARGETING_EXPRESSION,0,0,0.0,Amazon,0.0,nan,0.0,32,0,0,0,0,Inner-SP-KW-Berberine Capsules-PAT,spTargeting,US,INNERBRIGHTNESS,spTargeting_innerbrightness_US_2026-03-21_2026-04-20.json,2026-04-21 01:59:26
40734,2026-04-21 01:59:27.050291,2026-04-21 01:59:27.050291,2026-04-17,0.0,0.0,0,TARGETING_EXPRESSION,0.0,0.0,0.0,0,0,ENABLED,"asin=""B0CGRYVKPV""",0.0,0,180.0,0,0,2.6,0,Inner-SP-KW-Berberine Capsules-PAT,287272276943680,0.8097165991902834,0,nan,0,0,189812334889736.0,USD,0.0,0,0,288640934311166,0.0,9.38,0,0.0,301827846242541,0,1.5,"asin=""B0CGRYVKPV""",0,0,0,DAILY_BUDGET,ENABLED,TARGETING_EXPRESSION,0,0,5.2,Amazon,0.0,nan,0.0,247,0,0,0,2,Inner-SP-KW-Berberine Capsules-PAT,spTargeting,US,INNERBRIGHTNESS,spTargeting_innerbrightness_US_2026-03-21_2026-04-20.json,2026-04-21 01:59:26
40738,2026-04-21 01:59:27.050291,2026-04-21 01:59:27.050291,2026-04-11,24.49,1.2565418163160595,1,EXACT,48.98,48.98,48.98,0,1,ENABLED,berberine supplement,0.0,2,300.0,2,2,2.44,2,Inner-SP-KW-Berberine Capsules-EM-berberine supplement-2k,158485660571374,0.53085600530856,0,79.5835034708044,2,0,189812334889736.0,USD,1.2565418163160595,2,2,325673997292654,48.98,0.68,0,24.49,496839653442133,0,1.0,berberine supplement,2,0,1,DAILY_BUDGET,ENABLED,EXACT,1,2,38.98,Amazon,48.98,79.5835034708044,48.98,3014,2,2,2,16,Inner-SP-KW-Berberine Capsules-EM-berberine supplement-2k,spTargeting,US,INNERBRIGHTNESS,spTargeting_innerbrightness_US_2026-03-21_2026-04-20.json,2026-04-21 01:59:26
40739,2026-04-21 01:59:27.050291,2026-04-21 01:59:27.050291,2026-04-12,0.0,0.0,0,EXACT,0.0,0.0,0.0,0,0,ENABLED,berberine supplement,0.0,0,300.0,0,0,1.97,0,Inner-SP-KW-Berberine Capsules-EM-berberine supplement-2k,158485660571374,0.42674253200568996,0,nan,0,0,189812334889736.0,USD,0.0,0,0,325673997292654,0.0,0.73,0,0.0,496839653442133,0,1.0,berberine supplement,0,0,0,DAILY_BUDGET,ENABLED,EXACT,0,0,23.66,Amazon,0.0,nan,0.0,2812,0,0,0,12,Inner-SP-KW-Berberine Capsules-EM-berberine supplement-2k,spTargeting,US,INNERBRIGHTNESS,spTargeting_innerbrightness_US_2026-03-21_2026-04-20.json,2026-04-21 01:59:26
40740,2026-04-21 01:59:27.050291,2026-04-21 01:59:27.050291,2026-04-13,0.0,1.9959250203748982,0,EXACT,24.49,24.49,24.49,0,0,ENABLED,berberine supplement,0.0,1,300.0,1,1,1.75,1,Inner-SP-KW-Berberine Capsules-EM-berberine supplement-2k,158485660571374,0.26943802925327176,0,50.10208248264598,1,0,189812334889736.0,USD,1.9959250203748982,1,1,325673997292654,24.49,0.2,0,0.0,496839653442133,0,1.0,berberine supplement,1,0,0,DAILY_BUDGET,ENABLED,EXACT,0,1,12.27,Amazon,24.49,50.10208248264598,24.49,2598,1,1,1,7,Inner-SP-KW-Berberine Capsules-EM-berberine supplement-2k,spTargeting,US,INNERBRIGHTNESS,spTargeting_innerbrightness_US_2026-03-21_2026-04-20.json,2026-04-21 01:59:26
40741,2026-04-21 01:59:27.050291,2026-04-21 01:59:27.050291,2026-04-14,24.49,0.8003267973856208,1,EXACT,24.49,24.49,24.49,0,1,ENABLED,berberine supplement,0.0,1,300.0,1,1,2.78,1,Inner-SP-KW-Berberine Capsules-EM-berberine supplement-2k,158485660571374,0.3896563939071909,0,124.94895875867702,1,0,189812334889736.0,USD,0.8003267973856208,1,1,325673997292654,24.49,0.61,0,24.49,496839653442133,0,1.0,berberine supplement,1,0,1,DAILY_BUDGET,ENABLED,EXACT,1,1,30.6,Amazon,24.49,124.94895875867702,24.49,2823,1,1,1,11,Inner-SP-KW-Berberine Capsules-EM-berberine supplement-2k,spTargeting,US,INNERBRIGHTNESS,spTargeting_innerbrightness_US_2026-03-21_2026-04-20.json,2026-04-21 01:59:26
40742,2026-04-21 01:59:27.050291,2026-04-21 01:59:27.050291,2026-04-15,24.49,0.8003267973856208,1,EXACT,24.49,24.49,24.49,0,1,ENABLED,berberine supplement,0.0,1,300.0,1,1,3.06,1,Inner-SP-KW-Berberine Capsules-EM-berberine supplement-2k,158485660571374,1.1123470522803114,0,124.94895875867702,1,0,189812334889736.0,USD,0.8003267973856208,1,1,325673997292654,24.49,0.54,0,24.49,496839653442133,0,1.0,berberine supplement,1,0,1,DAILY_BUDGET,ENABLED,EXACT,1,1,30.6,Amazon,24.49,124.94895875867702,24.49,899,1,1,1,10,Inner-SP-KW-Berberine Capsules-EM-berberine supplement-2k,spTargeting,US,INNERBRIGHTNESS,spTargeting_innerbrightness_US_2026-03-21_2026-04-20.json,2026-04-21 01:59:26
40743,2026-04-21 01:59:27.050291,2026-04-21 01:59:27.050291,2026-04-16,0.0,0.0,0,EXACT,0.0,0.0,0.0,0,0,ENABLED,berberine supplement,0.0,0,300.0,0,0,3.39,0,Inner-SP-KW-Berberine Capsules-EM-berberine supplement-2k,158485660571374,0.9342156481121059,0,nan,0,0,189812334889736.0,USD,0.0,0,0,325673997292654,0.0,1.36,0,0.0,496839653442133,0,1.0,berberine supplement,0,0,0,DAILY_BUDGET,ENABLED,EXACT,0,0,81.33,Amazon,0.0,nan,0.0,2569,0,0,0,24,Inner-SP-KW-Berberine Capsules-EM-berberine supplement-2k,spTargeting,US,INNERBRIGHTNESS,spTargeting_innerbrightness_US_2026-03-21_2026-04-20.json,2026-04-21 01:59:26
40744,2026-04-21 01:59:27.050291,2026-04-21 01:59:27.050291,2026-04-17,97.96,1.6547368421052633,4,EXACT,133.62,133.62,133.62,0,4,ENABLED,berberine supplement,0.0,5,300.0,5,6,3.67,6,Inner-SP-KW-Berberine Capsules-EM-berberine supplement-2k,158485660571374,0.8490930142802007,0,60.43256997455471,6,0,189812334889736.0,USD,1.6547368421052633,6,6,325673997292654,133.62,0.13,0,97.96,496839653442133,0,1.0,berberine supplement,5,0,4,DAILY_BUDGET,ENABLED,EXACT,4,6,80.75,Amazon,133.62,60.43256997455471,133.62,2591,5,5,5,22,Inner-SP-KW-Berberine Capsules-EM-berberine supplement-2k,spTargeting,US,INNERBRIGHTNESS,spTargeting_innerbrightness_US_2026-03-21_2026-04-20.json,2026-04-21 01:59:26
40748,2026-04-21 01:59:27.050291,2026-04-21 01:59:27.050291,2026-04-11,24.49,0.5384784520668425,1,BROAD,24.49,24.49,24.49,0,1,ENABLED,berberine with ceylon cinnamon,0.0,1,1.0,1,1,2.68,1,Inner-SP-KW-Berberine Capsules-BM-berberine with ceylon cinnamon-1w,181887194239676,0.48949035416066805,0,185.7084524295631,1,0,189812334889736.0,USD,0.5384784520668425,1,1,504352428734953,24.49,0.0,0,24.49,382442285328166,0,1.5,berberine with ceylon cinnamon,1,0,1,DAILY_BUDGET,ENABLED,BROAD,1,1,45.48,Amazon,24.49,185.7084524295631,24.49,3473,1,1,1,17,Inner-SP-KW-Berberine Capsules-BM-berberine with ceylon cinnamon-1w,spTargeting,US,INNERBRIGHTNESS,spTargeting_innerbrightness_US_2026-03-21_2026-04-20.json,2026-04-21 01:59:26
40749,2026-04-21 01:59:27.050291,2026-04-21 01:59:27.050291,2026-04-12,48.98,0.8951023391812866,2,BROAD,48.98,48.98,48.98,0,2,ENABLED,berberine with ceylon cinnamon,0.0,2,1.0,2,2,2.49,2,Inner-SP-KW-Berberine Capsules-BM-berberine with ceylon cinnamon-1w,181887194239676,0.8181480104127928,0,111.71906900775828,2,0,189812334889736.0,USD,0.8951023391812866,2,2,504352428734953,48.98,0.0,0,48.98,382442285328166,0,1.5,berberine with ceylon cinnamon,2,0,2,DAILY_BUDGET,ENABLED,BROAD,2,2,54.72,Amazon,48.98,111.71906900775828,48.98,2689,2,2,2,22,Inner-SP-KW-Berberine Capsules-BM-berberine with ceylon cinnamon-1w,spTargeting,US,INNERBRIGHTNESS,spTargeting_innerbrightness_US_2026-03-21_2026-04-20.json,2026-04-21 01:59:26
40750,2026-04-21 01:59:27.050291,2026-04-21 01:59:27.050291,2026-04-13,0.0,0.0,0,BROAD,0.0,0.0,0.0,0,0,ENABLED,berberine with ceylon cinnamon,0.0,0,1.0,0,0,2.7,0,Inner-SP-KW-Berberine Capsules-BM-berberine with ceylon cinnamon-1w,181887194239676,0.7751937984496124,0,nan,0,0,189812334889736.0,USD,0.0,0,0,504352428734953,0.0,0.0,0,0.0,382442285328166,0,1.5,berberine with ceylon cinnamon,0,0,0,DAILY_BUDGET,ENABLED,BROAD,0,0,5.4,Amazon,0.0,nan,0.0,258,0,0,0,2,Inner-SP-KW-Berberine Capsules-BM-berberine with ceylon cinnamon-1w,spTargeting,US,INNERBRIGHTNESS,spTargeting_innerbrightness_US_2026-03-21_2026-04-20.json,2026-04-21 01:59:26
40765,2026-04-21 01:59:27.050291,2026-04-21 01:59:27.050291,2026-04-16,22.59,3.848381601362862,1,PHRASE,22.59,22.59,22.59,0,1,ENABLED,inositol,0.0,1,50.0,1,1,1.96,1,IB-SP-KW-inositol-myo inositol-PM,1182589332550,2.4390243902439024,0,25.984949092518818,1,0,209298027301784.0,USD,3.848381601362862,1,1,404460071153752,22.59,0.29,0,22.59,487700417776058,0,0.9,inositol,1,0,1,DAILY_BUDGET,ENABLED,PHRASE,1,1,5.87,Amazon,22.59,25.984949092518818,22.59,123,1,1,1,3,IB-SP-KW-inositol-myo inositol-PM,spTargeting,US,INNERBRIGHTNESS,spTargeting_innerbrightness_US_2026-03-21_2026-04-20.json,2026-04-21 01:59:26
40751,2026-04-21 01:59:27.050291,2026-04-21 01:59:27.050291,2026-04-14,0.0,0.0,0,BROAD,0.0,0.0,0.0,0,0,ENABLED,berberine with ceylon cinnamon,0.0,0,1.0,0,0,2.37,0,Inner-SP-KW-Berberine Capsules-BM-berberine with ceylon cinnamon-1w,181887194239676,0.4368932038834952,0,nan,0,0,189812334889736.0,USD,0.0,0,0,504352428734953,0.0,0.0,0,0.0,382442285328166,0,1.5,berberine with ceylon cinnamon,0,0,0,DAILY_BUDGET,ENABLED,BROAD,0,0,21.32,Amazon,0.0,nan,0.0,2060,0,0,0,9,Inner-SP-KW-Berberine Capsules-BM-berberine with ceylon cinnamon-1w,spTargeting,US,INNERBRIGHTNESS,spTargeting_innerbrightness_US_2026-03-21_2026-04-20.json,2026-04-21 01:59:26
40752,2026-04-21 01:59:27.050291,2026-04-21 01:59:27.050291,2026-04-15,0.0,0.0,0,BROAD,0.0,0.0,0.0,0,0,ENABLED,berberine with ceylon cinnamon,0.0,0,1.0,0,0,2.49,0,Inner-SP-KW-Berberine Capsules-BM-berberine with ceylon cinnamon-1w,181887194239676,0.9205983889528193,0,nan,0,0,189812334889736.0,USD,0.0,0,0,504352428734953,0.0,0.0,0,0.0,382442285328166,0,1.5,berberine with ceylon cinnamon,0,0,0,DAILY_BUDGET,ENABLED,BROAD,0,0,19.91,Amazon,0.0,nan,0.0,869,0,0,0,8,Inner-SP-KW-Berberine Capsules-BM-berberine with ceylon cinnamon-1w,spTargeting,US,INNERBRIGHTNESS,spTargeting_innerbrightness_US_2026-03-21_2026-04-20.json,2026-04-21 01:59:26
40753,2026-04-21 01:59:27.050291,2026-04-21 01:59:27.050291,2026-04-16,48.98,1.7054317548746518,2,BROAD,48.98,48.98,48.98,0,2,ENABLED,berberine with ceylon cinnamon,0.0,2,1.0,2,2,2.21,2,Inner-SP-KW-Berberine Capsules-BM-berberine with ceylon cinnamon-1w,181887194239676,0.4485852311939268,0,58.63617803184974,2,0,189812334889736.0,USD,1.7054317548746518,2,2,504352428734953,48.98,0.0,0,48.98,382442285328166,0,1.5,berberine with ceylon cinnamon,2,0,2,DAILY_BUDGET,ENABLED,BROAD,2,2,28.72,Amazon,48.98,58.63617803184974,48.98,2898,2,2,2,13,Inner-SP-KW-Berberine Capsules-BM-berberine with ceylon cinnamon-1w,spTargeting,US,INNERBRIGHTNESS,spTargeting_innerbrightness_US_2026-03-21_2026-04-20.json,2026-04-21 01:59:26
40754,2026-04-21 01:59:27.050291,2026-04-21 01:59:27.050291,2026-04-17,24.49,0.47822690880687363,1,BROAD,24.49,24.49,24.49,0,1,ENABLED,berberine with ceylon cinnamon,0.0,1,1.0,1,1,2.56,1,Inner-SP-KW-Berberine Capsules-BM-berberine with ceylon cinnamon-1w,181887194239676,0.6335128286347799,0,209.10575745202124,1,0,189812334889736.0,USD,0.47822690880687363,1,1,504352428734953,24.49,0.0,0,24.49,382442285328166,0,1.5,berberine with ceylon cinnamon,1,0,1,DAILY_BUDGET,ENABLED,BROAD,1,1,51.21,Amazon,24.49,209.10575745202124,24.49,3157,1,1,1,20,Inner-SP-KW-Berberine Capsules-BM-berberine with ceylon cinnamon-1w,spTargeting,US,INNERBRIGHTNESS,spTargeting_innerbrightness_US_2026-03-21_2026-04-20.json,2026-04-21 01:59:26
40758,2026-04-21 01:59:27.050291,2026-04-21 01:59:27.050291,2026-04-15,0.0,2.0169642857142858,0,PHRASE,22.59,22.59,22.59,0,0,ENABLED,myo inositol,0.0,1,50.0,1,1,2.24,1,IB-SP-KW-inositol-myo inositol-PM,1182589332550,0.9345794392523363,0,49.57945993802567,1,0,209298027301784.0,USD,2.0169642857142858,1,1,390046037974112,22.59,0.03,0,0.0,487700417776058,0,1.1,myo inositol,1,0,0,DAILY_BUDGET,ENABLED,PHRASE,0,1,11.2,Amazon,22.59,49.57945993802567,22.59,535,1,1,1,5,IB-SP-KW-inositol-myo inositol-PM,spTargeting,US,INNERBRIGHTNESS,spTargeting_innerbrightness_US_2026-03-21_2026-04-20.json,2026-04-21 01:59:26
40759,2026-04-21 01:59:27.050291,2026-04-21 01:59:27.050291,2026-04-16,0.0,0.0,0,PHRASE,0.0,0.0,0.0,0,0,ENABLED,myo inositol,0.0,0,50.0,0,0,2.02,0,IB-SP-KW-inositol-myo inositol-PM,1182589332550,1.2738853503184715,0,nan,0,0,209298027301784.0,USD,0.0,0,0,390046037974112,0.0,0.51,0,0.0,487700417776058,0,1.1,myo inositol,0,0,0,DAILY_BUDGET,ENABLED,PHRASE,0,0,4.05,Amazon,0.0,nan,0.0,157,0,0,0,2,IB-SP-KW-inositol-myo inositol-PM,spTargeting,US,INNERBRIGHTNESS,spTargeting_innerbrightness_US_2026-03-21_2026-04-20.json,2026-04-21 01:59:26
40760,2026-04-21 01:59:27.050291,2026-04-21 01:59:27.050291,2026-04-17,45.18,3.72158154859967,2,PHRASE,45.18,45.18,45.18,0,2,ENABLED,myo inositol,0.0,1,50.0,1,2,2.43,2,IB-SP-KW-inositol-myo inositol-PM,1182589332550,0.8375209380234505,0,26.870296591412128,2,0,209298027301784.0,USD,3.72158154859967,2,2,390046037974112,45.18,0.59,0,45.18,487700417776058,0,1.1,myo inositol,1,0,1,DAILY_BUDGET,ENABLED,PHRASE,1,2,12.14,Amazon,45.18,26.870296591412128,45.18,597,1,1,1,5,IB-SP-KW-inositol-myo inositol-PM,spTargeting,US,INNERBRIGHTNESS,spTargeting_innerbrightness_US_2026-03-21_2026-04-20.json,2026-04-21 01:59:26
40777,2026-04-21 01:59:27.050291,2026-04-21 01:59:27.050291,2026-04-12,0.0,nan,0,EXACT,0.0,0.0,0.0,0,0,ENABLED,nmn supplement 1000mg pure organic,0.0,0,150.0,0,0,0.0,0,Inner-SP-KW-NMN Capsules-nmn-EM-CPC-1.2w,112480725342057,0.0,0,nan,0,0,156346298397171.0,USD,nan,0,0,457011345043450,0.0,0.0,0,0.0,377263535703992,0,nan,nmn supplement 1000mg pure organic,0,0,0,DAILY_BUDGET,ENABLED,EXACT,0,0,0.0,Amazon,0.0,nan,0.0,2,0,0,0,0,Inner-SP-KW-NMN Capsules-nmn-EM-CPC-1.2w,spTargeting,US,INNERBRIGHTNESS,spTargeting_innerbrightness_US_2026-03-21_2026-04-20.json,2026-04-21 01:59:26
40778,2026-04-21 01:59:27.050291,2026-04-21 01:59:27.050291,2026-04-11,0.0,nan,0,EXACT,0.0,0.0,0.0,0,0,ENABLED,nmn resveratrol,0.0,0,150.0,0,0,0.0,0,Inner-SP-KW-NMN Capsules-nmn-EM-CPC-1.2w,112480725342057,0.0,0,nan,0,0,156346298397171.0,USD,nan,0,0,543546464722721,0.0,0.0,0,0.0,377263535703992,0,nan,nmn resveratrol,0,0,0,DAILY_BUDGET,ENABLED,EXACT,0,0,0.0,Amazon,0.0,nan,0.0,1,0,0,0,0,Inner-SP-KW-NMN Capsules-nmn-EM-CPC-1.2w,spTargeting,US,INNERBRIGHTNESS,spTargeting_innerbrightness_US_2026-03-21_2026-04-20.json,2026-04-21 01:59:26
40779,2026-04-21 01:59:27.050291,2026-04-21 01:59:27.050291,2026-04-12,0.0,nan,0,EXACT,0.0,0.0,0.0,0,0,ENABLED,nmn resveratrol,0.0,0,150.0,0,0,0.0,0,Inner-SP-KW-NMN Capsules-nmn-EM-CPC-1.2w,112480725342057,0.0,0,nan,0,0,156346298397171.0,USD,nan,0,0,543546464722721,0.0,0.0,0,0.0,377263535703992,0,nan,nmn resveratrol,0,0,0,DAILY_BUDGET,ENABLED,EXACT,0,0,0.0,Amazon,0.0,nan,0.0,3,0,0,0,0,Inner-SP-KW-NMN Capsules-nmn-EM-CPC-1.2w,spTargeting,US,INNERBRIGHTNESS,spTargeting_innerbrightness_US_2026-03-21_2026-04-20.json,2026-04-21 01:59:26
40780,2026-04-21 01:59:27.050291,2026-04-21 01:59:27.050291,2026-04-13,0.0,nan,0,EXACT,0.0,0.0,0.0,0,0,ENABLED,nmn resveratrol,0.0,0,150.0,0,0,0.0,0,Inner-SP-KW-NMN Capsules-nmn-EM-CPC-1.2w,112480725342057,0.0,0,nan,0,0,156346298397171.0,USD,nan,0,0,543546464722721,0.0,0.0,0,0.0,377263535703992,0,nan,nmn resveratrol,0,0,0,DAILY_BUDGET,ENABLED,EXACT,0,0,0.0,Amazon,0.0,nan,0.0,2,0,0,0,0,Inner-SP-KW-NMN Capsules-nmn-EM-CPC-1.2w,spTargeting,US,INNERBRIGHTNESS,spTargeting_innerbrightness_US_2026-03-21_2026-04-20.json,2026-04-21 01:59:26
40781,2026-04-21 01:59:27.050291,2026-04-21 01:59:27.050291,2026-04-14,0.0,nan,0,EXACT,0.0,0.0,0.0,0,0,ENABLED,nmn resveratrol,0.0,0,150.0,0,0,0.0,0,Inner-SP-KW-NMN Capsules-nmn-EM-CPC-1.2w,112480725342057,0.0,0,nan,0,0,156346298397171.0,USD,nan,0,0,543546464722721,0.0,0.0,0,0.0,377263535703992,0,nan,nmn resveratrol,0,0,0,DAILY_BUDGET,ENABLED,EXACT,0,0,0.0,Amazon,0.0,nan,0.0,1,0,0,0,0,Inner-SP-KW-NMN Capsules-nmn-EM-CPC-1.2w,spTargeting,US,INNERBRIGHTNESS,spTargeting_innerbrightness_US_2026-03-21_2026-04-20.json,2026-04-21 01:59:26
40782,2026-04-21 01:59:27.050291,2026-04-21 01:59:27.050291,2026-04-15,0.0,nan,0,EXACT,0.0,0.0,0.0,0,0,ENABLED,nmn resveratrol,0.0,0,150.0,0,0,0.0,0,Inner-SP-KW-NMN Capsules-nmn-EM-CPC-1.2w,112480725342057,nan,0,nan,0,0,156346298397171.0,USD,nan,0,0,543546464722721,0.0,0.0,0,0.0,377263535703992,0,nan,nmn resveratrol,0,0,0,DAILY_BUDGET,ENABLED,EXACT,0,0,0.0,Amazon,0.0,nan,0.0,0,0,0,0,0,Inner-SP-KW-NMN Capsules-nmn-EM-CPC-1.2w,spTargeting,US,INNERBRIGHTNESS,spTargeting_innerbrightness_US_2026-03-21_2026-04-20.json,2026-04-21 01:59:26
40783,2026-04-21 01:59:27.050291,2026-04-21 01:59:27.050291,2026-04-16,0.0,nan,0,EXACT,0.0,0.0,0.0,0,0,ENABLED,nmn resveratrol,0.0,0,150.0,0,0,0.0,0,Inner-SP-KW-NMN Capsules-nmn-EM-CPC-1.2w,112480725342057,nan,0,nan,0,0,156346298397171.0,USD,nan,0,0,543546464722721,0.0,0.0,0,0.0,377263535703992,0,nan,nmn resveratrol,0,0,0,DAILY_BUDGET,ENABLED,EXACT,0,0,0.0,Amazon,0.0,nan,0.0,0,0,0,0,0,Inner-SP-KW-NMN Capsules-nmn-EM-CPC-1.2w,spTargeting,US,INNERBRIGHTNESS,spTargeting_innerbrightness_US_2026-03-21_2026-04-20.json,2026-04-21 01:59:26
40785,2026-04-21 01:59:27.050291,2026-04-21 01:59:27.050291,2026-04-11,0.0,nan,0,TARGETING_EXPRESSION_PREDEFINED,0.0,0.0,0.0,0,0,ENABLED,close-match,0.0,0,20.0,0,0,0.0,0,Inner-SP-KW-biotin gummies-Auto,2960493459434,0.0,0,nan,0,0,105099487523342.0,USD,nan,0,0,483703098565239,0.0,0.0,0,0.0,542233362908024,0,0.8,close-match,0,0,0,DAILY_BUDGET,ENABLED,TARGETING_EXPRESSION_PREDEFINED,0,0,0.0,Amazon,0.0,nan,0.0,6,0,0,0,0,Inner-SP-KW-biotin gummies-Auto,spTargeting,US,INNERBRIGHTNESS,spTargeting_innerbrightness_US_2026-03-21_2026-04-20.json,2026-04-21 01:59:26
40786,2026-04-21 01:59:27.050291,2026-04-21 01:59:27.050291,2026-04-12,0.0,0.9374712643678161,0,TARGETING_EXPRESSION_PREDEFINED,20.39,20.39,20.39,0,0,ENABLED,close-match,0.0,1,20.0,1,1,3.62,1,Inner-SP-KW-biotin gummies-Auto,2960493459434,1.1650485436893203,0,106.66993624325649,1,0,105099487523342.0,USD,0.9374712643678161,1,1,483703098565239,20.39,0.0,0,0.0,542233362908024,0,0.8,close-match,1,0,0,DAILY_BUDGET,ENABLED,TARGETING_EXPRESSION_PREDEFINED,0,1,21.75,Amazon,20.39,106.66993624325649,20.39,515,1,1,1,6,Inner-SP-KW-biotin gummies-Auto,spTargeting,US,INNERBRIGHTNESS,spTargeting_innerbrightness_US_2026-03-21_2026-04-20.json,2026-04-21 01:59:26
40787,2026-04-21 01:59:27.050291,2026-04-21 01:59:27.050291,2026-04-13,21.59,0.28755394205082535,1,TARGETING_EXPRESSION_PREDEFINED,41.98,41.98,41.98,0,1,ENABLED,close-match,0.0,2,20.0,2,2,3.24,2,Inner-SP-KW-biotin gummies-Auto,2960493459434,0.21930893318387834,0,347.76083849452124,2,0,105099487523342.0,USD,0.28755394205082535,2,2,483703098565239,41.98,0.02,0,21.59,542233362908024,0,0.8,close-match,2,0,1,DAILY_BUDGET,ENABLED,TARGETING_EXPRESSION_PREDEFINED,1,2,145.99,Amazon,41.98,347.76083849452124,41.98,20519,2,2,2,45,Inner-SP-KW-biotin gummies-Auto,spTargeting,US,INNERBRIGHTNESS,spTargeting_innerbrightness_US_2026-03-21_2026-04-20.json,2026-04-21 01:59:26
40788,2026-04-21 01:59:27.050291,2026-04-21 01:59:27.050291,2026-04-14,40.78,2.45367027677497,2,TARGETING_EXPRESSION_PREDEFINED,40.78,40.78,40.78,0,2,ENABLED,close-match,0.0,2,20.0,2,2,1.51,2,Inner-SP-KW-biotin gummies-Auto,2960493459434,0.05512126678693125,0,40.755272192251105,2,0,105099487523342.0,USD,2.45367027677497,2,2,483703098565239,40.78,0.0,0,40.78,542233362908024,0,0.8,close-match,2,0,2,DAILY_BUDGET,ENABLED,TARGETING_EXPRESSION_PREDEFINED,2,2,16.62,Amazon,40.78,40.755272192251105,40.78,19956,2,2,2,11,Inner-SP-KW-biotin gummies-Auto,spTargeting,US,INNERBRIGHTNESS,spTargeting_innerbrightness_US_2026-03-21_2026-04-20.json,2026-04-21 01:59:26
40789,2026-04-21 01:59:27.050291,2026-04-21 01:59:27.050291,2026-04-15,81.56,3.350862777321282,4,TARGETING_EXPRESSION_PREDEFINED,81.56,81.56,81.56,0,4,ENABLED,close-match,0.0,3,20.0,3,4,1.43,4,Inner-SP-KW-biotin gummies-Auto,2960493459434,0.09213592759200044,0,29.843060323688082,4,0,105099487523342.0,USD,3.350862777321282,4,4,483703098565239,81.56,0.0,0,81.56,542233362908024,0,0.8,close-match,3,0,3,DAILY_BUDGET,ENABLED,TARGETING_EXPRESSION_PREDEFINED,3,4,24.34,Amazon,81.56,29.843060323688082,81.56,18451,3,3,3,17,Inner-SP-KW-biotin gummies-Auto,spTargeting,US,INNERBRIGHTNESS,spTargeting_innerbrightness_US_2026-03-21_2026-04-20.json,2026-04-21 01:59:26
40790,2026-04-21 01:59:27.050291,2026-04-21 01:59:27.050291,2026-04-16,0.0,0.0,0,TARGETING_EXPRESSION_PREDEFINED,0.0,0.0,0.0,0,0,ENABLED,close-match,0.0,0,20.0,0,0,0.65,0,Inner-SP-KW-biotin gummies-Auto,2960493459434,0.06824075337791728,0,nan,0,0,105099487523342.0,USD,0.0,0,0,483703098565239,0.0,0.0,0,0.0,542233362908024,0,0.8,close-match,0,0,0,DAILY_BUDGET,ENABLED,TARGETING_EXPRESSION_PREDEFINED,0,0,6.51,Amazon,0.0,nan,0.0,14654,0,0,0,10,Inner-SP-KW-biotin gummies-Auto,spTargeting,US,INNERBRIGHTNESS,spTargeting_innerbrightness_US_2026-03-21_2026-04-20.json,2026-04-21 01:59:26
40791,2026-04-21 01:59:27.050291,2026-04-21 01:59:27.050291,2026-04-17,0.0,0.0,0,TARGETING_EXPRESSION_PREDEFINED,0.0,0.0,0.0,0,0,ENABLED,close-match,0.0,0,20.0,0,0,0.64,0,Inner-SP-KW-biotin gummies-Auto,2960493459434,0.013024225058609014,0,nan,0,0,105099487523342.0,USD,0.0,0,0,483703098565239,0.0,0.0,0,0.0,542233362908024,0,0.8,close-match,0,0,0,DAILY_BUDGET,ENABLED,TARGETING_EXPRESSION_PREDEFINED,0,0,1.27,Amazon,0.0,nan,0.0,15356,0,0,0,2,Inner-SP-KW-biotin gummies-Auto,spTargeting,US,INNERBRIGHTNESS,spTargeting_innerbrightness_US_2026-03-21_2026-04-20.json,2026-04-21 01:59:26
40795,2026-04-21 01:59:27.050291,2026-04-21 01:59:27.050291,2026-04-11,0.0,nan,0,EXACT,0.0,0.0,0.0,0,0,ENABLED,biotin gummies,0.0,0,150.0,0,0,0.0,0,Inner-SP-KW-biotin gummies-EM-biotin gummies-1w,103105471930136,0.0,0,nan,0,0,105099487523342.0,USD,nan,0,0,282296268344422,0.0,0.0,0,0.0,353711061783975,0,0.8,biotin gummies,0,0,0,DAILY_BUDGET,ENABLED,EXACT,0,0,0.0,Amazon,0.0,nan,0.0,3,0,0,0,0,Inner-SP-KW-biotin gummies-EM-biotin gummies-1w,spTargeting,US,INNERBRIGHTNESS,spTargeting_innerbrightness_US_2026-03-21_2026-04-20.json,2026-04-21 01:59:26
40796,2026-04-21 01:59:27.050291,2026-04-21 01:59:27.050291,2026-04-12,0.0,nan,0,EXACT,0.0,0.0,0.0,0,0,ENABLED,biotin gummies,0.0,0,150.0,0,0,0.0,0,Inner-SP-KW-biotin gummies-EM-biotin gummies-1w,103105471930136,0.0,0,nan,0,0,105099487523342.0,USD,nan,0,0,282296268344422,0.0,0.07,0,0.0,353711061783975,0,0.8,biotin gummies,0,0,0,DAILY_BUDGET,ENABLED,EXACT,0,0,0.0,Amazon,0.0,nan,0.0,30,0,0,0,0,Inner-SP-KW-biotin gummies-EM-biotin gummies-1w,spTargeting,US,INNERBRIGHTNESS,spTargeting_innerbrightness_US_2026-03-21_2026-04-20.json,2026-04-21 01:59:26
40797,2026-04-21 01:59:27.050291,2026-04-21 01:59:27.050291,2026-04-13,20.39,3.0207407407407407,1,EXACT,40.78,40.78,40.78,0,1,ENABLED,biotin gummies,0.0,2,150.0,2,2,4.5,2,Inner-SP-KW-biotin gummies-EM-biotin gummies-1w,103105471930136,0.20297699594046006,0,33.10446297204512,2,0,105099487523342.0,USD,3.0207407407407407,2,2,282296268344422,40.78,5.5,0,20.39,353711061783975,0,0.8,biotin gummies,2,0,1,DAILY_BUDGET,ENABLED,EXACT,1,2,13.5,Amazon,40.78,33.10446297204512,40.78,1478,2,2,2,3,Inner-SP-KW-biotin gummies-EM-biotin gummies-1w,spTargeting,US,INNERBRIGHTNESS,spTargeting_innerbrightness_US_2026-03-21_2026-04-20.json,2026-04-21 01:59:26
40798,2026-04-21 01:59:27.050291,2026-04-21 01:59:27.050291,2026-04-14,203.9,1.5953368281042173,10,EXACT,203.9,203.9,203.9,0,10,ENABLED,biotin gummies,0.0,10,150.0,10,10,4.56,10,Inner-SP-KW-biotin gummies-EM-biotin gummies-1w,103105471930136,0.6224988883948421,0,62.68268759195684,10,0,105099487523342.0,USD,1.5953368281042173,10,10,282296268344422,203.9,20.83,0,203.9,353711061783975,0,0.8,biotin gummies,10,0,10,DAILY_BUDGET,ENABLED,EXACT,10,10,127.81,Amazon,203.9,62.68268759195684,203.9,4498,10,10,10,28,Inner-SP-KW-biotin gummies-EM-biotin gummies-1w,spTargeting,US,INNERBRIGHTNESS,spTargeting_innerbrightness_US_2026-03-21_2026-04-20.json,2026-04-21 01:59:26
40799,2026-04-21 01:59:27.050291,2026-04-21 01:59:27.050291,2026-04-15,61.17,0.5261482883192844,3,EXACT,61.17,61.17,61.17,0,3,ENABLED,biotin gummies,0.0,3,150.0,3,3,4.15,3,Inner-SP-KW-biotin gummies-EM-biotin gummies-1w,103105471930136,0.3626943005181347,0,190.06048716691188,3,0,105099487523342.0,USD,0.5261482883192844,3,3,282296268344422,61.17,19.53,0,61.17,353711061783975,0,0.8,biotin gummies,3,0,3,DAILY_BUDGET,ENABLED,EXACT,3,3,116.26,Amazon,61.17,190.06048716691188,61.17,7720,3,3,3,28,Inner-SP-KW-biotin gummies-EM-biotin gummies-1w,spTargeting,US,INNERBRIGHTNESS,spTargeting_innerbrightness_US_2026-03-21_2026-04-20.json,2026-04-21 01:59:26
40800,2026-04-21 01:59:27.050291,2026-04-21 01:59:27.050291,2026-04-16,61.17,0.9835037622998264,3,EXACT,101.95,101.95,101.95,0,3,ENABLED,biotin gummies,0.0,5,150.0,5,5,4.71,5,Inner-SP-KW-biotin gummies-EM-biotin gummies-1w,103105471930136,0.7352941176470588,0,101.67729279058362,5,0,105099487523342.0,USD,0.9835037622998264,5,5,282296268344422,101.95,2.56,0,61.17,353711061783975,0,0.8,biotin gummies,5,0,3,DAILY_BUDGET,ENABLED,EXACT,3,5,103.66,Amazon,101.95,101.67729279058362,101.95,2992,5,5,5,22,Inner-SP-KW-biotin gummies-EM-biotin gummies-1w,spTargeting,US,INNERBRIGHTNESS,spTargeting_innerbrightness_US_2026-03-21_2026-04-20.json,2026-04-21 01:59:26
40801,2026-04-21 01:59:27.050291,2026-04-21 01:59:27.050291,2026-04-17,203.9,1.520733890214797,10,EXACT,203.9,203.9,203.9,0,10,ENABLED,biotin gummies,0.0,10,150.0,10,10,4.97,10,Inner-SP-KW-biotin gummies-EM-biotin gummies-1w,103105471930136,0.847457627118644,0,65.75772437469348,10,0,105099487523342.0,USD,1.520733890214797,10,10,282296268344422,203.9,16.27,0,203.9,353711061783975,0,0.8,biotin gummies,10,0,10,DAILY_BUDGET,ENABLED,EXACT,10,10,134.08,Amazon,203.9,65.75772437469348,203.9,3186,10,10,10,27,Inner-SP-KW-biotin gummies-EM-biotin gummies-1w,spTargeting,US,INNERBRIGHTNESS,spTargeting_innerbrightness_US_2026-03-21_2026-04-20.json,2026-04-21 01:59:26
40805,2026-04-21 01:59:27.050291,2026-04-21 01:59:27.050291,2026-04-11,68.97,1.3006612784717122,3,PHRASE,88.51,88.51,88.51,0,3,ENABLED,methylated b complex,0.0,4,145.0,4,4,3.78,4,Inner-SP-KW-VB-vitamin b complex-PM,57298629983623,2.6200873362445414,0,76.88396791323014,4,0,128011262266839.0,USD,1.3006612784717122,4,4,312470611589223,88.51,3.56,0,68.97,308862798962255,0,1.3,methylated b complex,4,0,3,DAILY_BUDGET,ENABLED,PHRASE,3,4,68.05,Amazon,88.51,76.88396791323014,88.51,687,4,4,4,18,Inner-SP-KW-VB-vitamin b complex-PM-3K,spTargeting,US,INNERBRIGHTNESS,spTargeting_innerbrightness_US_2026-03-21_2026-04-20.json,2026-04-21 01:59:26
40806,2026-04-21 01:59:27.050291,2026-04-21 01:59:27.050291,2026-04-12,68.97,1.4356786011656952,3,PHRASE,68.97,68.97,68.97,0,3,ENABLED,methylated b complex,0.0,3,145.0,3,3,4.0,3,Inner-SP-KW-VB-vitamin b complex-PM,57298629983623,1.8575851393188854,0,69.65347252428592,3,0,128011262266839.0,USD,1.4356786011656952,3,3,312470611589223,68.97,2.97,0,68.97,308862798962255,0,1.3,methylated b complex,3,0,3,DAILY_BUDGET,ENABLED,PHRASE,3,3,48.04,Amazon,68.97,69.65347252428592,68.97,646,3,3,3,12,Inner-SP-KW-VB-vitamin b complex-PM-3K,spTargeting,US,INNERBRIGHTNESS,spTargeting_innerbrightness_US_2026-03-21_2026-04-20.json,2026-04-21 01:59:26
40807,2026-04-21 01:59:27.050291,2026-04-21 01:59:27.050291,2026-04-13,58.62,0.9809236947791165,3,PHRASE,58.62,58.62,58.62,0,3,ENABLED,methylated b complex,0.0,3,145.0,3,3,3.98,3,Inner-SP-KW-VB-vitamin b complex-PM,57298629983623,1.9230769230769231,0,101.94472876151484,3,0,128011262266839.0,USD,0.9809236947791165,3,3,312470611589223,58.62,4.85,0,58.62,308862798962255,0,1.3,methylated b complex,3,0,3,DAILY_BUDGET,ENABLED,PHRASE,3,3,59.76,Amazon,58.62,101.94472876151484,58.62,780,3,3,3,15,Inner-SP-KW-VB-vitamin b complex-PM-3K,spTargeting,US,INNERBRIGHTNESS,spTargeting_innerbrightness_US_2026-03-21_2026-04-20.json,2026-04-21 01:59:26
40808,2026-04-21 01:59:27.050291,2026-04-21 01:59:27.050291,2026-04-14,97.7,1.1328849721706866,5,PHRASE,97.7,97.7,97.7,0,5,ENABLED,methylated b complex,0.0,5,145.0,5,5,3.92,5,Inner-SP-KW-VB-vitamin b complex-PM,57298629983623,2.6506024096385543,0,88.27021494370521,5,0,128011262266839.0,USD,1.1328849721706866,5,5,312470611589223,97.7,5.77,0,97.7,308862798962255,0,1.3,methylated b complex,5,0,5,DAILY_BUDGET,ENABLED,PHRASE,5,5,86.24,Amazon,97.7,88.27021494370521,97.7,830,5,5,5,22,Inner-SP-KW-VB-vitamin b complex-PM-3K,spTargeting,US,INNERBRIGHTNESS,spTargeting_innerbrightness_US_2026-03-21_2026-04-20.json,2026-04-21 01:59:26
40809,2026-04-21 01:59:27.050291,2026-04-21 01:59:27.050291,2026-04-15,58.59,0.7195136927422325,3,PHRASE,58.59,58.59,58.59,0,3,ENABLED,methylated b complex,0.0,3,145.0,3,3,4.07,3,Inner-SP-KW-VB-vitamin b complex-PM,57298629983623,2.4330900243309004,0,138.9827615634067,3,0,128011262266839.0,USD,0.7195136927422325,3,3,312470611589223,58.59,5.94,0,58.59,308862798962255,0,1.3,methylated b complex,3,0,3,DAILY_BUDGET,ENABLED,PHRASE,3,3,81.43,Amazon,58.59,138.9827615634067,58.59,822,3,3,3,20,Inner-SP-KW-VB-vitamin b complex-PM-3K,spTargeting,US,INNERBRIGHTNESS,spTargeting_innerbrightness_US_2026-03-21_2026-04-20.json,2026-04-21 01:59:26
40810,2026-04-21 01:59:27.050291,2026-04-21 01:59:27.050291,2026-04-16,0.0,0.0,0,PHRASE,0.0,0.0,0.0,0,0,ENABLED,methylated b complex,0.0,0,145.0,0,0,3.85,0,Inner-SP-KW-VB-vitamin b complex-PM,57298629983623,3.343949044585987,0,nan,0,0,128011262266839.0,USD,0.0,0,0,312470611589223,0.0,4.94,0,0.0,308862798962255,0,1.3,methylated b complex,0,0,0,DAILY_BUDGET,ENABLED,PHRASE,0,0,80.93,Amazon,0.0,nan,0.0,628,0,0,0,21,Inner-SP-KW-VB-vitamin b complex-PM-3K,spTargeting,US,INNERBRIGHTNESS,spTargeting_innerbrightness_US_2026-03-21_2026-04-20.json,2026-04-21 01:59:26
40811,2026-04-21 01:59:27.050291,2026-04-21 01:59:27.050291,2026-04-17,97.65,1.4555075272022657,5,PHRASE,97.65,97.65,97.65,0,5,ENABLED,methylated b complex,0.0,5,145.0,5,5,3.73,5,Inner-SP-KW-VB-vitamin b complex-PM,57298629983623,4.10958904109589,0,68.70455709165387,5,0,128011262266839.0,USD,1.4555075272022657,5,5,312470611589223,97.65,5.45,0,97.65,308862798962255,0,1.3,methylated b complex,5,0,5,DAILY_BUDGET,ENABLED,PHRASE,5,5,67.09,Amazon,97.65,68.70455709165387,97.65,438,5,5,5,18,Inner-SP-KW-VB-vitamin b complex-PM-3K,spTargeting,US,INNERBRIGHTNESS,spTargeting_innerbrightness_US_2026-03-21_2026-04-20.json,2026-04-21 01:59:26
40816,2026-04-21 01:59:27.050291,2026-04-21 01:59:27.050291,2026-04-11,206.91,0.9982143581835153,9,EXACT,245.97,245.97,245.97,0,9,ENABLED,vitamin b complex,0.0,10,364.0,10,11,5.48,11,Inner-SP-KW-VB-vitamin b complex-EM,16573246879315,0.9733939000648929,0,100.17888360369152,11,0,128011262266839.0,USD,0.9982143581835153,11,11,325219396871930,245.97,4.05,0,206.91,557962024699161,0,1.8,vitamin b complex,10,0,9,DAILY_BUDGET,ENABLED,EXACT,9,11,246.41,Amazon,245.97,100.17888360369152,245.97,4623,10,10,10,45,Inner-SP-KW-VB-vitamin b complex-EM-3K,spTargeting,US,INNERBRIGHTNESS,spTargeting_innerbrightness_US_2026-03-21_2026-04-20.json,2026-04-21 01:59:26
40817,2026-04-21 01:59:27.050291,2026-04-21 01:59:27.050291,2026-04-12,68.97,0.5979632499446536,3,EXACT,108.04,108.04,108.04,0,3,ENABLED,vitamin b complex,0.0,5,364.0,5,5,5.31,5,Inner-SP-KW-VB-vitamin b complex-EM,16573246879315,0.6309148264984227,0,167.23435764531655,5,0,128011262266839.0,USD,0.5979632499446536,5,5,325219396871930,108.04,3.29,0,68.97,557962024699161,0,1.8,vitamin b complex,5,0,3,DAILY_BUDGET,ENABLED,EXACT,3,5,180.68,Amazon,108.04,167.23435764531655,108.04,5389,5,5,5,34,Inner-SP-KW-VB-vitamin b complex-EM-3K,spTargeting,US,INNERBRIGHTNESS,spTargeting_innerbrightness_US_2026-03-21_2026-04-20.json,2026-04-21 01:59:26
40818,2026-04-21 01:59:27.050291,2026-04-21 01:59:27.050291,2026-04-13,351.72,1.2065811915544316,18,EXACT,410.31,410.31,410.31,0,18,ENABLED,vitamin b complex,0.0,21,364.0,21,21,5.4,21,Inner-SP-KW-VB-vitamin b complex-EM,16573246879315,0.805523590333717,0,82.87879895688626,21,0,128011262266839.0,USD,1.2065811915544316,21,21,325219396871930,410.31,10.87,0,351.72,557962024699161,0,1.8,vitamin b complex,21,0,18,DAILY_BUDGET,ENABLED,EXACT,18,21,340.06,Amazon,410.31,82.87879895688626,410.31,7821,21,21,21,63,Inner-SP-KW-VB-vitamin b complex-EM-3K,spTargeting,US,INNERBRIGHTNESS,spTargeting_innerbrightness_US_2026-03-21_2026-04-20.json,2026-04-21 01:59:26
40819,2026-04-21 01:59:27.050291,2026-04-21 01:59:27.050291,2026-04-14,273.53,0.8146212647671994,14,EXACT,293.06,293.06,293.06,0,14,ENABLED,vitamin b complex,0.0,13,364.0,13,15,5.37,15,Inner-SP-KW-VB-vitamin b complex-EM,16573246879315,0.9411434190195251,0,122.75643212993926,15,0,128011262266839.0,USD,0.8146212647671994,15,15,325219396871930,293.06,10.95,0,273.53,557962024699161,0,1.8,vitamin b complex,13,0,12,DAILY_BUDGET,ENABLED,EXACT,12,15,359.75,Amazon,293.06,122.75643212993926,293.06,7119,13,13,13,67,Inner-SP-KW-VB-vitamin b complex-EM-3K,spTargeting,US,INNERBRIGHTNESS,spTargeting_innerbrightness_US_2026-03-21_2026-04-20.json,2026-04-21 01:59:26
40820,2026-04-21 01:59:27.050291,2026-04-21 01:59:27.050291,2026-04-15,273.42,0.9124462717249112,14,EXACT,292.95,292.95,292.95,0,14,ENABLED,vitamin b complex,0.0,14,364.0,14,15,4.86,15,Inner-SP-KW-VB-vitamin b complex-EM,16573246879315,0.4206769073873414,0,109.59549411162315,15,0,128011262266839.0,USD,0.9124462717249112,15,15,325219396871930,292.95,6.4,0,273.42,557962024699161,0,1.8,vitamin b complex,14,0,13,DAILY_BUDGET,ENABLED,EXACT,13,15,321.06,Amazon,292.95,109.59549411162315,292.95,15689,14,14,14,66,Inner-SP-KW-VB-vitamin b complex-EM-3K,spTargeting,US,INNERBRIGHTNESS,spTargeting_innerbrightness_US_2026-03-21_2026-04-20.json,2026-04-21 01:59:26
40821,2026-04-21 01:59:27.050291,2026-04-21 01:59:27.050291,2026-04-16,234.36,0.9292993378008645,12,EXACT,234.36,234.36,234.36,0,12,ENABLED,vitamin b complex,0.0,12,364.0,12,12,4.67,12,Inner-SP-KW-VB-vitamin b complex-EM,16573246879315,0.37604456824512533,0,107.6079535756955,12,0,128011262266839.0,USD,0.9292993378008645,12,12,325219396871930,234.36,5.61,0,234.36,557962024699161,0,1.8,vitamin b complex,12,0,12,DAILY_BUDGET,ENABLED,EXACT,12,12,252.19,Amazon,234.36,107.6079535756955,234.36,14360,12,12,12,54,Inner-SP-KW-VB-vitamin b complex-EM-3K,spTargeting,US,INNERBRIGHTNESS,spTargeting_innerbrightness_US_2026-03-21_2026-04-20.json,2026-04-21 01:59:26
40822,2026-04-21 01:59:27.050291,2026-04-21 01:59:27.050291,2026-04-17,312.48,1.26262481143596,16,EXACT,351.54,351.54,351.54,0,16,ENABLED,vitamin b complex,0.0,17,364.0,17,18,4.64,18,Inner-SP-KW-VB-vitamin b complex-EM,16573246879315,0.583373845405931,0,79.20009102804802,18,0,128011262266839.0,USD,1.26262481143596,18,18,325219396871930,351.54,7.14,0,312.48,557962024699161,0,1.8,vitamin b complex,17,0,15,DAILY_BUDGET,ENABLED,EXACT,15,18,278.42,Amazon,351.54,79.20009102804802,351.54,10285,17,17,17,60,Inner-SP-KW-VB-vitamin b complex-EM-3K,spTargeting,US,INNERBRIGHTNESS,spTargeting_innerbrightness_US_2026-03-21_2026-04-20.json,2026-04-21 01:59:26
40826,2026-04-21 01:59:27.050291,2026-04-21 01:59:27.050291,2026-04-11,68.97,0.8077058203536713,3,TARGETING_EXPRESSION_PREDEFINED,68.97,68.97,68.97,0,3,PAUSED,close-match,0.0,3,40.0,3,3,2.75,3,Inner-SP-VB-auto,71902167295137,0.6076048608388867,0,123.80745251558649,3,0,128011262266839.0,USD,0.8077058203536713,3,3,335565565166216,68.97,0.0,0,68.97,540600850303009,0,0.8,close-match,3,0,3,DAILY_BUDGET,ENABLED,TARGETING_EXPRESSION_PREDEFINED,3,3,85.39,Amazon,68.97,123.80745251558649,68.97,5102,3,3,3,31,Inner-SP-VB-auto,spTargeting,US,INNERBRIGHTNESS,spTargeting_innerbrightness_US_2026-03-21_2026-04-20.json,2026-04-21 01:59:26
40827,2026-04-21 01:59:27.050291,2026-04-21 01:59:27.050291,2026-04-12,91.96,0.9992393784635444,4,TARGETING_EXPRESSION_PREDEFINED,91.96,91.96,91.96,0,4,PAUSED,close-match,0.0,4,40.0,4,4,2.88,4,Inner-SP-VB-auto,71902167295137,0.6589785831960462,0,100.07612005219661,4,0,128011262266839.0,USD,0.9992393784635444,4,4,335565565166216,91.96,0.0,0,91.96,540600850303009,0,0.8,close-match,4,0,4,DAILY_BUDGET,ENABLED,TARGETING_EXPRESSION_PREDEFINED,4,4,92.03,Amazon,91.96,100.07612005219661,91.96,4856,4,4,4,32,Inner-SP-VB-auto,spTargeting,US,INNERBRIGHTNESS,spTargeting_innerbrightness_US_2026-03-21_2026-04-20.json,2026-04-21 01:59:26
40828,2026-04-21 01:59:27.050291,2026-04-21 01:59:27.050291,2026-04-13,39.08,0.4243213897937025,2,TARGETING_EXPRESSION_PREDEFINED,39.08,39.08,39.08,0,2,PAUSED,close-match,0.0,2,40.0,2,2,2.97,2,Inner-SP-VB-auto,71902167295137,0.5757800891530461,0,235.6704196519959,2,0,128011262266839.0,USD,0.4243213897937025,2,2,335565565166216,39.08,0.0,0,39.08,540600850303009,0,0.8,close-match,2,0,2,DAILY_BUDGET,ENABLED,TARGETING_EXPRESSION_PREDEFINED,2,2,92.1,Amazon,39.08,235.6704196519959,39.08,5384,2,2,2,31,Inner-SP-VB-auto,spTargeting,US,INNERBRIGHTNESS,spTargeting_innerbrightness_US_2026-03-21_2026-04-20.json,2026-04-21 01:59:26
40829,2026-04-21 01:59:27.050291,2026-04-21 01:59:27.050291,2026-04-14,39.08,0.9135109864422627,2,TARGETING_EXPRESSION_PREDEFINED,39.08,39.08,39.08,0,2,PAUSED,close-match,0.0,2,40.0,2,2,3.56,2,Inner-SP-VB-auto,71902167295137,0.3607937462417318,0,109.46775844421698,2,0,128011262266839.0,USD,0.9135109864422627,2,2,335565565166216,39.08,0.0,0,39.08,540600850303009,0,0.8,close-match,2,0,2,DAILY_BUDGET,ENABLED,TARGETING_EXPRESSION_PREDEFINED,2,2,42.78,Amazon,39.08,109.46775844421698,39.08,3326,2,2,2,12,Inner-SP-VB-auto,spTargeting,US,INNERBRIGHTNESS,spTargeting_innerbrightness_US_2026-03-21_2026-04-20.json,2026-04-21 01:59:26
40830,2026-04-21 01:59:27.050291,2026-04-21 01:59:27.050291,2026-04-15,39.06,1.3623997209626788,2,TARGETING_EXPRESSION_PREDEFINED,39.06,39.06,39.06,0,2,PAUSED,close-match,0.0,1,40.0,1,2,2.39,2,Inner-SP-VB-auto,71902167295137,0.3386960203217612,0,73.39989759344598,2,0,128011262266839.0,USD,1.3623997209626788,2,2,335565565166216,39.06,0.0,0,39.06,540600850303009,0,0.8,close-match,1,0,1,DAILY_BUDGET,ENABLED,TARGETING_EXPRESSION_PREDEFINED,1,2,28.67,Amazon,39.06,73.39989759344598,39.06,3543,1,1,1,12,Inner-SP-VB-auto,spTargeting,US,INNERBRIGHTNESS,spTargeting_innerbrightness_US_2026-03-21_2026-04-20.json,2026-04-21 01:59:26
40831,2026-04-21 01:59:27.050291,2026-04-21 01:59:27.050291,2026-04-16,0.0,nan,0,TARGETING_EXPRESSION_PREDEFINED,0.0,0.0,0.0,0,0,PAUSED,close-match,0.0,0,40.0,0,0,0.0,0,Inner-SP-VB-auto,71902167295137,0.0,0,nan,0,0,128011262266839.0,USD,nan,0,0,335565565166216,0.0,0.0,0,0.0,540600850303009,0,0.8,close-match,0,0,0,DAILY_BUDGET,ENABLED,TARGETING_EXPRESSION_PREDEFINED,0,0,0.0,Amazon,0.0,nan,0.0,62,0,0,0,0,Inner-SP-VB-auto,spTargeting,US,INNERBRIGHTNESS,spTargeting_innerbrightness_US_2026-03-21_2026-04-20.json,2026-04-21 01:59:26
40845,2026-04-21 01:59:27.050291,2026-04-21 01:59:27.050291,2026-04-13,58.62,0.7708621029788914,3,EXACT,78.15,78.15,78.15,0,3,ENABLED,b complex,0.0,4,180.0,4,4,6.34,4,Inner-SP-KW-VB-b complex-EM-8K,133485526455499,2.26628895184136,0,129.7248880358285,4,0,128011262266839.0,USD,0.7708621029788914,4,4,405303792653147,78.15,6.25,0,58.62,331857307014632,0,1.5,b complex,4,0,3,DAILY_BUDGET,ENABLED,EXACT,3,4,101.38,Amazon,78.15,129.7248880358285,78.15,706,4,4,4,16,Inner-SP-KW-VB-b complex-EM-8K,spTargeting,US,INNERBRIGHTNESS,spTargeting_innerbrightness_US_2026-03-21_2026-04-20.json,2026-04-21 01:59:26
40833,2026-04-21 01:59:27.050291,2026-04-21 01:59:27.050291,2026-04-11,22.99,0.8032844164919636,1,EXACT,22.99,22.99,22.99,0,1,ENABLED,b complex vitamins,0.0,1,30.0,1,1,4.77,1,Inner-SP-KW-VB-b complex vitamins-EM-1.5w,86707689409336,0.9022556390977444,0,124.48890822096566,1,0,NaN,USD,0.8032844164919636,1,1,549428982350419,22.99,0.24,0,22.99,358090685783492,0,2.65,b complex vitamins,1,0,1,DAILY_BUDGET,ENABLED,EXACT,1,1,28.62,Amazon,22.99,124.48890822096566,22.99,665,1,1,1,6,Campaign - 3/24/2026 08:56:17.623,spTargeting,US,INNERBRIGHTNESS,spTargeting_innerbrightness_US_2026-03-21_2026-04-20.json,2026-04-21 01:59:26
40834,2026-04-21 01:59:27.050291,2026-04-21 01:59:27.050291,2026-04-12,22.99,0.8480265584655109,1,EXACT,22.99,22.99,22.99,0,1,ENABLED,b complex vitamins,0.0,1,30.0,1,1,4.52,1,Inner-SP-KW-VB-b complex vitamins-EM-1.5w,86707689409336,2.247191011235955,0,117.92083514571554,1,0,NaN,USD,0.8480265584655109,1,1,549428982350419,22.99,0.26,0,22.99,358090685783492,0,2.65,b complex vitamins,1,0,1,DAILY_BUDGET,ENABLED,EXACT,1,1,27.11,Amazon,22.99,117.92083514571554,22.99,267,1,1,1,6,Campaign - 3/24/2026 08:56:17.623,spTargeting,US,INNERBRIGHTNESS,spTargeting_innerbrightness_US_2026-03-21_2026-04-20.json,2026-04-21 01:59:26
40835,2026-04-21 01:59:27.050291,2026-04-21 01:59:27.050291,2026-04-13,39.08,1.31009051290647,2,EXACT,39.08,39.08,39.08,0,2,ENABLED,b complex vitamins,0.0,1,30.0,1,2,4.26,2,Inner-SP-KW-VB-b complex vitamins-EM-1.5w,86707689409336,0.38293216630196936,0,76.33060388945752,2,0,NaN,USD,1.31009051290647,2,2,549428982350419,39.08,1.4,0,39.08,358090685783492,0,2.65,b complex vitamins,1,0,1,DAILY_BUDGET,ENABLED,EXACT,1,2,29.83,Amazon,39.08,76.33060388945752,39.08,1828,1,1,1,7,Campaign - 3/24/2026 08:56:17.623,spTargeting,US,INNERBRIGHTNESS,spTargeting_innerbrightness_US_2026-03-21_2026-04-20.json,2026-04-21 01:59:26
40836,2026-04-21 01:59:27.050291,2026-04-21 01:59:27.050291,2026-04-14,19.54,0.6865776528460997,1,EXACT,19.54,19.54,19.54,0,1,ENABLED,b complex vitamins,0.0,1,30.0,1,1,4.74,1,Inner-SP-KW-VB-b complex vitamins-EM-1.5w,86707689409336,1.9801980198019802,0,145.64994882292734,1,0,NaN,USD,0.6865776528460997,1,1,549428982350419,19.54,0.23,0,19.54,358090685783492,0,2.65,b complex vitamins,1,0,1,DAILY_BUDGET,ENABLED,EXACT,1,1,28.46,Amazon,19.54,145.64994882292734,19.54,303,1,1,1,6,Campaign - 3/24/2026 08:56:17.623,spTargeting,US,INNERBRIGHTNESS,spTargeting_innerbrightness_US_2026-03-21_2026-04-20.json,2026-04-21 01:59:26
40837,2026-04-21 01:59:27.050291,2026-04-21 01:59:27.050291,2026-04-15,39.06,1.4286759326993417,2,EXACT,39.06,39.06,39.06,0,2,ENABLED,b complex vitamins,0.0,2,30.0,2,2,4.56,2,Inner-SP-KW-VB-b complex vitamins-EM-1.5w,86707689409336,0.3188097768331562,0,69.99487967229902,2,0,NaN,USD,1.4286759326993417,2,2,549428982350419,39.06,0.74,0,39.06,358090685783492,0,2.65,b complex vitamins,2,0,2,DAILY_BUDGET,ENABLED,EXACT,2,2,27.34,Amazon,39.06,69.99487967229902,39.06,1882,2,2,2,6,Campaign - 3/24/2026 08:56:17.623,spTargeting,US,INNERBRIGHTNESS,spTargeting_innerbrightness_US_2026-03-21_2026-04-20.json,2026-04-21 01:59:26
40838,2026-04-21 01:59:27.050291,2026-04-21 01:59:27.050291,2026-04-16,0.0,0.0,0,EXACT,0.0,0.0,0.0,0,0,ENABLED,b complex vitamins,0.0,0,30.0,0,0,3.42,0,Inner-SP-KW-VB-b complex vitamins-EM-1.5w,86707689409336,0.23101357204735778,0,nan,0,0,NaN,USD,0.0,0,0,549428982350419,0.0,0.58,0,0.0,358090685783492,0,2.65,b complex vitamins,0,0,0,DAILY_BUDGET,ENABLED,EXACT,0,0,27.36,Amazon,0.0,nan,0.0,3463,0,0,0,8,Campaign - 3/24/2026 08:56:17.623,spTargeting,US,INNERBRIGHTNESS,spTargeting_innerbrightness_US_2026-03-21_2026-04-20.json,2026-04-21 01:59:26
40839,2026-04-21 01:59:27.050291,2026-04-21 01:59:27.050291,2026-04-17,0.0,0.0,0,EXACT,0.0,0.0,0.0,0,0,ENABLED,b complex vitamins,0.0,0,30.0,0,0,4.76,0,Inner-SP-KW-VB-b complex vitamins-EM-1.5w,86707689409336,0.32310177705977383,0,nan,0,0,NaN,USD,0.0,0,0,549428982350419,0.0,1.84,0,0.0,358090685783492,0,2.65,b complex vitamins,0,0,0,DAILY_BUDGET,ENABLED,EXACT,0,0,28.58,Amazon,0.0,nan,0.0,1857,0,0,0,6,Campaign - 3/24/2026 08:56:17.623,spTargeting,US,INNERBRIGHTNESS,spTargeting_innerbrightness_US_2026-03-21_2026-04-20.json,2026-04-21 01:59:26
40843,2026-04-21 01:59:27.050291,2026-04-21 01:59:27.050291,2026-04-11,22.99,0.5840955284552846,1,EXACT,22.99,22.99,22.99,0,1,ENABLED,b complex,0.0,1,180.0,1,1,6.56,1,Inner-SP-KW-VB-b complex-EM-8K,133485526455499,1.9736842105263157,0,171.2048716833406,1,0,128011262266839.0,USD,0.5840955284552846,1,1,405303792653147,22.99,5.86,0,22.99,331857307014632,0,1.5,b complex,1,0,1,DAILY_BUDGET,ENABLED,EXACT,1,1,39.36,Amazon,22.99,171.2048716833406,22.99,304,1,1,1,6,Inner-SP-KW-VB-b complex-EM-8K,spTargeting,US,INNERBRIGHTNESS,spTargeting_innerbrightness_US_2026-03-21_2026-04-20.json,2026-04-21 01:59:26
40844,2026-04-21 01:59:27.050291,2026-04-21 01:59:27.050291,2026-04-12,45.98,1.1714876033057853,2,EXACT,85.05,85.05,85.05,0,2,ENABLED,b complex,0.0,4,180.0,4,4,6.6,4,Inner-SP-KW-VB-b complex-EM-8K,133485526455499,3.4267912772585665,0,85.3615520282187,4,0,128011262266839.0,USD,1.1714876033057853,4,4,405303792653147,85.05,5.86,0,45.98,331857307014632,0,1.5,b complex,4,0,2,DAILY_BUDGET,ENABLED,EXACT,2,4,72.6,Amazon,85.05,85.3615520282187,85.05,321,4,4,4,11,Inner-SP-KW-VB-b complex-EM-8K,spTargeting,US,INNERBRIGHTNESS,spTargeting_innerbrightness_US_2026-03-21_2026-04-20.json,2026-04-21 01:59:26
40846,2026-04-21 01:59:27.050291,2026-04-21 01:59:27.050291,2026-04-14,39.08,0.3982878108438646,2,EXACT,39.08,39.08,39.08,0,2,ENABLED,b complex,0.0,2,180.0,2,2,6.54,2,Inner-SP-KW-VB-b complex-EM-8K,133485526455499,2.479338842975207,0,251.07471852610033,2,0,128011262266839.0,USD,0.3982878108438646,2,2,405303792653147,39.08,7.79,0,39.08,331857307014632,0,1.5,b complex,2,0,2,DAILY_BUDGET,ENABLED,EXACT,2,2,98.12,Amazon,39.08,251.07471852610033,39.08,605,2,2,2,15,Inner-SP-KW-VB-b complex-EM-8K,spTargeting,US,INNERBRIGHTNESS,spTargeting_innerbrightness_US_2026-03-21_2026-04-20.json,2026-04-21 01:59:26
40847,2026-04-21 01:59:27.050291,2026-04-21 01:59:27.050291,2026-04-15,97.65,0.7476456626598269,5,EXACT,97.65,97.65,97.65,0,5,ENABLED,b complex,0.0,5,180.0,5,5,6.22,5,Inner-SP-KW-VB-b complex-EM-8K,133485526455499,2.1716649431230612,0,133.7532002048131,5,0,128011262266839.0,USD,0.7476456626598269,5,5,405303792653147,97.65,10.33,0,97.65,331857307014632,0,1.5,b complex,5,0,5,DAILY_BUDGET,ENABLED,EXACT,5,5,130.61,Amazon,97.65,133.7532002048131,97.65,967,5,5,5,21,Inner-SP-KW-VB-b complex-EM-8K,spTargeting,US,INNERBRIGHTNESS,spTargeting_innerbrightness_US_2026-03-21_2026-04-20.json,2026-04-21 01:59:26
40848,2026-04-21 01:59:27.050291,2026-04-21 01:59:27.050291,2026-04-16,39.06,0.30064655172413796,2,EXACT,39.06,39.06,39.06,0,2,ENABLED,b complex,0.0,2,180.0,2,2,5.91,2,Inner-SP-KW-VB-b complex-EM-8K,133485526455499,1.3496932515337423,0,332.6164874551971,2,0,128011262266839.0,USD,0.30064655172413796,2,2,405303792653147,39.06,10.14,0,39.06,331857307014632,0,1.5,b complex,2,0,2,DAILY_BUDGET,ENABLED,EXACT,2,2,129.92,Amazon,39.06,332.6164874551971,39.06,1630,2,2,2,22,Inner-SP-KW-VB-b complex-EM-8K,spTargeting,US,INNERBRIGHTNESS,spTargeting_innerbrightness_US_2026-03-21_2026-04-20.json,2026-04-21 01:59:26
40849,2026-04-21 01:59:27.050291,2026-04-21 01:59:27.050291,2026-04-17,97.65,0.9842096421972115,5,EXACT,117.18,117.18,117.18,0,5,ENABLED,b complex,0.0,6,180.0,6,6,6.27,6,Inner-SP-KW-VB-b complex-EM-8K,133485526455499,2.878787878787879,0,101.60436934630484,6,0,128011262266839.0,USD,0.9842096421972115,6,6,405303792653147,117.18,7.42,0,97.65,331857307014632,0,1.5,b complex,6,0,5,DAILY_BUDGET,ENABLED,EXACT,5,6,119.06,Amazon,117.18,101.60436934630484,117.18,660,6,6,6,19,Inner-SP-KW-VB-b complex-EM-8K,spTargeting,US,INNERBRIGHTNESS,spTargeting_innerbrightness_US_2026-03-21_2026-04-20.json,2026-04-21 01:59:26
40853,2026-04-21 01:59:27.050291,2026-04-21 01:59:27.050291,2026-04-11,59.97,0.5451484748501785,4,TARGETING_EXPRESSION_PREDEFINED,59.97,80.96,59.97,0,3,ENABLED,close-match,20.99,3,300.0,4,3,2.7,4,Inner-SP-Auto-gumm-magnesium-CPC-New,31526300125663,0.9062448508815291,0,183.4362648221344,4,0,269179459475581.0,USD,0.5451484748501785,3,4,348012246532570,59.97,0.24,0,80.96,343806971340416,0,1.0,close-match,3,1,3,DAILY_BUDGET,ENABLED,TARGETING_EXPRESSION_PREDEFINED,4,3,148.51,Amazon,80.96,183.4362648221344,80.96,6069,3,4,4,55,Inner-SP-Auto-gumm-magnesium-CPC-New,spTargeting,US,INNERBRIGHTNESS,spTargeting_innerbrightness_US_2026-03-21_2026-04-20.json,2026-04-21 01:59:26
40854,2026-04-21 01:59:27.050291,2026-04-21 01:59:27.050291,2026-04-12,19.99,0.48613813229571984,1,TARGETING_EXPRESSION_PREDEFINED,19.99,19.99,19.99,0,1,ENABLED,close-match,0.0,1,300.0,1,1,2.74,1,Inner-SP-Auto-gumm-magnesium-CPC-New,31526300125663,0.667853962600178,0,205.70285142571288,1,0,269179459475581.0,USD,0.48613813229571984,1,1,348012246532570,19.99,0.11,0,19.99,343806971340416,0,1.0,close-match,1,0,1,DAILY_BUDGET,ENABLED,TARGETING_EXPRESSION_PREDEFINED,1,1,41.12,Amazon,19.99,205.70285142571288,19.99,2246,1,1,1,15,Inner-SP-Auto-gumm-magnesium-CPC-New,spTargeting,US,INNERBRIGHTNESS,spTargeting_innerbrightness_US_2026-03-21_2026-04-20.json,2026-04-21 01:59:26
40855,2026-04-21 01:59:27.050291,2026-04-21 01:59:27.050291,2026-04-13,27.98,1.0164750110570544,4,TARGETING_EXPRESSION_PREDEFINED,41.97,91.93,41.97,0,2,ENABLED,close-match,49.96,3,300.0,5,3,2.58,5,Inner-SP-Auto-gumm-magnesium-CPC-New,31526300125663,1.440922190201729,0,98.37920156640921,5,0,269179459475581.0,USD,1.0164750110570544,3,5,348012246532570,41.97,0.05,0,77.94,343806971340416,0,1.0,close-match,3,2,2,DAILY_BUDGET,ENABLED,TARGETING_EXPRESSION_PREDEFINED,4,3,90.44,Amazon,91.93,98.37920156640921,91.93,2429,3,5,5,35,Inner-SP-Auto-gumm-magnesium-CPC-New,spTargeting,US,INNERBRIGHTNESS,spTargeting_innerbrightness_US_2026-03-21_2026-04-20.json,2026-04-21 01:59:26
40856,2026-04-21 01:59:27.050291,2026-04-21 01:59:27.050291,2026-04-14,181.87,0.9857980269742171,14,TARGETING_EXPRESSION_PREDEFINED,181.87,206.85,181.87,0,13,ENABLED,close-match,24.98,13,300.0,14,13,2.66,14,Inner-SP-Auto-gumm-magnesium-CPC-New,31526300125663,1.5975733063700708,0,101.44065748126663,14,0,269179459475581.0,USD,0.9857980269742171,13,14,348012246532570,181.87,0.27,0,206.85,343806971340416,0,1.0,close-match,13,1,13,DAILY_BUDGET,ENABLED,TARGETING_EXPRESSION_PREDEFINED,14,13,209.83,Amazon,206.85,101.44065748126663,206.85,4945,13,14,14,79,Inner-SP-Auto-gumm-magnesium-CPC-New,spTargeting,US,INNERBRIGHTNESS,spTargeting_innerbrightness_US_2026-03-21_2026-04-20.json,2026-04-21 01:59:26
40857,2026-04-21 01:59:27.050291,2026-04-21 01:59:27.050291,2026-04-15,209.85,1.0451753605127292,16,TARGETING_EXPRESSION_PREDEFINED,209.85,234.83,209.85,0,15,ENABLED,close-match,24.98,15,300.0,16,15,2.58,16,Inner-SP-Auto-gumm-magnesium-CPC-New,31526300125663,3.1647871953437616,0,95.67772431120385,16,0,269179459475581.0,USD,1.0451753605127292,15,16,348012246532570,209.85,0.64,0,234.83,343806971340416,0,1.0,close-match,15,1,15,DAILY_BUDGET,ENABLED,TARGETING_EXPRESSION_PREDEFINED,16,15,224.68,Amazon,234.83,95.67772431120385,234.83,2749,15,16,16,87,Inner-SP-Auto-gumm-magnesium-CPC-New,spTargeting,US,INNERBRIGHTNESS,spTargeting_innerbrightness_US_2026-03-21_2026-04-20.json,2026-04-21 01:59:26
40858,2026-04-21 01:59:27.050291,2026-04-21 01:59:27.050291,2026-04-16,363.74,1.8449074074074072,29,TARGETING_EXPRESSION_PREDEFINED,405.71,526.02,405.71,0,26,ENABLED,close-match,120.31,26,300.0,31,29,2.66,34,Inner-SP-Auto-gumm-magnesium-CPC-New,31526300125663,5.179090029041626,0,54.20326223337516,34,0,269179459475581.0,USD,1.8449074074074072,29,34,348012246532570,405.71,0.99,0,438.68,343806971340416,0,1.0,close-match,26,5,23,DAILY_BUDGET,ENABLED,TARGETING_EXPRESSION_PREDEFINED,26,29,285.12,Amazon,526.02,54.20326223337516,526.02,2066,26,31,31,107,Inner-SP-Auto-gumm-magnesium-CPC-New,spTargeting,US,INNERBRIGHTNESS,spTargeting_innerbrightness_US_2026-03-21_2026-04-20.json,2026-04-21 01:59:26
40859,2026-04-21 01:59:27.050291,2026-04-21 01:59:27.050291,2026-04-17,97.93,0.9771046983067015,8,TARGETING_EXPRESSION_PREDEFINED,97.93,122.91,97.93,0,7,ENABLED,close-match,24.98,6,300.0,7,7,2.47,8,Inner-SP-Auto-gumm-magnesium-CPC-New,31526300125663,3.136531365313653,0,102.34317793507446,8,0,269179459475581.0,USD,0.9771046983067015,7,8,348012246532570,97.93,0.63,0,122.91,343806971340416,0,1.0,close-match,6,1,6,DAILY_BUDGET,ENABLED,TARGETING_EXPRESSION_PREDEFINED,7,7,125.79,Amazon,122.91,102.34317793507446,122.91,1626,6,7,7,51,Inner-SP-Auto-gumm-magnesium-CPC-New,spTargeting,US,INNERBRIGHTNESS,spTargeting_innerbrightness_US_2026-03-21_2026-04-20.json,2026-04-21 01:59:26
40863,2026-04-21 01:59:27.050291,2026-04-21 01:59:27.050291,2026-04-11,0.0,0.0,0,TARGETING_EXPRESSION_PREDEFINED,0.0,0.0,0.0,0,0,ENABLED,loose-match,0.0,0,300.0,0,0,1.36,0,Inner-SP-Auto-gumm-magnesium-CPC-New,31526300125663,2.3529411764705883,0,nan,0,0,269179459475581.0,USD,0.0,0,0,485880747112961,0.0,0.01,0,0.0,343806971340416,0,0.5,loose-match,0,0,0,DAILY_BUDGET,PAUSED,TARGETING_EXPRESSION_PREDEFINED,0,0,5.46,Amazon,0.0,nan,0.0,170,0,0,0,4,Inner-SP-Auto-gumm-magnesium-CPC-New,spTargeting,US,INNERBRIGHTNESS,spTargeting_innerbrightness_US_2026-03-21_2026-04-20.json,2026-04-21 01:59:26
40864,2026-04-21 01:59:27.050291,2026-04-21 01:59:27.050291,2026-04-11,0.0,0.0,0,TARGETING_EXPRESSION_PREDEFINED,0.0,0.0,0.0,0,0,ENABLED,complements,0.0,0,300.0,0,0,0.5,0,Inner-SP-Auto-gumm-magnesium-CPC-New,31526300125663,1.282051282051282,0,nan,0,0,269179459475581.0,USD,0.0,0,0,411414100466858,0.0,0.0,0,0.0,343806971340416,0,0.5,complements,0,0,0,DAILY_BUDGET,PAUSED,TARGETING_EXPRESSION_PREDEFINED,0,0,0.5,Amazon,0.0,nan,0.0,78,0,0,0,1,Inner-SP-Auto-gumm-magnesium-CPC-New,spTargeting,US,INNERBRIGHTNESS,spTargeting_innerbrightness_US_2026-03-21_2026-04-20.json,2026-04-21 01:59:26
40865,2026-04-21 01:59:27.050291,2026-04-21 01:59:27.050291,2026-04-11,0.0,2.2896425297891843,0,TARGETING_EXPRESSION_PREDEFINED,0.0,24.98,0.0,0,0,ENABLED,substitutes,24.98,0,300.0,1,0,1.36,1,Inner-SP-Auto-gumm-magnesium-CPC-New,31526300125663,0.31067961165048547,0,43.67493995196157,1,0,269179459475581.0,USD,2.2896425297891843,0,1,562299588555401,0.0,0.01,0,0.0,343806971340416,0,0.5,substitutes,0,1,0,DAILY_BUDGET,PAUSED,TARGETING_EXPRESSION_PREDEFINED,0,0,10.91,Amazon,24.98,43.67493995196157,24.98,2575,0,1,1,8,Inner-SP-Auto-gumm-magnesium-CPC-New,spTargeting,US,INNERBRIGHTNESS,spTargeting_innerbrightness_US_2026-03-21_2026-04-20.json,2026-04-21 01:59:26
40866,2026-04-21 01:59:27.050291,2026-04-21 01:59:27.050291,2026-04-13,0.0,nan,0,TARGETING_EXPRESSION_PREDEFINED,0.0,0.0,0.0,0,0,ENABLED,substitutes,0.0,0,300.0,0,0,0.0,0,Inner-SP-Auto-gumm-magnesium-CPC-New,31526300125663,nan,0,nan,0,0,269179459475581.0,USD,nan,0,0,562299588555401,0.0,nan,0,0.0,343806971340416,0,0.5,substitutes,0,0,0,DAILY_BUDGET,PAUSED,TARGETING_EXPRESSION_PREDEFINED,0,0,0.0,Amazon,0.0,nan,0.0,0,0,0,0,0,Inner-SP-Auto-gumm-magnesium-CPC-New,spTargeting,US,INNERBRIGHTNESS,spTargeting_innerbrightness_US_2026-03-21_2026-04-20.json,2026-04-21 01:59:26
