id,created_at,updated_at,date,attributed_sales_same_sku1d,roas_clicks14d,units_sold_clicks1d,placement_classification,attributed_sales_same_sku14d,sales7d,campaign_rule_based_budget_amount,attributed_sales_same_sku30d,kindle_edition_normalized_pages_royalties14d,units_sold_same_sku1d,campaign_status,purchases_same_sku7d,campaign_budget_amount,purchases7d,units_sold_same_sku30d,cost_per_click,units_sold_clicks14d,campaign_id,click_through_rate,kindle_edition_normalized_pages_read14d,campaign_applicable_budget_rule_name,acos_clicks14d,units_sold_clicks30d,qualified_borrows,campaign_budget_currency_code,campaign_applicable_budget_rule_id,units_sold_same_sku14d,units_sold_clicks7d,campaign_bidding_strategy,attributed_sales_same_sku7d,top_of_search_impression_share,royalty_qualified_borrows,sales1d,add_to_list,purchases_same_sku14d,spend,purchases_same_sku1d,campaign_budget_type,purchases1d,units_sold_same_sku7d,cost,retailer,sales14d,sales30d,impressions,purchases_same_sku30d,purchases14d,purchases30d,clicks,campaign_name,report_type_request,country_code_request,customer_request,file_name_request,parse_time_request
83009,2026-04-21 01:59:24.822405,2026-04-21 01:59:24.822405,2026-04-04,0.0,0.0,0,Detail Page on-Amazon,0.0,0.0,,0.0,0,0,ENABLED,0,300.0,0,0,1.7,0,158485660571374,0.1832340815391663,0,,nan,0,0,USD,,0,0,manual,0.0,,0,0.0,0,0,6.79,0,DAILY_BUDGET,0,0,6.79,Amazon,0.0,0.0,2183,0,0,0,4,Inner-SP-KW-Berberine Capsules-EM-berberine supplement-2k,spCampaign_placement,US,INNERBRIGHTNESS,spCampaign_placement_innerbrightness_US_2026-03-21_2026-04-20.json,2026-04-21 01:59:24
83010,2026-04-21 01:59:24.822405,2026-04-21 01:59:24.822405,2026-04-05,0.0,0.0,0,Detail Page on-Amazon,0.0,0.0,,0.0,0,0,ENABLED,0,300.0,0,0,1.69,0,158485660571374,0.14992503748125938,0,,nan,0,0,USD,,0,0,manual,0.0,,0,0.0,0,0,5.08,0,DAILY_BUDGET,0,0,5.08,Amazon,0.0,0.0,2001,0,0,0,3,Inner-SP-KW-Berberine Capsules-EM-berberine supplement-2k,spCampaign_placement,US,INNERBRIGHTNESS,spCampaign_placement_innerbrightness_US_2026-03-21_2026-04-20.json,2026-04-21 01:59:24
83011,2026-04-21 01:59:24.822405,2026-04-21 01:59:24.822405,2026-04-06,0.0,0.0,0,Detail Page on-Amazon,0.0,0.0,,0.0,0,0,ENABLED,0,300.0,0,0,1.7,0,158485660571374,0.3602882305844676,0,,nan,0,0,USD,,0,0,manual,0.0,,0,0.0,0,0,15.27,0,DAILY_BUDGET,0,0,15.27,Amazon,0.0,0.0,2498,0,0,0,9,Inner-SP-KW-Berberine Capsules-EM-berberine supplement-2k,spCampaign_placement,US,INNERBRIGHTNESS,spCampaign_placement_innerbrightness_US_2026-03-21_2026-04-20.json,2026-04-21 01:59:24
83012,2026-04-21 01:59:24.822405,2026-04-21 01:59:24.822405,2026-04-07,0.0,0.0,0,Detail Page on-Amazon,0.0,0.0,,0.0,0,0,ENABLED,0,300.0,0,0,1.7,0,158485660571374,0.43103448275862066,0,,nan,0,0,USD,,0,0,manual,0.0,,0,0.0,0,0,5.1,0,DAILY_BUDGET,0,0,5.1,Amazon,0.0,0.0,696,0,0,0,3,Inner-SP-KW-Berberine Capsules-EM-berberine supplement-2k,spCampaign_placement,US,INNERBRIGHTNESS,spCampaign_placement_innerbrightness_US_2026-03-21_2026-04-20.json,2026-04-21 01:59:24
83013,2026-04-21 01:59:24.822405,2026-04-21 01:59:24.822405,2026-04-08,0.0,0.0,0,Detail Page on-Amazon,0.0,0.0,,0.0,0,0,ENABLED,0,300.0,0,0,1.7,0,158485660571374,0.2066115702479339,0,,nan,0,0,USD,,0,0,manual,0.0,,0,0.0,0,0,3.4,0,DAILY_BUDGET,0,0,3.4,Amazon,0.0,0.0,968,0,0,0,2,Inner-SP-KW-Berberine Capsules-EM-berberine supplement-2k,spCampaign_placement,US,INNERBRIGHTNESS,spCampaign_placement_innerbrightness_US_2026-03-21_2026-04-20.json,2026-04-21 01:59:24
83014,2026-04-21 01:59:24.822405,2026-04-21 01:59:24.822405,2026-04-09,73.47,2.2003593890386344,3,Detail Page on-Amazon,73.47,73.47,,73.47,0,3,ENABLED,3,300.0,3,3,1.76,3,158485660571374,0.39815590947191953,0,,45.44712127398938,3,0,USD,,3,3,manual,73.47,,0,73.47,0,3,33.39,3,DAILY_BUDGET,3,3,33.39,Amazon,73.47,73.47,4772,3,3,3,19,Inner-SP-KW-Berberine Capsules-EM-berberine supplement-2k,spCampaign_placement,US,INNERBRIGHTNESS,spCampaign_placement_innerbrightness_US_2026-03-21_2026-04-20.json,2026-04-21 01:59:24
83015,2026-04-21 01:59:24.822405,2026-04-21 01:59:24.822405,2026-04-10,0.0,0.0,0,Detail Page on-Amazon,0.0,0.0,,0.0,0,0,ENABLED,0,300.0,0,0,1.65,0,158485660571374,0.3179650238473768,0,,nan,0,0,USD,,0,0,manual,0.0,,0,0.0,0,0,19.81,0,DAILY_BUDGET,0,0,19.81,Amazon,0.0,0.0,3774,0,0,0,12,Inner-SP-KW-Berberine Capsules-EM-berberine supplement-2k,spCampaign_placement,US,INNERBRIGHTNESS,spCampaign_placement_innerbrightness_US_2026-03-21_2026-04-20.json,2026-04-21 01:59:24
83031,2026-04-21 01:59:24.822405,2026-04-21 01:59:24.822405,2026-04-04,0.0,nan,0,Other on-Amazon,0.0,0.0,,0.0,0,0,ENABLED,0,300.0,0,0,0.0,0,158485660571374,0.0,0,,nan,0,0,USD,,0,0,manual,0.0,,0,0.0,0,0,0.0,0,DAILY_BUDGET,0,0,0.0,Amazon,0.0,0.0,16,0,0,0,0,Inner-SP-KW-Berberine Capsules-EM-berberine supplement-2k,spCampaign_placement,US,INNERBRIGHTNESS,spCampaign_placement_innerbrightness_US_2026-03-21_2026-04-20.json,2026-04-21 01:59:24
83032,2026-04-21 01:59:24.822405,2026-04-21 01:59:24.822405,2026-04-05,0.0,0.0,0,Other on-Amazon,0.0,0.0,,0.0,0,0,ENABLED,0,300.0,0,0,1.7,0,158485660571374,2.272727272727273,0,,nan,0,0,USD,,0,0,manual,0.0,,0,0.0,0,0,1.7,0,DAILY_BUDGET,0,0,1.7,Amazon,0.0,0.0,44,0,0,0,1,Inner-SP-KW-Berberine Capsules-EM-berberine supplement-2k,spCampaign_placement,US,INNERBRIGHTNESS,spCampaign_placement_innerbrightness_US_2026-03-21_2026-04-20.json,2026-04-21 01:59:24
83033,2026-04-21 01:59:24.822405,2026-04-21 01:59:24.822405,2026-04-06,0.0,nan,0,Other on-Amazon,0.0,0.0,,0.0,0,0,ENABLED,0,300.0,0,0,0.0,0,158485660571374,0.0,0,,nan,0,0,USD,,0,0,manual,0.0,,0,0.0,0,0,0.0,0,DAILY_BUDGET,0,0,0.0,Amazon,0.0,0.0,22,0,0,0,0,Inner-SP-KW-Berberine Capsules-EM-berberine supplement-2k,spCampaign_placement,US,INNERBRIGHTNESS,spCampaign_placement_innerbrightness_US_2026-03-21_2026-04-20.json,2026-04-21 01:59:24
83034,2026-04-21 01:59:24.822405,2026-04-21 01:59:24.822405,2026-04-07,0.0,nan,0,Other on-Amazon,0.0,0.0,,0.0,0,0,ENABLED,0,300.0,0,0,0.0,0,158485660571374,0.0,0,,nan,0,0,USD,,0,0,manual,0.0,,0,0.0,0,0,0.0,0,DAILY_BUDGET,0,0,0.0,Amazon,0.0,0.0,71,0,0,0,0,Inner-SP-KW-Berberine Capsules-EM-berberine supplement-2k,spCampaign_placement,US,INNERBRIGHTNESS,spCampaign_placement_innerbrightness_US_2026-03-21_2026-04-20.json,2026-04-21 01:59:24
83035,2026-04-21 01:59:24.822405,2026-04-21 01:59:24.822405,2026-04-08,0.0,nan,0,Other on-Amazon,0.0,0.0,,0.0,0,0,ENABLED,0,300.0,0,0,0.0,0,158485660571374,0.0,0,,nan,0,0,USD,,0,0,manual,0.0,,0,0.0,0,0,0.0,0,DAILY_BUDGET,0,0,0.0,Amazon,0.0,0.0,20,0,0,0,0,Inner-SP-KW-Berberine Capsules-EM-berberine supplement-2k,spCampaign_placement,US,INNERBRIGHTNESS,spCampaign_placement_innerbrightness_US_2026-03-21_2026-04-20.json,2026-04-21 01:59:24
83036,2026-04-21 01:59:24.822405,2026-04-21 01:59:24.822405,2026-04-09,0.0,nan,0,Other on-Amazon,0.0,0.0,,0.0,0,0,ENABLED,0,300.0,0,0,0.0,0,158485660571374,0.0,0,,nan,0,0,USD,,0,0,manual,0.0,,0,0.0,0,0,0.0,0,DAILY_BUDGET,0,0,0.0,Amazon,0.0,0.0,13,0,0,0,0,Inner-SP-KW-Berberine Capsules-EM-berberine supplement-2k,spCampaign_placement,US,INNERBRIGHTNESS,spCampaign_placement_innerbrightness_US_2026-03-21_2026-04-20.json,2026-04-21 01:59:24
83051,2026-04-21 01:59:24.822405,2026-04-21 01:59:24.822405,2026-04-04,87.96,0.6674778892384401,4,Top of Search on-Amazon,112.45,112.45,,112.45,0,4,ENABLED,5,300.0,5,5,3.92,5,158485660571374,9.930715935334874,0,,149.81769675411294,5,0,USD,,5,5,manual,112.45,,0,87.96,0,5,168.47,4,DAILY_BUDGET,4,5,168.47,Amazon,112.45,112.45,433,5,5,5,43,Inner-SP-KW-Berberine Capsules-EM-berberine supplement-2k,spCampaign_placement,US,INNERBRIGHTNESS,spCampaign_placement_innerbrightness_US_2026-03-21_2026-04-20.json,2026-04-21 01:59:24
83052,2026-04-21 01:59:24.822405,2026-04-21 01:59:24.822405,2026-04-05,241.89,1.337184554575859,11,Top of Search on-Amazon,263.88,263.88,,263.88,0,11,ENABLED,12,300.0,12,12,4.03,12,158485660571374,9.53307392996109,0,,74.78399272396544,12,0,USD,,12,12,manual,263.88,,0,241.89,0,12,197.34,11,DAILY_BUDGET,11,12,197.34,Amazon,263.88,263.88,514,12,12,12,49,Inner-SP-KW-Berberine Capsules-EM-berberine supplement-2k,spCampaign_placement,US,INNERBRIGHTNESS,spCampaign_placement_innerbrightness_US_2026-03-21_2026-04-20.json,2026-04-21 01:59:24
83053,2026-04-21 01:59:24.822405,2026-04-21 01:59:24.822405,2026-04-06,131.94,1.0700458307681784,6,Top of Search on-Amazon,156.43,156.43,,156.43,0,6,ENABLED,7,300.0,7,7,3.95,7,158485660571374,9.61038961038961,0,,93.453941059899,7,0,USD,,7,7,manual,156.43,,0,131.94,0,7,146.19,6,DAILY_BUDGET,6,7,146.19,Amazon,156.43,156.43,385,7,7,7,37,Inner-SP-KW-Berberine Capsules-EM-berberine supplement-2k,spCampaign_placement,US,INNERBRIGHTNESS,spCampaign_placement_innerbrightness_US_2026-03-21_2026-04-20.json,2026-04-21 01:59:24
83054,2026-04-21 01:59:24.822405,2026-04-21 01:59:24.822405,2026-04-07,95.96,0.7482844666250779,4,Top of Search on-Amazon,95.96,95.96,,95.96,0,4,ENABLED,4,300.0,4,4,4.14,4,158485660571374,7.8085642317380355,0,,133.6390162567737,4,0,USD,,4,4,manual,95.96,,0,95.96,0,4,128.24,4,DAILY_BUDGET,4,4,128.24,Amazon,95.96,95.96,397,4,4,4,31,Inner-SP-KW-Berberine Capsules-EM-berberine supplement-2k,spCampaign_placement,US,INNERBRIGHTNESS,spCampaign_placement_innerbrightness_US_2026-03-21_2026-04-20.json,2026-04-21 01:59:24
83055,2026-04-21 01:59:24.822405,2026-04-21 01:59:24.822405,2026-04-08,0.0,0.0,0,Top of Search on-Amazon,0.0,0.0,,0.0,0,0,ENABLED,0,300.0,0,0,4.15,0,158485660571374,8.19672131147541,0,,nan,0,0,USD,,0,0,manual,0.0,,0,0.0,0,0,20.77,0,DAILY_BUDGET,0,0,20.77,Amazon,0.0,0.0,61,0,0,0,5,Inner-SP-KW-Berberine Capsules-EM-berberine supplement-2k,spCampaign_placement,US,INNERBRIGHTNESS,spCampaign_placement_innerbrightness_US_2026-03-21_2026-04-20.json,2026-04-21 01:59:24
83056,2026-04-21 01:59:24.822405,2026-04-21 01:59:24.822405,2026-04-09,24.49,1.800735294117647,1,Top of Search on-Amazon,48.98,48.98,,48.98,0,1,ENABLED,2,300.0,2,2,3.4,2,158485660571374,8.16326530612245,0,,55.532870559412004,2,0,USD,,2,2,manual,48.98,,0,24.49,0,2,27.2,1,DAILY_BUDGET,1,2,27.2,Amazon,48.98,48.98,98,2,2,2,8,Inner-SP-KW-Berberine Capsules-EM-berberine supplement-2k,spCampaign_placement,US,INNERBRIGHTNESS,spCampaign_placement_innerbrightness_US_2026-03-21_2026-04-20.json,2026-04-21 01:59:24
83057,2026-04-21 01:59:24.822405,2026-04-21 01:59:24.822405,2026-04-10,0.0,0.0,0,Top of Search on-Amazon,0.0,0.0,,0.0,0,0,ENABLED,0,300.0,0,0,3.4,0,158485660571374,4.545454545454546,0,,nan,0,0,USD,,0,0,manual,0.0,,0,0.0,0,0,3.4,0,DAILY_BUDGET,0,0,3.4,Amazon,0.0,0.0,22,0,0,0,1,Inner-SP-KW-Berberine Capsules-EM-berberine supplement-2k,spCampaign_placement,US,INNERBRIGHTNESS,spCampaign_placement_innerbrightness_US_2026-03-21_2026-04-20.json,2026-04-21 01:59:24
83072,2026-04-21 01:59:24.822405,2026-04-21 01:59:24.822405,2026-04-04,0.0,0.0,0,Detail Page on-Amazon,0.0,0.0,,0.0,0,0,ENABLED,0,1.0,0,0,1.33,0,181887194239676,0.13245033112582782,0,,nan,0,0,USD,,0,0,manual,0.0,,0,0.0,0,0,1.33,0,DAILY_BUDGET,0,0,1.33,Amazon,0.0,0.0,755,0,0,0,1,Inner-SP-KW-Berberine Capsules-BM-berberine with ceylon cinnamon-1w,spCampaign_placement,US,INNERBRIGHTNESS,spCampaign_placement_innerbrightness_US_2026-03-21_2026-04-20.json,2026-04-21 01:59:24
83073,2026-04-21 01:59:24.822405,2026-04-21 01:59:24.822405,2026-04-05,0.0,0.0,0,Detail Page on-Amazon,0.0,0.0,,0.0,0,0,ENABLED,0,1.0,0,0,1.5,0,181887194239676,0.117096018735363,0,,nan,0,0,USD,,0,0,manual,0.0,,0,0.0,0,0,1.5,0,DAILY_BUDGET,0,0,1.5,Amazon,0.0,0.0,854,0,0,0,1,Inner-SP-KW-Berberine Capsules-BM-berberine with ceylon cinnamon-1w,spCampaign_placement,US,INNERBRIGHTNESS,spCampaign_placement_innerbrightness_US_2026-03-21_2026-04-20.json,2026-04-21 01:59:24
83074,2026-04-21 01:59:24.822405,2026-04-21 01:59:24.822405,2026-04-06,0.0,0.0,0,Detail Page on-Amazon,0.0,0.0,,0.0,0,0,ENABLED,0,1.0,0,0,1.49,0,181887194239676,0.16556291390728478,0,,nan,0,0,USD,,0,0,manual,0.0,,0,0.0,0,0,1.49,0,DAILY_BUDGET,0,0,1.49,Amazon,0.0,0.0,604,0,0,0,1,Inner-SP-KW-Berberine Capsules-BM-berberine with ceylon cinnamon-1w,spCampaign_placement,US,INNERBRIGHTNESS,spCampaign_placement_innerbrightness_US_2026-03-21_2026-04-20.json,2026-04-21 01:59:24
83075,2026-04-21 01:59:24.822405,2026-04-21 01:59:24.822405,2026-04-07,0.0,nan,0,Detail Page on-Amazon,0.0,0.0,,0.0,0,0,ENABLED,0,1.0,0,0,0.0,0,181887194239676,0.0,0,,nan,0,0,USD,,0,0,manual,0.0,,0,0.0,0,0,0.0,0,DAILY_BUDGET,0,0,0.0,Amazon,0.0,0.0,254,0,0,0,0,Inner-SP-KW-Berberine Capsules-BM-berberine with ceylon cinnamon-1w,spCampaign_placement,US,INNERBRIGHTNESS,spCampaign_placement_innerbrightness_US_2026-03-21_2026-04-20.json,2026-04-21 01:59:24
83076,2026-04-21 01:59:24.822405,2026-04-21 01:59:24.822405,2026-04-08,0.0,0.0,0,Detail Page on-Amazon,0.0,0.0,,0.0,0,0,ENABLED,0,1.0,0,0,1.38,0,181887194239676,0.1226993865030675,0,,nan,0,0,USD,,0,0,manual,0.0,,0,0.0,0,0,2.76,0,DAILY_BUDGET,0,0,2.76,Amazon,0.0,0.0,1630,0,0,0,2,Inner-SP-KW-Berberine Capsules-BM-berberine with ceylon cinnamon-1w,spCampaign_placement,US,INNERBRIGHTNESS,spCampaign_placement_innerbrightness_US_2026-03-21_2026-04-20.json,2026-04-21 01:59:24
83077,2026-04-21 01:59:24.822405,2026-04-21 01:59:24.822405,2026-04-09,0.0,0.0,0,Detail Page on-Amazon,0.0,0.0,,0.0,0,0,ENABLED,0,1.0,0,0,1.39,0,181887194239676,0.209570380719525,0,,nan,0,0,USD,,0,0,manual,0.0,,0,0.0,0,0,8.32,0,DAILY_BUDGET,0,0,8.32,Amazon,0.0,0.0,2863,0,0,0,6,Inner-SP-KW-Berberine Capsules-BM-berberine with ceylon cinnamon-1w,spCampaign_placement,US,INNERBRIGHTNESS,spCampaign_placement_innerbrightness_US_2026-03-21_2026-04-20.json,2026-04-21 01:59:24
83078,2026-04-21 01:59:24.822405,2026-04-21 01:59:24.822405,2026-04-10,0.0,0.0,0,Detail Page on-Amazon,0.0,0.0,,0.0,0,0,ENABLED,0,1.0,0,0,1.29,0,181887194239676,0.0335345405767941,0,,nan,0,0,USD,,0,0,manual,0.0,,0,0.0,0,0,1.29,0,DAILY_BUDGET,0,0,1.29,Amazon,0.0,0.0,2982,0,0,0,1,Inner-SP-KW-Berberine Capsules-BM-berberine with ceylon cinnamon-1w,spCampaign_placement,US,INNERBRIGHTNESS,spCampaign_placement_innerbrightness_US_2026-03-21_2026-04-20.json,2026-04-21 01:59:24
83093,2026-04-21 01:59:24.822405,2026-04-21 01:59:24.822405,2026-04-04,21.99,0.5761068902279276,1,Other on-Amazon,21.99,21.99,,21.99,0,1,ENABLED,1,1.0,1,1,2.94,1,181887194239676,0.9305654974946312,0,,173.57889949977266,1,0,USD,,1,1,manual,21.99,,0,21.99,0,1,38.17,1,DAILY_BUDGET,1,1,38.17,Amazon,21.99,21.99,1397,1,1,1,13,Inner-SP-KW-Berberine Capsules-BM-berberine with ceylon cinnamon-1w,spCampaign_placement,US,INNERBRIGHTNESS,spCampaign_placement_innerbrightness_US_2026-03-21_2026-04-20.json,2026-04-21 01:59:24
83094,2026-04-21 01:59:24.822405,2026-04-21 01:59:24.822405,2026-04-05,0.0,0.0,0,Other on-Amazon,0.0,0.0,,0.0,0,0,ENABLED,0,1.0,0,0,3.0,0,181887194239676,0.9810791871058164,0,,nan,0,0,USD,,0,0,manual,0.0,,0,0.0,0,0,42.0,0,DAILY_BUDGET,0,0,42.0,Amazon,0.0,0.0,1427,0,0,0,14,Inner-SP-KW-Berberine Capsules-BM-berberine with ceylon cinnamon-1w,spCampaign_placement,US,INNERBRIGHTNESS,spCampaign_placement_innerbrightness_US_2026-03-21_2026-04-20.json,2026-04-21 01:59:24
83095,2026-04-21 01:59:24.822405,2026-04-21 01:59:24.822405,2026-04-06,21.99,0.5642802155504234,1,Other on-Amazon,21.99,21.99,,21.99,0,1,ENABLED,1,1.0,1,1,3.0,1,181887194239676,0.9259259259259258,0,,177.21691678035472,1,0,USD,,1,1,manual,21.99,,0,21.99,0,1,38.97,1,DAILY_BUDGET,1,1,38.97,Amazon,21.99,21.99,1404,1,1,1,13,Inner-SP-KW-Berberine Capsules-BM-berberine with ceylon cinnamon-1w,spCampaign_placement,US,INNERBRIGHTNESS,spCampaign_placement_innerbrightness_US_2026-03-21_2026-04-20.json,2026-04-21 01:59:24
83096,2026-04-21 01:59:24.822405,2026-04-21 01:59:24.822405,2026-04-07,23.99,0.462770061728395,1,Other on-Amazon,23.99,23.99,,23.99,0,1,ENABLED,1,1.0,1,1,2.88,1,181887194239676,1.0995723885155773,0,,216.09003751563156,1,0,USD,,1,1,manual,23.99,,0,23.99,0,1,51.84,1,DAILY_BUDGET,1,1,51.84,Amazon,23.99,23.99,1637,1,1,1,18,Inner-SP-KW-Berberine Capsules-BM-berberine with ceylon cinnamon-1w,spCampaign_placement,US,INNERBRIGHTNESS,spCampaign_placement_innerbrightness_US_2026-03-21_2026-04-20.json,2026-04-21 01:59:24
83097,2026-04-21 01:59:24.822405,2026-04-21 01:59:24.822405,2026-04-08,24.49,0.45043222365274965,1,Other on-Amazon,24.49,24.49,,24.49,0,1,ENABLED,1,1.0,1,1,2.86,1,181887194239676,1.4637904468412943,0,,222.00898325847285,1,0,USD,,1,1,manual,24.49,,0,24.49,0,1,54.37,1,DAILY_BUDGET,1,1,54.37,Amazon,24.49,24.49,1298,1,1,1,19,Inner-SP-KW-Berberine Capsules-BM-berberine with ceylon cinnamon-1w,spCampaign_placement,US,INNERBRIGHTNESS,spCampaign_placement_innerbrightness_US_2026-03-21_2026-04-20.json,2026-04-21 01:59:24
83098,2026-04-21 01:59:24.822405,2026-04-21 01:59:24.822405,2026-04-09,48.98,1.155188679245283,2,Other on-Amazon,48.98,48.98,,48.98,0,2,ENABLED,2,1.0,2,2,2.83,2,181887194239676,2.5,0,,86.5659452837893,2,0,USD,,2,2,manual,48.98,,0,48.98,0,2,42.4,2,DAILY_BUDGET,2,2,42.4,Amazon,48.98,48.98,600,2,2,2,15,Inner-SP-KW-Berberine Capsules-BM-berberine with ceylon cinnamon-1w,spCampaign_placement,US,INNERBRIGHTNESS,spCampaign_placement_innerbrightness_US_2026-03-21_2026-04-20.json,2026-04-21 01:59:24
83099,2026-04-21 01:59:24.822405,2026-04-21 01:59:24.822405,2026-04-10,0.0,0.0,0,Other on-Amazon,0.0,0.0,,0.0,0,0,ENABLED,0,1.0,0,0,2.89,0,181887194239676,3.549060542797495,0,,nan,0,0,USD,,0,0,manual,0.0,,0,0.0,0,0,49.14,0,DAILY_BUDGET,0,0,49.14,Amazon,0.0,0.0,479,0,0,0,17,Inner-SP-KW-Berberine Capsules-BM-berberine with ceylon cinnamon-1w,spCampaign_placement,US,INNERBRIGHTNESS,spCampaign_placement_innerbrightness_US_2026-03-21_2026-04-20.json,2026-04-21 01:59:24
83111,2026-04-21 01:59:24.822405,2026-04-21 01:59:24.822405,2026-04-04,0.0,nan,0,Top of Search on-Amazon,0.0,0.0,,0.0,0,0,ENABLED,0,1.0,0,0,0.0,0,181887194239676,0.0,0,,nan,0,0,USD,,0,0,manual,0.0,,0,0.0,0,0,0.0,0,DAILY_BUDGET,0,0,0.0,Amazon,0.0,0.0,2,0,0,0,0,Inner-SP-KW-Berberine Capsules-BM-berberine with ceylon cinnamon-1w,spCampaign_placement,US,INNERBRIGHTNESS,spCampaign_placement_innerbrightness_US_2026-03-21_2026-04-20.json,2026-04-21 01:59:24
83112,2026-04-21 01:59:24.822405,2026-04-21 01:59:24.822405,2026-04-05,0.0,nan,0,Top of Search on-Amazon,0.0,0.0,,0.0,0,0,ENABLED,0,1.0,0,0,0.0,0,181887194239676,0.0,0,,nan,0,0,USD,,0,0,manual,0.0,,0,0.0,0,0,0.0,0,DAILY_BUDGET,0,0,0.0,Amazon,0.0,0.0,5,0,0,0,0,Inner-SP-KW-Berberine Capsules-BM-berberine with ceylon cinnamon-1w,spCampaign_placement,US,INNERBRIGHTNESS,spCampaign_placement_innerbrightness_US_2026-03-21_2026-04-20.json,2026-04-21 01:59:24
83113,2026-04-21 01:59:24.822405,2026-04-21 01:59:24.822405,2026-04-06,0.0,nan,0,Top of Search on-Amazon,0.0,0.0,,0.0,0,0,ENABLED,0,1.0,0,0,0.0,0,181887194239676,0.0,0,,nan,0,0,USD,,0,0,manual,0.0,,0,0.0,0,0,0.0,0,DAILY_BUDGET,0,0,0.0,Amazon,0.0,0.0,2,0,0,0,0,Inner-SP-KW-Berberine Capsules-BM-berberine with ceylon cinnamon-1w,spCampaign_placement,US,INNERBRIGHTNESS,spCampaign_placement_innerbrightness_US_2026-03-21_2026-04-20.json,2026-04-21 01:59:24
83114,2026-04-21 01:59:24.822405,2026-04-21 01:59:24.822405,2026-04-07,0.0,nan,0,Top of Search on-Amazon,0.0,0.0,,0.0,0,0,ENABLED,0,1.0,0,0,0.0,0,181887194239676,0.0,0,,nan,0,0,USD,,0,0,manual,0.0,,0,0.0,0,0,0.0,0,DAILY_BUDGET,0,0,0.0,Amazon,0.0,0.0,1,0,0,0,0,Inner-SP-KW-Berberine Capsules-BM-berberine with ceylon cinnamon-1w,spCampaign_placement,US,INNERBRIGHTNESS,spCampaign_placement_innerbrightness_US_2026-03-21_2026-04-20.json,2026-04-21 01:59:24
83115,2026-04-21 01:59:24.822405,2026-04-21 01:59:24.822405,2026-04-09,0.0,nan,0,Top of Search on-Amazon,0.0,0.0,,0.0,0,0,ENABLED,0,1.0,0,0,0.0,0,181887194239676,0.0,0,,nan,0,0,USD,,0,0,manual,0.0,,0,0.0,0,0,0.0,0,DAILY_BUDGET,0,0,0.0,Amazon,0.0,0.0,5,0,0,0,0,Inner-SP-KW-Berberine Capsules-BM-berberine with ceylon cinnamon-1w,spCampaign_placement,US,INNERBRIGHTNESS,spCampaign_placement_innerbrightness_US_2026-03-21_2026-04-20.json,2026-04-21 01:59:24
83116,2026-04-21 01:59:24.822405,2026-04-21 01:59:24.822405,2026-04-10,24.49,16.326666666666664,1,Top of Search on-Amazon,24.49,24.49,,24.49,0,1,ENABLED,1,1.0,1,1,1.5,1,181887194239676,20.0,0,,6.124948958758678,1,0,USD,,1,1,manual,24.49,,0,24.49,0,1,1.5,1,DAILY_BUDGET,1,1,1.5,Amazon,24.49,24.49,5,1,1,1,1,Inner-SP-KW-Berberine Capsules-BM-berberine with ceylon cinnamon-1w,spCampaign_placement,US,INNERBRIGHTNESS,spCampaign_placement_innerbrightness_US_2026-03-21_2026-04-20.json,2026-04-21 01:59:24
83132,2026-04-21 01:59:24.822405,2026-04-21 01:59:24.822405,2026-04-04,0.0,nan,0,Other on-Amazon,0.0,0.0,,0.0,0,0,ENABLED,0,50.0,0,0,0.0,0,1182589332550,nan,0,,nan,0,0,USD,,0,0,manual,0.0,,0,0.0,0,0,0.0,0,DAILY_BUDGET,0,0,0.0,Amazon,0.0,0.0,0,0,0,0,0,IB-SP-KW-inositol-myo inositol-PM,spCampaign_placement,US,INNERBRIGHTNESS,spCampaign_placement_innerbrightness_US_2026-03-21_2026-04-20.json,2026-04-21 01:59:24
83133,2026-04-21 01:59:24.822405,2026-04-21 01:59:24.822405,2026-04-06,0.0,nan,0,Other on-Amazon,0.0,0.0,,0.0,0,0,ENABLED,0,50.0,0,0,0.0,0,1182589332550,nan,0,,nan,0,0,USD,,0,0,manual,0.0,,0,0.0,0,0,0.0,0,DAILY_BUDGET,0,0,0.0,Amazon,0.0,0.0,0,0,0,0,0,IB-SP-KW-inositol-myo inositol-PM,spCampaign_placement,US,INNERBRIGHTNESS,spCampaign_placement_innerbrightness_US_2026-03-21_2026-04-20.json,2026-04-21 01:59:24
83134,2026-04-21 01:59:24.822405,2026-04-21 01:59:24.822405,2026-04-07,0.0,nan,0,Other on-Amazon,0.0,0.0,,0.0,0,0,ENABLED,0,50.0,0,0,0.0,0,1182589332550,nan,0,,nan,0,0,USD,,0,0,manual,0.0,,0,0.0,0,0,0.0,0,DAILY_BUDGET,0,0,0.0,Amazon,0.0,0.0,0,0,0,0,0,IB-SP-KW-inositol-myo inositol-PM,spCampaign_placement,US,INNERBRIGHTNESS,spCampaign_placement_innerbrightness_US_2026-03-21_2026-04-20.json,2026-04-21 01:59:24
83141,2026-04-21 01:59:24.822405,2026-04-21 01:59:24.822405,2026-04-04,0.0,nan,0,Top of Search on-Amazon,0.0,0.0,,0.0,0,0,ENABLED,0,50.0,0,0,0.0,0,1182589332550,nan,0,,nan,0,0,USD,,0,0,manual,0.0,,0,0.0,0,0,0.0,0,DAILY_BUDGET,0,0,0.0,Amazon,0.0,0.0,0,0,0,0,0,IB-SP-KW-inositol-myo inositol-PM,spCampaign_placement,US,INNERBRIGHTNESS,spCampaign_placement_innerbrightness_US_2026-03-21_2026-04-20.json,2026-04-21 01:59:24
83155,2026-04-21 01:59:24.822405,2026-04-21 01:59:24.822405,2026-04-05,0.0,nan,0,Detail Page on-Amazon,0.0,0.0,,0.0,0,0,ENABLED,0,150.0,0,0,0.0,0,112480725342057,0.0,0,,nan,0,0,USD,,0,0,manual,0.0,,0,0.0,0,0,0.0,0,DAILY_BUDGET,0,0,0.0,Amazon,0.0,0.0,4,0,0,0,0,Inner-SP-KW-NMN Capsules-nmn-EM-CPC-1.2w,spCampaign_placement,US,INNERBRIGHTNESS,spCampaign_placement_innerbrightness_US_2026-03-21_2026-04-20.json,2026-04-21 01:59:24
83156,2026-04-21 01:59:24.822405,2026-04-21 01:59:24.822405,2026-04-06,0.0,nan,0,Detail Page on-Amazon,0.0,0.0,,0.0,0,0,ENABLED,0,150.0,0,0,0.0,0,112480725342057,nan,0,,nan,0,0,USD,,0,0,manual,0.0,,0,0.0,0,0,0.0,0,DAILY_BUDGET,0,0,0.0,Amazon,0.0,0.0,0,0,0,0,0,Inner-SP-KW-NMN Capsules-nmn-EM-CPC-1.2w,spCampaign_placement,US,INNERBRIGHTNESS,spCampaign_placement_innerbrightness_US_2026-03-21_2026-04-20.json,2026-04-21 01:59:24
83157,2026-04-21 01:59:24.822405,2026-04-21 01:59:24.822405,2026-04-07,35.99,42.8452380952381,1,Detail Page on-Amazon,35.99,35.99,,35.99,0,1,ENABLED,1,150.0,1,1,0.84,1,112480725342057,50.0,0,,2.3339816615726585,1,0,USD,,1,1,manual,35.99,,0,35.99,0,1,0.84,1,DAILY_BUDGET,1,1,0.84,Amazon,35.99,35.99,2,1,1,1,1,Inner-SP-KW-NMN Capsules-nmn-EM-CPC-1.2w,spCampaign_placement,US,INNERBRIGHTNESS,spCampaign_placement_innerbrightness_US_2026-03-21_2026-04-20.json,2026-04-21 01:59:24
83158,2026-04-21 01:59:24.822405,2026-04-21 01:59:24.822405,2026-04-08,0.0,nan,0,Detail Page on-Amazon,0.0,0.0,,0.0,0,0,ENABLED,0,150.0,0,0,0.0,0,112480725342057,0.0,0,,nan,0,0,USD,,0,0,manual,0.0,,0,0.0,0,0,0.0,0,DAILY_BUDGET,0,0,0.0,Amazon,0.0,0.0,1,0,0,0,0,Inner-SP-KW-NMN Capsules-nmn-EM-CPC-1.2w,spCampaign_placement,US,INNERBRIGHTNESS,spCampaign_placement_innerbrightness_US_2026-03-21_2026-04-20.json,2026-04-21 01:59:24
83159,2026-04-21 01:59:24.822405,2026-04-21 01:59:24.822405,2026-04-09,0.0,nan,0,Detail Page on-Amazon,0.0,0.0,,0.0,0,0,ENABLED,0,150.0,0,0,0.0,0,112480725342057,0.0,0,,nan,0,0,USD,,0,0,manual,0.0,,0,0.0,0,0,0.0,0,DAILY_BUDGET,0,0,0.0,Amazon,0.0,0.0,1,0,0,0,0,Inner-SP-KW-NMN Capsules-nmn-EM-CPC-1.2w,spCampaign_placement,US,INNERBRIGHTNESS,spCampaign_placement_innerbrightness_US_2026-03-21_2026-04-20.json,2026-04-21 01:59:24
83160,2026-04-21 01:59:24.822405,2026-04-21 01:59:24.822405,2026-04-10,0.0,nan,0,Detail Page on-Amazon,0.0,0.0,,0.0,0,0,ENABLED,0,150.0,0,0,0.0,0,112480725342057,0.0,0,,nan,0,0,USD,,0,0,manual,0.0,,0,0.0,0,0,0.0,0,DAILY_BUDGET,0,0,0.0,Amazon,0.0,0.0,1,0,0,0,0,Inner-SP-KW-NMN Capsules-nmn-EM-CPC-1.2w,spCampaign_placement,US,INNERBRIGHTNESS,spCampaign_placement_innerbrightness_US_2026-03-21_2026-04-20.json,2026-04-21 01:59:24
83172,2026-04-21 01:59:24.822405,2026-04-21 01:59:24.822405,2026-04-04,0.0,nan,0,Other on-Amazon,0.0,0.0,,0.0,0,0,ENABLED,0,150.0,0,0,0.0,0,112480725342057,0.0,0,,nan,0,0,USD,,0,0,manual,0.0,,0,0.0,0,0,0.0,0,DAILY_BUDGET,0,0,0.0,Amazon,0.0,0.0,1,0,0,0,0,Inner-SP-KW-NMN Capsules-nmn-EM-CPC-1.2w,spCampaign_placement,US,INNERBRIGHTNESS,spCampaign_placement_innerbrightness_US_2026-03-21_2026-04-20.json,2026-04-21 01:59:24
83173,2026-04-21 01:59:24.822405,2026-04-21 01:59:24.822405,2026-04-07,0.0,nan,0,Other on-Amazon,0.0,0.0,,0.0,0,0,ENABLED,0,150.0,0,0,0.0,0,112480725342057,0.0,0,,nan,0,0,USD,,0,0,manual,0.0,,0,0.0,0,0,0.0,0,DAILY_BUDGET,0,0,0.0,Amazon,0.0,0.0,3,0,0,0,0,Inner-SP-KW-NMN Capsules-nmn-EM-CPC-1.2w,spCampaign_placement,US,INNERBRIGHTNESS,spCampaign_placement_innerbrightness_US_2026-03-21_2026-04-20.json,2026-04-21 01:59:24
83174,2026-04-21 01:59:24.822405,2026-04-21 01:59:24.822405,2026-04-08,0.0,nan,0,Other on-Amazon,0.0,0.0,,0.0,0,0,ENABLED,0,150.0,0,0,0.0,0,112480725342057,0.0,0,,nan,0,0,USD,,0,0,manual,0.0,,0,0.0,0,0,0.0,0,DAILY_BUDGET,0,0,0.0,Amazon,0.0,0.0,3,0,0,0,0,Inner-SP-KW-NMN Capsules-nmn-EM-CPC-1.2w,spCampaign_placement,US,INNERBRIGHTNESS,spCampaign_placement_innerbrightness_US_2026-03-21_2026-04-20.json,2026-04-21 01:59:24
83175,2026-04-21 01:59:24.822405,2026-04-21 01:59:24.822405,2026-04-09,0.0,nan,0,Other on-Amazon,0.0,0.0,,0.0,0,0,ENABLED,0,150.0,0,0,0.0,0,112480725342057,0.0,0,,nan,0,0,USD,,0,0,manual,0.0,,0,0.0,0,0,0.0,0,DAILY_BUDGET,0,0,0.0,Amazon,0.0,0.0,1,0,0,0,0,Inner-SP-KW-NMN Capsules-nmn-EM-CPC-1.2w,spCampaign_placement,US,INNERBRIGHTNESS,spCampaign_placement_innerbrightness_US_2026-03-21_2026-04-20.json,2026-04-21 01:59:24
83176,2026-04-21 01:59:24.822405,2026-04-21 01:59:24.822405,2026-04-07,0.0,nan,0,Top of Search on-Amazon,0.0,0.0,,0.0,0,0,ENABLED,0,150.0,0,0,0.0,0,112480725342057,0.0,0,,nan,0,0,USD,,0,0,manual,0.0,,0,0.0,0,0,0.0,0,DAILY_BUDGET,0,0,0.0,Amazon,0.0,0.0,1,0,0,0,0,Inner-SP-KW-NMN Capsules-nmn-EM-CPC-1.2w,spCampaign_placement,US,INNERBRIGHTNESS,spCampaign_placement_innerbrightness_US_2026-03-21_2026-04-20.json,2026-04-21 01:59:24
83191,2026-04-21 01:59:24.822405,2026-04-21 01:59:24.822405,2026-04-04,0.0,nan,0,Detail Page on-Amazon,0.0,0.0,,0.0,0,0,ENABLED,0,150.0,0,0,0.0,0,103105471930136,0.0,0,,nan,0,0,USD,,0,0,legacy,0.0,,0,0.0,0,0,0.0,0,DAILY_BUDGET,0,0,0.0,Amazon,0.0,0.0,386,0,0,0,0,Inner-SP-KW-biotin gummies-EM-biotin gummies-1w,spCampaign_placement,US,INNERBRIGHTNESS,spCampaign_placement_innerbrightness_US_2026-03-21_2026-04-20.json,2026-04-21 01:59:24
83192,2026-04-21 01:59:24.822405,2026-04-21 01:59:24.822405,2026-04-05,0.0,0.0,0,Detail Page on-Amazon,0.0,0.0,,0.0,0,0,ENABLED,0,150.0,0,0,1.5,0,103105471930136,0.4694835680751174,0,,nan,0,0,USD,,0,0,legacy,0.0,,0,0.0,0,0,1.5,0,DAILY_BUDGET,0,0,1.5,Amazon,0.0,0.0,213,0,0,0,1,Inner-SP-KW-biotin gummies-EM-biotin gummies-1w,spCampaign_placement,US,INNERBRIGHTNESS,spCampaign_placement_innerbrightness_US_2026-03-21_2026-04-20.json,2026-04-21 01:59:24
83193,2026-04-21 01:59:24.822405,2026-04-21 01:59:24.822405,2026-04-06,0.0,0.0,0,Detail Page on-Amazon,0.0,0.0,,0.0,0,0,ENABLED,0,150.0,0,0,1.47,0,103105471930136,0.9202453987730062,0,,nan,0,0,USD,,0,0,legacy,0.0,,0,0.0,0,0,4.4,0,DAILY_BUDGET,0,0,4.4,Amazon,0.0,0.0,326,0,0,0,3,Inner-SP-KW-biotin gummies-EM-biotin gummies-1w,spCampaign_placement,US,INNERBRIGHTNESS,spCampaign_placement_innerbrightness_US_2026-03-21_2026-04-20.json,2026-04-21 01:59:24
83194,2026-04-21 01:59:24.822405,2026-04-21 01:59:24.822405,2026-04-08,0.0,nan,0,Detail Page on-Amazon,0.0,0.0,,0.0,0,0,ENABLED,0,150.0,0,0,0.0,0,103105471930136,0.0,0,,nan,0,0,USD,,0,0,legacy,0.0,,0,0.0,0,0,0.0,0,DAILY_BUDGET,0,0,0.0,Amazon,0.0,0.0,1,0,0,0,0,Inner-SP-KW-biotin gummies-EM-biotin gummies-1w,spCampaign_placement,US,INNERBRIGHTNESS,spCampaign_placement_innerbrightness_US_2026-03-21_2026-04-20.json,2026-04-21 01:59:24
83195,2026-04-21 01:59:24.822405,2026-04-21 01:59:24.822405,2026-04-09,0.0,nan,0,Detail Page on-Amazon,0.0,0.0,,0.0,0,0,ENABLED,0,150.0,0,0,0.0,0,103105471930136,0.0,0,,nan,0,0,USD,,0,0,legacy,0.0,,0,0.0,0,0,0.0,0,DAILY_BUDGET,0,0,0.0,Amazon,0.0,0.0,4,0,0,0,0,Inner-SP-KW-biotin gummies-EM-biotin gummies-1w,spCampaign_placement,US,INNERBRIGHTNESS,spCampaign_placement_innerbrightness_US_2026-03-21_2026-04-20.json,2026-04-21 01:59:24
83196,2026-04-21 01:59:24.822405,2026-04-21 01:59:24.822405,2026-04-10,0.0,nan,0,Detail Page on-Amazon,0.0,0.0,,0.0,0,0,ENABLED,0,150.0,0,0,0.0,0,103105471930136,0.0,0,,nan,0,0,USD,,0,0,legacy,0.0,,0,0.0,0,0,0.0,0,DAILY_BUDGET,0,0,0.0,Amazon,0.0,0.0,4,0,0,0,0,Inner-SP-KW-biotin gummies-EM-biotin gummies-1w,spCampaign_placement,US,INNERBRIGHTNESS,spCampaign_placement_innerbrightness_US_2026-03-21_2026-04-20.json,2026-04-21 01:59:24
83205,2026-04-21 01:59:24.822405,2026-04-21 01:59:24.822405,2026-04-05,0.0,nan,0,Other on-Amazon,0.0,0.0,,0.0,0,0,ENABLED,0,150.0,0,0,0.0,0,103105471930136,0.0,0,,nan,0,0,USD,,0,0,legacy,0.0,,0,0.0,0,0,0.0,0,DAILY_BUDGET,0,0,0.0,Amazon,0.0,0.0,2,0,0,0,0,Inner-SP-KW-biotin gummies-EM-biotin gummies-1w,spCampaign_placement,US,INNERBRIGHTNESS,spCampaign_placement_innerbrightness_US_2026-03-21_2026-04-20.json,2026-04-21 01:59:24
83206,2026-04-21 01:59:24.822405,2026-04-21 01:59:24.822405,2026-04-06,0.0,nan,0,Other on-Amazon,0.0,0.0,,0.0,0,0,ENABLED,0,150.0,0,0,0.0,0,103105471930136,0.0,0,,nan,0,0,USD,,0,0,legacy,0.0,,0,0.0,0,0,0.0,0,DAILY_BUDGET,0,0,0.0,Amazon,0.0,0.0,1,0,0,0,0,Inner-SP-KW-biotin gummies-EM-biotin gummies-1w,spCampaign_placement,US,INNERBRIGHTNESS,spCampaign_placement_innerbrightness_US_2026-03-21_2026-04-20.json,2026-04-21 01:59:24
83234,2026-04-21 01:59:24.822405,2026-04-21 01:59:24.822405,2026-04-04,0.0,0.0,0,Detail Page on-Amazon,0.0,0.0,,0.0,0,0,ENABLED,0,20.0,0,0,1.12,0,2960493459434,0.4444444444444444,0,,nan,0,0,USD,,0,0,legacy,0.0,,0,0.0,0,0,2.24,0,DAILY_BUDGET,0,0,2.24,Amazon,0.0,0.0,450,0,0,0,2,Inner-SP-KW-biotin gummies-Auto,spCampaign_placement,US,INNERBRIGHTNESS,spCampaign_placement_innerbrightness_US_2026-03-21_2026-04-20.json,2026-04-21 01:59:24
83235,2026-04-21 01:59:24.822405,2026-04-21 01:59:24.822405,2026-04-05,0.0,nan,0,Detail Page on-Amazon,0.0,0.0,,0.0,0,0,ENABLED,0,20.0,0,0,0.0,0,2960493459434,0.0,0,,nan,0,0,USD,,0,0,legacy,0.0,,0,0.0,0,0,0.0,0,DAILY_BUDGET,0,0,0.0,Amazon,0.0,0.0,270,0,0,0,0,Inner-SP-KW-biotin gummies-Auto,spCampaign_placement,US,INNERBRIGHTNESS,spCampaign_placement_innerbrightness_US_2026-03-21_2026-04-20.json,2026-04-21 01:59:24
83236,2026-04-21 01:59:24.822405,2026-04-21 01:59:24.822405,2026-04-06,0.0,nan,0,Detail Page on-Amazon,0.0,0.0,,0.0,0,0,ENABLED,0,20.0,0,0,0.0,0,2960493459434,0.0,0,,nan,0,0,USD,,0,0,legacy,0.0,,0,0.0,0,0,0.0,0,DAILY_BUDGET,0,0,0.0,Amazon,0.0,0.0,248,0,0,0,0,Inner-SP-KW-biotin gummies-Auto,spCampaign_placement,US,INNERBRIGHTNESS,spCampaign_placement_innerbrightness_US_2026-03-21_2026-04-20.json,2026-04-21 01:59:24
83237,2026-04-21 01:59:24.822405,2026-04-21 01:59:24.822405,2026-04-07,0.0,nan,0,Detail Page on-Amazon,0.0,0.0,,0.0,0,0,ENABLED,0,20.0,0,0,0.0,0,2960493459434,0.0,0,,nan,0,0,USD,,0,0,legacy,0.0,,0,0.0,0,0,0.0,0,DAILY_BUDGET,0,0,0.0,Amazon,0.0,0.0,5,0,0,0,0,Inner-SP-KW-biotin gummies-Auto,spCampaign_placement,US,INNERBRIGHTNESS,spCampaign_placement_innerbrightness_US_2026-03-21_2026-04-20.json,2026-04-21 01:59:24
83238,2026-04-21 01:59:24.822405,2026-04-21 01:59:24.822405,2026-04-08,0.0,nan,0,Detail Page on-Amazon,0.0,0.0,,0.0,0,0,ENABLED,0,20.0,0,0,0.0,0,2960493459434,0.0,0,,nan,0,0,USD,,0,0,legacy,0.0,,0,0.0,0,0,0.0,0,DAILY_BUDGET,0,0,0.0,Amazon,0.0,0.0,3,0,0,0,0,Inner-SP-KW-biotin gummies-Auto,spCampaign_placement,US,INNERBRIGHTNESS,spCampaign_placement_innerbrightness_US_2026-03-21_2026-04-20.json,2026-04-21 01:59:24
83239,2026-04-21 01:59:24.822405,2026-04-21 01:59:24.822405,2026-04-09,0.0,nan,0,Detail Page on-Amazon,0.0,0.0,,0.0,0,0,ENABLED,0,20.0,0,0,0.0,0,2960493459434,0.0,0,,nan,0,0,USD,,0,0,legacy,0.0,,0,0.0,0,0,0.0,0,DAILY_BUDGET,0,0,0.0,Amazon,0.0,0.0,1,0,0,0,0,Inner-SP-KW-biotin gummies-Auto,spCampaign_placement,US,INNERBRIGHTNESS,spCampaign_placement_innerbrightness_US_2026-03-21_2026-04-20.json,2026-04-21 01:59:24
83240,2026-04-21 01:59:24.822405,2026-04-21 01:59:24.822405,2026-04-10,0.0,nan,0,Detail Page on-Amazon,0.0,0.0,,0.0,0,0,ENABLED,0,20.0,0,0,0.0,0,2960493459434,0.0,0,,nan,0,0,USD,,0,0,legacy,0.0,,0,0.0,0,0,0.0,0,DAILY_BUDGET,0,0,0.0,Amazon,0.0,0.0,1,0,0,0,0,Inner-SP-KW-biotin gummies-Auto,spCampaign_placement,US,INNERBRIGHTNESS,spCampaign_placement_innerbrightness_US_2026-03-21_2026-04-20.json,2026-04-21 01:59:24
83255,2026-04-21 01:59:24.822405,2026-04-21 01:59:24.822405,2026-04-04,0.0,nan,0,Other on-Amazon,0.0,0.0,,0.0,0,0,ENABLED,0,20.0,0,0,0.0,0,2960493459434,0.0,0,,nan,0,0,USD,,0,0,legacy,0.0,,0,0.0,0,0,0.0,0,DAILY_BUDGET,0,0,0.0,Amazon,0.0,0.0,20,0,0,0,0,Inner-SP-KW-biotin gummies-Auto,spCampaign_placement,US,INNERBRIGHTNESS,spCampaign_placement_innerbrightness_US_2026-03-21_2026-04-20.json,2026-04-21 01:59:24
83256,2026-04-21 01:59:24.822405,2026-04-21 01:59:24.822405,2026-04-05,0.0,nan,0,Other on-Amazon,0.0,0.0,,0.0,0,0,ENABLED,0,20.0,0,0,0.0,0,2960493459434,0.0,0,,nan,0,0,USD,,0,0,legacy,0.0,,0,0.0,0,0,0.0,0,DAILY_BUDGET,0,0,0.0,Amazon,0.0,0.0,2,0,0,0,0,Inner-SP-KW-biotin gummies-Auto,spCampaign_placement,US,INNERBRIGHTNESS,spCampaign_placement_innerbrightness_US_2026-03-21_2026-04-20.json,2026-04-21 01:59:24
83257,2026-04-21 01:59:24.822405,2026-04-21 01:59:24.822405,2026-04-06,0.0,nan,0,Other on-Amazon,0.0,0.0,,0.0,0,0,ENABLED,0,20.0,0,0,0.0,0,2960493459434,0.0,0,,nan,0,0,USD,,0,0,legacy,0.0,,0,0.0,0,0,0.0,0,DAILY_BUDGET,0,0,0.0,Amazon,0.0,0.0,21,0,0,0,0,Inner-SP-KW-biotin gummies-Auto,spCampaign_placement,US,INNERBRIGHTNESS,spCampaign_placement_innerbrightness_US_2026-03-21_2026-04-20.json,2026-04-21 01:59:24
83258,2026-04-21 01:59:24.822405,2026-04-21 01:59:24.822405,2026-04-07,0.0,nan,0,Other on-Amazon,0.0,0.0,,0.0,0,0,ENABLED,0,20.0,0,0,0.0,0,2960493459434,0.0,0,,nan,0,0,USD,,0,0,legacy,0.0,,0,0.0,0,0,0.0,0,DAILY_BUDGET,0,0,0.0,Amazon,0.0,0.0,5,0,0,0,0,Inner-SP-KW-biotin gummies-Auto,spCampaign_placement,US,INNERBRIGHTNESS,spCampaign_placement_innerbrightness_US_2026-03-21_2026-04-20.json,2026-04-21 01:59:24
83259,2026-04-21 01:59:24.822405,2026-04-21 01:59:24.822405,2026-04-08,0.0,nan,0,Other on-Amazon,0.0,0.0,,0.0,0,0,ENABLED,0,20.0,0,0,0.0,0,2960493459434,0.0,0,,nan,0,0,USD,,0,0,legacy,0.0,,0,0.0,0,0,0.0,0,DAILY_BUDGET,0,0,0.0,Amazon,0.0,0.0,4,0,0,0,0,Inner-SP-KW-biotin gummies-Auto,spCampaign_placement,US,INNERBRIGHTNESS,spCampaign_placement_innerbrightness_US_2026-03-21_2026-04-20.json,2026-04-21 01:59:24
83260,2026-04-21 01:59:24.822405,2026-04-21 01:59:24.822405,2026-04-09,0.0,nan,0,Other on-Amazon,0.0,0.0,,0.0,0,0,ENABLED,0,20.0,0,0,0.0,0,2960493459434,0.0,0,,nan,0,0,USD,,0,0,legacy,0.0,,0,0.0,0,0,0.0,0,DAILY_BUDGET,0,0,0.0,Amazon,0.0,0.0,7,0,0,0,0,Inner-SP-KW-biotin gummies-Auto,spCampaign_placement,US,INNERBRIGHTNESS,spCampaign_placement_innerbrightness_US_2026-03-21_2026-04-20.json,2026-04-21 01:59:24
83261,2026-04-21 01:59:24.822405,2026-04-21 01:59:24.822405,2026-04-10,0.0,nan,0,Other on-Amazon,0.0,0.0,,0.0,0,0,ENABLED,0,20.0,0,0,0.0,0,2960493459434,0.0,0,,nan,0,0,USD,,0,0,legacy,0.0,,0,0.0,0,0,0.0,0,DAILY_BUDGET,0,0,0.0,Amazon,0.0,0.0,2,0,0,0,0,Inner-SP-KW-biotin gummies-Auto,spCampaign_placement,US,INNERBRIGHTNESS,spCampaign_placement_innerbrightness_US_2026-03-21_2026-04-20.json,2026-04-21 01:59:24
83276,2026-04-21 01:59:24.822405,2026-04-21 01:59:24.822405,2026-04-04,0.0,nan,0,Top of Search on-Amazon,0.0,0.0,,0.0,0,0,ENABLED,0,20.0,0,0,0.0,0,2960493459434,0.0,0,,nan,0,0,USD,,0,0,legacy,0.0,,0,0.0,0,0,0.0,0,DAILY_BUDGET,0,0,0.0,Amazon,0.0,0.0,4,0,0,0,0,Inner-SP-KW-biotin gummies-Auto,spCampaign_placement,US,INNERBRIGHTNESS,spCampaign_placement_innerbrightness_US_2026-03-21_2026-04-20.json,2026-04-21 01:59:24
83277,2026-04-21 01:59:24.822405,2026-04-21 01:59:24.822405,2026-04-05,0.0,nan,0,Top of Search on-Amazon,0.0,0.0,,0.0,0,0,ENABLED,0,20.0,0,0,0.0,0,2960493459434,0.0,0,,nan,0,0,USD,,0,0,legacy,0.0,,0,0.0,0,0,0.0,0,DAILY_BUDGET,0,0,0.0,Amazon,0.0,0.0,1,0,0,0,0,Inner-SP-KW-biotin gummies-Auto,spCampaign_placement,US,INNERBRIGHTNESS,spCampaign_placement_innerbrightness_US_2026-03-21_2026-04-20.json,2026-04-21 01:59:24
83278,2026-04-21 01:59:24.822405,2026-04-21 01:59:24.822405,2026-04-06,0.0,nan,0,Top of Search on-Amazon,0.0,0.0,,0.0,0,0,ENABLED,0,20.0,0,0,0.0,0,2960493459434,0.0,0,,nan,0,0,USD,,0,0,legacy,0.0,,0,0.0,0,0,0.0,0,DAILY_BUDGET,0,0,0.0,Amazon,0.0,0.0,3,0,0,0,0,Inner-SP-KW-biotin gummies-Auto,spCampaign_placement,US,INNERBRIGHTNESS,spCampaign_placement_innerbrightness_US_2026-03-21_2026-04-20.json,2026-04-21 01:59:24
83279,2026-04-21 01:59:24.822405,2026-04-21 01:59:24.822405,2026-04-07,0.0,nan,0,Top of Search on-Amazon,0.0,0.0,,0.0,0,0,ENABLED,0,20.0,0,0,0.0,0,2960493459434,0.0,0,,nan,0,0,USD,,0,0,legacy,0.0,,0,0.0,0,0,0.0,0,DAILY_BUDGET,0,0,0.0,Amazon,0.0,0.0,4,0,0,0,0,Inner-SP-KW-biotin gummies-Auto,spCampaign_placement,US,INNERBRIGHTNESS,spCampaign_placement_innerbrightness_US_2026-03-21_2026-04-20.json,2026-04-21 01:59:24
83294,2026-04-21 01:59:24.822405,2026-04-21 01:59:24.822405,2026-04-06,0.0,nan,0,Other on-Amazon,0.0,0.0,,0.0,0,0,PAUSED,0,400.0,0,0,0.0,0,49806989748035,nan,0,,nan,0,0,USD,,0,0,manual,0.0,,0,0.0,0,0,0.0,0,DAILY_BUDGET,0,0,0.0,Amazon,0.0,0.0,0,0,0,0,0,Inner-SP-KW-gumm-magnesium supplement-EM-CPC-9k,spCampaign_placement,US,INNERBRIGHTNESS,spCampaign_placement_innerbrightness_US_2026-03-21_2026-04-20.json,2026-04-21 01:59:24
83317,2026-04-21 01:59:24.822405,2026-04-21 01:59:24.822405,2026-04-08,0.0,nan,0,Detail Page on-Amazon,0.0,0.0,,0.0,0,0,ENABLED,0,145.0,0,0,0.0,0,57298629983623,0.0,0,,nan,0,0,USD,,0,0,legacy,0.0,,0,0.0,0,0,0.0,0,DAILY_BUDGET,0,0,0.0,Amazon,0.0,0.0,1,0,0,0,0,Inner-SP-KW-VB-vitamin b complex-PM-3K,spCampaign_placement,US,INNERBRIGHTNESS,spCampaign_placement_innerbrightness_US_2026-03-21_2026-04-20.json,2026-04-21 01:59:24
83334,2026-04-21 01:59:24.822405,2026-04-21 01:59:24.822405,2026-04-04,0.0,nan,0,Other on-Amazon,0.0,0.0,,0.0,0,0,ENABLED,0,145.0,0,0,0.0,0,57298629983623,0.0,0,,nan,0,0,USD,,0,0,legacy,0.0,,0,0.0,0,0,0.0,0,DAILY_BUDGET,0,0,0.0,Amazon,0.0,0.0,358,0,0,0,0,Inner-SP-KW-VB-vitamin b complex-PM-3K,spCampaign_placement,US,INNERBRIGHTNESS,spCampaign_placement_innerbrightness_US_2026-03-21_2026-04-20.json,2026-04-21 01:59:24
83335,2026-04-21 01:59:24.822405,2026-04-21 01:59:24.822405,2026-04-05,0.0,0.0,0,Other on-Amazon,0.0,0.0,,0.0,0,0,ENABLED,0,145.0,0,0,3.79,0,57298629983623,0.9411764705882352,0,,nan,0,0,USD,,0,0,legacy,0.0,,0,0.0,0,0,15.16,0,DAILY_BUDGET,0,0,15.16,Amazon,0.0,0.0,425,0,0,0,4,Inner-SP-KW-VB-vitamin b complex-PM-3K,spCampaign_placement,US,INNERBRIGHTNESS,spCampaign_placement_innerbrightness_US_2026-03-21_2026-04-20.json,2026-04-21 01:59:24
83336,2026-04-21 01:59:24.822405,2026-04-21 01:59:24.822405,2026-04-06,45.98,2.0219876868953386,2,Other on-Amazon,45.98,45.98,,45.98,0,2,ENABLED,2,145.0,2,2,3.79,2,57298629983623,1.2269938650306749,0,,49.456285341452805,2,0,USD,,2,2,legacy,45.98,,0,45.98,0,2,22.74,2,DAILY_BUDGET,2,2,22.74,Amazon,45.98,45.98,489,2,2,2,6,Inner-SP-KW-VB-vitamin b complex-PM-3K,spCampaign_placement,US,INNERBRIGHTNESS,spCampaign_placement_innerbrightness_US_2026-03-21_2026-04-20.json,2026-04-21 01:59:24
83337,2026-04-21 01:59:24.822405,2026-04-21 01:59:24.822405,2026-04-07,22.99,0.5523786641037962,1,Other on-Amazon,22.99,22.99,,22.99,0,1,ENABLED,1,145.0,1,1,3.78,1,57298629983623,1.4397905759162304,0,,181.03523270987384,1,0,USD,,1,1,legacy,22.99,,0,22.99,0,1,41.62,1,DAILY_BUDGET,1,1,41.62,Amazon,22.99,22.99,764,1,1,1,11,Inner-SP-KW-VB-vitamin b complex-PM-3K,spCampaign_placement,US,INNERBRIGHTNESS,spCampaign_placement_innerbrightness_US_2026-03-21_2026-04-20.json,2026-04-21 01:59:24
83338,2026-04-21 01:59:24.822405,2026-04-21 01:59:24.822405,2026-04-08,22.99,0.7582453825857519,1,Other on-Amazon,22.99,22.99,,22.99,0,1,ENABLED,1,145.0,1,1,3.79,1,57298629983623,1.0126582278481013,0,,131.8834275772075,1,0,USD,,1,1,legacy,22.99,,0,22.99,0,1,30.32,1,DAILY_BUDGET,1,1,30.32,Amazon,22.99,22.99,790,1,1,1,8,Inner-SP-KW-VB-vitamin b complex-PM-3K,spCampaign_placement,US,INNERBRIGHTNESS,spCampaign_placement_innerbrightness_US_2026-03-21_2026-04-20.json,2026-04-21 01:59:24
83339,2026-04-21 01:59:24.822405,2026-04-21 01:59:24.822405,2026-04-09,22.99,2.041740674955595,1,Other on-Amazon,22.99,22.99,,22.99,0,1,ENABLED,1,145.0,1,1,3.75,1,57298629983623,0.7211538461538461,0,,48.977816441931274,1,0,USD,,1,1,legacy,22.99,,0,22.99,0,1,11.26,1,DAILY_BUDGET,1,1,11.26,Amazon,22.99,22.99,416,1,1,1,3,Inner-SP-KW-VB-vitamin b complex-PM-3K,spCampaign_placement,US,INNERBRIGHTNESS,spCampaign_placement_innerbrightness_US_2026-03-21_2026-04-20.json,2026-04-21 01:59:24
83340,2026-04-21 01:59:24.822405,2026-04-21 01:59:24.822405,2026-04-10,0.0,0.0,0,Other on-Amazon,0.0,0.0,,0.0,0,0,ENABLED,0,145.0,0,0,3.52,0,57298629983623,0.19569471624266144,0,,nan,0,0,USD,,0,0,legacy,0.0,,0,0.0,0,0,3.52,0,DAILY_BUDGET,0,0,3.52,Amazon,0.0,0.0,511,0,0,0,1,Inner-SP-KW-VB-vitamin b complex-PM-3K,spCampaign_placement,US,INNERBRIGHTNESS,spCampaign_placement_innerbrightness_US_2026-03-21_2026-04-20.json,2026-04-21 01:59:24
83355,2026-04-21 01:59:24.822405,2026-04-21 01:59:24.822405,2026-04-04,22.99,0.44442296539725495,1,Top of Search on-Amazon,22.99,22.99,,22.99,0,1,ENABLED,1,145.0,1,1,4.7,1,57298629983623,12.790697674418606,0,,225.01087429317096,1,0,USD,,1,1,legacy,22.99,,0,22.99,0,1,51.73,1,DAILY_BUDGET,1,1,51.73,Amazon,22.99,22.99,86,1,1,1,11,Inner-SP-KW-VB-vitamin b complex-PM-3K,spCampaign_placement,US,INNERBRIGHTNESS,spCampaign_placement_innerbrightness_US_2026-03-21_2026-04-20.json,2026-04-21 01:59:24
83356,2026-04-21 01:59:24.822405,2026-04-21 01:59:24.822405,2026-04-05,0.0,0.0,0,Top of Search on-Amazon,0.0,0.0,,0.0,0,0,ENABLED,0,145.0,0,0,4.65,0,57298629983623,6.0606060606060606,0,,nan,0,0,USD,,0,0,legacy,0.0,,0,0.0,0,0,27.92,0,DAILY_BUDGET,0,0,27.92,Amazon,0.0,0.0,99,0,0,0,6,Inner-SP-KW-VB-vitamin b complex-PM-3K,spCampaign_placement,US,INNERBRIGHTNESS,spCampaign_placement_innerbrightness_US_2026-03-21_2026-04-20.json,2026-04-21 01:59:24
83357,2026-04-21 01:59:24.822405,2026-04-21 01:59:24.822405,2026-04-06,45.98,1.5623513421678559,2,Top of Search on-Amazon,45.98,45.98,,45.98,0,2,ENABLED,2,145.0,2,2,4.91,2,57298629983623,4.444444444444445,0,,64.00608960417573,2,0,USD,,2,2,legacy,45.98,,0,45.98,0,2,29.43,2,DAILY_BUDGET,2,2,29.43,Amazon,45.98,45.98,135,2,2,2,6,Inner-SP-KW-VB-vitamin b complex-PM-3K,spCampaign_placement,US,INNERBRIGHTNESS,spCampaign_placement_innerbrightness_US_2026-03-21_2026-04-20.json,2026-04-21 01:59:24
83358,2026-04-21 01:59:24.822405,2026-04-21 01:59:24.822405,2026-04-07,0.0,0.0,0,Top of Search on-Amazon,0.0,0.0,,0.0,0,0,ENABLED,0,145.0,0,0,4.85,0,57298629983623,8.108108108108109,0,,nan,0,0,USD,,0,0,legacy,0.0,,0,0.0,0,0,72.78,0,DAILY_BUDGET,0,0,72.78,Amazon,0.0,0.0,185,0,0,0,15,Inner-SP-KW-VB-vitamin b complex-PM-3K,spCampaign_placement,US,INNERBRIGHTNESS,spCampaign_placement_innerbrightness_US_2026-03-21_2026-04-20.json,2026-04-21 01:59:24
83359,2026-04-21 01:59:24.822405,2026-04-21 01:59:24.822405,2026-04-08,68.97,1.4712030716723548,3,Top of Search on-Amazon,68.97,68.97,,68.97,0,3,ENABLED,3,145.0,3,3,4.69,3,57298629983623,6.944444444444445,0,,67.97158184717993,3,0,USD,,3,3,legacy,68.97,,0,68.97,0,3,46.88,3,DAILY_BUDGET,3,3,46.88,Amazon,68.97,68.97,144,3,3,3,10,Inner-SP-KW-VB-vitamin b complex-PM-3K,spCampaign_placement,US,INNERBRIGHTNESS,spCampaign_placement_innerbrightness_US_2026-03-21_2026-04-20.json,2026-04-21 01:59:24
83360,2026-04-21 01:59:24.822405,2026-04-21 01:59:24.822405,2026-04-09,22.99,0.5394181135617081,1,Top of Search on-Amazon,22.99,22.99,,22.99,0,1,ENABLED,1,145.0,1,1,4.74,1,57298629983623,9.090909090909092,0,,185.3849499782514,1,0,USD,,1,1,legacy,22.99,,0,22.99,0,1,42.62,1,DAILY_BUDGET,1,1,42.62,Amazon,22.99,22.99,99,1,1,1,9,Inner-SP-KW-VB-vitamin b complex-PM-3K,spCampaign_placement,US,INNERBRIGHTNESS,spCampaign_placement_innerbrightness_US_2026-03-21_2026-04-20.json,2026-04-21 01:59:24
83361,2026-04-21 01:59:24.822405,2026-04-21 01:59:24.822405,2026-04-10,22.99,0.9535462463708004,1,Top of Search on-Amazon,22.99,22.99,,22.99,0,1,ENABLED,1,145.0,1,1,4.02,1,57298629983623,10.0,0,,104.87168334058288,1,0,USD,,1,1,legacy,22.99,,0,22.99,0,1,24.11,1,DAILY_BUDGET,1,1,24.11,Amazon,22.99,22.99,60,1,1,1,6,Inner-SP-KW-VB-vitamin b complex-PM-3K,spCampaign_placement,US,INNERBRIGHTNESS,spCampaign_placement_innerbrightness_US_2026-03-21_2026-04-20.json,2026-04-21 01:59:24
83376,2026-04-21 01:59:24.822405,2026-04-21 01:59:24.822405,2026-04-04,0.0,nan,0,Detail Page on-Amazon,0.0,0.0,,0.0,0,0,ENABLED,0,364.0,0,0,0.0,0,16573246879315,0.0,0,,nan,0,0,USD,,0,0,legacy,0.0,,0,0.0,0,0,0.0,0,DAILY_BUDGET,0,0,0.0,Amazon,0.0,0.0,3,0,0,0,0,Inner-SP-KW-VB-vitamin b complex-EM-3K,spCampaign_placement,US,INNERBRIGHTNESS,spCampaign_placement_innerbrightness_US_2026-03-21_2026-04-20.json,2026-04-21 01:59:24
83377,2026-04-21 01:59:24.822405,2026-04-21 01:59:24.822405,2026-04-06,0.0,nan,0,Detail Page on-Amazon,0.0,0.0,,0.0,0,0,ENABLED,0,364.0,0,0,0.0,0,16573246879315,0.0,0,,nan,0,0,USD,,0,0,legacy,0.0,,0,0.0,0,0,0.0,0,DAILY_BUDGET,0,0,0.0,Amazon,0.0,0.0,8,0,0,0,0,Inner-SP-KW-VB-vitamin b complex-EM-3K,spCampaign_placement,US,INNERBRIGHTNESS,spCampaign_placement_innerbrightness_US_2026-03-21_2026-04-20.json,2026-04-21 01:59:24
83378,2026-04-21 01:59:24.822405,2026-04-21 01:59:24.822405,2026-04-07,0.0,nan,0,Detail Page on-Amazon,0.0,0.0,,0.0,0,0,ENABLED,0,364.0,0,0,0.0,0,16573246879315,0.0,0,,nan,0,0,USD,,0,0,legacy,0.0,,0,0.0,0,0,0.0,0,DAILY_BUDGET,0,0,0.0,Amazon,0.0,0.0,7,0,0,0,0,Inner-SP-KW-VB-vitamin b complex-EM-3K,spCampaign_placement,US,INNERBRIGHTNESS,spCampaign_placement_innerbrightness_US_2026-03-21_2026-04-20.json,2026-04-21 01:59:24
83379,2026-04-21 01:59:24.822405,2026-04-21 01:59:24.822405,2026-04-08,0.0,0.0,0,Detail Page on-Amazon,0.0,0.0,,0.0,0,0,ENABLED,0,364.0,0,0,1.8,0,16573246879315,5.555555555555555,0,,nan,0,0,USD,,0,0,legacy,0.0,,0,0.0,0,0,1.8,0,DAILY_BUDGET,0,0,1.8,Amazon,0.0,0.0,18,0,0,0,1,Inner-SP-KW-VB-vitamin b complex-EM-3K,spCampaign_placement,US,INNERBRIGHTNESS,spCampaign_placement_innerbrightness_US_2026-03-21_2026-04-20.json,2026-04-21 01:59:24
83380,2026-04-21 01:59:24.822405,2026-04-21 01:59:24.822405,2026-04-09,0.0,0.0,0,Detail Page on-Amazon,0.0,0.0,,0.0,0,0,ENABLED,0,364.0,0,0,1.8,0,16573246879315,3.8461538461538463,0,,nan,0,0,USD,,0,0,legacy,0.0,,0,0.0,0,0,1.8,0,DAILY_BUDGET,0,0,1.8,Amazon,0.0,0.0,26,0,0,0,1,Inner-SP-KW-VB-vitamin b complex-EM-3K,spCampaign_placement,US,INNERBRIGHTNESS,spCampaign_placement_innerbrightness_US_2026-03-21_2026-04-20.json,2026-04-21 01:59:24
83381,2026-04-21 01:59:24.822405,2026-04-21 01:59:24.822405,2026-04-10,0.0,nan,0,Detail Page on-Amazon,0.0,0.0,,0.0,0,0,ENABLED,0,364.0,0,0,0.0,0,16573246879315,0.0,0,,nan,0,0,USD,,0,0,legacy,0.0,,0,0.0,0,0,0.0,0,DAILY_BUDGET,0,0,0.0,Amazon,0.0,0.0,50,0,0,0,0,Inner-SP-KW-VB-vitamin b complex-EM-3K,spCampaign_placement,US,INNERBRIGHTNESS,spCampaign_placement_innerbrightness_US_2026-03-21_2026-04-20.json,2026-04-21 01:59:24
83396,2026-04-21 01:59:24.822405,2026-04-21 01:59:24.822405,2026-04-04,137.94,1.2155445893549524,6,Other on-Amazon,137.94,137.94,,137.94,0,6,ENABLED,6,364.0,6,6,5.16,6,16573246879315,0.6981910504601714,0,,82.26765260258084,6,0,USD,,6,6,legacy,137.94,,0,137.94,0,6,113.48,6,DAILY_BUDGET,6,6,113.48,Amazon,137.94,137.94,3151,6,6,6,22,Inner-SP-KW-VB-vitamin b complex-EM-3K,spCampaign_placement,US,INNERBRIGHTNESS,spCampaign_placement_innerbrightness_US_2026-03-21_2026-04-20.json,2026-04-21 01:59:24
83397,2026-04-21 01:59:24.822405,2026-04-21 01:59:24.822405,2026-04-05,45.98,0.44955025420414546,2,Other on-Amazon,45.98,45.98,,45.98,0,2,ENABLED,2,364.0,2,2,5.11,2,16573246879315,0.5020080321285141,0,,222.44454110482818,2,0,USD,,2,2,legacy,45.98,,0,45.98,0,2,102.28,2,DAILY_BUDGET,2,2,102.28,Amazon,45.98,45.98,3984,2,2,2,20,Inner-SP-KW-VB-vitamin b complex-EM-3K,spCampaign_placement,US,INNERBRIGHTNESS,spCampaign_placement_innerbrightness_US_2026-03-21_2026-04-20.json,2026-04-21 01:59:24
83398,2026-04-21 01:59:24.822405,2026-04-21 01:59:24.822405,2026-04-06,160.93,1.2040589198036005,7,Other on-Amazon,183.92,183.92,,183.92,0,7,ENABLED,8,364.0,8,8,5.09,8,16573246879315,0.6685981724983285,0,,83.05241409308395,8,0,USD,,8,8,legacy,183.92,,0,160.93,0,8,152.75,7,DAILY_BUDGET,7,8,152.75,Amazon,183.92,183.92,4487,8,8,8,30,Inner-SP-KW-VB-vitamin b complex-EM-3K,spCampaign_placement,US,INNERBRIGHTNESS,spCampaign_placement_innerbrightness_US_2026-03-21_2026-04-20.json,2026-04-21 01:59:24
83399,2026-04-21 01:59:24.822405,2026-04-21 01:59:24.822405,2026-04-07,137.94,1.2788800296680882,6,Other on-Amazon,137.94,137.94,,137.94,0,6,ENABLED,6,364.0,6,6,5.14,6,16573246879315,0.3835616438356164,0,,78.19341742786719,6,0,USD,,6,6,legacy,137.94,,0,137.94,0,6,107.86,6,DAILY_BUDGET,6,6,107.86,Amazon,137.94,137.94,5475,6,6,6,21,Inner-SP-KW-VB-vitamin b complex-EM-3K,spCampaign_placement,US,INNERBRIGHTNESS,spCampaign_placement_innerbrightness_US_2026-03-21_2026-04-20.json,2026-04-21 01:59:24
83400,2026-04-21 01:59:24.822405,2026-04-21 01:59:24.822405,2026-04-08,137.94,1.0649857719542057,6,Other on-Amazon,160.93,160.93,,160.93,0,6,ENABLED,7,364.0,7,7,5.04,7,16573246879315,0.589159465828751,0,,93.89796806064747,7,0,USD,,7,7,legacy,160.93,,0,137.94,0,7,151.11,6,DAILY_BUDGET,6,7,151.11,Amazon,160.93,160.93,5092,7,7,7,30,Inner-SP-KW-VB-vitamin b complex-EM-3K,spCampaign_placement,US,INNERBRIGHTNESS,spCampaign_placement_innerbrightness_US_2026-03-21_2026-04-20.json,2026-04-21 01:59:24
83401,2026-04-21 01:59:24.822405,2026-04-21 01:59:24.822405,2026-04-09,137.94,1.285454941543824,6,Other on-Amazon,177.02,177.02,,177.02,0,6,ENABLED,7,364.0,7,8,5.1,8,16573246879315,0.6174251086210839,0,,77.79346966444469,8,0,USD,,8,8,legacy,177.02,,0,137.94,0,7,137.71,5,DAILY_BUDGET,5,8,137.71,Amazon,177.02,177.02,4373,7,7,7,27,Inner-SP-KW-VB-vitamin b complex-EM-3K,spCampaign_placement,US,INNERBRIGHTNESS,spCampaign_placement_innerbrightness_US_2026-03-21_2026-04-20.json,2026-04-21 01:59:24
83402,2026-04-21 01:59:24.822405,2026-04-21 01:59:24.822405,2026-04-10,183.92,1.6166106727088054,8,Other on-Amazon,206.91,206.91,,206.91,0,8,ENABLED,9,364.0,9,9,5.12,9,16573246879315,0.5876821814762577,0,,61.85781257551592,9,0,USD,,9,9,legacy,206.91,,0,183.92,0,9,127.99,8,DAILY_BUDGET,8,9,127.99,Amazon,206.91,206.91,4254,9,9,9,25,Inner-SP-KW-VB-vitamin b complex-EM-3K,spCampaign_placement,US,INNERBRIGHTNESS,spCampaign_placement_innerbrightness_US_2026-03-21_2026-04-20.json,2026-04-21 01:59:24
83417,2026-04-21 01:59:24.822405,2026-04-21 01:59:24.822405,2026-04-04,0.0,0.0,0,Top of Search on-Amazon,0.0,0.0,,0.0,0,0,ENABLED,0,364.0,0,0,5.46,0,16573246879315,2.941176470588235,0,,nan,0,0,USD,,0,0,legacy,0.0,,0,0.0,0,0,10.93,0,DAILY_BUDGET,0,0,10.93,Amazon,0.0,0.0,68,0,0,0,2,Inner-SP-KW-VB-vitamin b complex-EM-3K,spCampaign_placement,US,INNERBRIGHTNESS,spCampaign_placement_innerbrightness_US_2026-03-21_2026-04-20.json,2026-04-21 01:59:24
83418,2026-04-21 01:59:24.822405,2026-04-21 01:59:24.822405,2026-04-05,22.99,1.9063018242122718,1,Top of Search on-Amazon,22.99,22.99,,22.99,0,1,ENABLED,1,364.0,1,1,6.03,1,16573246879315,3.9215686274509802,0,,52.457590256633324,1,0,USD,,1,1,legacy,22.99,,0,22.99,0,1,12.06,1,DAILY_BUDGET,1,1,12.06,Amazon,22.99,22.99,51,1,1,1,2,Inner-SP-KW-VB-vitamin b complex-EM-3K,spCampaign_placement,US,INNERBRIGHTNESS,spCampaign_placement_innerbrightness_US_2026-03-21_2026-04-20.json,2026-04-21 01:59:24
83419,2026-04-21 01:59:24.822405,2026-04-21 01:59:24.822405,2026-04-06,22.99,0.6490683229813664,1,Top of Search on-Amazon,22.99,22.99,,22.99,0,1,ENABLED,1,364.0,1,1,5.9,1,16573246879315,6.315789473684211,0,,154.06698564593304,1,0,USD,,1,1,legacy,22.99,,0,22.99,0,1,35.42,1,DAILY_BUDGET,1,1,35.42,Amazon,22.99,22.99,95,1,1,1,6,Inner-SP-KW-VB-vitamin b complex-EM-3K,spCampaign_placement,US,INNERBRIGHTNESS,spCampaign_placement_innerbrightness_US_2026-03-21_2026-04-20.json,2026-04-21 01:59:24
83420,2026-04-21 01:59:24.822405,2026-04-21 01:59:24.822405,2026-04-07,22.99,0.8869420108468921,1,Top of Search on-Amazon,42.52,22.99,,42.52,0,1,ENABLED,1,364.0,1,2,5.99,2,16573246879315,5.839416058394161,0,,112.74694261523987,2,0,USD,,2,1,legacy,22.99,,0,22.99,0,2,47.94,1,DAILY_BUDGET,1,1,47.94,Amazon,42.52,42.52,137,2,2,2,8,Inner-SP-KW-VB-vitamin b complex-EM-3K,spCampaign_placement,US,INNERBRIGHTNESS,spCampaign_placement_innerbrightness_US_2026-03-21_2026-04-20.json,2026-04-21 01:59:24
83421,2026-04-21 01:59:24.822405,2026-04-21 01:59:24.822405,2026-04-08,45.98,1.1434966426262123,2,Top of Search on-Amazon,45.98,45.98,,45.98,0,2,ENABLED,2,364.0,2,2,5.74,2,16573246879315,4.964539007092199,0,,87.45106568073075,2,0,USD,,2,2,legacy,45.98,,0,45.98,0,2,40.21,2,DAILY_BUDGET,2,2,40.21,Amazon,45.98,45.98,141,2,2,2,7,Inner-SP-KW-VB-vitamin b complex-EM-3K,spCampaign_placement,US,INNERBRIGHTNESS,spCampaign_placement_innerbrightness_US_2026-03-21_2026-04-20.json,2026-04-21 01:59:24
83422,2026-04-21 01:59:24.822405,2026-04-21 01:59:24.822405,2026-04-09,0.0,0.0,0,Top of Search on-Amazon,0.0,0.0,,0.0,0,0,ENABLED,0,364.0,0,0,5.89,0,16573246879315,5.714285714285714,0,,nan,0,0,USD,,0,0,legacy,0.0,,0,0.0,0,0,23.56,0,DAILY_BUDGET,0,0,23.56,Amazon,0.0,0.0,70,0,0,0,4,Inner-SP-KW-VB-vitamin b complex-EM-3K,spCampaign_placement,US,INNERBRIGHTNESS,spCampaign_placement_innerbrightness_US_2026-03-21_2026-04-20.json,2026-04-21 01:59:24
83423,2026-04-21 01:59:24.822405,2026-04-21 01:59:24.822405,2026-04-10,45.98,0.6981475857880352,2,Top of Search on-Amazon,45.98,45.98,,45.98,0,2,ENABLED,2,364.0,2,2,5.99,2,16573246879315,6.470588235294119,0,,143.23618964767292,2,0,USD,,2,2,legacy,45.98,,0,45.98,0,2,65.86,2,DAILY_BUDGET,2,2,65.86,Amazon,45.98,45.98,170,2,2,2,11,Inner-SP-KW-VB-vitamin b complex-EM-3K,spCampaign_placement,US,INNERBRIGHTNESS,spCampaign_placement_innerbrightness_US_2026-03-21_2026-04-20.json,2026-04-21 01:59:24
83450,2026-04-21 01:59:24.822405,2026-04-21 01:59:24.822405,2026-04-04,0.0,nan,0,Detail Page on-Amazon,0.0,0.0,,0.0,0,0,PAUSED,0,40.0,0,0,0.0,0,71902167295137,0.0,0,,nan,0,0,USD,,0,0,manual,0.0,,0,0.0,0,0,0.0,0,DAILY_BUDGET,0,0,0.0,Amazon,0.0,0.0,2,0,0,0,0,Inner-SP-VB-auto,spCampaign_placement,US,INNERBRIGHTNESS,spCampaign_placement_innerbrightness_US_2026-03-21_2026-04-20.json,2026-04-21 01:59:24
83451,2026-04-21 01:59:24.822405,2026-04-21 01:59:24.822405,2026-04-07,0.0,nan,0,Detail Page on-Amazon,0.0,0.0,,0.0,0,0,PAUSED,0,40.0,0,0,0.0,0,71902167295137,0.0,0,,nan,0,0,USD,,0,0,manual,0.0,,0,0.0,0,0,0.0,0,DAILY_BUDGET,0,0,0.0,Amazon,0.0,0.0,1,0,0,0,0,Inner-SP-VB-auto,spCampaign_placement,US,INNERBRIGHTNESS,spCampaign_placement_innerbrightness_US_2026-03-21_2026-04-20.json,2026-04-21 01:59:24
83452,2026-04-21 01:59:24.822405,2026-04-21 01:59:24.822405,2026-04-08,0.0,nan,0,Detail Page on-Amazon,0.0,0.0,,0.0,0,0,PAUSED,0,40.0,0,0,0.0,0,71902167295137,0.0,0,,nan,0,0,USD,,0,0,manual,0.0,,0,0.0,0,0,0.0,0,DAILY_BUDGET,0,0,0.0,Amazon,0.0,0.0,2,0,0,0,0,Inner-SP-VB-auto,spCampaign_placement,US,INNERBRIGHTNESS,spCampaign_placement_innerbrightness_US_2026-03-21_2026-04-20.json,2026-04-21 01:59:24
83453,2026-04-21 01:59:24.822405,2026-04-21 01:59:24.822405,2026-04-09,0.0,nan,0,Detail Page on-Amazon,0.0,0.0,,0.0,0,0,PAUSED,0,40.0,0,0,0.0,0,71902167295137,nan,0,,nan,0,0,USD,,0,0,manual,0.0,,0,0.0,0,0,0.0,0,DAILY_BUDGET,0,0,0.0,Amazon,0.0,0.0,0,0,0,0,0,Inner-SP-VB-auto,spCampaign_placement,US,INNERBRIGHTNESS,spCampaign_placement_innerbrightness_US_2026-03-21_2026-04-20.json,2026-04-21 01:59:24
83456,2026-04-21 01:59:24.822405,2026-04-21 01:59:24.822405,2026-04-06,0.0,nan,0,Off Amazon,0.0,0.0,,0.0,0,0,PAUSED,0,40.0,0,0,0.0,0,71902167295137,0.0,0,,nan,0,0,USD,,0,0,manual,0.0,,0,0.0,0,0,0.0,0,DAILY_BUDGET,0,0,0.0,Amazon,0.0,0.0,1,0,0,0,0,Inner-SP-VB-auto,spCampaign_placement,US,INNERBRIGHTNESS,spCampaign_placement_innerbrightness_US_2026-03-21_2026-04-20.json,2026-04-21 01:59:24
83467,2026-04-21 01:59:24.822405,2026-04-21 01:59:24.822405,2026-04-04,45.98,1.0484949832775918,2,Other on-Amazon,68.97,68.97,,68.97,0,2,PAUSED,3,40.0,3,3,2.99,3,71902167295137,0.5568210579600101,0,,95.37480063795853,3,0,USD,,3,3,manual,68.97,,0,45.98,0,3,65.78,2,DAILY_BUDGET,2,3,65.78,Amazon,68.97,68.97,3951,3,3,3,22,Inner-SP-VB-auto,spCampaign_placement,US,INNERBRIGHTNESS,spCampaign_placement_innerbrightness_US_2026-03-21_2026-04-20.json,2026-04-21 01:59:24
83468,2026-04-21 01:59:24.822405,2026-04-21 01:59:24.822405,2026-04-05,22.99,0.4044686840253342,1,Other on-Amazon,22.99,22.99,,22.99,0,1,PAUSED,1,40.0,1,1,2.99,1,71902167295137,0.6190941674812642,0,,247.2379295345803,1,0,USD,,1,1,manual,22.99,,0,22.99,0,1,56.84,1,DAILY_BUDGET,1,1,56.84,Amazon,22.99,22.99,3069,1,1,1,19,Inner-SP-VB-auto,spCampaign_placement,US,INNERBRIGHTNESS,spCampaign_placement_innerbrightness_US_2026-03-21_2026-04-20.json,2026-04-21 01:59:24
83469,2026-04-21 01:59:24.822405,2026-04-21 01:59:24.822405,2026-04-06,45.98,0.9591508052708639,2,Other on-Amazon,65.51,45.98,,65.51,0,2,PAUSED,2,40.0,2,3,2.97,3,71902167295137,0.5619350109943806,0,,104.25889177224849,3,0,USD,,3,2,manual,45.98,,0,45.98,0,3,68.3,2,DAILY_BUDGET,2,2,68.3,Amazon,65.51,65.51,4093,3,3,3,23,Inner-SP-VB-auto,spCampaign_placement,US,INNERBRIGHTNESS,spCampaign_placement_innerbrightness_US_2026-03-21_2026-04-20.json,2026-04-21 01:59:24
83470,2026-04-21 01:59:24.822405,2026-04-21 01:59:24.822405,2026-04-07,45.98,0.6706534422403734,2,Other on-Amazon,45.98,45.98,,45.98,0,2,PAUSED,2,40.0,2,2,2.98,2,71902167295137,0.723725613593455,0,,149.10830795998262,2,0,USD,,2,2,manual,45.98,,0,45.98,0,2,68.56,2,DAILY_BUDGET,2,2,68.56,Amazon,45.98,45.98,3178,2,2,2,23,Inner-SP-VB-auto,spCampaign_placement,US,INNERBRIGHTNESS,spCampaign_placement_innerbrightness_US_2026-03-21_2026-04-20.json,2026-04-21 01:59:24
83471,2026-04-21 01:59:24.822405,2026-04-21 01:59:24.822405,2026-04-08,68.97,0.934173100365705,3,Other on-Amazon,68.97,68.97,,68.97,0,3,PAUSED,3,40.0,3,3,2.95,3,71902167295137,0.44224305678400844,0,,107.04654197477164,3,0,USD,,3,3,manual,68.97,,0,68.97,0,3,73.83,3,DAILY_BUDGET,3,3,73.83,Amazon,68.97,68.97,5653,3,3,3,25,Inner-SP-VB-auto,spCampaign_placement,US,INNERBRIGHTNESS,spCampaign_placement_innerbrightness_US_2026-03-21_2026-04-20.json,2026-04-21 01:59:24
83472,2026-04-21 01:59:24.822405,2026-04-21 01:59:24.822405,2026-04-09,0.0,0.0,0,Other on-Amazon,0.0,0.0,,0.0,0,0,PAUSED,0,40.0,0,0,3.0,0,71902167295137,0.2931691586045148,0,,nan,0,0,USD,,0,0,manual,0.0,,0,0.0,0,0,30.0,0,DAILY_BUDGET,0,0,30.0,Amazon,0.0,0.0,3411,0,0,0,10,Inner-SP-VB-auto,spCampaign_placement,US,INNERBRIGHTNESS,spCampaign_placement_innerbrightness_US_2026-03-21_2026-04-20.json,2026-04-21 01:59:24
83473,2026-04-21 01:59:24.822405,2026-04-21 01:59:24.822405,2026-04-10,68.97,1.100175466581592,3,Other on-Amazon,68.97,68.97,,68.97,0,3,PAUSED,3,40.0,3,3,2.85,3,71902167295137,0.5225653206650831,0,,90.89459185152965,3,0,USD,,3,3,manual,68.97,,0,68.97,0,3,62.69,3,DAILY_BUDGET,3,3,62.69,Amazon,68.97,68.97,4210,3,3,3,22,Inner-SP-VB-auto,spCampaign_placement,US,INNERBRIGHTNESS,spCampaign_placement_innerbrightness_US_2026-03-21_2026-04-20.json,2026-04-21 01:59:24
83482,2026-04-21 01:59:24.822405,2026-04-21 01:59:24.822405,2026-04-04,0.0,nan,0,Top of Search on-Amazon,0.0,0.0,,0.0,0,0,PAUSED,0,40.0,0,0,0.0,0,71902167295137,0.0,0,,nan,0,0,USD,,0,0,manual,0.0,,0,0.0,0,0,0.0,0,DAILY_BUDGET,0,0,0.0,Amazon,0.0,0.0,17,0,0,0,0,Inner-SP-VB-auto,spCampaign_placement,US,INNERBRIGHTNESS,spCampaign_placement_innerbrightness_US_2026-03-21_2026-04-20.json,2026-04-21 01:59:24
83483,2026-04-21 01:59:24.822405,2026-04-21 01:59:24.822405,2026-04-05,0.0,0.0,0,Top of Search on-Amazon,0.0,0.0,,0.0,0,0,PAUSED,0,40.0,0,0,2.93,0,71902167295137,17.391304347826086,0,,nan,0,0,USD,,0,0,manual,0.0,,0,0.0,0,0,11.71,0,DAILY_BUDGET,0,0,11.71,Amazon,0.0,0.0,23,0,0,0,4,Inner-SP-VB-auto,spCampaign_placement,US,INNERBRIGHTNESS,spCampaign_placement_innerbrightness_US_2026-03-21_2026-04-20.json,2026-04-21 01:59:24
83484,2026-04-21 01:59:24.822405,2026-04-21 01:59:24.822405,2026-04-06,22.99,1.9384485666104552,1,Top of Search on-Amazon,22.99,22.99,,22.99,0,1,PAUSED,1,40.0,1,1,2.96,1,71902167295137,11.76470588235294,0,,51.587646802957806,1,0,USD,,1,1,manual,22.99,,0,22.99,0,1,11.86,1,DAILY_BUDGET,1,1,11.86,Amazon,22.99,22.99,34,1,1,1,4,Inner-SP-VB-auto,spCampaign_placement,US,INNERBRIGHTNESS,spCampaign_placement_innerbrightness_US_2026-03-21_2026-04-20.json,2026-04-21 01:59:24
83485,2026-04-21 01:59:24.822405,2026-04-21 01:59:24.822405,2026-04-07,0.0,0.0,0,Top of Search on-Amazon,0.0,0.0,,0.0,0,0,PAUSED,0,40.0,0,0,2.98,0,71902167295137,13.043478260869565,0,,nan,0,0,USD,,0,0,manual,0.0,,0,0.0,0,0,8.93,0,DAILY_BUDGET,0,0,8.93,Amazon,0.0,0.0,23,0,0,0,3,Inner-SP-VB-auto,spCampaign_placement,US,INNERBRIGHTNESS,spCampaign_placement_innerbrightness_US_2026-03-21_2026-04-20.json,2026-04-21 01:59:24
83486,2026-04-21 01:59:24.822405,2026-04-21 01:59:24.822405,2026-04-10,0.0,nan,0,Top of Search on-Amazon,0.0,0.0,,0.0,0,0,PAUSED,0,40.0,0,0,0.0,0,71902167295137,0.0,0,,nan,0,0,USD,,0,0,manual,0.0,,0,0.0,0,0,0.0,0,DAILY_BUDGET,0,0,0.0,Amazon,0.0,0.0,1,0,0,0,0,Inner-SP-VB-auto,spCampaign_placement,US,INNERBRIGHTNESS,spCampaign_placement_innerbrightness_US_2026-03-21_2026-04-20.json,2026-04-21 01:59:24
83498,2026-04-21 01:59:24.822405,2026-04-21 01:59:24.822405,2026-04-04,0.0,0.0,0,Detail Page on-Amazon,0.0,0.0,,0.0,0,0,ENABLED,0,180.0,0,0,1.95,0,133485526455499,2.380952380952381,0,,nan,0,0,USD,,0,0,legacy,0.0,,0,0.0,0,0,1.95,0,DAILY_BUDGET,0,0,1.95,Amazon,0.0,0.0,42,0,0,0,1,Inner-SP-KW-VB-b complex-EM-8K,spCampaign_placement,US,INNERBRIGHTNESS,spCampaign_placement_innerbrightness_US_2026-03-21_2026-04-20.json,2026-04-21 01:59:24
83499,2026-04-21 01:59:24.822405,2026-04-21 01:59:24.822405,2026-04-05,0.0,nan,0,Detail Page on-Amazon,0.0,0.0,,0.0,0,0,ENABLED,0,180.0,0,0,0.0,0,133485526455499,0.0,0,,nan,0,0,USD,,0,0,legacy,0.0,,0,0.0,0,0,0.0,0,DAILY_BUDGET,0,0,0.0,Amazon,0.0,0.0,20,0,0,0,0,Inner-SP-KW-VB-b complex-EM-8K,spCampaign_placement,US,INNERBRIGHTNESS,spCampaign_placement_innerbrightness_US_2026-03-21_2026-04-20.json,2026-04-21 01:59:24
83500,2026-04-21 01:59:24.822405,2026-04-21 01:59:24.822405,2026-04-06,0.0,0.0,0,Detail Page on-Amazon,0.0,0.0,,0.0,0,0,ENABLED,0,180.0,0,0,2.16,0,133485526455499,2.7777777777777777,0,,nan,0,0,USD,,0,0,legacy,0.0,,0,0.0,0,0,2.16,0,DAILY_BUDGET,0,0,2.16,Amazon,0.0,0.0,36,0,0,0,1,Inner-SP-KW-VB-b complex-EM-8K,spCampaign_placement,US,INNERBRIGHTNESS,spCampaign_placement_innerbrightness_US_2026-03-21_2026-04-20.json,2026-04-21 01:59:24
83501,2026-04-21 01:59:24.822405,2026-04-21 01:59:24.822405,2026-04-07,0.0,0.0,0,Detail Page on-Amazon,0.0,0.0,,0.0,0,0,ENABLED,0,180.0,0,0,1.33,0,133485526455499,2.4390243902439024,0,,nan,0,0,USD,,0,0,legacy,0.0,,0,0.0,0,0,1.33,0,DAILY_BUDGET,0,0,1.33,Amazon,0.0,0.0,41,0,0,0,1,Inner-SP-KW-VB-b complex-EM-8K,spCampaign_placement,US,INNERBRIGHTNESS,spCampaign_placement_innerbrightness_US_2026-03-21_2026-04-20.json,2026-04-21 01:59:24
83502,2026-04-21 01:59:24.822405,2026-04-21 01:59:24.822405,2026-04-08,0.0,nan,0,Detail Page on-Amazon,0.0,0.0,,0.0,0,0,ENABLED,0,180.0,0,0,0.0,0,133485526455499,0.0,0,,nan,0,0,USD,,0,0,legacy,0.0,,0,0.0,0,0,0.0,0,DAILY_BUDGET,0,0,0.0,Amazon,0.0,0.0,4,0,0,0,0,Inner-SP-KW-VB-b complex-EM-8K,spCampaign_placement,US,INNERBRIGHTNESS,spCampaign_placement_innerbrightness_US_2026-03-21_2026-04-20.json,2026-04-21 01:59:24
83503,2026-04-21 01:59:24.822405,2026-04-21 01:59:24.822405,2026-04-09,0.0,nan,0,Detail Page on-Amazon,0.0,0.0,,0.0,0,0,ENABLED,0,180.0,0,0,0.0,0,133485526455499,0.0,0,,nan,0,0,USD,,0,0,legacy,0.0,,0,0.0,0,0,0.0,0,DAILY_BUDGET,0,0,0.0,Amazon,0.0,0.0,2,0,0,0,0,Inner-SP-KW-VB-b complex-EM-8K,spCampaign_placement,US,INNERBRIGHTNESS,spCampaign_placement_innerbrightness_US_2026-03-21_2026-04-20.json,2026-04-21 01:59:24
83504,2026-04-21 01:59:24.822405,2026-04-21 01:59:24.822405,2026-04-10,0.0,nan,0,Detail Page on-Amazon,0.0,0.0,,0.0,0,0,ENABLED,0,180.0,0,0,0.0,0,133485526455499,0.0,0,,nan,0,0,USD,,0,0,legacy,0.0,,0,0.0,0,0,0.0,0,DAILY_BUDGET,0,0,0.0,Amazon,0.0,0.0,7,0,0,0,0,Inner-SP-KW-VB-b complex-EM-8K,spCampaign_placement,US,INNERBRIGHTNESS,spCampaign_placement_innerbrightness_US_2026-03-21_2026-04-20.json,2026-04-21 01:59:24
83515,2026-04-21 01:59:24.822405,2026-04-21 01:59:24.822405,2026-04-04,0.0,nan,0,Other on-Amazon,0.0,0.0,,0.0,0,0,ENABLED,0,180.0,0,0,0.0,0,133485526455499,0.0,0,,nan,0,0,USD,,0,0,legacy,0.0,,0,0.0,0,0,0.0,0,DAILY_BUDGET,0,0,0.0,Amazon,0.0,0.0,2,0,0,0,0,Inner-SP-KW-VB-b complex-EM-8K,spCampaign_placement,US,INNERBRIGHTNESS,spCampaign_placement_innerbrightness_US_2026-03-21_2026-04-20.json,2026-04-21 01:59:24
83516,2026-04-21 01:59:24.822405,2026-04-21 01:59:24.822405,2026-04-05,0.0,nan,0,Other on-Amazon,0.0,0.0,,0.0,0,0,ENABLED,0,180.0,0,0,0.0,0,133485526455499,0.0,0,,nan,0,0,USD,,0,0,legacy,0.0,,0,0.0,0,0,0.0,0,DAILY_BUDGET,0,0,0.0,Amazon,0.0,0.0,2,0,0,0,0,Inner-SP-KW-VB-b complex-EM-8K,spCampaign_placement,US,INNERBRIGHTNESS,spCampaign_placement_innerbrightness_US_2026-03-21_2026-04-20.json,2026-04-21 01:59:24
83517,2026-04-21 01:59:24.822405,2026-04-21 01:59:24.822405,2026-04-06,0.0,nan,0,Other on-Amazon,0.0,0.0,,0.0,0,0,ENABLED,0,180.0,0,0,0.0,0,133485526455499,0.0,0,,nan,0,0,USD,,0,0,legacy,0.0,,0,0.0,0,0,0.0,0,DAILY_BUDGET,0,0,0.0,Amazon,0.0,0.0,5,0,0,0,0,Inner-SP-KW-VB-b complex-EM-8K,spCampaign_placement,US,INNERBRIGHTNESS,spCampaign_placement_innerbrightness_US_2026-03-21_2026-04-20.json,2026-04-21 01:59:24
83518,2026-04-21 01:59:24.822405,2026-04-21 01:59:24.822405,2026-04-07,0.0,nan,0,Other on-Amazon,0.0,0.0,,0.0,0,0,ENABLED,0,180.0,0,0,0.0,0,133485526455499,0.0,0,,nan,0,0,USD,,0,0,legacy,0.0,,0,0.0,0,0,0.0,0,DAILY_BUDGET,0,0,0.0,Amazon,0.0,0.0,5,0,0,0,0,Inner-SP-KW-VB-b complex-EM-8K,spCampaign_placement,US,INNERBRIGHTNESS,spCampaign_placement_innerbrightness_US_2026-03-21_2026-04-20.json,2026-04-21 01:59:24
83530,2026-04-21 01:59:24.822405,2026-04-21 01:59:24.822405,2026-04-04,0.0,0.0,0,Top of Search on-Amazon,0.0,0.0,,0.0,0,0,ENABLED,0,180.0,0,0,6.69,0,133485526455499,3.3333333333333335,0,,nan,0,0,USD,,0,0,legacy,0.0,,0,0.0,0,0,6.69,0,DAILY_BUDGET,0,0,6.69,Amazon,0.0,0.0,30,0,0,0,1,Inner-SP-KW-VB-b complex-EM-8K,spCampaign_placement,US,INNERBRIGHTNESS,spCampaign_placement_innerbrightness_US_2026-03-21_2026-04-20.json,2026-04-21 01:59:24
83531,2026-04-21 01:59:24.822405,2026-04-21 01:59:24.822405,2026-04-05,0.0,4.1237668161434975,0,Top of Search on-Amazon,45.98,45.98,,45.98,0,0,ENABLED,1,180.0,1,2,5.58,2,133485526455499,4.3478260869565215,0,,24.249673771204876,2,0,USD,,2,2,legacy,45.98,,0,0.0,0,1,11.15,0,DAILY_BUDGET,0,2,11.15,Amazon,45.98,45.98,46,1,1,1,2,Inner-SP-KW-VB-b complex-EM-8K,spCampaign_placement,US,INNERBRIGHTNESS,spCampaign_placement_innerbrightness_US_2026-03-21_2026-04-20.json,2026-04-21 01:59:24
83532,2026-04-21 01:59:24.822405,2026-04-21 01:59:24.822405,2026-04-06,22.99,1.7918939984411535,1,Top of Search on-Amazon,22.99,22.99,,22.99,0,1,ENABLED,1,180.0,1,1,6.42,1,133485526455499,4.3478260869565215,0,,55.80687255328404,1,0,USD,,1,1,legacy,22.99,,0,22.99,0,1,12.83,1,DAILY_BUDGET,1,1,12.83,Amazon,22.99,22.99,46,1,1,1,2,Inner-SP-KW-VB-b complex-EM-8K,spCampaign_placement,US,INNERBRIGHTNESS,spCampaign_placement_innerbrightness_US_2026-03-21_2026-04-20.json,2026-04-21 01:59:24
83533,2026-04-21 01:59:24.822405,2026-04-21 01:59:24.822405,2026-04-07,0.0,0.0,0,Top of Search on-Amazon,0.0,0.0,,0.0,0,0,ENABLED,0,180.0,0,0,6.68,0,133485526455499,6.0,0,,nan,0,0,USD,,0,0,legacy,0.0,,0,0.0,0,0,20.05,0,DAILY_BUDGET,0,0,20.05,Amazon,0.0,0.0,50,0,0,0,3,Inner-SP-KW-VB-b complex-EM-8K,spCampaign_placement,US,INNERBRIGHTNESS,spCampaign_placement_innerbrightness_US_2026-03-21_2026-04-20.json,2026-04-21 01:59:24
83534,2026-04-21 01:59:24.822405,2026-04-21 01:59:24.822405,2026-04-08,22.99,1.1257202723939235,2,Top of Search on-Amazon,22.99,42.98,,22.99,0,1,ENABLED,1,180.0,2,1,6.36,2,133485526455499,7.792207792207792,0,,88.83201489064682,2,0,USD,,1,2,legacy,22.99,,0,42.98,0,1,38.18,1,DAILY_BUDGET,2,1,38.18,Amazon,42.98,42.98,77,1,2,2,6,Inner-SP-KW-VB-b complex-EM-8K,spCampaign_placement,US,INNERBRIGHTNESS,spCampaign_placement_innerbrightness_US_2026-03-21_2026-04-20.json,2026-04-21 01:59:24
83535,2026-04-21 01:59:24.822405,2026-04-21 01:59:24.822405,2026-04-09,22.99,0.717764595691539,1,Top of Search on-Amazon,22.99,22.99,,22.99,0,1,ENABLED,1,180.0,1,1,6.41,1,133485526455499,6.944444444444445,0,,139.32144410613313,1,0,USD,,1,1,legacy,22.99,,0,22.99,0,1,32.03,1,DAILY_BUDGET,1,1,32.03,Amazon,22.99,22.99,72,1,1,1,5,Inner-SP-KW-VB-b complex-EM-8K,spCampaign_placement,US,INNERBRIGHTNESS,spCampaign_placement_innerbrightness_US_2026-03-21_2026-04-20.json,2026-04-21 01:59:24
83536,2026-04-21 01:59:24.822405,2026-04-21 01:59:24.822405,2026-04-10,45.98,0.67807108096151,2,Top of Search on-Amazon,45.98,45.98,,45.98,0,2,ENABLED,2,180.0,2,2,6.16,2,133485526455499,6.395348837209303,0,,147.47716398434102,2,0,USD,,2,2,legacy,45.98,,0,45.98,0,2,67.81,2,DAILY_BUDGET,2,2,67.81,Amazon,45.98,45.98,172,2,2,2,11,Inner-SP-KW-VB-b complex-EM-8K,spCampaign_placement,US,INNERBRIGHTNESS,spCampaign_placement_innerbrightness_US_2026-03-21_2026-04-20.json,2026-04-21 01:59:24
83540,2026-04-21 01:59:24.822405,2026-04-21 01:59:24.822405,2026-04-07,0.0,nan,0,Detail Page on-Amazon,0.0,0.0,,0.0,0,0,PAUSED,0,30.0,0,0,0.0,0,204611304066301,nan,0,,nan,0,0,USD,,0,0,manual,0.0,,0,0.0,0,0,0.0,0,DAILY_BUDGET,0,0,0.0,Amazon,0.0,0.0,0,0,0,0,0,Inner-SP-KW-biotin gummies-EM-weem hair skin and nails gummies-4K,spCampaign_placement,US,INNERBRIGHTNESS,spCampaign_placement_innerbrightness_US_2026-03-21_2026-04-20.json,2026-04-21 01:59:24
83558,2026-04-21 01:59:24.822405,2026-04-21 01:59:24.822405,2026-04-04,0.0,nan,0,Detail Page on-Amazon,0.0,0.0,,0.0,0,0,ENABLED,0,30.0,0,0,0.0,0,86707689409336,0.0,0,,nan,0,0,USD,,0,0,manual,0.0,,0,0.0,0,0,0.0,0,DAILY_BUDGET,0,0,0.0,Amazon,0.0,0.0,148,0,0,0,0,Campaign - 3/24/2026 08:56:17.623,spCampaign_placement,US,INNERBRIGHTNESS,spCampaign_placement_innerbrightness_US_2026-03-21_2026-04-20.json,2026-04-21 01:59:24
83559,2026-04-21 01:59:24.822405,2026-04-21 01:59:24.822405,2026-04-05,0.0,0.0,0,Detail Page on-Amazon,0.0,0.0,,0.0,0,0,ENABLED,0,30.0,0,0,2.65,0,86707689409336,0.37453183520599254,0,,nan,0,0,USD,,0,0,manual,0.0,,0,0.0,0,0,2.65,0,DAILY_BUDGET,0,0,2.65,Amazon,0.0,0.0,267,0,0,0,1,Campaign - 3/24/2026 08:56:17.623,spCampaign_placement,US,INNERBRIGHTNESS,spCampaign_placement_innerbrightness_US_2026-03-21_2026-04-20.json,2026-04-21 01:59:24
83560,2026-04-21 01:59:24.822405,2026-04-21 01:59:24.822405,2026-04-06,0.0,nan,0,Detail Page on-Amazon,0.0,0.0,,0.0,0,0,ENABLED,0,30.0,0,0,0.0,0,86707689409336,0.0,0,,nan,0,0,USD,,0,0,manual,0.0,,0,0.0,0,0,0.0,0,DAILY_BUDGET,0,0,0.0,Amazon,0.0,0.0,114,0,0,0,0,Campaign - 3/24/2026 08:56:17.623,spCampaign_placement,US,INNERBRIGHTNESS,spCampaign_placement_innerbrightness_US_2026-03-21_2026-04-20.json,2026-04-21 01:59:24
83561,2026-04-21 01:59:24.822405,2026-04-21 01:59:24.822405,2026-04-07,0.0,0.0,0,Detail Page on-Amazon,0.0,0.0,,0.0,0,0,ENABLED,0,30.0,0,0,2.65,0,86707689409336,0.9523809523809524,0,,nan,0,0,USD,,0,0,manual,0.0,,0,0.0,0,0,2.65,0,DAILY_BUDGET,0,0,2.65,Amazon,0.0,0.0,105,0,0,0,1,Campaign - 3/24/2026 08:56:17.623,spCampaign_placement,US,INNERBRIGHTNESS,spCampaign_placement_innerbrightness_US_2026-03-21_2026-04-20.json,2026-04-21 01:59:24
83562,2026-04-21 01:59:24.822405,2026-04-21 01:59:24.822405,2026-04-08,0.0,0.0,0,Detail Page on-Amazon,0.0,0.0,,0.0,0,0,ENABLED,0,30.0,0,0,2.65,0,86707689409336,0.3003003003003003,0,,nan,0,0,USD,,0,0,manual,0.0,,0,0.0,0,0,2.65,0,DAILY_BUDGET,0,0,2.65,Amazon,0.0,0.0,333,0,0,0,1,Campaign - 3/24/2026 08:56:17.623,spCampaign_placement,US,INNERBRIGHTNESS,spCampaign_placement_innerbrightness_US_2026-03-21_2026-04-20.json,2026-04-21 01:59:24
83563,2026-04-21 01:59:24.822405,2026-04-21 01:59:24.822405,2026-04-09,0.0,0.0,0,Detail Page on-Amazon,0.0,0.0,,0.0,0,0,ENABLED,0,30.0,0,0,2.64,0,86707689409336,0.7352941176470588,0,,nan,0,0,USD,,0,0,manual,0.0,,0,0.0,0,0,5.28,0,DAILY_BUDGET,0,0,5.28,Amazon,0.0,0.0,272,0,0,0,2,Campaign - 3/24/2026 08:56:17.623,spCampaign_placement,US,INNERBRIGHTNESS,spCampaign_placement_innerbrightness_US_2026-03-21_2026-04-20.json,2026-04-21 01:59:24
83564,2026-04-21 01:59:24.822405,2026-04-21 01:59:24.822405,2026-04-10,0.0,nan,0,Detail Page on-Amazon,0.0,0.0,,0.0,0,0,ENABLED,0,30.0,0,0,0.0,0,86707689409336,0.0,0,,nan,0,0,USD,,0,0,manual,0.0,,0,0.0,0,0,0.0,0,DAILY_BUDGET,0,0,0.0,Amazon,0.0,0.0,97,0,0,0,0,Campaign - 3/24/2026 08:56:17.623,spCampaign_placement,US,INNERBRIGHTNESS,spCampaign_placement_innerbrightness_US_2026-03-21_2026-04-20.json,2026-04-21 01:59:24
83576,2026-04-21 01:59:24.822405,2026-04-21 01:59:24.822405,2026-04-04,0.0,0.0,0,Other on-Amazon,0.0,0.0,,0.0,0,0,ENABLED,0,30.0,0,0,4.54,0,86707689409336,0.6557377049180327,0,,nan,0,0,USD,,0,0,manual,0.0,,0,0.0,0,0,27.26,0,DAILY_BUDGET,0,0,27.26,Amazon,0.0,0.0,915,0,0,0,6,Campaign - 3/24/2026 08:56:17.623,spCampaign_placement,US,INNERBRIGHTNESS,spCampaign_placement_innerbrightness_US_2026-03-21_2026-04-20.json,2026-04-21 01:59:24
83577,2026-04-21 01:59:24.822405,2026-04-21 01:59:24.822405,2026-04-05,0.0,0.0,0,Other on-Amazon,0.0,0.0,,0.0,0,0,ENABLED,0,30.0,0,0,4.74,0,86707689409336,0.3853564547206166,0,,nan,0,0,USD,,0,0,manual,0.0,,0,0.0,0,0,28.42,0,DAILY_BUDGET,0,0,28.42,Amazon,0.0,0.0,1557,0,0,0,6,Campaign - 3/24/2026 08:56:17.623,spCampaign_placement,US,INNERBRIGHTNESS,spCampaign_placement_innerbrightness_US_2026-03-21_2026-04-20.json,2026-04-21 01:59:24
83578,2026-04-21 01:59:24.822405,2026-04-21 01:59:24.822405,2026-04-06,45.98,1.383689437255492,2,Other on-Amazon,45.98,45.98,,45.98,0,2,ENABLED,2,30.0,2,2,4.75,2,86707689409336,0.6065857885615251,0,,72.27055241409307,2,0,USD,,2,2,manual,45.98,,0,45.98,0,2,33.23,2,DAILY_BUDGET,2,2,33.23,Amazon,45.98,45.98,1154,2,2,2,7,Campaign - 3/24/2026 08:56:17.623,spCampaign_placement,US,INNERBRIGHTNESS,spCampaign_placement_innerbrightness_US_2026-03-21_2026-04-20.json,2026-04-21 01:59:24
83579,2026-04-21 01:59:24.822405,2026-04-21 01:59:24.822405,2026-04-07,0.0,0.0,0,Other on-Amazon,0.0,0.0,,0.0,0,0,ENABLED,0,30.0,0,0,4.77,0,86707689409336,0.35682426404995543,0,,nan,0,0,USD,,0,0,manual,0.0,,0,0.0,0,0,19.08,0,DAILY_BUDGET,0,0,19.08,Amazon,0.0,0.0,1121,0,0,0,4,Campaign - 3/24/2026 08:56:17.623,spCampaign_placement,US,INNERBRIGHTNESS,spCampaign_placement_innerbrightness_US_2026-03-21_2026-04-20.json,2026-04-21 01:59:24
83580,2026-04-21 01:59:24.822405,2026-04-21 01:59:24.822405,2026-04-08,22.99,0.8243097884546432,1,Other on-Amazon,22.99,22.99,,22.99,0,1,ENABLED,1,30.0,1,1,4.65,1,86707689409336,0.3929273084479371,0,,121.31361461505004,1,0,USD,,1,1,manual,22.99,,0,22.99,0,1,27.89,1,DAILY_BUDGET,1,1,27.89,Amazon,22.99,22.99,1527,1,1,1,6,Campaign - 3/24/2026 08:56:17.623,spCampaign_placement,US,INNERBRIGHTNESS,spCampaign_placement_innerbrightness_US_2026-03-21_2026-04-20.json,2026-04-21 01:59:24
83581,2026-04-21 01:59:24.822405,2026-04-21 01:59:24.822405,2026-04-09,0.0,0.0,0,Other on-Amazon,0.0,0.0,,0.0,0,0,ENABLED,0,30.0,0,0,4.61,0,86707689409336,0.34305317324185247,0,,nan,0,0,USD,,0,0,manual,0.0,,0,0.0,0,0,18.45,0,DAILY_BUDGET,0,0,18.45,Amazon,0.0,0.0,1166,0,0,0,4,Campaign - 3/24/2026 08:56:17.623,spCampaign_placement,US,INNERBRIGHTNESS,spCampaign_placement_innerbrightness_US_2026-03-21_2026-04-20.json,2026-04-21 01:59:24
83582,2026-04-21 01:59:24.822405,2026-04-21 01:59:24.822405,2026-04-10,0.0,0.0,0,Other on-Amazon,0.0,0.0,,0.0,0,0,ENABLED,0,30.0,0,0,4.71,0,86707689409336,0.7342143906020557,0,,nan,0,0,USD,,0,0,manual,0.0,,0,0.0,0,0,23.57,0,DAILY_BUDGET,0,0,23.57,Amazon,0.0,0.0,681,0,0,0,5,Campaign - 3/24/2026 08:56:17.623,spCampaign_placement,US,INNERBRIGHTNESS,spCampaign_placement_innerbrightness_US_2026-03-21_2026-04-20.json,2026-04-21 01:59:24
83593,2026-04-21 01:59:24.822405,2026-04-21 01:59:24.822405,2026-04-04,0.0,nan,0,Top of Search on-Amazon,0.0,0.0,,0.0,0,0,ENABLED,0,30.0,0,0,0.0,0,86707689409336,0.0,0,,nan,0,0,USD,,0,0,manual,0.0,,0,0.0,0,0,0.0,0,DAILY_BUDGET,0,0,0.0,Amazon,0.0,0.0,2,0,0,0,0,Campaign - 3/24/2026 08:56:17.623,spCampaign_placement,US,INNERBRIGHTNESS,spCampaign_placement_innerbrightness_US_2026-03-21_2026-04-20.json,2026-04-21 01:59:24
83594,2026-04-21 01:59:24.822405,2026-04-21 01:59:24.822405,2026-04-05,0.0,nan,0,Top of Search on-Amazon,0.0,0.0,,0.0,0,0,ENABLED,0,30.0,0,0,0.0,0,86707689409336,0.0,0,,nan,0,0,USD,,0,0,manual,0.0,,0,0.0,0,0,0.0,0,DAILY_BUDGET,0,0,0.0,Amazon,0.0,0.0,9,0,0,0,0,Campaign - 3/24/2026 08:56:17.623,spCampaign_placement,US,INNERBRIGHTNESS,spCampaign_placement_innerbrightness_US_2026-03-21_2026-04-20.json,2026-04-21 01:59:24
83595,2026-04-21 01:59:24.822405,2026-04-21 01:59:24.822405,2026-04-06,0.0,nan,0,Top of Search on-Amazon,0.0,0.0,,0.0,0,0,ENABLED,0,30.0,0,0,0.0,0,86707689409336,0.0,0,,nan,0,0,USD,,0,0,manual,0.0,,0,0.0,0,0,0.0,0,DAILY_BUDGET,0,0,0.0,Amazon,0.0,0.0,13,0,0,0,0,Campaign - 3/24/2026 08:56:17.623,spCampaign_placement,US,INNERBRIGHTNESS,spCampaign_placement_innerbrightness_US_2026-03-21_2026-04-20.json,2026-04-21 01:59:24
83596,2026-04-21 01:59:24.822405,2026-04-21 01:59:24.822405,2026-04-07,0.0,0.0,0,Top of Search on-Amazon,0.0,0.0,,0.0,0,0,ENABLED,0,30.0,0,0,4.58,0,86707689409336,16.666666666666664,0,,nan,0,0,USD,,0,0,manual,0.0,,0,0.0,0,0,9.16,0,DAILY_BUDGET,0,0,9.16,Amazon,0.0,0.0,12,0,0,0,2,Campaign - 3/24/2026 08:56:17.623,spCampaign_placement,US,INNERBRIGHTNESS,spCampaign_placement_innerbrightness_US_2026-03-21_2026-04-20.json,2026-04-21 01:59:24
83597,2026-04-21 01:59:24.822405,2026-04-21 01:59:24.822405,2026-04-08,0.0,nan,0,Top of Search on-Amazon,0.0,0.0,,0.0,0,0,ENABLED,0,30.0,0,0,0.0,0,86707689409336,0.0,0,,nan,0,0,USD,,0,0,manual,0.0,,0,0.0,0,0,0.0,0,DAILY_BUDGET,0,0,0.0,Amazon,0.0,0.0,19,0,0,0,0,Campaign - 3/24/2026 08:56:17.623,spCampaign_placement,US,INNERBRIGHTNESS,spCampaign_placement_innerbrightness_US_2026-03-21_2026-04-20.json,2026-04-21 01:59:24
83598,2026-04-21 01:59:24.822405,2026-04-21 01:59:24.822405,2026-04-09,0.0,0.0,0,Top of Search on-Amazon,0.0,0.0,,0.0,0,0,ENABLED,0,30.0,0,0,4.77,0,86707689409336,14.285714285714285,0,,nan,0,0,USD,,0,0,manual,0.0,,0,0.0,0,0,9.54,0,DAILY_BUDGET,0,0,9.54,Amazon,0.0,0.0,14,0,0,0,2,Campaign - 3/24/2026 08:56:17.623,spCampaign_placement,US,INNERBRIGHTNESS,spCampaign_placement_innerbrightness_US_2026-03-21_2026-04-20.json,2026-04-21 01:59:24
83599,2026-04-21 01:59:24.822405,2026-04-21 01:59:24.822405,2026-04-10,0.0,0.0,0,Top of Search on-Amazon,0.0,0.0,,0.0,0,0,ENABLED,0,30.0,0,0,4.77,0,86707689409336,9.090909090909092,0,,nan,0,0,USD,,0,0,manual,0.0,,0,0.0,0,0,4.77,0,DAILY_BUDGET,0,0,4.77,Amazon,0.0,0.0,11,0,0,0,1,Campaign - 3/24/2026 08:56:17.623,spCampaign_placement,US,INNERBRIGHTNESS,spCampaign_placement_innerbrightness_US_2026-03-21_2026-04-20.json,2026-04-21 01:59:24
83611,2026-04-21 01:59:24.822405,2026-04-21 01:59:24.822405,2026-04-04,0.0,0.0,0,Detail Page on-Amazon,0.0,0.0,,0.0,0,0,ENABLED,0,40.0,0,0,2.34,0,90609254666494,0.17861699413115592,0,,nan,0,0,USD,,0,0,legacy,0.0,,0,0.0,0,0,16.37,0,DAILY_BUDGET,0,0,16.37,Amazon,0.0,0.0,3919,0,0,0,7,Inner-SP-KW-biotin-biotin-EM-2K,spCampaign_placement,US,INNERBRIGHTNESS,spCampaign_placement_innerbrightness_US_2026-03-21_2026-04-20.json,2026-04-21 01:59:24
83612,2026-04-21 01:59:24.822405,2026-04-21 01:59:24.822405,2026-04-05,23.99,0.9489715189873417,1,Detail Page on-Amazon,23.99,23.99,,23.99,0,1,ENABLED,1,40.0,1,1,2.3,1,90609254666494,0.4688832054560955,0,,105.37724051688204,1,0,USD,,1,1,legacy,23.99,,0,23.99,0,1,25.28,1,DAILY_BUDGET,1,1,25.28,Amazon,23.99,23.99,2346,1,1,1,11,Inner-SP-KW-biotin-biotin-EM-2K,spCampaign_placement,US,INNERBRIGHTNESS,spCampaign_placement_innerbrightness_US_2026-03-21_2026-04-20.json,2026-04-21 01:59:24
83613,2026-04-21 01:59:24.822405,2026-04-21 01:59:24.822405,2026-04-06,0.0,0.0,0,Detail Page on-Amazon,0.0,0.0,,0.0,0,0,ENABLED,0,40.0,0,0,2.33,0,90609254666494,0.3070624360286591,0,,nan,0,0,USD,,0,0,legacy,0.0,,0,0.0,0,0,13.96,0,DAILY_BUDGET,0,0,13.96,Amazon,0.0,0.0,1954,0,0,0,6,Inner-SP-KW-biotin-biotin-EM-2K,spCampaign_placement,US,INNERBRIGHTNESS,spCampaign_placement_innerbrightness_US_2026-03-21_2026-04-20.json,2026-04-21 01:59:24
83614,2026-04-21 01:59:24.822405,2026-04-21 01:59:24.822405,2026-04-07,0.0,nan,0,Detail Page on-Amazon,0.0,0.0,,0.0,0,0,ENABLED,0,40.0,0,0,0.0,0,90609254666494,0.0,0,,nan,0,0,USD,,0,0,legacy,0.0,,0,0.0,0,0,0.0,0,DAILY_BUDGET,0,0,0.0,Amazon,0.0,0.0,4,0,0,0,0,Inner-SP-KW-biotin-biotin-EM-2K,spCampaign_placement,US,INNERBRIGHTNESS,spCampaign_placement_innerbrightness_US_2026-03-21_2026-04-20.json,2026-04-21 01:59:24
83615,2026-04-21 01:59:24.822405,2026-04-21 01:59:24.822405,2026-04-08,0.0,nan,0,Detail Page on-Amazon,0.0,0.0,,0.0,0,0,ENABLED,0,40.0,0,0,0.0,0,90609254666494,0.0,0,,nan,0,0,USD,,0,0,legacy,0.0,,0,0.0,0,0,0.0,0,DAILY_BUDGET,0,0,0.0,Amazon,0.0,0.0,1,0,0,0,0,Inner-SP-KW-biotin-biotin-EM-2K,spCampaign_placement,US,INNERBRIGHTNESS,spCampaign_placement_innerbrightness_US_2026-03-21_2026-04-20.json,2026-04-21 01:59:24
83616,2026-04-21 01:59:24.822405,2026-04-21 01:59:24.822405,2026-04-09,0.0,nan,0,Detail Page on-Amazon,0.0,0.0,,0.0,0,0,ENABLED,0,40.0,0,0,0.0,0,90609254666494,0.0,0,,nan,0,0,USD,,0,0,legacy,0.0,,0,0.0,0,0,0.0,0,DAILY_BUDGET,0,0,0.0,Amazon,0.0,0.0,6,0,0,0,0,Inner-SP-KW-biotin-biotin-EM-2K,spCampaign_placement,US,INNERBRIGHTNESS,spCampaign_placement_innerbrightness_US_2026-03-21_2026-04-20.json,2026-04-21 01:59:24
83617,2026-04-21 01:59:24.822405,2026-04-21 01:59:24.822405,2026-04-10,0.0,nan,0,Detail Page on-Amazon,0.0,0.0,,0.0,0,0,ENABLED,0,40.0,0,0,0.0,0,90609254666494,0.0,0,,nan,0,0,USD,,0,0,legacy,0.0,,0,0.0,0,0,0.0,0,DAILY_BUDGET,0,0,0.0,Amazon,0.0,0.0,7,0,0,0,0,Inner-SP-KW-biotin-biotin-EM-2K,spCampaign_placement,US,INNERBRIGHTNESS,spCampaign_placement_innerbrightness_US_2026-03-21_2026-04-20.json,2026-04-21 01:59:24
83629,2026-04-21 01:59:24.822405,2026-04-21 01:59:24.822405,2026-04-04,0.0,nan,0,Other on-Amazon,0.0,0.0,,0.0,0,0,ENABLED,0,40.0,0,0,0.0,0,90609254666494,0.0,0,,nan,0,0,USD,,0,0,legacy,0.0,,0,0.0,0,0,0.0,0,DAILY_BUDGET,0,0,0.0,Amazon,0.0,0.0,117,0,0,0,0,Inner-SP-KW-biotin-biotin-EM-2K,spCampaign_placement,US,INNERBRIGHTNESS,spCampaign_placement_innerbrightness_US_2026-03-21_2026-04-20.json,2026-04-21 01:59:24
83630,2026-04-21 01:59:24.822405,2026-04-21 01:59:24.822405,2026-04-05,0.0,nan,0,Other on-Amazon,0.0,0.0,,0.0,0,0,ENABLED,0,40.0,0,0,0.0,0,90609254666494,0.0,0,,nan,0,0,USD,,0,0,legacy,0.0,,0,0.0,0,0,0.0,0,DAILY_BUDGET,0,0,0.0,Amazon,0.0,0.0,53,0,0,0,0,Inner-SP-KW-biotin-biotin-EM-2K,spCampaign_placement,US,INNERBRIGHTNESS,spCampaign_placement_innerbrightness_US_2026-03-21_2026-04-20.json,2026-04-21 01:59:24
83631,2026-04-21 01:59:24.822405,2026-04-21 01:59:24.822405,2026-04-06,0.0,nan,0,Other on-Amazon,0.0,0.0,,0.0,0,0,ENABLED,0,40.0,0,0,0.0,0,90609254666494,0.0,0,,nan,0,0,USD,,0,0,legacy,0.0,,0,0.0,0,0,0.0,0,DAILY_BUDGET,0,0,0.0,Amazon,0.0,0.0,82,0,0,0,0,Inner-SP-KW-biotin-biotin-EM-2K,spCampaign_placement,US,INNERBRIGHTNESS,spCampaign_placement_innerbrightness_US_2026-03-21_2026-04-20.json,2026-04-21 01:59:24
83632,2026-04-21 01:59:24.822405,2026-04-21 01:59:24.822405,2026-04-07,23.99,2.0399659863945576,1,Other on-Amazon,23.99,23.99,,23.99,0,1,ENABLED,1,40.0,1,1,3.92,1,90609254666494,0.37174721189591076,0,,49.02042517715715,1,0,USD,,1,1,legacy,23.99,,0,23.99,0,1,11.76,1,DAILY_BUDGET,1,1,11.76,Amazon,23.99,23.99,807,1,1,1,3,Inner-SP-KW-biotin-biotin-EM-2K,spCampaign_placement,US,INNERBRIGHTNESS,spCampaign_placement_innerbrightness_US_2026-03-21_2026-04-20.json,2026-04-21 01:59:24
83633,2026-04-21 01:59:24.822405,2026-04-21 01:59:24.822405,2026-04-08,23.99,1.5457474226804122,1,Other on-Amazon,23.99,23.99,,23.99,0,1,ENABLED,1,40.0,1,1,3.88,1,90609254666494,0.41841004184100417,0,,64.69362234264277,1,0,USD,,1,1,legacy,23.99,,0,23.99,0,1,15.52,1,DAILY_BUDGET,1,1,15.52,Amazon,23.99,23.99,956,1,1,1,4,Inner-SP-KW-biotin-biotin-EM-2K,spCampaign_placement,US,INNERBRIGHTNESS,spCampaign_placement_innerbrightness_US_2026-03-21_2026-04-20.json,2026-04-21 01:59:24
83634,2026-04-21 01:59:24.822405,2026-04-21 01:59:24.822405,2026-04-09,23.99,1.9599673202614378,1,Other on-Amazon,23.99,23.99,,23.99,0,1,ENABLED,1,40.0,1,1,4.08,1,90609254666494,0.1750291715285881,0,,51.02125885785745,1,0,USD,,1,1,legacy,23.99,,0,23.99,0,1,12.24,1,DAILY_BUDGET,1,1,12.24,Amazon,23.99,23.99,1714,1,1,1,3,Inner-SP-KW-biotin-biotin-EM-2K,spCampaign_placement,US,INNERBRIGHTNESS,spCampaign_placement_innerbrightness_US_2026-03-21_2026-04-20.json,2026-04-21 01:59:24
83635,2026-04-21 01:59:24.822405,2026-04-21 01:59:24.822405,2026-04-10,0.0,0.0,0,Other on-Amazon,0.0,0.0,,0.0,0,0,ENABLED,0,40.0,0,0,4.08,0,90609254666494,0.2890173410404624,0,,nan,0,0,USD,,0,0,legacy,0.0,,0,0.0,0,0,4.08,0,DAILY_BUDGET,0,0,4.08,Amazon,0.0,0.0,346,0,0,0,1,Inner-SP-KW-biotin-biotin-EM-2K,spCampaign_placement,US,INNERBRIGHTNESS,spCampaign_placement_innerbrightness_US_2026-03-21_2026-04-20.json,2026-04-21 01:59:24
83645,2026-04-21 01:59:24.822405,2026-04-21 01:59:24.822405,2026-04-08,0.0,nan,0,Top of Search on-Amazon,0.0,0.0,,0.0,0,0,ENABLED,0,40.0,0,0,0.0,0,90609254666494,0.0,0,,nan,0,0,USD,,0,0,legacy,0.0,,0,0.0,0,0,0.0,0,DAILY_BUDGET,0,0,0.0,Amazon,0.0,0.0,5,0,0,0,0,Inner-SP-KW-biotin-biotin-EM-2K,spCampaign_placement,US,INNERBRIGHTNESS,spCampaign_placement_innerbrightness_US_2026-03-21_2026-04-20.json,2026-04-21 01:59:24
83649,2026-04-21 01:59:24.822405,2026-04-21 01:59:24.822405,2026-04-04,0.0,nan,0,Detail Page on-Amazon,0.0,0.0,,0.0,0,0,ENABLED,0,140.0,0,0,0.0,0,124155407961116,0.0,0,,nan,0,0,USD,,0,0,legacy,0.0,,0,0.0,0,0,0.0,0,DAILY_BUDGET,0,0,0.0,Amazon,0.0,0.0,1,0,0,0,0,Inner-SP-KW-VB-methylated b complex-EM-1.9W,spCampaign_placement,US,INNERBRIGHTNESS,spCampaign_placement_innerbrightness_US_2026-03-21_2026-04-20.json,2026-04-21 01:59:24
83650,2026-04-21 01:59:24.822405,2026-04-21 01:59:24.822405,2026-04-05,0.0,nan,0,Detail Page on-Amazon,0.0,0.0,,0.0,0,0,ENABLED,0,140.0,0,0,0.0,0,124155407961116,0.0,0,,nan,0,0,USD,,0,0,legacy,0.0,,0,0.0,0,0,0.0,0,DAILY_BUDGET,0,0,0.0,Amazon,0.0,0.0,1,0,0,0,0,Inner-SP-KW-VB-methylated b complex-EM-1.9W,spCampaign_placement,US,INNERBRIGHTNESS,spCampaign_placement_innerbrightness_US_2026-03-21_2026-04-20.json,2026-04-21 01:59:24
83657,2026-04-21 01:59:24.822405,2026-04-21 01:59:24.822405,2026-04-04,22.99,0.36091051805337515,1,Other on-Amazon,22.99,22.99,,22.99,0,1,ENABLED,1,140.0,1,1,4.55,1,124155407961116,1.1084718923198733,0,,277.0769899956503,1,0,USD,,1,1,legacy,22.99,,0,22.99,0,1,63.7,1,DAILY_BUDGET,1,1,63.7,Amazon,22.99,22.99,1263,1,1,1,14,Inner-SP-KW-VB-methylated b complex-EM-1.9W,spCampaign_placement,US,INNERBRIGHTNESS,spCampaign_placement_innerbrightness_US_2026-03-21_2026-04-20.json,2026-04-21 01:59:24
83658,2026-04-21 01:59:24.822405,2026-04-21 01:59:24.822405,2026-04-05,22.99,0.3886728655959425,1,Other on-Amazon,22.99,22.99,,22.99,0,1,ENABLED,1,140.0,1,1,4.55,1,124155407961116,1.014040561622465,0,,257.28577642453246,1,0,USD,,1,1,legacy,22.99,,0,22.99,0,1,59.15,1,DAILY_BUDGET,1,1,59.15,Amazon,22.99,22.99,1282,1,1,1,13,Inner-SP-KW-VB-methylated b complex-EM-1.9W,spCampaign_placement,US,INNERBRIGHTNESS,spCampaign_placement_innerbrightness_US_2026-03-21_2026-04-20.json,2026-04-21 01:59:24
83659,2026-04-21 01:59:24.822405,2026-04-21 01:59:24.822405,2026-04-06,114.95,1.3506050992832805,5,Other on-Amazon,114.95,114.95,,114.95,0,5,ENABLED,5,140.0,5,5,4.48,5,124155407961116,1.1713933415536375,0,,74.04088734232275,5,0,USD,,5,5,legacy,114.95,,0,114.95,0,5,85.11,5,DAILY_BUDGET,5,5,85.11,Amazon,114.95,114.95,1622,5,5,5,19,Inner-SP-KW-VB-methylated b complex-EM-1.9W,spCampaign_placement,US,INNERBRIGHTNESS,spCampaign_placement_innerbrightness_US_2026-03-21_2026-04-20.json,2026-04-21 01:59:24
83660,2026-04-21 01:59:24.822405,2026-04-21 01:59:24.822405,2026-04-07,22.99,0.5688481999257701,1,Other on-Amazon,45.98,45.98,,45.98,0,1,ENABLED,2,140.0,2,2,4.49,2,124155407961116,1.245674740484429,0,,175.7938234014789,2,0,USD,,2,2,legacy,45.98,,0,22.99,0,2,80.83,1,DAILY_BUDGET,1,2,80.83,Amazon,45.98,45.98,1445,2,2,2,18,Inner-SP-KW-VB-methylated b complex-EM-1.9W,spCampaign_placement,US,INNERBRIGHTNESS,spCampaign_placement_innerbrightness_US_2026-03-21_2026-04-20.json,2026-04-21 01:59:24
83661,2026-04-21 01:59:24.822405,2026-04-21 01:59:24.822405,2026-04-08,183.92,2.409914764377388,8,Other on-Amazon,245.98,226.45,,245.98,0,8,ENABLED,10,140.0,10,11,4.44,11,124155407961116,1.795472287275566,0,,41.49524351573299,11,0,USD,,11,10,legacy,226.45,,0,183.92,0,11,102.07,8,DAILY_BUDGET,8,10,102.07,Amazon,245.98,245.98,1281,11,11,11,23,Inner-SP-KW-VB-methylated b complex-EM-1.9W,spCampaign_placement,US,INNERBRIGHTNESS,spCampaign_placement_innerbrightness_US_2026-03-21_2026-04-20.json,2026-04-21 01:59:24
83662,2026-04-21 01:59:24.822405,2026-04-21 01:59:24.822405,2026-04-09,45.98,0.5470553242117787,2,Other on-Amazon,45.98,45.98,,45.98,0,2,ENABLED,2,140.0,2,2,4.42,2,124155407961116,1.3639626704953338,0,,182.7968682035668,2,0,USD,,2,2,legacy,45.98,,0,45.98,0,2,84.05,2,DAILY_BUDGET,2,2,84.05,Amazon,45.98,45.98,1393,2,2,2,19,Inner-SP-KW-VB-methylated b complex-EM-1.9W,spCampaign_placement,US,INNERBRIGHTNESS,spCampaign_placement_innerbrightness_US_2026-03-21_2026-04-20.json,2026-04-21 01:59:24
83663,2026-04-21 01:59:24.822405,2026-04-21 01:59:24.822405,2026-04-10,68.97,1.4873424906345782,3,Other on-Amazon,131.02,91.96,,131.02,0,3,ENABLED,4,140.0,4,6,4.4,6,124155407961116,1.015744032503809,0,,67.23401007479774,6,0,USD,,6,4,legacy,91.96,,0,68.97,0,6,88.09,3,DAILY_BUDGET,3,4,88.09,Amazon,131.02,131.02,1969,6,6,6,20,Inner-SP-KW-VB-methylated b complex-EM-1.9W,spCampaign_placement,US,INNERBRIGHTNESS,spCampaign_placement_innerbrightness_US_2026-03-21_2026-04-20.json,2026-04-21 01:59:24
83667,2026-04-21 01:59:24.822405,2026-04-21 01:59:24.822405,2026-04-06,0.0,nan,0,Top of Search on-Amazon,0.0,0.0,,0.0,0,0,ENABLED,0,140.0,0,0,0.0,0,124155407961116,0.0,0,,nan,0,0,USD,,0,0,legacy,0.0,,0,0.0,0,0,0.0,0,DAILY_BUDGET,0,0,0.0,Amazon,0.0,0.0,3,0,0,0,0,Inner-SP-KW-VB-methylated b complex-EM-1.9W,spCampaign_placement,US,INNERBRIGHTNESS,spCampaign_placement_innerbrightness_US_2026-03-21_2026-04-20.json,2026-04-21 01:59:24
83668,2026-04-21 01:59:24.822405,2026-04-21 01:59:24.822405,2026-04-07,0.0,nan,0,Top of Search on-Amazon,0.0,0.0,,0.0,0,0,ENABLED,0,140.0,0,0,0.0,0,124155407961116,0.0,0,,nan,0,0,USD,,0,0,legacy,0.0,,0,0.0,0,0,0.0,0,DAILY_BUDGET,0,0,0.0,Amazon,0.0,0.0,1,0,0,0,0,Inner-SP-KW-VB-methylated b complex-EM-1.9W,spCampaign_placement,US,INNERBRIGHTNESS,spCampaign_placement_innerbrightness_US_2026-03-21_2026-04-20.json,2026-04-21 01:59:24
83674,2026-04-21 01:59:24.822405,2026-04-21 01:59:24.822405,2026-04-04,0.0,nan,0,Detail Page on-Amazon,0.0,0.0,,0.0,0,0,ENABLED,0,20.0,0,0,0.0,0,250659622813733,0.0,0,,nan,0,0,USD,,0,0,legacy,0.0,,0,0.0,0,0,0.0,0,DAILY_BUDGET,0,0,0.0,Amazon,0.0,0.0,43,0,0,0,0,Inner-SP-KW-VB-b vitamins complex-EM-1W,spCampaign_placement,US,INNERBRIGHTNESS,spCampaign_placement_innerbrightness_US_2026-03-21_2026-04-20.json,2026-04-21 01:59:24
83675,2026-04-21 01:59:24.822405,2026-04-21 01:59:24.822405,2026-04-05,0.0,nan,0,Detail Page on-Amazon,0.0,0.0,,0.0,0,0,ENABLED,0,20.0,0,0,0.0,0,250659622813733,0.0,0,,nan,0,0,USD,,0,0,legacy,0.0,,0,0.0,0,0,0.0,0,DAILY_BUDGET,0,0,0.0,Amazon,0.0,0.0,32,0,0,0,0,Inner-SP-KW-VB-b vitamins complex-EM-1W,spCampaign_placement,US,INNERBRIGHTNESS,spCampaign_placement_innerbrightness_US_2026-03-21_2026-04-20.json,2026-04-21 01:59:24
83676,2026-04-21 01:59:24.822405,2026-04-21 01:59:24.822405,2026-04-06,0.0,nan,0,Detail Page on-Amazon,0.0,0.0,,0.0,0,0,ENABLED,0,20.0,0,0,0.0,0,250659622813733,0.0,0,,nan,0,0,USD,,0,0,legacy,0.0,,0,0.0,0,0,0.0,0,DAILY_BUDGET,0,0,0.0,Amazon,0.0,0.0,59,0,0,0,0,Inner-SP-KW-VB-b vitamins complex-EM-1W,spCampaign_placement,US,INNERBRIGHTNESS,spCampaign_placement_innerbrightness_US_2026-03-21_2026-04-20.json,2026-04-21 01:59:24
83677,2026-04-21 01:59:24.822405,2026-04-21 01:59:24.822405,2026-04-07,0.0,nan,0,Detail Page on-Amazon,0.0,0.0,,0.0,0,0,ENABLED,0,20.0,0,0,0.0,0,250659622813733,0.0,0,,nan,0,0,USD,,0,0,legacy,0.0,,0,0.0,0,0,0.0,0,DAILY_BUDGET,0,0,0.0,Amazon,0.0,0.0,49,0,0,0,0,Inner-SP-KW-VB-b vitamins complex-EM-1W,spCampaign_placement,US,INNERBRIGHTNESS,spCampaign_placement_innerbrightness_US_2026-03-21_2026-04-20.json,2026-04-21 01:59:24
83678,2026-04-21 01:59:24.822405,2026-04-21 01:59:24.822405,2026-04-08,0.0,nan,0,Detail Page on-Amazon,0.0,0.0,,0.0,0,0,ENABLED,0,20.0,0,0,0.0,0,250659622813733,0.0,0,,nan,0,0,USD,,0,0,legacy,0.0,,0,0.0,0,0,0.0,0,DAILY_BUDGET,0,0,0.0,Amazon,0.0,0.0,65,0,0,0,0,Inner-SP-KW-VB-b vitamins complex-EM-1W,spCampaign_placement,US,INNERBRIGHTNESS,spCampaign_placement_innerbrightness_US_2026-03-21_2026-04-20.json,2026-04-21 01:59:24
83679,2026-04-21 01:59:24.822405,2026-04-21 01:59:24.822405,2026-04-09,0.0,nan,0,Detail Page on-Amazon,0.0,0.0,,0.0,0,0,ENABLED,0,20.0,0,0,0.0,0,250659622813733,0.0,0,,nan,0,0,USD,,0,0,legacy,0.0,,0,0.0,0,0,0.0,0,DAILY_BUDGET,0,0,0.0,Amazon,0.0,0.0,70,0,0,0,0,Inner-SP-KW-VB-b vitamins complex-EM-1W,spCampaign_placement,US,INNERBRIGHTNESS,spCampaign_placement_innerbrightness_US_2026-03-21_2026-04-20.json,2026-04-21 01:59:24
83680,2026-04-21 01:59:24.822405,2026-04-21 01:59:24.822405,2026-04-10,22.99,4.75,1,Detail Page on-Amazon,22.99,22.99,,22.99,0,1,ENABLED,1,20.0,1,1,2.42,1,250659622813733,1.7094017094017095,0,,21.05263157894737,1,0,USD,,1,1,legacy,22.99,,0,22.99,0,1,4.84,1,DAILY_BUDGET,1,1,4.84,Amazon,22.99,22.99,117,1,1,1,2,Inner-SP-KW-VB-b vitamins complex-EM-1W,spCampaign_placement,US,INNERBRIGHTNESS,spCampaign_placement_innerbrightness_US_2026-03-21_2026-04-20.json,2026-04-21 01:59:24
83686,2026-04-21 01:59:24.822405,2026-04-21 01:59:24.822405,2026-04-04,0.0,nan,0,Other on-Amazon,0.0,0.0,,0.0,0,0,ENABLED,0,20.0,0,0,0.0,0,250659622813733,0.0,0,,nan,0,0,USD,,0,0,legacy,0.0,,0,0.0,0,0,0.0,0,DAILY_BUDGET,0,0,0.0,Amazon,0.0,0.0,279,0,0,0,0,Inner-SP-KW-VB-b vitamins complex-EM-1W,spCampaign_placement,US,INNERBRIGHTNESS,spCampaign_placement_innerbrightness_US_2026-03-21_2026-04-20.json,2026-04-21 01:59:24
83687,2026-04-21 01:59:24.822405,2026-04-21 01:59:24.822405,2026-04-05,0.0,0.0,0,Other on-Amazon,0.0,0.0,,0.0,0,0,ENABLED,0,20.0,0,0,4.68,0,250659622813733,1.1799410029498525,0,,nan,0,0,USD,,0,0,legacy,0.0,,0,0.0,0,0,18.7,0,DAILY_BUDGET,0,0,18.7,Amazon,0.0,0.0,339,0,0,0,4,Inner-SP-KW-VB-b vitamins complex-EM-1W,spCampaign_placement,US,INNERBRIGHTNESS,spCampaign_placement_innerbrightness_US_2026-03-21_2026-04-20.json,2026-04-21 01:59:24
83688,2026-04-21 01:59:24.822405,2026-04-21 01:59:24.822405,2026-04-06,0.0,nan,0,Other on-Amazon,0.0,0.0,,0.0,0,0,ENABLED,0,20.0,0,0,0.0,0,250659622813733,0.0,0,,nan,0,0,USD,,0,0,legacy,0.0,,0,0.0,0,0,0.0,0,DAILY_BUDGET,0,0,0.0,Amazon,0.0,0.0,389,0,0,0,0,Inner-SP-KW-VB-b vitamins complex-EM-1W,spCampaign_placement,US,INNERBRIGHTNESS,spCampaign_placement_innerbrightness_US_2026-03-21_2026-04-20.json,2026-04-21 01:59:24
83689,2026-04-21 01:59:24.822405,2026-04-21 01:59:24.822405,2026-04-07,22.99,2.1607142857142856,1,Other on-Amazon,22.99,22.99,,22.99,0,1,ENABLED,1,20.0,1,1,5.32,1,250659622813733,0.5714285714285714,0,,46.2809917355372,1,0,USD,,1,1,legacy,22.99,,0,22.99,0,1,10.64,1,DAILY_BUDGET,1,1,10.64,Amazon,22.99,22.99,350,1,1,1,2,Inner-SP-KW-VB-b vitamins complex-EM-1W,spCampaign_placement,US,INNERBRIGHTNESS,spCampaign_placement_innerbrightness_US_2026-03-21_2026-04-20.json,2026-04-21 01:59:24
83690,2026-04-21 01:59:24.822405,2026-04-21 01:59:24.822405,2026-04-08,91.96,3.457142857142857,4,Other on-Amazon,91.96,91.96,,91.96,0,4,ENABLED,4,20.0,4,4,5.32,4,250659622813733,1.1261261261261262,0,,28.925619834710748,4,0,USD,,4,4,legacy,91.96,,0,91.96,0,4,26.6,4,DAILY_BUDGET,4,4,26.6,Amazon,91.96,91.96,444,4,4,4,5,Inner-SP-KW-VB-b vitamins complex-EM-1W,spCampaign_placement,US,INNERBRIGHTNESS,spCampaign_placement_innerbrightness_US_2026-03-21_2026-04-20.json,2026-04-21 01:59:24
83691,2026-04-21 01:59:24.822405,2026-04-21 01:59:24.822405,2026-04-09,0.0,0.0,0,Other on-Amazon,0.0,0.0,,0.0,0,0,ENABLED,0,20.0,0,0,5.32,0,250659622813733,1.1406844106463878,0,,nan,0,0,USD,,0,0,legacy,0.0,,0,0.0,0,0,15.96,0,DAILY_BUDGET,0,0,15.96,Amazon,0.0,0.0,263,0,0,0,3,Inner-SP-KW-VB-b vitamins complex-EM-1W,spCampaign_placement,US,INNERBRIGHTNESS,spCampaign_placement_innerbrightness_US_2026-03-21_2026-04-20.json,2026-04-21 01:59:24
83692,2026-04-21 01:59:24.822405,2026-04-21 01:59:24.822405,2026-04-10,22.99,4.321428571428571,1,Other on-Amazon,22.99,22.99,,22.99,0,1,ENABLED,1,20.0,1,1,5.32,1,250659622813733,0.36900369003690037,0,,23.1404958677686,1,0,USD,,1,1,legacy,22.99,,0,22.99,0,1,5.32,1,DAILY_BUDGET,1,1,5.32,Amazon,22.99,22.99,271,1,1,1,1,Inner-SP-KW-VB-b vitamins complex-EM-1W,spCampaign_placement,US,INNERBRIGHTNESS,spCampaign_placement_innerbrightness_US_2026-03-21_2026-04-20.json,2026-04-21 01:59:24
83698,2026-04-21 01:59:24.822405,2026-04-21 01:59:24.822405,2026-04-04,0.0,3.9637931034482756,0,Top of Search on-Amazon,22.99,22.99,,22.99,0,0,ENABLED,1,20.0,1,1,5.8,1,250659622813733,7.142857142857142,0,,25.228360156589822,1,0,USD,,1,1,legacy,22.99,,0,0.0,0,1,5.8,0,DAILY_BUDGET,0,1,5.8,Amazon,22.99,22.99,14,1,1,1,1,Inner-SP-KW-VB-b vitamins complex-EM-1W,spCampaign_placement,US,INNERBRIGHTNESS,spCampaign_placement_innerbrightness_US_2026-03-21_2026-04-20.json,2026-04-21 01:59:24
83699,2026-04-21 01:59:24.822405,2026-04-21 01:59:24.822405,2026-04-05,0.0,0.0,0,Top of Search on-Amazon,0.0,0.0,,0.0,0,0,ENABLED,0,20.0,0,0,5.8,0,250659622813733,7.6923076923076925,0,,nan,0,0,USD,,0,0,legacy,0.0,,0,0.0,0,0,5.8,0,DAILY_BUDGET,0,0,5.8,Amazon,0.0,0.0,13,0,0,0,1,Inner-SP-KW-VB-b vitamins complex-EM-1W,spCampaign_placement,US,INNERBRIGHTNESS,spCampaign_placement_innerbrightness_US_2026-03-21_2026-04-20.json,2026-04-21 01:59:24
83700,2026-04-21 01:59:24.822405,2026-04-21 01:59:24.822405,2026-04-06,22.99,3.9637931034482756,1,Top of Search on-Amazon,22.99,22.99,,22.99,0,1,ENABLED,1,20.0,1,1,5.8,1,250659622813733,5.0,0,,25.228360156589822,1,0,USD,,1,1,legacy,22.99,,0,22.99,0,1,5.8,1,DAILY_BUDGET,1,1,5.8,Amazon,22.99,22.99,20,1,1,1,1,Inner-SP-KW-VB-b vitamins complex-EM-1W,spCampaign_placement,US,INNERBRIGHTNESS,spCampaign_placement_innerbrightness_US_2026-03-21_2026-04-20.json,2026-04-21 01:59:24
83701,2026-04-21 01:59:24.822405,2026-04-21 01:59:24.822405,2026-04-07,22.99,0.8058184367332631,1,Top of Search on-Amazon,22.99,22.99,,22.99,0,1,ENABLED,1,20.0,1,1,5.71,1,250659622813733,14.285714285714285,0,,124.09743366681167,1,0,USD,,1,1,legacy,22.99,,0,22.99,0,1,28.53,1,DAILY_BUDGET,1,1,28.53,Amazon,22.99,22.99,35,1,1,1,5,Inner-SP-KW-VB-b vitamins complex-EM-1W,spCampaign_placement,US,INNERBRIGHTNESS,spCampaign_placement_innerbrightness_US_2026-03-21_2026-04-20.json,2026-04-21 01:59:24
83702,2026-04-21 01:59:24.822405,2026-04-21 01:59:24.822405,2026-04-08,22.99,0.855282738095238,1,Top of Search on-Amazon,22.99,22.99,,22.99,0,1,ENABLED,1,20.0,1,1,5.38,1,250659622813733,11.363636363636363,0,,116.9204001739887,1,0,USD,,1,1,legacy,22.99,,0,22.99,0,1,26.88,1,DAILY_BUDGET,1,1,26.88,Amazon,22.99,22.99,44,1,1,1,5,Inner-SP-KW-VB-b vitamins complex-EM-1W,spCampaign_placement,US,INNERBRIGHTNESS,spCampaign_placement_innerbrightness_US_2026-03-21_2026-04-20.json,2026-04-21 01:59:24
83703,2026-04-21 01:59:24.822405,2026-04-21 01:59:24.822405,2026-04-09,0.0,0.0,0,Top of Search on-Amazon,0.0,0.0,,0.0,0,0,ENABLED,0,20.0,0,0,5.42,0,250659622813733,7.142857142857142,0,,nan,0,0,USD,,0,0,legacy,0.0,,0,0.0,0,0,10.85,0,DAILY_BUDGET,0,0,10.85,Amazon,0.0,0.0,28,0,0,0,2,Inner-SP-KW-VB-b vitamins complex-EM-1W,spCampaign_placement,US,INNERBRIGHTNESS,spCampaign_placement_innerbrightness_US_2026-03-21_2026-04-20.json,2026-04-21 01:59:24
83704,2026-04-21 01:59:24.822405,2026-04-21 01:59:24.822405,2026-04-10,22.99,1.3587470449172574,1,Top of Search on-Amazon,22.99,22.99,,22.99,0,1,ENABLED,1,20.0,1,1,5.64,1,250659622813733,6.382978723404255,0,,73.59721618094825,1,0,USD,,1,1,legacy,22.99,,0,22.99,0,1,16.92,1,DAILY_BUDGET,1,1,16.92,Amazon,22.99,22.99,47,1,1,1,3,Inner-SP-KW-VB-b vitamins complex-EM-1W,spCampaign_placement,US,INNERBRIGHTNESS,spCampaign_placement_innerbrightness_US_2026-03-21_2026-04-20.json,2026-04-21 01:59:24
83705,2026-04-21 01:59:24.822405,2026-04-21 01:59:24.822405,2026-04-07,0.0,nan,0,Detail Page on-Amazon,0.0,0.0,,0.0,0,0,ENABLED,0,20.0,0,0,0.0,0,36760962650554,0.0,0,,nan,0,0,USD,,0,0,legacy,0.0,,0,0.0,0,0,0.0,0,DAILY_BUDGET,0,0,0.0,Amazon,0.0,0.0,1,0,0,0,0,Inner-SP-KW-VB-b complex vitamins-EM-1W,spCampaign_placement,US,INNERBRIGHTNESS,spCampaign_placement_innerbrightness_US_2026-03-21_2026-04-20.json,2026-04-21 01:59:24
83706,2026-04-21 01:59:24.822405,2026-04-21 01:59:24.822405,2026-04-08,0.0,nan,0,Detail Page on-Amazon,0.0,0.0,,0.0,0,0,ENABLED,0,20.0,0,0,0.0,0,36760962650554,0.0,0,,nan,0,0,USD,,0,0,legacy,0.0,,0,0.0,0,0,0.0,0,DAILY_BUDGET,0,0,0.0,Amazon,0.0,0.0,3,0,0,0,0,Inner-SP-KW-VB-b complex vitamins-EM-1W,spCampaign_placement,US,INNERBRIGHTNESS,spCampaign_placement_innerbrightness_US_2026-03-21_2026-04-20.json,2026-04-21 01:59:24
83707,2026-04-21 01:59:24.822405,2026-04-21 01:59:24.822405,2026-04-09,0.0,nan,0,Detail Page on-Amazon,0.0,0.0,,0.0,0,0,ENABLED,0,20.0,0,0,0.0,0,36760962650554,0.0,0,,nan,0,0,USD,,0,0,legacy,0.0,,0,0.0,0,0,0.0,0,DAILY_BUDGET,0,0,0.0,Amazon,0.0,0.0,3,0,0,0,0,Inner-SP-KW-VB-b complex vitamins-EM-1W,spCampaign_placement,US,INNERBRIGHTNESS,spCampaign_placement_innerbrightness_US_2026-03-21_2026-04-20.json,2026-04-21 01:59:24
83708,2026-04-21 01:59:24.822405,2026-04-21 01:59:24.822405,2026-04-10,0.0,nan,0,Detail Page on-Amazon,0.0,0.0,,0.0,0,0,ENABLED,0,20.0,0,0,0.0,0,36760962650554,0.0,0,,nan,0,0,USD,,0,0,legacy,0.0,,0,0.0,0,0,0.0,0,DAILY_BUDGET,0,0,0.0,Amazon,0.0,0.0,7,0,0,0,0,Inner-SP-KW-VB-b complex vitamins-EM-1W,spCampaign_placement,US,INNERBRIGHTNESS,spCampaign_placement_innerbrightness_US_2026-03-21_2026-04-20.json,2026-04-21 01:59:24
83709,2026-04-21 01:59:24.822405,2026-04-21 01:59:24.822405,2026-04-06,0.0,nan,0,Other on-Amazon,0.0,0.0,,0.0,0,0,ENABLED,0,20.0,0,0,0.0,0,36760962650554,0.0,0,,nan,0,0,USD,,0,0,legacy,0.0,,0,0.0,0,0,0.0,0,DAILY_BUDGET,0,0,0.0,Amazon,0.0,0.0,62,0,0,0,0,Inner-SP-KW-VB-b complex vitamins-EM-1W,spCampaign_placement,US,INNERBRIGHTNESS,spCampaign_placement_innerbrightness_US_2026-03-21_2026-04-20.json,2026-04-21 01:59:24
83710,2026-04-21 01:59:24.822405,2026-04-21 01:59:24.822405,2026-04-07,0.0,0.0,0,Other on-Amazon,0.0,0.0,,0.0,0,0,ENABLED,0,20.0,0,0,4.34,0,36760962650554,0.4,0,,nan,0,0,USD,,0,0,legacy,0.0,,0,0.0,0,0,17.36,0,DAILY_BUDGET,0,0,17.36,Amazon,0.0,0.0,1000,0,0,0,4,Inner-SP-KW-VB-b complex vitamins-EM-1W,spCampaign_placement,US,INNERBRIGHTNESS,spCampaign_placement_innerbrightness_US_2026-03-21_2026-04-20.json,2026-04-21 01:59:24
83711,2026-04-21 01:59:24.822405,2026-04-21 01:59:24.822405,2026-04-08,22.99,0.8828725038402457,1,Other on-Amazon,22.99,22.99,,22.99,0,1,ENABLED,1,20.0,1,1,4.34,1,36760962650554,0.8450704225352111,0,,113.26663766855154,1,0,USD,,1,1,legacy,22.99,,0,22.99,0,1,26.04,1,DAILY_BUDGET,1,1,26.04,Amazon,22.99,22.99,710,1,1,1,6,Inner-SP-KW-VB-b complex vitamins-EM-1W,spCampaign_placement,US,INNERBRIGHTNESS,spCampaign_placement_innerbrightness_US_2026-03-21_2026-04-20.json,2026-04-21 01:59:24
83712,2026-04-21 01:59:24.822405,2026-04-21 01:59:24.822405,2026-04-09,22.99,3.2665130568356378,1,Other on-Amazon,42.53,42.53,,42.53,0,1,ENABLED,2,20.0,2,2,4.34,2,36760962650554,0.5076142131979695,0,,30.61368445802962,2,0,USD,,2,2,legacy,42.53,,0,22.99,0,2,13.02,1,DAILY_BUDGET,1,2,13.02,Amazon,42.53,42.53,591,2,2,2,3,Inner-SP-KW-VB-b complex vitamins-EM-1W,spCampaign_placement,US,INNERBRIGHTNESS,spCampaign_placement_innerbrightness_US_2026-03-21_2026-04-20.json,2026-04-21 01:59:24
83713,2026-04-21 01:59:24.822405,2026-04-21 01:59:24.822405,2026-04-10,45.98,1.3243087557603686,2,Other on-Amazon,45.98,45.98,,45.98,0,2,ENABLED,2,20.0,2,2,4.34,2,36760962650554,0.7590132827324478,0,,75.51109177903437,2,0,USD,,2,2,legacy,45.98,,0,45.98,0,2,34.72,2,DAILY_BUDGET,2,2,34.72,Amazon,45.98,45.98,1054,2,2,2,8,Inner-SP-KW-VB-b complex vitamins-EM-1W,spCampaign_placement,US,INNERBRIGHTNESS,spCampaign_placement_innerbrightness_US_2026-03-21_2026-04-20.json,2026-04-21 01:59:24
83714,2026-04-21 01:59:24.822405,2026-04-21 01:59:24.822405,2026-04-06,0.0,nan,0,Top of Search on-Amazon,0.0,0.0,,0.0,0,0,ENABLED,0,20.0,0,0,0.0,0,36760962650554,0.0,0,,nan,0,0,USD,,0,0,legacy,0.0,,0,0.0,0,0,0.0,0,DAILY_BUDGET,0,0,0.0,Amazon,0.0,0.0,1,0,0,0,0,Inner-SP-KW-VB-b complex vitamins-EM-1W,spCampaign_placement,US,INNERBRIGHTNESS,spCampaign_placement_innerbrightness_US_2026-03-21_2026-04-20.json,2026-04-21 01:59:24
83715,2026-04-21 01:59:24.822405,2026-04-21 01:59:24.822405,2026-04-07,22.99,5.108888888888888,1,Top of Search on-Amazon,22.99,22.99,,22.99,0,1,ENABLED,1,20.0,1,1,4.5,1,36760962650554,6.25,0,,19.573727707699,1,0,USD,,1,1,legacy,22.99,,0,22.99,0,1,4.5,1,DAILY_BUDGET,1,1,4.5,Amazon,22.99,22.99,16,1,1,1,1,Inner-SP-KW-VB-b complex vitamins-EM-1W,spCampaign_placement,US,INNERBRIGHTNESS,spCampaign_placement_innerbrightness_US_2026-03-21_2026-04-20.json,2026-04-21 01:59:24
83716,2026-04-21 01:59:24.822405,2026-04-21 01:59:24.822405,2026-04-08,0.0,0.0,0,Top of Search on-Amazon,0.0,0.0,,0.0,0,0,ENABLED,0,20.0,0,0,4.5,0,36760962650554,10.526315789473683,0,,nan,0,0,USD,,0,0,legacy,0.0,,0,0.0,0,0,9.0,0,DAILY_BUDGET,0,0,9.0,Amazon,0.0,0.0,19,0,0,0,2,Inner-SP-KW-VB-b complex vitamins-EM-1W,spCampaign_placement,US,INNERBRIGHTNESS,spCampaign_placement_innerbrightness_US_2026-03-21_2026-04-20.json,2026-04-21 01:59:24
83717,2026-04-21 01:59:24.822405,2026-04-21 01:59:24.822405,2026-04-09,0.0,nan,0,Top of Search on-Amazon,0.0,0.0,,0.0,0,0,ENABLED,0,20.0,0,0,0.0,0,36760962650554,0.0,0,,nan,0,0,USD,,0,0,legacy,0.0,,0,0.0,0,0,0.0,0,DAILY_BUDGET,0,0,0.0,Amazon,0.0,0.0,7,0,0,0,0,Inner-SP-KW-VB-b complex vitamins-EM-1W,spCampaign_placement,US,INNERBRIGHTNESS,spCampaign_placement_innerbrightness_US_2026-03-21_2026-04-20.json,2026-04-21 01:59:24
83718,2026-04-21 01:59:24.822405,2026-04-21 01:59:24.822405,2026-04-10,0.0,nan,0,Top of Search on-Amazon,0.0,0.0,,0.0,0,0,ENABLED,0,20.0,0,0,0.0,0,36760962650554,0.0,0,,nan,0,0,USD,,0,0,legacy,0.0,,0,0.0,0,0,0.0,0,DAILY_BUDGET,0,0,0.0,Amazon,0.0,0.0,19,0,0,0,0,Inner-SP-KW-VB-b complex vitamins-EM-1W,spCampaign_placement,US,INNERBRIGHTNESS,spCampaign_placement_innerbrightness_US_2026-03-21_2026-04-20.json,2026-04-21 01:59:24
83719,2026-04-21 01:59:24.822405,2026-04-21 01:59:24.822405,2026-04-09,0.0,0.0,0,Detail Page on-Amazon,0.0,0.0,,0.0,0,0,ENABLED,0,300.0,0,0,0.5,0,31526300125663,0.09560229445506692,0,,nan,0,0,USD,,0,0,manual,0.0,,0,0.0,0,0,0.5,0,DAILY_BUDGET,0,0,0.5,Amazon,0.0,0.0,1046,0,0,0,1,Inner-SP-Auto-gumm-magnesium-CPC-New,spCampaign_placement,US,INNERBRIGHTNESS,spCampaign_placement_innerbrightness_US_2026-03-21_2026-04-20.json,2026-04-21 01:59:24
83720,2026-04-21 01:59:24.822405,2026-04-21 01:59:24.822405,2026-04-10,0.0,0.0,0,Detail Page on-Amazon,0.0,0.0,,0.0,0,0,ENABLED,0,300.0,0,0,1.0,0,31526300125663,0.2638522427440633,0,,nan,0,0,USD,,0,0,manual,0.0,,0,0.0,0,0,1.0,0,DAILY_BUDGET,0,0,1.0,Amazon,0.0,0.0,379,0,0,0,1,Inner-SP-Auto-gumm-magnesium-CPC-New,spCampaign_placement,US,INNERBRIGHTNESS,spCampaign_placement_innerbrightness_US_2026-03-21_2026-04-20.json,2026-04-21 01:59:24
83721,2026-04-21 01:59:24.822405,2026-04-21 01:59:24.822405,2026-04-10,0.0,nan,0,Off Amazon,0.0,0.0,,0.0,0,0,ENABLED,0,300.0,0,0,0.0,0,31526300125663,nan,0,,nan,0,0,USD,,0,0,manual,0.0,,0,0.0,0,0,0.0,0,DAILY_BUDGET,0,0,0.0,Amazon,0.0,0.0,0,0,0,0,0,Inner-SP-Auto-gumm-magnesium-CPC-New,spCampaign_placement,US,INNERBRIGHTNESS,spCampaign_placement_innerbrightness_US_2026-03-21_2026-04-20.json,2026-04-21 01:59:24
83722,2026-04-21 01:59:24.822405,2026-04-21 01:59:24.822405,2026-04-09,19.99,0.6701307408649011,1,Other on-Amazon,19.99,19.99,,19.99,0,1,ENABLED,1,300.0,1,1,2.13,1,31526300125663,0.49295774647887325,0,,149.22461230615306,1,0,USD,,1,1,manual,19.99,,0,19.99,0,1,29.83,1,DAILY_BUDGET,1,1,29.83,Amazon,19.99,19.99,2840,1,1,1,14,Inner-SP-Auto-gumm-magnesium-CPC-New,spCampaign_placement,US,INNERBRIGHTNESS,spCampaign_placement_innerbrightness_US_2026-03-21_2026-04-20.json,2026-04-21 01:59:24
83723,2026-04-21 01:59:24.822405,2026-04-21 01:59:24.822405,2026-04-10,39.98,1.7708531055573131,6,Other on-Amazon,59.97,167.93,,59.97,0,2,ENABLED,3,300.0,6,3,2.37,7,31526300125663,0.620347394540943,0,,56.46995772047877,7,0,USD,,3,7,manual,59.97,,0,147.94,0,3,94.83,2,DAILY_BUDGET,5,3,94.83,Amazon,167.93,167.93,6448,3,6,6,40,Inner-SP-Auto-gumm-magnesium-CPC-New,spCampaign_placement,US,INNERBRIGHTNESS,spCampaign_placement_innerbrightness_US_2026-03-21_2026-04-20.json,2026-04-21 01:59:24
83724,2026-04-21 01:59:24.822405,2026-04-21 01:59:24.822405,2026-04-09,59.97,2.122238163558106,3,Top of Search on-Amazon,73.96,73.96,,73.96,0,3,ENABLED,3,300.0,3,4,3.17,4,31526300125663,4.602510460251046,0,,47.12006489994592,4,0,USD,,4,4,manual,73.96,,0,59.97,0,3,34.85,2,DAILY_BUDGET,2,4,34.85,Amazon,73.96,73.96,239,3,3,3,11,Inner-SP-Auto-gumm-magnesium-CPC-New,spCampaign_placement,US,INNERBRIGHTNESS,spCampaign_placement_innerbrightness_US_2026-03-21_2026-04-20.json,2026-04-21 01:59:24
83725,2026-04-21 01:59:24.822405,2026-04-21 01:59:24.822405,2026-04-10,19.99,1.0341438178996378,1,Top of Search on-Amazon,39.98,39.98,,39.98,0,1,ENABLED,2,300.0,2,2,2.97,2,31526300125663,5.019305019305019,0,,96.69834917458729,2,0,USD,,2,2,manual,39.98,,0,19.99,0,2,38.66,1,DAILY_BUDGET,1,2,38.66,Amazon,39.98,39.98,259,2,2,2,13,Inner-SP-Auto-gumm-magnesium-CPC-New,spCampaign_placement,US,INNERBRIGHTNESS,spCampaign_placement_innerbrightness_US_2026-03-21_2026-04-20.json,2026-04-21 01:59:24
83740,2026-04-21 01:59:24.822405,2026-04-21 01:59:24.822405,2026-04-04,0.0,0.0,0,Detail Page on-Amazon,0.0,0.0,,0.0,0,0,ENABLED,0,1000.0,0,0,2.25,0,297069838936079,0.8352315869400152,0,,nan,0,0,USD,,0,0,manual,0.0,,0,0.0,0,0,24.72,0,DAILY_BUDGET,0,0,24.72,Amazon,0.0,0.0,1317,0,0,0,11,Inner-SP-KW-Creatine Gummies-creatine gummies-EM-CPC-800,spCampaign_placement,US,INNERBRIGHTNESS,spCampaign_placement_innerbrightness_US_2026-03-21_2026-04-20.json,2026-04-21 01:59:24
83741,2026-04-21 01:59:24.822405,2026-04-21 01:59:24.822405,2026-04-05,0.0,0.0,0,Detail Page on-Amazon,0.0,0.0,,0.0,0,0,ENABLED,0,1000.0,0,0,2.34,0,297069838936079,0.37341299477221807,0,,nan,0,0,USD,,0,0,manual,0.0,,0,0.0,0,0,11.7,0,DAILY_BUDGET,0,0,11.7,Amazon,0.0,0.0,1339,0,0,0,5,Inner-SP-KW-Creatine Gummies-creatine gummies-EM-CPC-800,spCampaign_placement,US,INNERBRIGHTNESS,spCampaign_placement_innerbrightness_US_2026-03-21_2026-04-20.json,2026-04-21 01:59:24
83742,2026-04-21 01:59:24.822405,2026-04-21 01:59:24.822405,2026-04-06,0.0,0.0,0,Detail Page on-Amazon,0.0,0.0,,0.0,0,0,ENABLED,0,1000.0,0,0,2.27,0,297069838936079,0.36496350364963503,0,,nan,0,0,USD,,0,0,manual,0.0,,0,0.0,0,0,15.92,0,DAILY_BUDGET,0,0,15.92,Amazon,0.0,0.0,1918,0,0,0,7,Inner-SP-KW-Creatine Gummies-creatine gummies-EM-CPC-800,spCampaign_placement,US,INNERBRIGHTNESS,spCampaign_placement_innerbrightness_US_2026-03-21_2026-04-20.json,2026-04-21 01:59:24
83743,2026-04-21 01:59:24.822405,2026-04-21 01:59:24.822405,2026-04-07,0.0,0.0,0,Detail Page on-Amazon,0.0,0.0,,0.0,0,0,ENABLED,0,1000.0,0,0,2.39,0,297069838936079,0.2820432466311501,0,,nan,0,0,USD,,0,0,manual,0.0,,0,0.0,0,0,21.54,0,DAILY_BUDGET,0,0,21.54,Amazon,0.0,0.0,3191,0,0,0,9,Inner-SP-KW-Creatine Gummies-creatine gummies-EM-CPC-800,spCampaign_placement,US,INNERBRIGHTNESS,spCampaign_placement_innerbrightness_US_2026-03-21_2026-04-20.json,2026-04-21 01:59:24
83744,2026-04-21 01:59:24.822405,2026-04-21 01:59:24.822405,2026-04-08,29.99,1.3246466431095405,1,Detail Page on-Amazon,29.99,29.99,,29.99,0,1,ENABLED,1,1000.0,1,1,2.26,1,297069838936079,0.3108486167236556,0,,75.49183061020341,1,0,USD,,1,1,manual,29.99,,0,29.99,0,1,22.64,1,DAILY_BUDGET,1,1,22.64,Amazon,29.99,29.99,3217,1,1,1,10,Inner-SP-KW-Creatine Gummies-creatine gummies-EM-CPC-800,spCampaign_placement,US,INNERBRIGHTNESS,spCampaign_placement_innerbrightness_US_2026-03-21_2026-04-20.json,2026-04-21 01:59:24
83745,2026-04-21 01:59:24.822405,2026-04-21 01:59:24.822405,2026-04-09,89.97,7.3958076448828605,4,Detail Page on-Amazon,89.97,119.96,,89.97,0,3,ENABLED,3,1000.0,4,3,1.62,4,297069838936079,0.21204410517387615,0,,13.521173724574858,4,0,USD,,3,4,manual,89.97,,0,119.96,0,3,16.22,3,DAILY_BUDGET,4,3,16.22,Amazon,119.96,119.96,4716,3,4,4,10,Inner-SP-KW-Creatine Gummies-creatine gummies-EM-CPC-800,spCampaign_placement,US,INNERBRIGHTNESS,spCampaign_placement_innerbrightness_US_2026-03-21_2026-04-20.json,2026-04-21 01:59:24
83746,2026-04-21 01:59:24.822405,2026-04-21 01:59:24.822405,2026-04-10,89.97,7.004786450662739,4,Detail Page on-Amazon,160.26,149.95,,160.26,0,3,ENABLED,4,1000.0,5,6,2.09,7,297069838936079,0.3797838153666374,0,,14.275952693823916,7,0,USD,,6,5,manual,119.96,,0,119.96,0,5,27.16,3,DAILY_BUDGET,4,4,27.16,Amazon,190.25,190.25,3423,5,6,6,13,Inner-SP-KW-Creatine Gummies-creatine gummies-EM-CPC-800,spCampaign_placement,US,INNERBRIGHTNESS,spCampaign_placement_innerbrightness_US_2026-03-21_2026-04-20.json,2026-04-21 01:59:24
83761,2026-04-21 01:59:24.822405,2026-04-21 01:59:24.822405,2026-04-04,299.9,1.2558626465661642,12,Other on-Amazon,329.89,389.87,,329.89,0,10,ENABLED,11,1000.0,13,11,4.31,13,297069838936079,1.0696776110533353,0,,79.62654218072691,13,0,USD,,11,13,manual,329.89,,0,359.88,0,11,310.44,10,DAILY_BUDGET,12,11,310.44,Amazon,389.87,389.87,6731,11,13,13,72,Inner-SP-KW-Creatine Gummies-creatine gummies-EM-CPC-800,spCampaign_placement,US,INNERBRIGHTNESS,spCampaign_placement_innerbrightness_US_2026-03-21_2026-04-20.json,2026-04-21 01:59:24
83762,2026-04-21 01:59:24.822405,2026-04-21 01:59:24.822405,2026-04-05,509.83,1.7360611784778501,18,Other on-Amazon,539.82,539.82,,539.82,0,17,ENABLED,17,1000.0,18,18,4.32,19,297069838936079,0.9916492693110648,0,,57.601656692581734,19,0,USD,,18,18,manual,509.83,,0,539.82,0,18,328.22,17,DAILY_BUDGET,18,17,328.22,Amazon,569.81,569.81,7664,18,19,19,76,Inner-SP-KW-Creatine Gummies-creatine gummies-EM-CPC-800,spCampaign_placement,US,INNERBRIGHTNESS,spCampaign_placement_innerbrightness_US_2026-03-21_2026-04-20.json,2026-04-21 01:59:24
83763,2026-04-21 01:59:24.822405,2026-04-21 01:59:24.822405,2026-04-06,359.88,1.2422758284600393,15,Other on-Amazon,389.87,479.84,,389.87,0,12,ENABLED,12,1000.0,16,13,4.32,17,297069838936079,1.0479867622724766,0,,80.49742070886373,17,0,USD,,13,16,manual,359.88,,0,449.85,0,13,410.4,12,DAILY_BUDGET,15,12,410.4,Amazon,509.83,509.83,9065,13,17,17,95,Inner-SP-KW-Creatine Gummies-creatine gummies-EM-CPC-800,spCampaign_placement,US,INNERBRIGHTNESS,spCampaign_placement_innerbrightness_US_2026-03-21_2026-04-20.json,2026-04-21 01:59:24
83764,2026-04-21 01:59:24.822405,2026-04-21 01:59:24.822405,2026-04-07,299.9,1.4794702489374623,11,Other on-Amazon,359.88,389.87,,359.88,0,10,ENABLED,12,1000.0,13,12,4.32,13,297069838936079,0.7528076021226706,0,,67.59176135634955,13,0,USD,,12,13,manual,359.88,,0,329.89,0,12,263.52,10,DAILY_BUDGET,11,12,263.52,Amazon,389.87,389.87,8103,12,13,13,61,Inner-SP-KW-Creatine Gummies-creatine gummies-EM-CPC-800,spCampaign_placement,US,INNERBRIGHTNESS,spCampaign_placement_innerbrightness_US_2026-03-21_2026-04-20.json,2026-04-21 01:59:24
83765,2026-04-21 01:59:24.822405,2026-04-21 01:59:24.822405,2026-04-08,269.91,1.2446996160896482,10,Other on-Amazon,329.89,359.88,,329.89,0,9,ENABLED,11,1000.0,12,11,4.32,12,297069838936079,0.695742471443406,0,,80.3406691119262,12,0,USD,,11,12,manual,329.89,,0,299.9,0,11,289.13,9,DAILY_BUDGET,10,11,289.13,Amazon,359.88,359.88,9630,11,12,12,67,Inner-SP-KW-Creatine Gummies-creatine gummies-EM-CPC-800,spCampaign_placement,US,INNERBRIGHTNESS,spCampaign_placement_innerbrightness_US_2026-03-21_2026-04-20.json,2026-04-21 01:59:24
83766,2026-04-21 01:59:24.822405,2026-04-21 01:59:24.822405,2026-04-09,389.87,1.7851190476190475,18,Other on-Amazon,419.86,569.81,,419.86,0,13,ENABLED,14,1000.0,18,14,4.26,19,297069838936079,0.8108984755108661,0,,56.018672890963664,19,0,USD,,14,19,manual,419.86,,0,539.82,0,14,319.2,13,DAILY_BUDGET,17,14,319.2,Amazon,569.81,569.81,9249,14,18,18,75,Inner-SP-KW-Creatine Gummies-creatine gummies-EM-CPC-800,spCampaign_placement,US,INNERBRIGHTNESS,spCampaign_placement_innerbrightness_US_2026-03-21_2026-04-20.json,2026-04-21 01:59:24
83767,2026-04-21 01:59:24.822405,2026-04-21 01:59:24.822405,2026-04-10,569.81,1.716969838915346,21,Other on-Amazon,599.8,659.78,,599.8,0,19,ENABLED,17,1000.0,19,20,4.32,22,297069838936079,0.9389176073425466,0,,58.242141319833884,22,0,USD,,20,22,manual,599.8,,0,629.79,0,17,384.27,16,DAILY_BUDGET,18,20,384.27,Amazon,659.78,659.78,9479,17,19,19,89,Inner-SP-KW-Creatine Gummies-creatine gummies-EM-CPC-800,spCampaign_placement,US,INNERBRIGHTNESS,spCampaign_placement_innerbrightness_US_2026-03-21_2026-04-20.json,2026-04-21 01:59:24
83782,2026-04-21 01:59:24.822405,2026-04-21 01:59:24.822405,2026-04-04,329.89,1.400898311174991,13,Top of Search on-Amazon,329.89,389.87,,329.89,0,11,ENABLED,11,1000.0,13,11,5.46,13,297069838936079,8.514190317195327,0,,71.38276861517943,13,0,USD,,11,13,manual,329.89,,0,389.87,0,11,278.3,11,DAILY_BUDGET,13,11,278.3,Amazon,389.87,389.87,599,11,13,13,51,Inner-SP-KW-Creatine Gummies-creatine gummies-EM-CPC-800,spCampaign_placement,US,INNERBRIGHTNESS,spCampaign_placement_innerbrightness_US_2026-03-21_2026-04-20.json,2026-04-21 01:59:24
83783,2026-04-21 01:59:24.822405,2026-04-21 01:59:24.822405,2026-04-05,119.96,1.1346477215402724,9,Top of Search on-Amazon,119.96,269.91,,119.96,0,4,ENABLED,4,1000.0,9,4,5.41,9,297069838936079,7.508532423208192,0,,88.13308139750288,9,0,USD,,4,9,manual,119.96,,0,269.91,0,4,237.88,4,DAILY_BUDGET,9,4,237.88,Amazon,269.91,269.91,586,4,9,9,44,Inner-SP-KW-Creatine Gummies-creatine gummies-EM-CPC-800,spCampaign_placement,US,INNERBRIGHTNESS,spCampaign_placement_innerbrightness_US_2026-03-21_2026-04-20.json,2026-04-21 01:59:24
83784,2026-04-21 01:59:24.822405,2026-04-21 01:59:24.822405,2026-04-06,419.86,2.493970893970894,14,Top of Search on-Amazon,419.86,419.86,,419.86,0,14,ENABLED,14,1000.0,14,14,5.43,14,297069838936079,7.175925925925926,0,,40.09669889963321,14,0,USD,,14,14,manual,419.86,,0,419.86,0,14,168.35,14,DAILY_BUDGET,14,14,168.35,Amazon,419.86,419.86,432,14,14,14,31,Inner-SP-KW-Creatine Gummies-creatine gummies-EM-CPC-800,spCampaign_placement,US,INNERBRIGHTNESS,spCampaign_placement_innerbrightness_US_2026-03-21_2026-04-20.json,2026-04-21 01:59:24
83785,2026-04-21 01:59:24.822405,2026-04-21 01:59:24.822405,2026-04-07,179.94,1.4691160097973723,9,Top of Search on-Amazon,239.92,299.9,,239.92,0,6,ENABLED,6,1000.0,9,8,5.35,11,297069838936079,7.473309608540925,0,,68.06814392676347,11,0,USD,,8,10,manual,209.93,,0,269.91,0,7,224.55,5,DAILY_BUDGET,8,7,224.55,Amazon,329.89,329.89,562,7,10,10,42,Inner-SP-KW-Creatine Gummies-creatine gummies-EM-CPC-800,spCampaign_placement,US,INNERBRIGHTNESS,spCampaign_placement_innerbrightness_US_2026-03-21_2026-04-20.json,2026-04-21 01:59:24
83786,2026-04-21 01:59:24.822405,2026-04-21 01:59:24.822405,2026-04-08,299.9,2.227097143402165,13,Top of Search on-Amazon,350.04,389.87,,350.04,0,10,ENABLED,10,1000.0,13,12,5.38,16,297069838936079,8.944954128440367,0,,44.90149892933619,16,0,USD,,12,13,manual,299.9,,0,389.87,0,12,209.69,10,DAILY_BUDGET,13,10,209.69,Amazon,467.0,467.0,436,12,16,16,39,Inner-SP-KW-Creatine Gummies-creatine gummies-EM-CPC-800,spCampaign_placement,US,INNERBRIGHTNESS,spCampaign_placement_innerbrightness_US_2026-03-21_2026-04-20.json,2026-04-21 01:59:24
83787,2026-04-21 01:59:24.822405,2026-04-21 01:59:24.822405,2026-04-09,239.92,1.7714116952155934,9,Top of Search on-Amazon,239.92,299.9,,239.92,0,8,ENABLED,8,1000.0,10,8,5.29,10,297069838936079,7.142857142857142,0,,56.45215071690565,10,0,USD,,8,10,manual,239.92,,0,269.91,0,8,169.3,8,DAILY_BUDGET,9,8,169.3,Amazon,299.9,299.9,448,8,10,10,32,Inner-SP-KW-Creatine Gummies-creatine gummies-EM-CPC-800,spCampaign_placement,US,INNERBRIGHTNESS,spCampaign_placement_innerbrightness_US_2026-03-21_2026-04-20.json,2026-04-21 01:59:24
83788,2026-04-21 01:59:24.822405,2026-04-21 01:59:24.822405,2026-04-10,209.93,1.8886629384850027,8,Top of Search on-Amazon,209.93,239.92,,209.93,0,7,ENABLED,7,1000.0,8,7,5.51,9,297069838936079,7.6923076923076925,0,,52.947510094212646,9,0,USD,,7,8,manual,209.93,,0,239.92,0,7,137.69,7,DAILY_BUDGET,8,7,137.69,Amazon,260.05,260.05,325,7,9,9,25,Inner-SP-KW-Creatine Gummies-creatine gummies-EM-CPC-800,spCampaign_placement,US,INNERBRIGHTNESS,spCampaign_placement_innerbrightness_US_2026-03-21_2026-04-20.json,2026-04-21 01:59:24
83789,2026-04-21 01:59:24.822405,2026-04-21 01:59:24.822405,2026-04-07,0.0,nan,0,Detail Page on-Amazon,0.0,0.0,,0.0,0,0,PAUSED,0,100.0,0,0,0.0,0,506739018117344,0.0,0,,nan,0,0,USD,,0,0,manual,0.0,,0,0.0,0,0,0.0,0,DAILY_BUDGET,0,0,0.0,Amazon,0.0,0.0,2,0,0,0,0,Inner-SP-Auto-Creatine Gummies-CPC,spCampaign_placement,US,INNERBRIGHTNESS,spCampaign_placement_innerbrightness_US_2026-03-21_2026-04-20.json,2026-04-21 01:59:24
83790,2026-04-21 01:59:24.822405,2026-04-21 01:59:24.822405,2026-04-08,0.0,nan,0,Detail Page on-Amazon,0.0,0.0,,0.0,0,0,PAUSED,0,100.0,0,0,0.0,0,506739018117344,0.0,0,,nan,0,0,USD,,0,0,manual,0.0,,0,0.0,0,0,0.0,0,DAILY_BUDGET,0,0,0.0,Amazon,0.0,0.0,7,0,0,0,0,Inner-SP-Auto-Creatine Gummies-CPC,spCampaign_placement,US,INNERBRIGHTNESS,spCampaign_placement_innerbrightness_US_2026-03-21_2026-04-20.json,2026-04-21 01:59:24
83791,2026-04-21 01:59:24.822405,2026-04-21 01:59:24.822405,2026-04-10,0.0,nan,0,Detail Page on-Amazon,0.0,0.0,,0.0,0,0,PAUSED,0,100.0,0,0,0.0,0,506739018117344,0.0,0,,nan,0,0,USD,,0,0,manual,0.0,,0,0.0,0,0,0.0,0,DAILY_BUDGET,0,0,0.0,Amazon,0.0,0.0,2,0,0,0,0,Inner-SP-Auto-Creatine Gummies-CPC,spCampaign_placement,US,INNERBRIGHTNESS,spCampaign_placement_innerbrightness_US_2026-03-21_2026-04-20.json,2026-04-21 01:59:24
83792,2026-04-21 01:59:24.822405,2026-04-21 01:59:24.822405,2026-04-07,89.97,1.0755528989838612,3,Other on-Amazon,89.97,89.97,,89.97,0,3,PAUSED,3,100.0,3,3,3.49,3,506739018117344,1.0572687224669604,0,,92.97543625652996,3,0,USD,,3,3,manual,89.97,,0,89.97,0,3,83.65,3,DAILY_BUDGET,3,3,83.65,Amazon,89.97,89.97,2270,3,3,3,24,Inner-SP-Auto-Creatine Gummies-CPC,spCampaign_placement,US,INNERBRIGHTNESS,spCampaign_placement_innerbrightness_US_2026-03-21_2026-04-20.json,2026-04-21 01:59:24
83793,2026-04-21 01:59:24.822405,2026-04-21 01:59:24.822405,2026-04-08,59.98,0.816943612094797,2,Other on-Amazon,59.98,59.98,,59.98,0,2,PAUSED,2,100.0,2,2,3.5,2,506739018117344,0.6687898089171975,0,,122.40746915638547,2,0,USD,,2,2,manual,59.98,,0,59.98,0,2,73.42,2,DAILY_BUDGET,2,2,73.42,Amazon,59.98,59.98,3140,2,2,2,21,Inner-SP-Auto-Creatine Gummies-CPC,spCampaign_placement,US,INNERBRIGHTNESS,spCampaign_placement_innerbrightness_US_2026-03-21_2026-04-20.json,2026-04-21 01:59:24
83794,2026-04-21 01:59:24.822405,2026-04-21 01:59:24.822405,2026-04-09,0.0,0.0,0,Other on-Amazon,0.0,0.0,,0.0,0,0,PAUSED,0,100.0,0,0,3.5,0,506739018117344,1.0644257703081232,0,,nan,0,0,USD,,0,0,manual,0.0,,0,0.0,0,0,66.5,0,DAILY_BUDGET,0,0,66.5,Amazon,0.0,0.0,1785,0,0,0,19,Inner-SP-Auto-Creatine Gummies-CPC,spCampaign_placement,US,INNERBRIGHTNESS,spCampaign_placement_innerbrightness_US_2026-03-21_2026-04-20.json,2026-04-21 01:59:24
83795,2026-04-21 01:59:24.822405,2026-04-21 01:59:24.822405,2026-04-10,0.0,0.0,0,Other on-Amazon,0.0,0.0,,0.0,0,0,PAUSED,0,100.0,0,0,2.5,0,506739018117344,0.6779661016949152,0,,nan,0,0,USD,,0,0,manual,0.0,,0,0.0,0,0,10.0,0,DAILY_BUDGET,0,0,10.0,Amazon,0.0,0.0,590,0,0,0,4,Inner-SP-Auto-Creatine Gummies-CPC,spCampaign_placement,US,INNERBRIGHTNESS,spCampaign_placement_innerbrightness_US_2026-03-21_2026-04-20.json,2026-04-21 01:59:24
83796,2026-04-21 01:59:24.822405,2026-04-21 01:59:24.822405,2026-04-07,0.0,0.0,0,Top of Search on-Amazon,0.0,0.0,,0.0,0,0,PAUSED,0,100.0,0,0,3.5,0,506739018117344,9.090909090909092,0,,nan,0,0,USD,,0,0,manual,0.0,,0,0.0,0,0,7.0,0,DAILY_BUDGET,0,0,7.0,Amazon,0.0,0.0,22,0,0,0,2,Inner-SP-Auto-Creatine Gummies-CPC,spCampaign_placement,US,INNERBRIGHTNESS,spCampaign_placement_innerbrightness_US_2026-03-21_2026-04-20.json,2026-04-21 01:59:24
83797,2026-04-21 01:59:24.822405,2026-04-21 01:59:24.822405,2026-04-08,0.0,2.285823170731707,2,Top of Search on-Amazon,29.99,59.98,,29.99,0,0,PAUSED,0,100.0,2,1,3.58,3,506739018117344,15.942028985507244,0,,43.747915971990665,3,0,USD,,1,2,manual,0.0,,0,59.98,0,1,39.36,0,DAILY_BUDGET,2,0,39.36,Amazon,89.97,89.97,69,1,3,3,11,Inner-SP-Auto-Creatine Gummies-CPC,spCampaign_placement,US,INNERBRIGHTNESS,spCampaign_placement_innerbrightness_US_2026-03-21_2026-04-20.json,2026-04-21 01:59:24
83798,2026-04-21 01:59:24.822405,2026-04-21 01:59:24.822405,2026-04-09,59.98,1.874375,2,Top of Search on-Amazon,59.98,59.98,,59.98,0,2,PAUSED,2,100.0,2,2,4.0,2,506739018117344,11.267605633802818,0,,53.351117039013005,2,0,USD,,2,2,manual,59.98,,0,59.98,0,2,32.0,2,DAILY_BUDGET,2,2,32.0,Amazon,59.98,59.98,71,2,2,2,8,Inner-SP-Auto-Creatine Gummies-CPC,spCampaign_placement,US,INNERBRIGHTNESS,spCampaign_placement_innerbrightness_US_2026-03-21_2026-04-20.json,2026-04-21 01:59:24
83799,2026-04-21 01:59:24.822405,2026-04-21 01:59:24.822405,2026-04-10,29.99,1.3315573315573315,3,Top of Search on-Amazon,59.98,119.96,,59.98,0,1,PAUSED,2,100.0,4,2,3.92,4,506739018117344,9.465020576131687,0,,75.10003334444816,4,0,USD,,2,4,manual,59.98,,0,89.97,0,2,90.09,1,DAILY_BUDGET,3,2,90.09,Amazon,119.96,119.96,243,2,4,4,23,Inner-SP-Auto-Creatine Gummies-CPC,spCampaign_placement,US,INNERBRIGHTNESS,spCampaign_placement_innerbrightness_US_2026-03-21_2026-04-20.json,2026-04-21 01:59:24
83814,2026-04-21 01:59:24.822405,2026-04-21 01:59:24.822405,2026-04-04,29.99,1.7851190476190475,1,Detail Page on-Amazon,29.99,59.98,,50.14,0,1,ENABLED,1,700.0,2,2,2.4,2,391617266091470,0.5313092979127134,0,,56.018672890963664,3,0,USD,,1,2,manual,29.99,,0,29.99,0,1,33.6,1,DAILY_BUDGET,1,1,33.6,Amazon,59.98,80.13,2635,2,2,3,14,Inner-SP-KW-Creatine Gummies-creatine gummies-BM-CPC-600,spCampaign_placement,US,INNERBRIGHTNESS,spCampaign_placement_innerbrightness_US_2026-03-21_2026-04-20.json,2026-04-21 01:59:24
83815,2026-04-21 01:59:24.822405,2026-04-21 01:59:24.822405,2026-04-05,59.98,5.002502085070892,4,Detail Page on-Amazon,59.98,119.96,,59.98,0,2,ENABLED,2,700.0,4,2,2.4,4,391617266091470,0.3710575139146568,0,,19.98999666555519,4,0,USD,,2,4,manual,59.98,,0,119.96,0,2,23.98,2,DAILY_BUDGET,4,2,23.98,Amazon,119.96,119.96,2695,2,4,4,10,Inner-SP-KW-Creatine Gummies-creatine gummies-BM-CPC-600,spCampaign_placement,US,INNERBRIGHTNESS,spCampaign_placement_innerbrightness_US_2026-03-21_2026-04-20.json,2026-04-21 01:59:24
83816,2026-04-21 01:59:24.822405,2026-04-21 01:59:24.822405,2026-04-06,0.0,0.0,0,Detail Page on-Amazon,0.0,0.0,,0.0,0,0,ENABLED,0,700.0,0,0,2.15,0,391617266091470,0.288496213487198,0,,nan,0,0,USD,,0,0,manual,0.0,,0,0.0,0,0,17.23,0,DAILY_BUDGET,0,0,17.23,Amazon,0.0,0.0,2773,0,0,0,8,Inner-SP-KW-Creatine Gummies-creatine gummies-BM-CPC-600,spCampaign_placement,US,INNERBRIGHTNESS,spCampaign_placement_innerbrightness_US_2026-03-21_2026-04-20.json,2026-04-21 01:59:24
83817,2026-04-21 01:59:24.822405,2026-04-21 01:59:24.822405,2026-04-07,29.99,1.2832691484809584,1,Detail Page on-Amazon,29.99,29.99,,29.99,0,1,ENABLED,1,700.0,1,1,2.6,1,391617266091470,0.4098360655737705,0,,77.92597532510838,1,0,USD,,1,1,manual,29.99,,0,29.99,0,1,23.37,1,DAILY_BUDGET,1,1,23.37,Amazon,29.99,29.99,2196,1,1,1,9,Inner-SP-KW-Creatine Gummies-creatine gummies-BM-CPC-600,spCampaign_placement,US,INNERBRIGHTNESS,spCampaign_placement_innerbrightness_US_2026-03-21_2026-04-20.json,2026-04-21 01:59:24
83818,2026-04-21 01:59:24.822405,2026-04-21 01:59:24.822405,2026-04-08,29.99,3.426123381568926,3,Detail Page on-Amazon,29.99,89.97,,29.99,0,1,ENABLED,1,700.0,3,1,2.39,3,391617266091470,0.5762179151388162,0,,29.187506946760035,3,0,USD,,1,3,manual,29.99,,0,89.97,0,1,26.26,1,DAILY_BUDGET,3,1,26.26,Amazon,89.97,89.97,1909,1,3,3,11,Inner-SP-KW-Creatine Gummies-creatine gummies-BM-CPC-600,spCampaign_placement,US,INNERBRIGHTNESS,spCampaign_placement_innerbrightness_US_2026-03-21_2026-04-20.json,2026-04-21 01:59:24
83819,2026-04-21 01:59:24.822405,2026-04-21 01:59:24.822405,2026-04-09,0.0,0.0,0,Detail Page on-Amazon,0.0,0.0,,0.0,0,0,ENABLED,0,700.0,0,0,2.44,0,391617266091470,0.2010916403332376,0,,nan,0,0,USD,,0,0,manual,0.0,,0,0.0,0,0,17.1,0,DAILY_BUDGET,0,0,17.1,Amazon,0.0,0.0,3481,0,0,0,7,Inner-SP-KW-Creatine Gummies-creatine gummies-BM-CPC-600,spCampaign_placement,US,INNERBRIGHTNESS,spCampaign_placement_innerbrightness_US_2026-03-21_2026-04-20.json,2026-04-21 01:59:24
83820,2026-04-21 01:59:24.822405,2026-04-21 01:59:24.822405,2026-04-10,59.98,2.5980363846375973,3,Detail Page on-Amazon,59.98,89.97,,59.98,0,2,ENABLED,2,700.0,3,2,2.31,3,391617266091470,0.23946360153256704,0,,38.49060798043793,3,0,USD,,2,3,manual,59.98,,0,89.97,0,2,34.63,2,DAILY_BUDGET,3,2,34.63,Amazon,89.97,89.97,6264,2,3,3,15,Inner-SP-KW-Creatine Gummies-creatine gummies-BM-CPC-600,spCampaign_placement,US,INNERBRIGHTNESS,spCampaign_placement_innerbrightness_US_2026-03-21_2026-04-20.json,2026-04-21 01:59:24
83835,2026-04-21 01:59:24.822405,2026-04-21 01:59:24.822405,2026-04-04,29.99,0.46280864197530863,1,Other on-Amazon,29.99,29.99,,29.99,0,1,ENABLED,1,700.0,1,1,3.6,1,391617266091470,0.8633093525179856,0,,216.07202400800264,1,0,USD,,1,1,manual,29.99,,0,29.99,0,1,64.8,1,DAILY_BUDGET,1,1,64.8,Amazon,29.99,29.99,2085,1,1,1,18,Inner-SP-KW-Creatine Gummies-creatine gummies-BM-CPC-600,spCampaign_placement,US,INNERBRIGHTNESS,spCampaign_placement_innerbrightness_US_2026-03-21_2026-04-20.json,2026-04-21 01:59:24
83836,2026-04-21 01:59:24.822405,2026-04-21 01:59:24.822405,2026-04-05,119.96,1.9437962962962965,7,Other on-Amazon,119.96,209.93,,119.96,0,4,ENABLED,4,700.0,7,4,3.6,7,391617266091470,1.2170385395537524,0,,51.44572000190539,7,0,USD,,4,7,manual,119.96,,0,209.93,0,4,108.0,4,DAILY_BUDGET,7,4,108.0,Amazon,209.93,209.93,2465,4,7,7,30,Inner-SP-KW-Creatine Gummies-creatine gummies-BM-CPC-600,spCampaign_placement,US,INNERBRIGHTNESS,spCampaign_placement_innerbrightness_US_2026-03-21_2026-04-20.json,2026-04-21 01:59:24
83837,2026-04-21 01:59:24.822405,2026-04-21 01:59:24.822405,2026-04-06,89.97,1.0865942028985507,3,Other on-Amazon,89.97,89.97,,89.97,0,3,ENABLED,3,700.0,3,3,3.6,3,391617266091470,0.895638629283489,0,,92.03067689229742,3,0,USD,,3,3,manual,89.97,,0,89.97,0,3,82.8,3,DAILY_BUDGET,3,3,82.8,Amazon,89.97,89.97,2568,3,3,3,23,Inner-SP-KW-Creatine Gummies-creatine gummies-BM-CPC-600,spCampaign_placement,US,INNERBRIGHTNESS,spCampaign_placement_innerbrightness_US_2026-03-21_2026-04-20.json,2026-04-21 01:59:24
83838,2026-04-21 01:59:24.822405,2026-04-21 01:59:24.822405,2026-04-07,89.97,1.190079365079365,3,Other on-Amazon,89.97,119.96,,89.97,0,3,ENABLED,3,700.0,4,3,3.6,4,391617266091470,1.2063765618267988,0,,84.02800933644549,4,0,USD,,3,4,manual,89.97,,0,89.97,0,3,100.8,3,DAILY_BUDGET,3,3,100.8,Amazon,119.96,119.96,2321,3,4,4,28,Inner-SP-KW-Creatine Gummies-creatine gummies-BM-CPC-600,spCampaign_placement,US,INNERBRIGHTNESS,spCampaign_placement_innerbrightness_US_2026-03-21_2026-04-20.json,2026-04-21 01:59:24
83839,2026-04-21 01:59:24.822405,2026-04-21 01:59:24.822405,2026-04-08,59.98,0.6945345067160722,2,Other on-Amazon,59.98,59.98,,59.98,0,2,ENABLED,2,700.0,2,2,3.6,2,391617266091470,0.9819967266775778,0,,143.98132710903636,2,0,USD,,2,2,manual,59.98,,0,59.98,0,2,86.36,2,DAILY_BUDGET,2,2,86.36,Amazon,59.98,59.98,2444,2,2,2,24,Inner-SP-KW-Creatine Gummies-creatine gummies-BM-CPC-600,spCampaign_placement,US,INNERBRIGHTNESS,spCampaign_placement_innerbrightness_US_2026-03-21_2026-04-20.json,2026-04-21 01:59:24
83840,2026-04-21 01:59:24.822405,2026-04-21 01:59:24.822405,2026-04-09,119.96,1.4189732670925004,4,Other on-Amazon,119.96,119.96,,119.96,0,4,ENABLED,4,700.0,4,4,3.52,4,391617266091470,0.9823986901350797,0,,70.47349116372125,4,0,USD,,4,4,manual,119.96,,0,119.96,0,4,84.54,4,DAILY_BUDGET,4,4,84.54,Amazon,119.96,119.96,2443,4,4,4,24,Inner-SP-KW-Creatine Gummies-creatine gummies-BM-CPC-600,spCampaign_placement,US,INNERBRIGHTNESS,spCampaign_placement_innerbrightness_US_2026-03-21_2026-04-20.json,2026-04-21 01:59:24
83841,2026-04-21 01:59:24.822405,2026-04-21 01:59:24.822405,2026-04-10,89.97,2.7962703962703963,3,Other on-Amazon,119.96,119.96,,119.96,0,3,ENABLED,4,700.0,4,4,3.3,4,391617266091470,0.8381689232753062,0,,35.761920640213404,4,0,USD,,4,4,manual,119.96,,0,89.97,0,4,42.9,3,DAILY_BUDGET,3,4,42.9,Amazon,119.96,119.96,1551,4,4,4,13,Inner-SP-KW-Creatine Gummies-creatine gummies-BM-CPC-600,spCampaign_placement,US,INNERBRIGHTNESS,spCampaign_placement_innerbrightness_US_2026-03-21_2026-04-20.json,2026-04-21 01:59:24
83856,2026-04-21 01:59:24.822405,2026-04-21 01:59:24.822405,2026-04-04,149.95,2.183359334373375,6,Top of Search on-Amazon,179.94,179.94,,179.94,0,5,ENABLED,5,700.0,6,6,3.85,7,391617266091470,13.020833333333334,0,,45.800981279474115,8,0,USD,,6,6,manual,149.95,,0,179.94,0,6,96.15,5,DAILY_BUDGET,6,5,96.15,Amazon,209.93,238.72,192,6,7,8,25,Inner-SP-KW-Creatine Gummies-creatine gummies-BM-CPC-600,spCampaign_placement,US,INNERBRIGHTNESS,spCampaign_placement_innerbrightness_US_2026-03-21_2026-04-20.json,2026-04-21 01:59:24
83857,2026-04-21 01:59:24.822405,2026-04-21 01:59:24.822405,2026-04-05,59.98,2.052703627652293,3,Top of Search on-Amazon,89.97,119.96,,110.12,0,2,ENABLED,3,700.0,4,4,4.17,4,391617266091470,7.954545454545454,0,,48.71623874624875,5,0,USD,,3,4,manual,89.97,,0,89.97,0,3,58.44,2,DAILY_BUDGET,3,3,58.44,Amazon,119.96,140.11,176,4,4,5,14,Inner-SP-KW-Creatine Gummies-creatine gummies-BM-CPC-600,spCampaign_placement,US,INNERBRIGHTNESS,spCampaign_placement_innerbrightness_US_2026-03-21_2026-04-20.json,2026-04-21 01:59:24
83858,2026-04-21 01:59:24.822405,2026-04-21 01:59:24.822405,2026-04-06,59.98,1.9821546596166557,2,Top of Search on-Amazon,89.97,59.98,,89.97,0,2,ENABLED,2,700.0,2,3,4.13,3,391617266091470,6.508875739644971,0,,50.450150050016674,3,0,USD,,3,2,manual,59.98,,0,59.98,0,3,45.39,2,DAILY_BUDGET,2,2,45.39,Amazon,89.97,89.97,169,3,3,3,11,Inner-SP-KW-Creatine Gummies-creatine gummies-BM-CPC-600,spCampaign_placement,US,INNERBRIGHTNESS,spCampaign_placement_innerbrightness_US_2026-03-21_2026-04-20.json,2026-04-21 01:59:24
83859,2026-04-21 01:59:24.822405,2026-04-21 01:59:24.822405,2026-04-07,59.98,1.0275826623265376,2,Top of Search on-Amazon,59.98,59.98,,59.98,0,2,ENABLED,2,700.0,2,2,4.49,2,391617266091470,7.18232044198895,0,,97.31577192397467,2,0,USD,,2,2,manual,59.98,,0,59.98,0,2,58.37,2,DAILY_BUDGET,2,2,58.37,Amazon,59.98,59.98,181,2,2,2,13,Inner-SP-KW-Creatine Gummies-creatine gummies-BM-CPC-600,spCampaign_placement,US,INNERBRIGHTNESS,spCampaign_placement_innerbrightness_US_2026-03-21_2026-04-20.json,2026-04-21 01:59:24
83860,2026-04-21 01:59:24.822405,2026-04-21 01:59:24.822405,2026-04-08,149.95,2.6316911119468474,7,Top of Search on-Amazon,149.95,209.93,,149.95,0,5,ENABLED,5,700.0,7,5,4.2,7,391617266091470,11.585365853658537,0,,37.99838041251846,7,0,USD,,5,7,manual,149.95,,0,209.93,0,5,79.77,5,DAILY_BUDGET,7,5,79.77,Amazon,209.93,209.93,164,5,7,7,19,Inner-SP-KW-Creatine Gummies-creatine gummies-BM-CPC-600,spCampaign_placement,US,INNERBRIGHTNESS,spCampaign_placement_innerbrightness_US_2026-03-21_2026-04-20.json,2026-04-21 01:59:24
83861,2026-04-21 01:59:24.822405,2026-04-21 01:59:24.822405,2026-04-09,179.94,3.6612238669311763,6,Top of Search on-Amazon,239.92,239.92,,239.92,0,6,ENABLED,8,700.0,8,8,3.64,8,391617266091470,7.82608695652174,0,,27.313271090363457,8,0,USD,,8,8,manual,239.92,,0,179.94,0,8,65.53,6,DAILY_BUDGET,6,8,65.53,Amazon,239.92,239.92,230,8,8,8,18,Inner-SP-KW-Creatine Gummies-creatine gummies-BM-CPC-600,spCampaign_placement,US,INNERBRIGHTNESS,spCampaign_placement_innerbrightness_US_2026-03-21_2026-04-20.json,2026-04-21 01:59:24
83862,2026-04-21 01:59:24.822405,2026-04-21 01:59:24.822405,2026-04-10,0.0,0.37120930808268343,1,Top of Search on-Amazon,0.0,29.99,,0.0,0,0,ENABLED,0,700.0,1,0,4.75,1,391617266091470,6.137184115523466,0,,269.3897965988663,1,0,USD,,0,1,manual,0.0,,0,29.99,0,0,80.79,0,DAILY_BUDGET,1,0,80.79,Amazon,29.99,29.99,277,0,1,1,17,Inner-SP-KW-Creatine Gummies-creatine gummies-BM-CPC-600,spCampaign_placement,US,INNERBRIGHTNESS,spCampaign_placement_innerbrightness_US_2026-03-21_2026-04-20.json,2026-04-21 01:59:24
83877,2026-04-21 01:59:24.822405,2026-04-21 01:59:24.822405,2026-04-04,59.98,26.657777777777778,3,Detail Page on-Amazon,59.98,119.96,,59.98,0,2,ENABLED,2,100.0,4,2,1.12,4,313950625346433,0.6956521739130435,0,,3.7512504168056022,4,0,USD,,2,4,manual,59.98,,0,89.97,0,2,4.5,2,DAILY_BUDGET,3,2,4.5,Amazon,119.96,119.96,575,2,4,4,4,Inner-SP-KW-Creatine Gummies-creatine-BM-CPC-70,spCampaign_placement,US,INNERBRIGHTNESS,spCampaign_placement_innerbrightness_US_2026-03-21_2026-04-20.json,2026-04-21 01:59:24
83878,2026-04-21 01:59:24.822405,2026-04-21 01:59:24.822405,2026-04-05,0.0,249.91666666666666,0,Detail Page on-Amazon,29.99,29.99,,29.99,0,0,ENABLED,1,100.0,1,1,0.12,1,313950625346433,0.28653295128939826,0,,0.40013337779259756,1,0,USD,,1,1,manual,29.99,,0,0.0,0,1,0.12,0,DAILY_BUDGET,0,1,0.12,Amazon,29.99,29.99,349,1,1,1,1,Inner-SP-KW-Creatine Gummies-creatine-BM-CPC-70,spCampaign_placement,US,INNERBRIGHTNESS,spCampaign_placement_innerbrightness_US_2026-03-21_2026-04-20.json,2026-04-21 01:59:24
83879,2026-04-21 01:59:24.822405,2026-04-21 01:59:24.822405,2026-04-06,59.98,12.418219461697722,2,Detail Page on-Amazon,59.98,59.98,,59.98,0,2,ENABLED,2,100.0,2,2,1.61,2,313950625346433,1.0169491525423728,0,,8.052684228076027,2,0,USD,,2,2,manual,59.98,,0,59.98,0,2,4.83,2,DAILY_BUDGET,2,2,4.83,Amazon,59.98,59.98,295,2,2,2,3,Inner-SP-KW-Creatine Gummies-creatine-BM-CPC-70,spCampaign_placement,US,INNERBRIGHTNESS,spCampaign_placement_innerbrightness_US_2026-03-21_2026-04-20.json,2026-04-21 01:59:24
83880,2026-04-21 01:59:24.822405,2026-04-21 01:59:24.822405,2026-04-07,29.99,6.058585858585858,1,Detail Page on-Amazon,29.99,29.99,,29.99,0,1,ENABLED,1,100.0,1,1,1.65,1,313950625346433,0.7058823529411765,0,,16.50550183394465,1,0,USD,,1,1,manual,29.99,,0,29.99,0,1,4.95,1,DAILY_BUDGET,1,1,4.95,Amazon,29.99,29.99,425,1,1,1,3,Inner-SP-KW-Creatine Gummies-creatine-BM-CPC-70,spCampaign_placement,US,INNERBRIGHTNESS,spCampaign_placement_innerbrightness_US_2026-03-21_2026-04-20.json,2026-04-21 01:59:24
83881,2026-04-21 01:59:24.822405,2026-04-21 01:59:24.822405,2026-04-08,29.99,17.641176470588235,1,Detail Page on-Amazon,29.99,29.99,,29.99,0,1,ENABLED,1,100.0,1,1,1.7,1,313950625346433,0.3105590062111801,0,,5.668556185395132,1,0,USD,,1,1,manual,29.99,,0,29.99,0,1,1.7,1,DAILY_BUDGET,1,1,1.7,Amazon,29.99,29.99,322,1,1,1,1,Inner-SP-KW-Creatine Gummies-creatine-BM-CPC-70,spCampaign_placement,US,INNERBRIGHTNESS,spCampaign_placement_innerbrightness_US_2026-03-21_2026-04-20.json,2026-04-21 01:59:24
83882,2026-04-21 01:59:24.822405,2026-04-21 01:59:24.822405,2026-04-09,29.99,1.0929300291545188,1,Detail Page on-Amazon,29.99,29.99,,29.99,0,1,ENABLED,1,100.0,1,1,2.49,1,313950625346433,0.13076557299096528,0,,91.49716572190731,1,0,USD,,1,1,manual,29.99,,0,29.99,0,1,27.44,1,DAILY_BUDGET,1,1,27.44,Amazon,29.99,29.99,8412,1,1,1,11,Inner-SP-KW-Creatine Gummies-creatine-BM-CPC-70,spCampaign_placement,US,INNERBRIGHTNESS,spCampaign_placement_innerbrightness_US_2026-03-21_2026-04-20.json,2026-04-21 01:59:24
83883,2026-04-21 01:59:24.822405,2026-04-21 01:59:24.822405,2026-04-10,0.0,1.190079365079365,0,Detail Page on-Amazon,0.0,29.99,,0.0,0,0,ENABLED,0,100.0,1,0,2.52,1,313950625346433,0.08001280204832772,0,,84.02800933644549,1,0,USD,,0,1,manual,0.0,,0,0.0,0,0,25.2,0,DAILY_BUDGET,0,0,25.2,Amazon,29.99,29.99,12498,0,1,1,10,Inner-SP-KW-Creatine Gummies-creatine-BM-CPC-70,spCampaign_placement,US,INNERBRIGHTNESS,spCampaign_placement_innerbrightness_US_2026-03-21_2026-04-20.json,2026-04-21 01:59:24
83898,2026-04-21 01:59:24.822405,2026-04-21 01:59:24.822405,2026-04-04,29.99,2.2051470588235293,2,Other on-Amazon,29.99,59.98,,29.99,0,1,ENABLED,1,100.0,2,1,2.72,2,313950625346433,0.3785011355034065,0,,45.348449483161055,2,0,USD,,1,2,manual,29.99,,0,59.98,0,1,27.2,1,DAILY_BUDGET,2,1,27.2,Amazon,59.98,59.98,2642,1,2,2,10,Inner-SP-KW-Creatine Gummies-creatine-BM-CPC-70,spCampaign_placement,US,INNERBRIGHTNESS,spCampaign_placement_innerbrightness_US_2026-03-21_2026-04-20.json,2026-04-21 01:59:24
83899,2026-04-21 01:59:24.822405,2026-04-21 01:59:24.822405,2026-04-05,0.0,0.0,0,Other on-Amazon,0.0,0.0,,0.0,0,0,ENABLED,0,100.0,0,0,2.72,0,313950625346433,0.2439685551640011,0,,nan,0,0,USD,,0,0,manual,0.0,,0,0.0,0,0,24.48,0,DAILY_BUDGET,0,0,24.48,Amazon,0.0,0.0,3689,0,0,0,9,Inner-SP-KW-Creatine Gummies-creatine-BM-CPC-70,spCampaign_placement,US,INNERBRIGHTNESS,spCampaign_placement_innerbrightness_US_2026-03-21_2026-04-20.json,2026-04-21 01:59:24
83900,2026-04-21 01:59:24.822405,2026-04-21 01:59:24.822405,2026-04-06,89.97,2.100140056022409,3,Other on-Amazon,119.96,119.96,,119.96,0,3,ENABLED,4,100.0,4,4,2.72,4,313950625346433,0.47457627118644063,0,,47.61587195731911,4,0,USD,,4,4,manual,119.96,,0,89.97,0,4,57.12,3,DAILY_BUDGET,3,4,57.12,Amazon,119.96,119.96,4425,4,4,4,21,Inner-SP-KW-Creatine Gummies-creatine-BM-CPC-70,spCampaign_placement,US,INNERBRIGHTNESS,spCampaign_placement_innerbrightness_US_2026-03-21_2026-04-20.json,2026-04-21 01:59:24
83901,2026-04-21 01:59:24.822405,2026-04-21 01:59:24.822405,2026-04-07,29.99,1.5517041053446938,2,Other on-Amazon,50.14,59.98,,50.14,0,1,ENABLED,1,100.0,2,2,2.72,3,313950625346433,0.4588263704419222,0,,64.44527642580806,3,0,USD,,2,2,manual,29.99,,0,59.98,0,2,51.64,1,DAILY_BUDGET,2,1,51.64,Amazon,80.13,80.13,4141,2,3,3,19,Inner-SP-KW-Creatine Gummies-creatine-BM-CPC-70,spCampaign_placement,US,INNERBRIGHTNESS,spCampaign_placement_innerbrightness_US_2026-03-21_2026-04-20.json,2026-04-21 01:59:24
83902,2026-04-21 01:59:24.822405,2026-04-21 01:59:24.822405,2026-04-08,29.99,1.0023395721925132,1,Other on-Amazon,29.99,29.99,,29.99,0,1,ENABLED,1,100.0,1,1,2.72,1,313950625346433,0.3150057273768614,0,,99.76658886295434,1,0,USD,,1,1,manual,29.99,,0,29.99,0,1,29.92,1,DAILY_BUDGET,1,1,29.92,Amazon,29.99,29.99,3492,1,1,1,11,Inner-SP-KW-Creatine Gummies-creatine-BM-CPC-70,spCampaign_placement,US,INNERBRIGHTNESS,spCampaign_placement_innerbrightness_US_2026-03-21_2026-04-20.json,2026-04-21 01:59:24
83903,2026-04-21 01:59:24.822405,2026-04-21 01:59:24.822405,2026-04-09,0.0,0.8092282784673501,1,Other on-Amazon,0.0,29.99,,0.0,0,0,ENABLED,0,100.0,1,0,2.65,1,313950625346433,0.37234042553191493,0,,123.57452484161388,1,0,USD,,0,1,manual,0.0,,0,29.99,0,0,37.06,0,DAILY_BUDGET,1,0,37.06,Amazon,29.99,29.99,3760,0,1,1,14,Inner-SP-KW-Creatine Gummies-creatine-BM-CPC-70,spCampaign_placement,US,INNERBRIGHTNESS,spCampaign_placement_innerbrightness_US_2026-03-21_2026-04-20.json,2026-04-21 01:59:24
83904,2026-04-21 01:59:24.822405,2026-04-21 01:59:24.822405,2026-04-10,59.98,3.6002400960384153,2,Other on-Amazon,59.98,59.98,,59.98,0,2,ENABLED,2,100.0,2,2,2.38,2,313950625346433,0.48109965635738833,0,,27.775925308436143,2,0,USD,,2,2,manual,59.98,,0,59.98,0,2,16.66,2,DAILY_BUDGET,2,2,16.66,Amazon,59.98,59.98,1455,2,2,2,7,Inner-SP-KW-Creatine Gummies-creatine-BM-CPC-70,spCampaign_placement,US,INNERBRIGHTNESS,spCampaign_placement_innerbrightness_US_2026-03-21_2026-04-20.json,2026-04-21 01:59:24
83919,2026-04-21 01:59:24.822405,2026-04-21 01:59:24.822405,2026-04-04,29.99,1.4661451967734052,1,Top of Search on-Amazon,59.98,59.98,,59.98,0,1,ENABLED,2,100.0,2,2,4.09,2,313950625346433,3.3003300330033,0,,68.20606868956318,2,0,USD,,2,2,manual,59.98,,0,29.99,0,2,40.91,1,DAILY_BUDGET,1,2,40.91,Amazon,59.98,59.98,303,2,2,2,10,Inner-SP-KW-Creatine Gummies-creatine-BM-CPC-70,spCampaign_placement,US,INNERBRIGHTNESS,spCampaign_placement_innerbrightness_US_2026-03-21_2026-04-20.json,2026-04-21 01:59:24
83920,2026-04-21 01:59:24.822405,2026-04-21 01:59:24.822405,2026-04-05,0.0,0.0,0,Top of Search on-Amazon,0.0,0.0,,0.0,0,0,ENABLED,0,100.0,0,0,4.25,0,313950625346433,2.005730659025788,0,,nan,0,0,USD,,0,0,manual,0.0,,0,0.0,0,0,29.75,0,DAILY_BUDGET,0,0,29.75,Amazon,0.0,0.0,349,0,0,0,7,Inner-SP-KW-Creatine Gummies-creatine-BM-CPC-70,spCampaign_placement,US,INNERBRIGHTNESS,spCampaign_placement_innerbrightness_US_2026-03-21_2026-04-20.json,2026-04-21 01:59:24
83921,2026-04-21 01:59:24.822405,2026-04-21 01:59:24.822405,2026-04-06,119.96,1.8195055361747305,4,Top of Search on-Amazon,119.96,119.96,,119.96,0,4,ENABLED,2,100.0,2,4,4.12,4,313950625346433,4.324324324324325,0,,54.95998666222075,4,0,USD,,4,4,manual,119.96,,0,119.96,0,2,65.93,2,DAILY_BUDGET,2,4,65.93,Amazon,119.96,119.96,370,2,2,2,16,Inner-SP-KW-Creatine Gummies-creatine-BM-CPC-70,spCampaign_placement,US,INNERBRIGHTNESS,spCampaign_placement_innerbrightness_US_2026-03-21_2026-04-20.json,2026-04-21 01:59:24
83922,2026-04-21 01:59:24.822405,2026-04-21 01:59:24.822405,2026-04-07,29.99,1.4790399473943778,2,Top of Search on-Amazon,29.99,89.97,,29.99,0,1,ENABLED,1,100.0,3,1,3.8,3,313950625346433,5.177993527508091,0,,67.6114260308992,3,0,USD,,1,3,manual,29.99,,0,59.98,0,1,60.83,1,DAILY_BUDGET,2,1,60.83,Amazon,89.97,89.97,309,1,3,3,16,Inner-SP-KW-Creatine Gummies-creatine-BM-CPC-70,spCampaign_placement,US,INNERBRIGHTNESS,spCampaign_placement_innerbrightness_US_2026-03-21_2026-04-20.json,2026-04-21 01:59:24
83923,2026-04-21 01:59:24.822405,2026-04-21 01:59:24.822405,2026-04-08,0.0,0.0,0,Top of Search on-Amazon,0.0,0.0,,0.0,0,0,ENABLED,0,100.0,0,0,4.25,0,313950625346433,3.1976744186046515,0,,nan,0,0,USD,,0,0,manual,0.0,,0,0.0,0,0,46.7,0,DAILY_BUDGET,0,0,46.7,Amazon,0.0,0.0,344,0,0,0,11,Inner-SP-KW-Creatine Gummies-creatine-BM-CPC-70,spCampaign_placement,US,INNERBRIGHTNESS,spCampaign_placement_innerbrightness_US_2026-03-21_2026-04-20.json,2026-04-21 01:59:24
83924,2026-04-21 01:59:24.822405,2026-04-21 01:59:24.822405,2026-04-09,119.96,2.228497120564741,4,Top of Search on-Amazon,119.96,119.96,,119.96,0,4,ENABLED,4,100.0,4,4,4.14,4,313950625346433,2.8017241379310347,0,,44.87329109703235,4,0,USD,,4,4,manual,119.96,,0,119.96,0,4,53.83,4,DAILY_BUDGET,4,4,53.83,Amazon,119.96,119.96,464,4,4,4,13,Inner-SP-KW-Creatine Gummies-creatine-BM-CPC-70,spCampaign_placement,US,INNERBRIGHTNESS,spCampaign_placement_innerbrightness_US_2026-03-21_2026-04-20.json,2026-04-21 01:59:24
83925,2026-04-21 01:59:24.822405,2026-04-21 01:59:24.822405,2026-04-10,0.0,0.0,0,Top of Search on-Amazon,0.0,0.0,,0.0,0,0,ENABLED,0,100.0,0,0,4.24,0,313950625346433,2.3333333333333335,0,,nan,0,0,USD,,0,0,manual,0.0,,0,0.0,0,0,29.68,0,DAILY_BUDGET,0,0,29.68,Amazon,0.0,0.0,300,0,0,0,7,Inner-SP-KW-Creatine Gummies-creatine-BM-CPC-70,spCampaign_placement,US,INNERBRIGHTNESS,spCampaign_placement_innerbrightness_US_2026-03-21_2026-04-20.json,2026-04-21 01:59:24
83940,2026-04-21 01:59:24.822405,2026-04-21 01:59:24.822405,2026-04-04,0.0,nan,0,Detail Page on-Amazon,0.0,0.0,,0.0,0,0,ENABLED,0,40.0,0,0,0.0,0,467019307309442,0.0,0,,nan,0,0,USD,,0,0,manual,0.0,,0,0.0,0,0,0.0,0,DAILY_BUDGET,0,0,0.0,Amazon,0.0,0.0,15,0,0,0,0,IB-SP-KW-inositol-inositol supplement for women-EM-2w,spCampaign_placement,US,INNERBRIGHTNESS,spCampaign_placement_innerbrightness_US_2026-03-21_2026-04-20.json,2026-04-21 01:59:24
83941,2026-04-21 01:59:24.822405,2026-04-21 01:59:24.822405,2026-04-05,0.0,nan,0,Detail Page on-Amazon,0.0,0.0,,0.0,0,0,ENABLED,0,40.0,0,0,0.0,0,467019307309442,0.0,0,,nan,0,0,USD,,0,0,manual,0.0,,0,0.0,0,0,0.0,0,DAILY_BUDGET,0,0,0.0,Amazon,0.0,0.0,15,0,0,0,0,IB-SP-KW-inositol-inositol supplement for women-EM-2w,spCampaign_placement,US,INNERBRIGHTNESS,spCampaign_placement_innerbrightness_US_2026-03-21_2026-04-20.json,2026-04-21 01:59:24
83942,2026-04-21 01:59:24.822405,2026-04-21 01:59:24.822405,2026-04-06,0.0,0.0,0,Detail Page on-Amazon,0.0,0.0,,0.0,0,0,ENABLED,0,40.0,0,0,1.0,0,467019307309442,3.7037037037037033,0,,nan,0,0,USD,,0,0,manual,0.0,,0,0.0,0,0,1.0,0,DAILY_BUDGET,0,0,1.0,Amazon,0.0,0.0,27,0,0,0,1,IB-SP-KW-inositol-inositol supplement for women-EM-2w,spCampaign_placement,US,INNERBRIGHTNESS,spCampaign_placement_innerbrightness_US_2026-03-21_2026-04-20.json,2026-04-21 01:59:24
83943,2026-04-21 01:59:24.822405,2026-04-21 01:59:24.822405,2026-04-07,0.0,nan,0,Detail Page on-Amazon,0.0,0.0,,0.0,0,0,ENABLED,0,40.0,0,0,0.0,0,467019307309442,0.0,0,,nan,0,0,USD,,0,0,manual,0.0,,0,0.0,0,0,0.0,0,DAILY_BUDGET,0,0,0.0,Amazon,0.0,0.0,15,0,0,0,0,IB-SP-KW-inositol-inositol supplement for women-EM-2w,spCampaign_placement,US,INNERBRIGHTNESS,spCampaign_placement_innerbrightness_US_2026-03-21_2026-04-20.json,2026-04-21 01:59:24
83944,2026-04-21 01:59:24.822405,2026-04-21 01:59:24.822405,2026-04-08,0.0,0.0,0,Detail Page on-Amazon,0.0,0.0,,0.0,0,0,ENABLED,0,40.0,0,0,1.0,0,467019307309442,10.0,0,,nan,0,0,USD,,0,0,manual,0.0,,0,0.0,0,0,1.0,0,DAILY_BUDGET,0,0,1.0,Amazon,0.0,0.0,10,0,0,0,1,IB-SP-KW-inositol-inositol supplement for women-EM-2w,spCampaign_placement,US,INNERBRIGHTNESS,spCampaign_placement_innerbrightness_US_2026-03-21_2026-04-20.json,2026-04-21 01:59:24
83945,2026-04-21 01:59:24.822405,2026-04-21 01:59:24.822405,2026-04-09,0.0,nan,0,Detail Page on-Amazon,0.0,0.0,,0.0,0,0,ENABLED,0,40.0,0,0,0.0,0,467019307309442,0.0,0,,nan,0,0,USD,,0,0,manual,0.0,,0,0.0,0,0,0.0,0,DAILY_BUDGET,0,0,0.0,Amazon,0.0,0.0,18,0,0,0,0,IB-SP-KW-inositol-inositol supplement for women-EM-2w,spCampaign_placement,US,INNERBRIGHTNESS,spCampaign_placement_innerbrightness_US_2026-03-21_2026-04-20.json,2026-04-21 01:59:24
83946,2026-04-21 01:59:24.822405,2026-04-21 01:59:24.822405,2026-04-10,0.0,nan,0,Detail Page on-Amazon,0.0,0.0,,0.0,0,0,ENABLED,0,40.0,0,0,0.0,0,467019307309442,0.0,0,,nan,0,0,USD,,0,0,manual,0.0,,0,0.0,0,0,0.0,0,DAILY_BUDGET,0,0,0.0,Amazon,0.0,0.0,16,0,0,0,0,IB-SP-KW-inositol-inositol supplement for women-EM-2w,spCampaign_placement,US,INNERBRIGHTNESS,spCampaign_placement_innerbrightness_US_2026-03-21_2026-04-20.json,2026-04-21 01:59:24
83962,2026-04-21 01:59:24.822405,2026-04-21 01:59:24.822405,2026-04-04,67.77,1.255,3,Other on-Amazon,67.77,67.77,,67.77,0,3,ENABLED,3,40.0,3,3,3.0,3,467019307309442,1.4937759336099585,0,,79.6812749003984,3,0,USD,,3,3,manual,67.77,,0,67.77,0,3,54.0,3,DAILY_BUDGET,3,3,54.0,Amazon,67.77,67.77,1205,3,3,3,18,IB-SP-KW-inositol-inositol supplement for women-EM-2w,spCampaign_placement,US,INNERBRIGHTNESS,spCampaign_placement_innerbrightness_US_2026-03-21_2026-04-20.json,2026-04-21 01:59:24
83963,2026-04-21 01:59:24.822405,2026-04-21 01:59:24.822405,2026-04-05,90.36,1.255,4,Other on-Amazon,90.36,90.36,,90.36,0,4,ENABLED,4,40.0,4,4,3.0,4,467019307309442,1.9261637239165328,0,,79.6812749003984,4,0,USD,,4,4,manual,90.36,,0,90.36,0,4,72.0,4,DAILY_BUDGET,4,4,72.0,Amazon,90.36,90.36,1246,4,4,4,24,IB-SP-KW-inositol-inositol supplement for women-EM-2w,spCampaign_placement,US,INNERBRIGHTNESS,spCampaign_placement_innerbrightness_US_2026-03-21_2026-04-20.json,2026-04-21 01:59:24
83964,2026-04-21 01:59:24.822405,2026-04-21 01:59:24.822405,2026-04-06,0.0,0.37744360902255636,0,Other on-Amazon,22.59,22.59,,22.59,0,0,ENABLED,1,40.0,1,1,2.99,1,467019307309442,1.02880658436214,0,,264.9402390438247,1,0,USD,,1,1,manual,22.59,,0,0.0,0,1,59.85,0,DAILY_BUDGET,0,1,59.85,Amazon,22.59,22.59,1944,1,1,1,20,IB-SP-KW-inositol-inositol supplement for women-EM-2w,spCampaign_placement,US,INNERBRIGHTNESS,spCampaign_placement_innerbrightness_US_2026-03-21_2026-04-20.json,2026-04-21 01:59:24
83965,2026-04-21 01:59:24.822405,2026-04-21 01:59:24.822405,2026-04-07,90.36,1.6369565217391304,4,Other on-Amazon,112.95,90.36,,112.95,0,4,ENABLED,4,40.0,4,5,3.0,5,467019307309442,1.577503429355281,0,,61.08897742363878,5,0,USD,,5,4,manual,90.36,,0,90.36,0,5,69.0,4,DAILY_BUDGET,4,4,69.0,Amazon,112.95,112.95,1458,5,5,5,23,IB-SP-KW-inositol-inositol supplement for women-EM-2w,spCampaign_placement,US,INNERBRIGHTNESS,spCampaign_placement_innerbrightness_US_2026-03-21_2026-04-20.json,2026-04-21 01:59:24
83966,2026-04-21 01:59:24.822405,2026-04-21 01:59:24.822405,2026-04-08,22.59,1.1584615384615384,1,Other on-Amazon,45.18,45.18,,45.18,0,1,ENABLED,2,40.0,2,2,3.0,2,467019307309442,0.8831521739130435,0,,86.32138114209828,2,0,USD,,2,2,manual,45.18,,0,22.59,0,2,39.0,1,DAILY_BUDGET,1,2,39.0,Amazon,45.18,45.18,1472,2,2,2,13,IB-SP-KW-inositol-inositol supplement for women-EM-2w,spCampaign_placement,US,INNERBRIGHTNESS,spCampaign_placement_innerbrightness_US_2026-03-21_2026-04-20.json,2026-04-21 01:59:24
83967,2026-04-21 01:59:24.822405,2026-04-21 01:59:24.822405,2026-04-09,45.18,0.6294232376706603,2,Other on-Amazon,45.18,45.18,,45.18,0,2,ENABLED,2,40.0,2,2,2.99,2,467019307309442,1.4092777451556078,0,,158.87560867640548,2,0,USD,,2,2,manual,45.18,,0,45.18,0,2,71.78,2,DAILY_BUDGET,2,2,71.78,Amazon,45.18,45.18,1703,2,2,2,24,IB-SP-KW-inositol-inositol supplement for women-EM-2w,spCampaign_placement,US,INNERBRIGHTNESS,spCampaign_placement_innerbrightness_US_2026-03-21_2026-04-20.json,2026-04-21 01:59:24
83968,2026-04-21 01:59:24.822405,2026-04-21 01:59:24.822405,2026-04-10,22.59,0.6547826086956522,1,Other on-Amazon,45.18,45.18,,45.18,0,1,ENABLED,2,40.0,2,2,3.0,2,467019307309442,1.4348097317529631,0,,152.72244355909694,2,0,USD,,2,2,manual,45.18,,0,22.59,0,2,69.0,1,DAILY_BUDGET,1,2,69.0,Amazon,45.18,45.18,1603,2,2,2,23,IB-SP-KW-inositol-inositol supplement for women-EM-2w,spCampaign_placement,US,INNERBRIGHTNESS,spCampaign_placement_innerbrightness_US_2026-03-21_2026-04-20.json,2026-04-21 01:59:24
83983,2026-04-21 01:59:24.822405,2026-04-21 01:59:24.822405,2026-04-04,0.0,0.0,0,Top of Search on-Amazon,0.0,0.0,,0.0,0,0,ENABLED,0,40.0,0,0,3.8,0,467019307309442,5.0,0,,nan,0,0,USD,,0,0,manual,0.0,,0,0.0,0,0,3.8,0,DAILY_BUDGET,0,0,3.8,Amazon,0.0,0.0,20,0,0,0,1,IB-SP-KW-inositol-inositol supplement for women-EM-2w,spCampaign_placement,US,INNERBRIGHTNESS,spCampaign_placement_innerbrightness_US_2026-03-21_2026-04-20.json,2026-04-21 01:59:24
83984,2026-04-21 01:59:24.822405,2026-04-21 01:59:24.822405,2026-04-05,0.0,0.0,0,Top of Search on-Amazon,0.0,0.0,,0.0,0,0,ENABLED,0,40.0,0,0,3.8,0,467019307309442,16.666666666666664,0,,nan,0,0,USD,,0,0,manual,0.0,,0,0.0,0,0,11.4,0,DAILY_BUDGET,0,0,11.4,Amazon,0.0,0.0,18,0,0,0,3,IB-SP-KW-inositol-inositol supplement for women-EM-2w,spCampaign_placement,US,INNERBRIGHTNESS,spCampaign_placement_innerbrightness_US_2026-03-21_2026-04-20.json,2026-04-21 01:59:24
83985,2026-04-21 01:59:24.822405,2026-04-21 01:59:24.822405,2026-04-06,0.0,0.0,0,Top of Search on-Amazon,0.0,0.0,,0.0,0,0,ENABLED,0,40.0,0,0,3.8,0,467019307309442,2.7777777777777777,0,,nan,0,0,USD,,0,0,manual,0.0,,0,0.0,0,0,3.8,0,DAILY_BUDGET,0,0,3.8,Amazon,0.0,0.0,36,0,0,0,1,IB-SP-KW-inositol-inositol supplement for women-EM-2w,spCampaign_placement,US,INNERBRIGHTNESS,spCampaign_placement_innerbrightness_US_2026-03-21_2026-04-20.json,2026-04-21 01:59:24
83986,2026-04-21 01:59:24.822405,2026-04-21 01:59:24.822405,2026-04-07,0.0,0.0,0,Top of Search on-Amazon,0.0,0.0,,0.0,0,0,ENABLED,0,40.0,0,0,3.69,0,467019307309442,19.047619047619047,0,,nan,0,0,USD,,0,0,manual,0.0,,0,0.0,0,0,14.74,0,DAILY_BUDGET,0,0,14.74,Amazon,0.0,0.0,21,0,0,0,4,IB-SP-KW-inositol-inositol supplement for women-EM-2w,spCampaign_placement,US,INNERBRIGHTNESS,spCampaign_placement_innerbrightness_US_2026-03-21_2026-04-20.json,2026-04-21 01:59:24
83987,2026-04-21 01:59:24.822405,2026-04-21 01:59:24.822405,2026-04-08,0.0,0.0,0,Top of Search on-Amazon,0.0,0.0,,0.0,0,0,ENABLED,0,40.0,0,0,3.8,0,467019307309442,7.6923076923076925,0,,nan,0,0,USD,,0,0,manual,0.0,,0,0.0,0,0,3.8,0,DAILY_BUDGET,0,0,3.8,Amazon,0.0,0.0,13,0,0,0,1,IB-SP-KW-inositol-inositol supplement for women-EM-2w,spCampaign_placement,US,INNERBRIGHTNESS,spCampaign_placement_innerbrightness_US_2026-03-21_2026-04-20.json,2026-04-21 01:59:24
83988,2026-04-21 01:59:24.822405,2026-04-21 01:59:24.822405,2026-04-09,0.0,0.0,0,Top of Search on-Amazon,0.0,0.0,,0.0,0,0,ENABLED,0,40.0,0,0,3.74,0,467019307309442,6.976744186046512,0,,nan,0,0,USD,,0,0,manual,0.0,,0,0.0,0,0,11.21,0,DAILY_BUDGET,0,0,11.21,Amazon,0.0,0.0,43,0,0,0,3,IB-SP-KW-inositol-inositol supplement for women-EM-2w,spCampaign_placement,US,INNERBRIGHTNESS,spCampaign_placement_innerbrightness_US_2026-03-21_2026-04-20.json,2026-04-21 01:59:24
83989,2026-04-21 01:59:24.822405,2026-04-21 01:59:24.822405,2026-04-10,22.59,1.5263513513513514,1,Top of Search on-Amazon,22.59,22.59,,22.59,0,1,ENABLED,1,40.0,1,1,3.7,1,467019307309442,5.88235294117647,0,,65.51571491810536,1,0,USD,,1,1,manual,22.59,,0,22.59,0,1,14.8,1,DAILY_BUDGET,1,1,14.8,Amazon,22.59,22.59,68,1,1,1,4,IB-SP-KW-inositol-inositol supplement for women-EM-2w,spCampaign_placement,US,INNERBRIGHTNESS,spCampaign_placement_innerbrightness_US_2026-03-21_2026-04-20.json,2026-04-21 01:59:24
84004,2026-04-21 01:59:24.822405,2026-04-21 01:59:24.822405,2026-04-04,0.0,nan,0,Detail Page on-Amazon,0.0,0.0,,0.0,0,0,ENABLED,0,300.0,0,0,0.0,0,427396974780100,0.0,0,,nan,0,0,USD,,0,0,manual,0.0,,0,0.0,0,0,0.0,0,DAILY_BUDGET,0,0,0.0,Amazon,0.0,0.0,488,0,0,0,0,Inner-SP-KW-Creatine Gummies-creatine-EM-CPC-60,spCampaign_placement,US,INNERBRIGHTNESS,spCampaign_placement_innerbrightness_US_2026-03-21_2026-04-20.json,2026-04-21 01:59:24
84005,2026-04-21 01:59:24.822405,2026-04-21 01:59:24.822405,2026-04-05,0.0,0.0,0,Detail Page on-Amazon,0.0,0.0,,0.0,0,0,ENABLED,0,300.0,0,0,2.3,0,427396974780100,0.2352941176470588,0,,nan,0,0,USD,,0,0,manual,0.0,,0,0.0,0,0,2.3,0,DAILY_BUDGET,0,0,2.3,Amazon,0.0,0.0,425,0,0,0,1,Inner-SP-KW-Creatine Gummies-creatine-EM-CPC-60,spCampaign_placement,US,INNERBRIGHTNESS,spCampaign_placement_innerbrightness_US_2026-03-21_2026-04-20.json,2026-04-21 01:59:24
84006,2026-04-21 01:59:24.822405,2026-04-21 01:59:24.822405,2026-04-06,0.0,6.519565217391304,1,Detail Page on-Amazon,0.0,29.99,,0.0,0,0,ENABLED,0,300.0,1,0,2.3,1,427396974780100,0.4056795131845842,0,,15.338446148716239,1,0,USD,,0,1,manual,0.0,,0,29.99,0,0,4.6,0,DAILY_BUDGET,1,0,4.6,Amazon,29.99,29.99,493,0,1,1,2,Inner-SP-KW-Creatine Gummies-creatine-EM-CPC-60,spCampaign_placement,US,INNERBRIGHTNESS,spCampaign_placement_innerbrightness_US_2026-03-21_2026-04-20.json,2026-04-21 01:59:24
84007,2026-04-21 01:59:24.822405,2026-04-21 01:59:24.822405,2026-04-07,0.0,0.0,0,Detail Page on-Amazon,0.0,0.0,,0.0,0,0,ENABLED,0,300.0,0,0,2.14,0,427396974780100,0.1557632398753894,0,,nan,0,0,USD,,0,0,manual,0.0,,0,0.0,0,0,2.14,0,DAILY_BUDGET,0,0,2.14,Amazon,0.0,0.0,642,0,0,0,1,Inner-SP-KW-Creatine Gummies-creatine-EM-CPC-60,spCampaign_placement,US,INNERBRIGHTNESS,spCampaign_placement_innerbrightness_US_2026-03-21_2026-04-20.json,2026-04-21 01:59:24
84008,2026-04-21 01:59:24.822405,2026-04-21 01:59:24.822405,2026-04-08,0.0,6.519565217391304,1,Detail Page on-Amazon,0.0,29.99,,0.0,0,0,ENABLED,0,300.0,1,0,2.3,1,427396974780100,0.25157232704402516,0,,15.338446148716239,1,0,USD,,0,1,manual,0.0,,0,29.99,0,0,4.6,0,DAILY_BUDGET,1,0,4.6,Amazon,29.99,29.99,795,0,1,1,2,Inner-SP-KW-Creatine Gummies-creatine-EM-CPC-60,spCampaign_placement,US,INNERBRIGHTNESS,spCampaign_placement_innerbrightness_US_2026-03-21_2026-04-20.json,2026-04-21 01:59:24
84009,2026-04-21 01:59:24.822405,2026-04-21 01:59:24.822405,2026-04-09,0.0,0.0,0,Detail Page on-Amazon,0.0,0.0,,0.0,0,0,ENABLED,0,300.0,0,0,2.22,0,427396974780100,0.09823182711198428,0,,nan,0,0,USD,,0,0,manual,0.0,,0,0.0,0,0,2.22,0,DAILY_BUDGET,0,0,2.22,Amazon,0.0,0.0,1018,0,0,0,1,Inner-SP-KW-Creatine Gummies-creatine-EM-CPC-60,spCampaign_placement,US,INNERBRIGHTNESS,spCampaign_placement_innerbrightness_US_2026-03-21_2026-04-20.json,2026-04-21 01:59:24
84010,2026-04-21 01:59:24.822405,2026-04-21 01:59:24.822405,2026-04-10,0.0,nan,0,Detail Page on-Amazon,0.0,0.0,,0.0,0,0,ENABLED,0,300.0,0,0,0.0,0,427396974780100,0.0,0,,nan,0,0,USD,,0,0,manual,0.0,,0,0.0,0,0,0.0,0,DAILY_BUDGET,0,0,0.0,Amazon,0.0,0.0,865,0,0,0,0,Inner-SP-KW-Creatine Gummies-creatine-EM-CPC-60,spCampaign_placement,US,INNERBRIGHTNESS,spCampaign_placement_innerbrightness_US_2026-03-21_2026-04-20.json,2026-04-21 01:59:24
84025,2026-04-21 01:59:24.822405,2026-04-21 01:59:24.822405,2026-04-04,179.94,1.8513978304965164,7,Other on-Amazon,179.94,209.93,,200.09,0,6,ENABLED,6,300.0,7,7,3.91,7,427396974780100,0.5468602677729587,0,,54.0132425094079,8,0,USD,,6,7,manual,179.94,,0,209.93,0,6,113.39,6,DAILY_BUDGET,7,6,113.39,Amazon,209.93,230.08,5303,7,7,8,29,Inner-SP-KW-Creatine Gummies-creatine-EM-CPC-60,spCampaign_placement,US,INNERBRIGHTNESS,spCampaign_placement_innerbrightness_US_2026-03-21_2026-04-20.json,2026-04-21 01:59:24
84026,2026-04-21 01:59:24.822405,2026-04-21 01:59:24.822405,2026-04-05,179.94,1.5836682499086592,6,Other on-Amazon,260.07,239.92,,260.07,0,6,ENABLED,8,300.0,8,9,3.91,9,427396974780100,0.4720161834120027,0,,63.14453800899757,9,0,USD,,9,8,manual,239.92,,0,179.94,0,9,164.22,6,DAILY_BUDGET,6,8,164.22,Amazon,260.07,260.07,8898,9,9,9,42,Inner-SP-KW-Creatine Gummies-creatine-EM-CPC-60,spCampaign_placement,US,INNERBRIGHTNESS,spCampaign_placement_innerbrightness_US_2026-03-21_2026-04-20.json,2026-04-21 01:59:24
84027,2026-04-21 01:59:24.822405,2026-04-21 01:59:24.822405,2026-04-06,119.96,1.280529461998292,7,Other on-Amazon,119.96,209.93,,119.96,0,4,ENABLED,4,300.0,7,4,3.9,7,427396974780100,0.4795615437314455,0,,78.09269756585529,7,0,USD,,4,7,manual,119.96,,0,209.93,0,4,163.94,4,DAILY_BUDGET,7,4,163.94,Amazon,209.93,209.93,8758,4,7,7,42,Inner-SP-KW-Creatine Gummies-creatine-EM-CPC-60,spCampaign_placement,US,INNERBRIGHTNESS,spCampaign_placement_innerbrightness_US_2026-03-21_2026-04-20.json,2026-04-21 01:59:24
84028,2026-04-21 01:59:24.822405,2026-04-21 01:59:24.822405,2026-04-07,119.96,1.0070517125587644,6,Other on-Amazon,149.95,179.94,,149.95,0,4,ENABLED,4,300.0,6,5,3.86,7,427396974780100,0.5284791544333529,0,,99.29976658886297,7,0,USD,,5,6,manual,119.96,,0,179.94,0,5,208.46,4,DAILY_BUDGET,6,4,208.46,Amazon,209.93,209.93,10218,5,7,7,54,Inner-SP-KW-Creatine Gummies-creatine-EM-CPC-60,spCampaign_placement,US,INNERBRIGHTNESS,spCampaign_placement_innerbrightness_US_2026-03-21_2026-04-20.json,2026-04-21 01:59:24
84029,2026-04-21 01:59:24.822405,2026-04-21 01:59:24.822405,2026-04-08,119.96,1.8292162244586765,7,Other on-Amazon,179.94,299.9,,179.94,0,4,ENABLED,6,300.0,10,6,3.9,10,427396974780100,0.48181713892394173,0,,54.66822274091364,10,0,USD,,6,10,manual,179.94,,0,209.93,0,6,163.95,4,DAILY_BUDGET,7,6,163.95,Amazon,299.9,299.9,8717,6,10,10,42,Inner-SP-KW-Creatine Gummies-creatine-EM-CPC-60,spCampaign_placement,US,INNERBRIGHTNESS,spCampaign_placement_innerbrightness_US_2026-03-21_2026-04-20.json,2026-04-21 01:59:24
84030,2026-04-21 01:59:24.822405,2026-04-21 01:59:24.822405,2026-04-09,119.96,1.2784239693075938,7,Other on-Amazon,119.96,209.93,,119.96,0,4,ENABLED,4,300.0,7,4,3.91,7,427396974780100,0.3747657713928795,0,,78.22131186586006,7,0,USD,,4,7,manual,119.96,,0,209.93,0,4,164.21,4,DAILY_BUDGET,7,4,164.21,Amazon,209.93,209.93,11207,4,7,7,42,Inner-SP-KW-Creatine Gummies-creatine-EM-CPC-60,spCampaign_placement,US,INNERBRIGHTNESS,spCampaign_placement_innerbrightness_US_2026-03-21_2026-04-20.json,2026-04-21 01:59:24
84031,2026-04-21 01:59:24.822405,2026-04-21 01:59:24.822405,2026-04-10,119.96,1.2031492904066998,8,Other on-Amazon,119.96,239.92,,119.96,0,4,ENABLED,4,300.0,8,4,3.91,8,427396974780100,0.5482691894216298,0,,83.11520506835612,8,0,USD,,4,8,manual,119.96,,0,239.92,0,4,199.41,4,DAILY_BUDGET,8,4,199.41,Amazon,239.92,239.92,9302,4,8,8,51,Inner-SP-KW-Creatine Gummies-creatine-EM-CPC-60,spCampaign_placement,US,INNERBRIGHTNESS,spCampaign_placement_innerbrightness_US_2026-03-21_2026-04-20.json,2026-04-21 01:59:24
84046,2026-04-21 01:59:24.822405,2026-04-21 01:59:24.822405,2026-04-04,209.93,2.4311835705278333,8,Top of Search on-Amazon,239.92,269.91,,239.92,0,7,ENABLED,8,300.0,9,8,5.84,9,427396974780100,6.597222222222222,0,,41.132229261605715,9,0,USD,,8,9,manual,239.92,,0,239.92,0,8,111.02,7,DAILY_BUDGET,8,8,111.02,Amazon,269.91,269.91,288,8,9,9,19,Inner-SP-KW-Creatine Gummies-creatine-EM-CPC-60,spCampaign_placement,US,INNERBRIGHTNESS,spCampaign_placement_innerbrightness_US_2026-03-21_2026-04-20.json,2026-04-21 01:59:24
84047,2026-04-21 01:59:24.822405,2026-04-21 01:59:24.822405,2026-04-05,209.93,1.931723027375201,7,Top of Search on-Amazon,239.92,239.92,,239.92,0,7,ENABLED,8,300.0,8,8,5.91,8,427396974780100,3.804347826086957,0,,51.767255751917304,8,0,USD,,8,8,manual,239.92,,0,209.93,0,8,124.2,7,DAILY_BUDGET,7,8,124.2,Amazon,239.92,239.92,552,8,8,8,21,Inner-SP-KW-Creatine Gummies-creatine-EM-CPC-60,spCampaign_placement,US,INNERBRIGHTNESS,spCampaign_placement_innerbrightness_US_2026-03-21_2026-04-20.json,2026-04-21 01:59:24
84048,2026-04-21 01:59:24.822405,2026-04-21 01:59:24.822405,2026-04-06,329.89,1.5584425225492742,13,Top of Search on-Amazon,359.88,419.86,,359.88,0,11,ENABLED,12,300.0,14,12,6.27,14,427396974780100,4.493207941483804,0,,64.16662697089507,14,0,USD,,12,14,manual,359.88,,0,389.87,0,12,269.41,11,DAILY_BUDGET,13,12,269.41,Amazon,419.86,419.86,957,12,14,14,43,Inner-SP-KW-Creatine Gummies-creatine-EM-CPC-60,spCampaign_placement,US,INNERBRIGHTNESS,spCampaign_placement_innerbrightness_US_2026-03-21_2026-04-20.json,2026-04-21 01:59:24
84049,2026-04-21 01:59:24.822405,2026-04-21 01:59:24.822405,2026-04-07,89.97,0.9417983879409609,5,Top of Search on-Amazon,119.96,179.94,,119.96,0,3,ENABLED,4,300.0,6,4,6.16,6,427396974780100,4.353932584269663,0,,106.17983772368567,6,0,USD,,4,6,manual,119.96,,0,149.95,0,4,191.06,3,DAILY_BUDGET,5,4,191.06,Amazon,179.94,179.94,712,4,6,6,31,Inner-SP-KW-Creatine Gummies-creatine-EM-CPC-60,spCampaign_placement,US,INNERBRIGHTNESS,spCampaign_placement_innerbrightness_US_2026-03-21_2026-04-20.json,2026-04-21 01:59:24
84050,2026-04-21 01:59:24.822405,2026-04-21 01:59:24.822405,2026-04-08,419.86,1.8856891348088531,15,Top of Search on-Amazon,419.86,449.85,,419.86,0,14,ENABLED,14,300.0,15,14,6.28,15,427396974780100,5.135135135135135,0,,53.03101033677893,15,0,USD,,14,15,manual,419.86,,0,449.85,0,14,238.56,14,DAILY_BUDGET,15,14,238.56,Amazon,449.85,449.85,740,14,15,15,38,Inner-SP-KW-Creatine Gummies-creatine-EM-CPC-60,spCampaign_placement,US,INNERBRIGHTNESS,spCampaign_placement_innerbrightness_US_2026-03-21_2026-04-20.json,2026-04-21 01:59:24
84051,2026-04-21 01:59:24.822405,2026-04-21 01:59:24.822405,2026-04-09,389.87,1.5879358097100031,13,Top of Search on-Amazon,389.87,389.87,,389.87,0,13,ENABLED,12,300.0,12,13,6.3,13,427396974780100,3.6346691519105314,0,,62.974837766434966,13,0,USD,,13,13,manual,389.87,,0,389.87,0,12,245.52,12,DAILY_BUDGET,12,13,245.52,Amazon,389.87,389.87,1073,12,12,12,39,Inner-SP-KW-Creatine Gummies-creatine-EM-CPC-60,spCampaign_placement,US,INNERBRIGHTNESS,spCampaign_placement_innerbrightness_US_2026-03-21_2026-04-20.json,2026-04-21 01:59:24
84052,2026-04-21 01:59:24.822405,2026-04-21 01:59:24.822405,2026-04-10,239.92,1.2162536168071456,8,Top of Search on-Amazon,269.91,269.91,,269.91,0,8,ENABLED,9,300.0,9,9,6.11,10,427396974780100,5.313351498637602,0,,82.21969383533305,10,0,USD,,9,9,manual,269.91,,0,239.92,0,9,238.47,8,DAILY_BUDGET,8,9,238.47,Amazon,290.04,290.04,734,9,10,10,39,Inner-SP-KW-Creatine Gummies-creatine-EM-CPC-60,spCampaign_placement,US,INNERBRIGHTNESS,spCampaign_placement_innerbrightness_US_2026-03-21_2026-04-20.json,2026-04-21 01:59:24
84066,2026-04-21 01:59:24.822405,2026-04-21 01:59:24.822405,2026-04-04,0.0,nan,0,Detail Page on-Amazon,0.0,0.0,,0.0,0,0,ENABLED,0,150.0,0,0,0.0,0,486037133623874,0.0,0,,nan,0,0,USD,,0,0,manual,0.0,,0,0.0,0,0,0.0,0,DAILY_BUDGET,0,0,0.0,Amazon,0.0,0.0,1,0,0,0,0,Inner-SP-KW-Berberine Capsules-EM-berberine with ceylon cinnamon-1w,spCampaign_placement,US,INNERBRIGHTNESS,spCampaign_placement_innerbrightness_US_2026-03-21_2026-04-20.json,2026-04-21 01:59:24
84067,2026-04-21 01:59:24.822405,2026-04-21 01:59:24.822405,2026-04-08,0.0,nan,0,Detail Page on-Amazon,0.0,0.0,,0.0,0,0,ENABLED,0,150.0,0,0,0.0,0,486037133623874,0.0,0,,nan,0,0,USD,,0,0,manual,0.0,,0,0.0,0,0,0.0,0,DAILY_BUDGET,0,0,0.0,Amazon,0.0,0.0,3,0,0,0,0,Inner-SP-KW-Berberine Capsules-EM-berberine with ceylon cinnamon-1w,spCampaign_placement,US,INNERBRIGHTNESS,spCampaign_placement_innerbrightness_US_2026-03-21_2026-04-20.json,2026-04-21 01:59:24
84068,2026-04-21 01:59:24.822405,2026-04-21 01:59:24.822405,2026-04-09,0.0,nan,0,Detail Page on-Amazon,0.0,0.0,,0.0,0,0,ENABLED,0,150.0,0,0,0.0,0,486037133623874,0.0,0,,nan,0,0,USD,,0,0,manual,0.0,,0,0.0,0,0,0.0,0,DAILY_BUDGET,0,0,0.0,Amazon,0.0,0.0,8,0,0,0,0,Inner-SP-KW-Berberine Capsules-EM-berberine with ceylon cinnamon-1w,spCampaign_placement,US,INNERBRIGHTNESS,spCampaign_placement_innerbrightness_US_2026-03-21_2026-04-20.json,2026-04-21 01:59:24
84069,2026-04-21 01:59:24.822405,2026-04-21 01:59:24.822405,2026-04-10,0.0,nan,0,Detail Page on-Amazon,0.0,0.0,,0.0,0,0,ENABLED,0,150.0,0,0,0.0,0,486037133623874,0.0,0,,nan,0,0,USD,,0,0,manual,0.0,,0,0.0,0,0,0.0,0,DAILY_BUDGET,0,0,0.0,Amazon,0.0,0.0,5,0,0,0,0,Inner-SP-KW-Berberine Capsules-EM-berberine with ceylon cinnamon-1w,spCampaign_placement,US,INNERBRIGHTNESS,spCampaign_placement_innerbrightness_US_2026-03-21_2026-04-20.json,2026-04-21 01:59:24
84084,2026-04-21 01:59:24.822405,2026-04-21 01:59:24.822405,2026-04-04,0.0,0.0,0,Other on-Amazon,0.0,0.0,,0.0,0,0,ENABLED,0,150.0,0,0,3.63,0,486037133623874,4.0,0,,nan,0,0,USD,,0,0,manual,0.0,,0,0.0,0,0,3.63,0,DAILY_BUDGET,0,0,3.63,Amazon,0.0,0.0,25,0,0,0,1,Inner-SP-KW-Berberine Capsules-EM-berberine with ceylon cinnamon-1w,spCampaign_placement,US,INNERBRIGHTNESS,spCampaign_placement_innerbrightness_US_2026-03-21_2026-04-20.json,2026-04-21 01:59:24
84085,2026-04-21 01:59:24.822405,2026-04-21 01:59:24.822405,2026-04-05,0.0,0.0,0,Other on-Amazon,0.0,0.0,,0.0,0,0,ENABLED,0,150.0,0,0,3.61,0,486037133623874,2.272727272727273,0,,nan,0,0,USD,,0,0,manual,0.0,,0,0.0,0,0,3.61,0,DAILY_BUDGET,0,0,3.61,Amazon,0.0,0.0,44,0,0,0,1,Inner-SP-KW-Berberine Capsules-EM-berberine with ceylon cinnamon-1w,spCampaign_placement,US,INNERBRIGHTNESS,spCampaign_placement_innerbrightness_US_2026-03-21_2026-04-20.json,2026-04-21 01:59:24
84086,2026-04-21 01:59:24.822405,2026-04-21 01:59:24.822405,2026-04-06,0.0,0.0,0,Other on-Amazon,0.0,0.0,,0.0,0,0,ENABLED,0,150.0,0,0,3.63,0,486037133623874,0.36496350364963503,0,,nan,0,0,USD,,0,0,manual,0.0,,0,0.0,0,0,3.63,0,DAILY_BUDGET,0,0,3.63,Amazon,0.0,0.0,274,0,0,0,1,Inner-SP-KW-Berberine Capsules-EM-berberine with ceylon cinnamon-1w,spCampaign_placement,US,INNERBRIGHTNESS,spCampaign_placement_innerbrightness_US_2026-03-21_2026-04-20.json,2026-04-21 01:59:24
84087,2026-04-21 01:59:24.822405,2026-04-21 01:59:24.822405,2026-04-07,0.0,0.0,0,Other on-Amazon,0.0,0.0,,0.0,0,0,ENABLED,0,150.0,0,0,3.63,0,486037133623874,2.857142857142857,0,,nan,0,0,USD,,0,0,manual,0.0,,0,0.0,0,0,3.63,0,DAILY_BUDGET,0,0,3.63,Amazon,0.0,0.0,35,0,0,0,1,Inner-SP-KW-Berberine Capsules-EM-berberine with ceylon cinnamon-1w,spCampaign_placement,US,INNERBRIGHTNESS,spCampaign_placement_innerbrightness_US_2026-03-21_2026-04-20.json,2026-04-21 01:59:24
84088,2026-04-21 01:59:24.822405,2026-04-21 01:59:24.822405,2026-04-08,0.0,0.0,0,Other on-Amazon,0.0,0.0,,0.0,0,0,ENABLED,0,150.0,0,0,3.63,0,486037133623874,0.425531914893617,0,,nan,0,0,USD,,0,0,manual,0.0,,0,0.0,0,0,3.63,0,DAILY_BUDGET,0,0,3.63,Amazon,0.0,0.0,235,0,0,0,1,Inner-SP-KW-Berberine Capsules-EM-berberine with ceylon cinnamon-1w,spCampaign_placement,US,INNERBRIGHTNESS,spCampaign_placement_innerbrightness_US_2026-03-21_2026-04-20.json,2026-04-21 01:59:24
84089,2026-04-21 01:59:24.822405,2026-04-21 01:59:24.822405,2026-04-09,0.0,0.0,0,Other on-Amazon,0.0,0.0,,0.0,0,0,ENABLED,0,150.0,0,0,3.63,0,486037133623874,0.6622516556291391,0,,nan,0,0,USD,,0,0,manual,0.0,,0,0.0,0,0,3.63,0,DAILY_BUDGET,0,0,3.63,Amazon,0.0,0.0,151,0,0,0,1,Inner-SP-KW-Berberine Capsules-EM-berberine with ceylon cinnamon-1w,spCampaign_placement,US,INNERBRIGHTNESS,spCampaign_placement_innerbrightness_US_2026-03-21_2026-04-20.json,2026-04-21 01:59:24
84090,2026-04-21 01:59:24.822405,2026-04-21 01:59:24.822405,2026-04-10,0.0,0.0,0,Other on-Amazon,0.0,0.0,,0.0,0,0,ENABLED,0,150.0,0,0,3.62,0,486037133623874,0.36900369003690037,0,,nan,0,0,USD,,0,0,manual,0.0,,0,0.0,0,0,3.62,0,DAILY_BUDGET,0,0,3.62,Amazon,0.0,0.0,271,0,0,0,1,Inner-SP-KW-Berberine Capsules-EM-berberine with ceylon cinnamon-1w,spCampaign_placement,US,INNERBRIGHTNESS,spCampaign_placement_innerbrightness_US_2026-03-21_2026-04-20.json,2026-04-21 01:59:24
84104,2026-04-21 01:59:24.822405,2026-04-21 01:59:24.822405,2026-04-04,0.0,nan,0,Top of Search on-Amazon,0.0,0.0,,0.0,0,0,ENABLED,0,150.0,0,0,0.0,0,486037133623874,0.0,0,,nan,0,0,USD,,0,0,manual,0.0,,0,0.0,0,0,0.0,0,DAILY_BUDGET,0,0,0.0,Amazon,0.0,0.0,1,0,0,0,0,Inner-SP-KW-Berberine Capsules-EM-berberine with ceylon cinnamon-1w,spCampaign_placement,US,INNERBRIGHTNESS,spCampaign_placement_innerbrightness_US_2026-03-21_2026-04-20.json,2026-04-21 01:59:24
84105,2026-04-21 01:59:24.822405,2026-04-21 01:59:24.822405,2026-04-05,0.0,nan,0,Top of Search on-Amazon,0.0,0.0,,0.0,0,0,ENABLED,0,150.0,0,0,0.0,0,486037133623874,0.0,0,,nan,0,0,USD,,0,0,manual,0.0,,0,0.0,0,0,0.0,0,DAILY_BUDGET,0,0,0.0,Amazon,0.0,0.0,1,0,0,0,0,Inner-SP-KW-Berberine Capsules-EM-berberine with ceylon cinnamon-1w,spCampaign_placement,US,INNERBRIGHTNESS,spCampaign_placement_innerbrightness_US_2026-03-21_2026-04-20.json,2026-04-21 01:59:24
84106,2026-04-21 01:59:24.822405,2026-04-21 01:59:24.822405,2026-04-06,0.0,nan,0,Top of Search on-Amazon,0.0,0.0,,0.0,0,0,ENABLED,0,150.0,0,0,0.0,0,486037133623874,0.0,0,,nan,0,0,USD,,0,0,manual,0.0,,0,0.0,0,0,0.0,0,DAILY_BUDGET,0,0,0.0,Amazon,0.0,0.0,4,0,0,0,0,Inner-SP-KW-Berberine Capsules-EM-berberine with ceylon cinnamon-1w,spCampaign_placement,US,INNERBRIGHTNESS,spCampaign_placement_innerbrightness_US_2026-03-21_2026-04-20.json,2026-04-21 01:59:24
84107,2026-04-21 01:59:24.822405,2026-04-21 01:59:24.822405,2026-04-07,0.0,nan,0,Top of Search on-Amazon,0.0,0.0,,0.0,0,0,ENABLED,0,150.0,0,0,0.0,0,486037133623874,0.0,0,,nan,0,0,USD,,0,0,manual,0.0,,0,0.0,0,0,0.0,0,DAILY_BUDGET,0,0,0.0,Amazon,0.0,0.0,1,0,0,0,0,Inner-SP-KW-Berberine Capsules-EM-berberine with ceylon cinnamon-1w,spCampaign_placement,US,INNERBRIGHTNESS,spCampaign_placement_innerbrightness_US_2026-03-21_2026-04-20.json,2026-04-21 01:59:24
84108,2026-04-21 01:59:24.822405,2026-04-21 01:59:24.822405,2026-04-08,0.0,nan,0,Top of Search on-Amazon,0.0,0.0,,0.0,0,0,ENABLED,0,150.0,0,0,0.0,0,486037133623874,0.0,0,,nan,0,0,USD,,0,0,manual,0.0,,0,0.0,0,0,0.0,0,DAILY_BUDGET,0,0,0.0,Amazon,0.0,0.0,4,0,0,0,0,Inner-SP-KW-Berberine Capsules-EM-berberine with ceylon cinnamon-1w,spCampaign_placement,US,INNERBRIGHTNESS,spCampaign_placement_innerbrightness_US_2026-03-21_2026-04-20.json,2026-04-21 01:59:24
84109,2026-04-21 01:59:24.822405,2026-04-21 01:59:24.822405,2026-04-09,0.0,nan,0,Top of Search on-Amazon,0.0,0.0,,0.0,0,0,ENABLED,0,150.0,0,0,0.0,0,486037133623874,0.0,0,,nan,0,0,USD,,0,0,manual,0.0,,0,0.0,0,0,0.0,0,DAILY_BUDGET,0,0,0.0,Amazon,0.0,0.0,12,0,0,0,0,Inner-SP-KW-Berberine Capsules-EM-berberine with ceylon cinnamon-1w,spCampaign_placement,US,INNERBRIGHTNESS,spCampaign_placement_innerbrightness_US_2026-03-21_2026-04-20.json,2026-04-21 01:59:24
84110,2026-04-21 01:59:24.822405,2026-04-21 01:59:24.822405,2026-04-10,0.0,nan,0,Top of Search on-Amazon,0.0,0.0,,0.0,0,0,ENABLED,0,150.0,0,0,0.0,0,486037133623874,0.0,0,,nan,0,0,USD,,0,0,manual,0.0,,0,0.0,0,0,0.0,0,DAILY_BUDGET,0,0,0.0,Amazon,0.0,0.0,14,0,0,0,0,Inner-SP-KW-Berberine Capsules-EM-berberine with ceylon cinnamon-1w,spCampaign_placement,US,INNERBRIGHTNESS,spCampaign_placement_innerbrightness_US_2026-03-21_2026-04-20.json,2026-04-21 01:59:24
84125,2026-04-21 01:59:24.822405,2026-04-21 01:59:24.822405,2026-04-04,0.0,0.0,0,Detail Page on-Amazon,0.0,0.0,,0.0,0,0,PAUSED,0,100.0,0,0,2.05,0,298402294383592,0.15255530129672007,0,,nan,0,0,USD,,0,0,manual,0.0,,0,0.0,0,0,8.2,0,DAILY_BUDGET,0,0,8.2,Amazon,0.0,0.0,2622,0,0,0,4,Inner-SP-KW-gumm-magnesium glycinate-EM-54,spCampaign_placement,US,INNERBRIGHTNESS,spCampaign_placement_innerbrightness_US_2026-03-21_2026-04-20.json,2026-04-21 01:59:24
84126,2026-04-21 01:59:24.822405,2026-04-21 01:59:24.822405,2026-04-05,19.99,4.875609756097561,1,Detail Page on-Amazon,19.99,19.99,,19.99,0,1,PAUSED,1,100.0,1,1,2.05,1,298402294383592,0.192492781520693,0,,20.51025512756378,1,0,USD,,1,1,manual,19.99,,0,19.99,0,1,4.1,1,DAILY_BUDGET,1,1,4.1,Amazon,19.99,19.99,1039,1,1,1,2,Inner-SP-KW-gumm-magnesium glycinate-EM-54,spCampaign_placement,US,INNERBRIGHTNESS,spCampaign_placement_innerbrightness_US_2026-03-21_2026-04-20.json,2026-04-21 01:59:24
84127,2026-04-21 01:59:24.822405,2026-04-21 01:59:24.822405,2026-04-06,0.0,0.0,0,Detail Page on-Amazon,0.0,0.0,,0.0,0,0,PAUSED,0,100.0,0,0,2.05,0,298402294383592,0.3053435114503817,0,,nan,0,0,USD,,0,0,manual,0.0,,0,0.0,0,0,8.2,0,DAILY_BUDGET,0,0,8.2,Amazon,0.0,0.0,1310,0,0,0,4,Inner-SP-KW-gumm-magnesium glycinate-EM-54,spCampaign_placement,US,INNERBRIGHTNESS,spCampaign_placement_innerbrightness_US_2026-03-21_2026-04-20.json,2026-04-21 01:59:24
84128,2026-04-21 01:59:24.822405,2026-04-21 01:59:24.822405,2026-04-07,0.0,0.0,0,Detail Page on-Amazon,0.0,0.0,,0.0,0,0,PAUSED,0,100.0,0,0,2.05,0,298402294383592,0.13596193065941536,0,,nan,0,0,USD,,0,0,manual,0.0,,0,0.0,0,0,4.1,0,DAILY_BUDGET,0,0,4.1,Amazon,0.0,0.0,1471,0,0,0,2,Inner-SP-KW-gumm-magnesium glycinate-EM-54,spCampaign_placement,US,INNERBRIGHTNESS,spCampaign_placement_innerbrightness_US_2026-03-21_2026-04-20.json,2026-04-21 01:59:24
84129,2026-04-21 01:59:24.822405,2026-04-21 01:59:24.822405,2026-04-08,0.0,0.0,0,Detail Page on-Amazon,0.0,0.0,,0.0,0,0,PAUSED,0,100.0,0,0,1.99,0,298402294383592,0.1469507714915503,0,,nan,0,0,USD,,0,0,manual,0.0,,0,0.0,0,0,7.97,0,DAILY_BUDGET,0,0,7.97,Amazon,0.0,0.0,2722,0,0,0,4,Inner-SP-KW-gumm-magnesium glycinate-EM-54,spCampaign_placement,US,INNERBRIGHTNESS,spCampaign_placement_innerbrightness_US_2026-03-21_2026-04-20.json,2026-04-21 01:59:24
84130,2026-04-21 01:59:24.822405,2026-04-21 01:59:24.822405,2026-04-09,0.0,0.0,0,Detail Page on-Amazon,0.0,0.0,,0.0,0,0,PAUSED,0,100.0,0,0,1.92,0,298402294383592,0.21590500179920835,0,,nan,0,0,USD,,0,0,manual,0.0,,0,0.0,0,0,11.53,0,DAILY_BUDGET,0,0,11.53,Amazon,0.0,0.0,2779,0,0,0,6,Inner-SP-KW-gumm-magnesium glycinate-EM-54,spCampaign_placement,US,INNERBRIGHTNESS,spCampaign_placement_innerbrightness_US_2026-03-21_2026-04-20.json,2026-04-21 01:59:24
84131,2026-04-21 01:59:24.822405,2026-04-21 01:59:24.822405,2026-04-10,0.0,0.0,0,Detail Page on-Amazon,0.0,0.0,,0.0,0,0,PAUSED,0,100.0,0,0,1.9,0,298402294383592,0.29940119760479045,0,,nan,0,0,USD,,0,0,manual,0.0,,0,0.0,0,0,5.7,0,DAILY_BUDGET,0,0,5.7,Amazon,0.0,0.0,1002,0,0,0,3,Inner-SP-KW-gumm-magnesium glycinate-EM-54,spCampaign_placement,US,INNERBRIGHTNESS,spCampaign_placement_innerbrightness_US_2026-03-21_2026-04-20.json,2026-04-21 01:59:24
84146,2026-04-21 01:59:24.822405,2026-04-21 01:59:24.822405,2026-04-04,59.97,0.9606083007709367,7,Other on-Amazon,73.96,167.93,,73.96,0,3,PAUSED,3,100.0,7,4,2.96,8,298402294383592,1.1640596580574754,0,,104.10070360598066,8,0,USD,,4,7,manual,59.97,,0,167.93,0,4,189.38,3,DAILY_BUDGET,7,3,189.38,Amazon,181.92,181.92,5498,4,8,8,64,Inner-SP-KW-gumm-magnesium glycinate-EM-54,spCampaign_placement,US,INNERBRIGHTNESS,spCampaign_placement_innerbrightness_US_2026-03-21_2026-04-20.json,2026-04-21 01:59:24
84147,2026-04-21 01:59:24.822405,2026-04-21 01:59:24.822405,2026-04-05,39.98,0.7820197044334976,4,Other on-Amazon,53.97,93.96,,53.97,0,2,PAUSED,2,100.0,4,3,2.94,5,298402294383592,0.9842931937172774,0,,127.87401574803148,5,0,USD,,3,4,manual,39.98,,0,93.96,0,3,138.04,2,DAILY_BUDGET,4,2,138.04,Amazon,107.95,107.95,4775,3,5,5,47,Inner-SP-KW-gumm-magnesium glycinate-EM-54,spCampaign_placement,US,INNERBRIGHTNESS,spCampaign_placement_innerbrightness_US_2026-03-21_2026-04-20.json,2026-04-21 01:59:24
84148,2026-04-21 01:59:24.822405,2026-04-21 01:59:24.822405,2026-04-06,59.97,0.9842791742247561,5,Other on-Amazon,59.97,113.95,,59.97,0,3,PAUSED,3,100.0,5,3,2.89,5,298402294383592,1.0582010582010581,0,,101.59719175076786,5,0,USD,,3,5,manual,59.97,,0,113.95,0,3,115.77,3,DAILY_BUDGET,5,3,115.77,Amazon,113.95,113.95,3780,3,5,5,40,Inner-SP-KW-gumm-magnesium glycinate-EM-54,spCampaign_placement,US,INNERBRIGHTNESS,spCampaign_placement_innerbrightness_US_2026-03-21_2026-04-20.json,2026-04-21 01:59:24
84149,2026-04-21 01:59:24.822405,2026-04-21 01:59:24.822405,2026-04-07,39.98,0.9775061124694376,2,Other on-Amazon,39.98,39.98,,39.98,0,2,PAUSED,2,100.0,2,2,2.92,2,298402294383592,0.7650273224043715,0,,102.30115057528766,2,0,USD,,2,2,manual,39.98,,0,39.98,0,2,40.9,2,DAILY_BUDGET,2,2,40.9,Amazon,39.98,39.98,1830,2,2,2,14,Inner-SP-KW-gumm-magnesium glycinate-EM-54,spCampaign_placement,US,INNERBRIGHTNESS,spCampaign_placement_innerbrightness_US_2026-03-21_2026-04-20.json,2026-04-21 01:59:24
84150,2026-04-21 01:59:24.822405,2026-04-21 01:59:24.822405,2026-04-08,39.98,2.8890624999999996,2,Other on-Amazon,73.96,73.96,,73.96,0,2,PAUSED,4,100.0,4,4,2.56,4,298402294383592,0.49627791563275436,0,,34.61330448891293,4,0,USD,,4,4,manual,73.96,,0,39.98,0,4,25.6,2,DAILY_BUDGET,2,4,25.6,Amazon,73.96,73.96,2015,4,4,4,10,Inner-SP-KW-gumm-magnesium glycinate-EM-54,spCampaign_placement,US,INNERBRIGHTNESS,spCampaign_placement_innerbrightness_US_2026-03-21_2026-04-20.json,2026-04-21 01:59:24
84151,2026-04-21 01:59:24.822405,2026-04-21 01:59:24.822405,2026-04-09,0.0,0.0,0,Other on-Amazon,0.0,0.0,,0.0,0,0,PAUSED,0,100.0,0,0,2.56,0,298402294383592,0.2044989775051125,0,,nan,0,0,USD,,0,0,manual,0.0,,0,0.0,0,0,2.56,0,DAILY_BUDGET,0,0,2.56,Amazon,0.0,0.0,489,0,0,0,1,Inner-SP-KW-gumm-magnesium glycinate-EM-54,spCampaign_placement,US,INNERBRIGHTNESS,spCampaign_placement_innerbrightness_US_2026-03-21_2026-04-20.json,2026-04-21 01:59:24
84152,2026-04-21 01:59:24.822405,2026-04-21 01:59:24.822405,2026-04-10,0.0,0.0,0,Other on-Amazon,0.0,0.0,,0.0,0,0,PAUSED,0,100.0,0,0,2.37,0,298402294383592,1.079136690647482,0,,nan,0,0,USD,,0,0,manual,0.0,,0,0.0,0,0,7.11,0,DAILY_BUDGET,0,0,7.11,Amazon,0.0,0.0,278,0,0,0,3,Inner-SP-KW-gumm-magnesium glycinate-EM-54,spCampaign_placement,US,INNERBRIGHTNESS,spCampaign_placement_innerbrightness_US_2026-03-21_2026-04-20.json,2026-04-21 01:59:24
84167,2026-04-21 01:59:24.822405,2026-04-21 01:59:24.822405,2026-04-04,119.94,1.2445966379080318,6,Top of Search on-Amazon,139.93,139.93,,139.93,0,6,PAUSED,7,100.0,7,7,4.16,7,298402294383592,6.958762886597938,0,,80.34731651540055,7,0,USD,,7,7,manual,139.93,,0,119.94,0,7,112.43,6,DAILY_BUDGET,6,7,112.43,Amazon,139.93,139.93,388,7,7,7,27,Inner-SP-KW-gumm-magnesium glycinate-EM-54,spCampaign_placement,US,INNERBRIGHTNESS,spCampaign_placement_innerbrightness_US_2026-03-21_2026-04-20.json,2026-04-21 01:59:24
84168,2026-04-21 01:59:24.822405,2026-04-21 01:59:24.822405,2026-04-05,139.93,1.0342775837537186,7,Top of Search on-Amazon,159.92,159.92,,159.92,0,7,PAUSED,8,100.0,8,8,4.18,8,298402294383592,13.405797101449277,0,,96.68584292146075,8,0,USD,,8,8,manual,159.92,,0,139.93,0,8,154.62,7,DAILY_BUDGET,7,8,154.62,Amazon,159.92,159.92,276,8,8,8,37,Inner-SP-KW-gumm-magnesium glycinate-EM-54,spCampaign_placement,US,INNERBRIGHTNESS,spCampaign_placement_innerbrightness_US_2026-03-21_2026-04-20.json,2026-04-21 01:59:24
84169,2026-04-21 01:59:24.822405,2026-04-21 01:59:24.822405,2026-04-06,119.94,0.687926584456553,6,Top of Search on-Amazon,119.94,119.94,,119.94,0,6,PAUSED,6,100.0,6,6,4.05,6,298402294383592,8.921161825726141,0,,145.3643488410872,6,0,USD,,6,6,manual,119.94,,0,119.94,0,6,174.35,6,DAILY_BUDGET,6,6,174.35,Amazon,119.94,119.94,482,6,6,6,43,Inner-SP-KW-gumm-magnesium glycinate-EM-54,spCampaign_placement,US,INNERBRIGHTNESS,spCampaign_placement_innerbrightness_US_2026-03-21_2026-04-20.json,2026-04-21 01:59:24
84170,2026-04-21 01:59:24.822405,2026-04-21 01:59:24.822405,2026-04-07,79.96,0.6722924581179548,5,Top of Search on-Amazon,79.96,107.95,,79.96,0,4,PAUSED,4,100.0,5,4,4.01,5,298402294383592,9.876543209876543,0,,148.74478925428437,5,0,USD,,4,5,manual,79.96,,0,107.95,0,4,160.57,4,DAILY_BUDGET,5,4,160.57,Amazon,107.95,107.95,405,4,5,5,40,Inner-SP-KW-gumm-magnesium glycinate-EM-54,spCampaign_placement,US,INNERBRIGHTNESS,spCampaign_placement_innerbrightness_US_2026-03-21_2026-04-20.json,2026-04-21 01:59:24
84171,2026-04-21 01:59:24.822405,2026-04-21 01:59:24.822405,2026-04-08,39.98,0.7055824290756962,2,Top of Search on-Amazon,53.97,53.97,,53.97,0,2,PAUSED,3,100.0,3,3,3.82,3,298402294383592,5.698005698005698,0,,141.72688530665184,3,0,USD,,3,3,manual,53.97,,0,39.98,0,3,76.49,2,DAILY_BUDGET,2,3,76.49,Amazon,53.97,53.97,351,3,3,3,20,Inner-SP-KW-gumm-magnesium glycinate-EM-54,spCampaign_placement,US,INNERBRIGHTNESS,spCampaign_placement_innerbrightness_US_2026-03-21_2026-04-20.json,2026-04-21 01:59:24
84172,2026-04-21 01:59:24.822405,2026-04-21 01:59:24.822405,2026-04-09,79.96,0.853392678717413,4,Top of Search on-Amazon,93.95,93.95,,93.95,0,4,PAUSED,5,100.0,5,5,3.8,5,298402294383592,8.55457227138643,0,,117.17935071846728,5,0,USD,,5,5,manual,93.95,,0,79.96,0,5,110.09,4,DAILY_BUDGET,4,5,110.09,Amazon,93.95,93.95,339,5,5,5,29,Inner-SP-KW-gumm-magnesium glycinate-EM-54,spCampaign_placement,US,INNERBRIGHTNESS,spCampaign_placement_innerbrightness_US_2026-03-21_2026-04-20.json,2026-04-21 01:59:24
84173,2026-04-21 01:59:24.822405,2026-04-21 01:59:24.822405,2026-04-10,0.0,nan,0,Top of Search on-Amazon,0.0,0.0,,0.0,0,0,PAUSED,0,100.0,0,0,0.0,0,298402294383592,0.0,0,,nan,0,0,USD,,0,0,manual,0.0,,0,0.0,0,0,0.0,0,DAILY_BUDGET,0,0,0.0,Amazon,0.0,0.0,3,0,0,0,0,Inner-SP-KW-gumm-magnesium glycinate-EM-54,spCampaign_placement,US,INNERBRIGHTNESS,spCampaign_placement_innerbrightness_US_2026-03-21_2026-04-20.json,2026-04-21 01:59:24
84182,2026-04-21 01:59:24.822405,2026-04-21 01:59:24.822405,2026-04-05,0.0,nan,0,Detail Page on-Amazon,0.0,0.0,,0.0,0,0,PAUSED,0,300.0,0,0,0.0,0,423904171460856,nan,0,,nan,0,0,USD,,0,0,manual,0.0,,0,0.0,0,0,0.0,0,DAILY_BUDGET,0,0,0.0,Amazon,0.0,0.0,0,0,0,0,0,Inner-SP-KW-gumm-magnesium-EM-CPC-222,spCampaign_placement,US,INNERBRIGHTNESS,spCampaign_placement_innerbrightness_US_2026-03-21_2026-04-20.json,2026-04-21 01:59:24
84183,2026-04-21 01:59:24.822405,2026-04-21 01:59:24.822405,2026-04-07,0.0,nan,0,Detail Page on-Amazon,0.0,0.0,,0.0,0,0,PAUSED,0,300.0,0,0,0.0,0,423904171460856,0.0,0,,nan,0,0,USD,,0,0,manual,0.0,,0,0.0,0,0,0.0,0,DAILY_BUDGET,0,0,0.0,Amazon,0.0,0.0,2,0,0,0,0,Inner-SP-KW-gumm-magnesium-EM-CPC-222,spCampaign_placement,US,INNERBRIGHTNESS,spCampaign_placement_innerbrightness_US_2026-03-21_2026-04-20.json,2026-04-21 01:59:24
84184,2026-04-21 01:59:24.822405,2026-04-21 01:59:24.822405,2026-04-08,0.0,nan,0,Detail Page on-Amazon,0.0,0.0,,0.0,0,0,PAUSED,0,300.0,0,0,0.0,0,423904171460856,0.0,0,,nan,0,0,USD,,0,0,manual,0.0,,0,0.0,0,0,0.0,0,DAILY_BUDGET,0,0,0.0,Amazon,0.0,0.0,1,0,0,0,0,Inner-SP-KW-gumm-magnesium-EM-CPC-222,spCampaign_placement,US,INNERBRIGHTNESS,spCampaign_placement_innerbrightness_US_2026-03-21_2026-04-20.json,2026-04-21 01:59:24
84185,2026-04-21 01:59:24.822405,2026-04-21 01:59:24.822405,2026-04-09,0.0,nan,0,Detail Page on-Amazon,0.0,0.0,,0.0,0,0,PAUSED,0,300.0,0,0,0.0,0,423904171460856,0.0,0,,nan,0,0,USD,,0,0,manual,0.0,,0,0.0,0,0,0.0,0,DAILY_BUDGET,0,0,0.0,Amazon,0.0,0.0,1,0,0,0,0,Inner-SP-KW-gumm-magnesium-EM-CPC-222,spCampaign_placement,US,INNERBRIGHTNESS,spCampaign_placement_innerbrightness_US_2026-03-21_2026-04-20.json,2026-04-21 01:59:24
84186,2026-04-21 01:59:24.822405,2026-04-21 01:59:24.822405,2026-04-10,0.0,nan,0,Detail Page on-Amazon,0.0,0.0,,0.0,0,0,PAUSED,0,300.0,0,0,0.0,0,423904171460856,0.0,0,,nan,0,0,USD,,0,0,manual,0.0,,0,0.0,0,0,0.0,0,DAILY_BUDGET,0,0,0.0,Amazon,0.0,0.0,75,0,0,0,0,Inner-SP-KW-gumm-magnesium-EM-CPC-222,spCampaign_placement,US,INNERBRIGHTNESS,spCampaign_placement_innerbrightness_US_2026-03-21_2026-04-20.json,2026-04-21 01:59:24
84194,2026-04-21 01:59:24.822405,2026-04-21 01:59:24.822405,2026-04-04,0.0,0.0,0,Other on-Amazon,0.0,0.0,,0.0,0,0,PAUSED,0,300.0,0,0,3.0,0,423904171460856,0.34873583260680036,0,,nan,0,0,USD,,0,0,manual,0.0,,0,0.0,0,0,12.0,0,DAILY_BUDGET,0,0,12.0,Amazon,0.0,0.0,1147,0,0,0,4,Inner-SP-KW-gumm-magnesium-EM-CPC-222,spCampaign_placement,US,INNERBRIGHTNESS,spCampaign_placement_innerbrightness_US_2026-03-21_2026-04-20.json,2026-04-21 01:59:24
84195,2026-04-21 01:59:24.822405,2026-04-21 01:59:24.822405,2026-04-05,19.99,1.764838467317806,2,Other on-Amazon,19.99,46.98,,19.99,0,1,PAUSED,1,300.0,2,1,2.96,2,423904171460856,0.8035714285714285,0,,56.662409535972756,2,0,USD,,1,2,manual,19.99,,0,46.98,0,1,26.62,1,DAILY_BUDGET,2,1,26.62,Amazon,46.98,46.98,1120,1,2,2,9,Inner-SP-KW-gumm-magnesium-EM-CPC-222,spCampaign_placement,US,INNERBRIGHTNESS,spCampaign_placement_innerbrightness_US_2026-03-21_2026-04-20.json,2026-04-21 01:59:24
84196,2026-04-21 01:59:24.822405,2026-04-21 01:59:24.822405,2026-04-06,19.99,1.219646125686394,1,Other on-Amazon,39.98,39.98,,39.98,0,1,PAUSED,2,300.0,2,2,2.98,2,423904171460856,0.7913669064748201,0,,81.99099549774888,2,0,USD,,2,2,manual,39.98,,0,19.99,0,2,32.78,1,DAILY_BUDGET,1,2,32.78,Amazon,39.98,39.98,1390,2,2,2,11,Inner-SP-KW-gumm-magnesium-EM-CPC-222,spCampaign_placement,US,INNERBRIGHTNESS,spCampaign_placement_innerbrightness_US_2026-03-21_2026-04-20.json,2026-04-21 01:59:24
84197,2026-04-21 01:59:24.822405,2026-04-21 01:59:24.822405,2026-04-07,0.0,1.9250343878954608,1,Other on-Amazon,0.0,27.99,,0.0,0,0,PAUSED,0,300.0,1,0,2.91,1,423904171460856,0.7246376811594203,0,,51.94712397284744,1,0,USD,,0,1,manual,0.0,,0,27.99,0,0,14.54,0,DAILY_BUDGET,1,0,14.54,Amazon,27.99,27.99,690,0,1,1,5,Inner-SP-KW-gumm-magnesium-EM-CPC-222,spCampaign_placement,US,INNERBRIGHTNESS,spCampaign_placement_innerbrightness_US_2026-03-21_2026-04-20.json,2026-04-21 01:59:24
84198,2026-04-21 01:59:24.822405,2026-04-21 01:59:24.822405,2026-04-08,19.99,1.1449026345933562,1,Other on-Amazon,19.99,19.99,,19.99,0,1,PAUSED,1,300.0,1,1,2.91,1,423904171460856,0.6674082313681869,0,,87.34367183591797,1,0,USD,,1,1,manual,19.99,,0,19.99,0,1,17.46,1,DAILY_BUDGET,1,1,17.46,Amazon,19.99,19.99,899,1,1,1,6,Inner-SP-KW-gumm-magnesium-EM-CPC-222,spCampaign_placement,US,INNERBRIGHTNESS,spCampaign_placement_innerbrightness_US_2026-03-21_2026-04-20.json,2026-04-21 01:59:24
84199,2026-04-21 01:59:24.822405,2026-04-21 01:59:24.822405,2026-04-09,59.97,1.0952558834516248,4,Other on-Amazon,59.97,87.96,,59.97,0,3,PAUSED,3,300.0,4,3,2.97,4,423904171460856,0.7009345794392523,0,,91.30286493860847,4,0,USD,,3,4,manual,59.97,,0,87.96,0,3,80.31,3,DAILY_BUDGET,4,3,80.31,Amazon,87.96,87.96,3852,3,4,4,27,Inner-SP-KW-gumm-magnesium-EM-CPC-222,spCampaign_placement,US,INNERBRIGHTNESS,spCampaign_placement_innerbrightness_US_2026-03-21_2026-04-20.json,2026-04-21 01:59:24
84200,2026-04-21 01:59:24.822405,2026-04-21 01:59:24.822405,2026-04-10,19.99,0.7123689727463312,1,Other on-Amazon,33.98,33.98,,33.98,0,1,PAUSED,2,300.0,2,2,2.98,2,423904171460856,0.5020395356134295,0,,140.37669217186584,2,0,USD,,2,2,manual,33.98,,0,19.99,0,2,47.7,1,DAILY_BUDGET,1,2,47.7,Amazon,33.98,33.98,3187,2,2,2,16,Inner-SP-KW-gumm-magnesium-EM-CPC-222,spCampaign_placement,US,INNERBRIGHTNESS,spCampaign_placement_innerbrightness_US_2026-03-21_2026-04-20.json,2026-04-21 01:59:24
84208,2026-04-21 01:59:24.822405,2026-04-21 01:59:24.822405,2026-04-04,0.0,nan,0,Top of Search on-Amazon,0.0,0.0,,0.0,0,0,PAUSED,0,300.0,0,0,0.0,0,423904171460856,0.0,0,,nan,0,0,USD,,0,0,manual,0.0,,0,0.0,0,0,0.0,0,DAILY_BUDGET,0,0,0.0,Amazon,0.0,0.0,7,0,0,0,0,Inner-SP-KW-gumm-magnesium-EM-CPC-222,spCampaign_placement,US,INNERBRIGHTNESS,spCampaign_placement_innerbrightness_US_2026-03-21_2026-04-20.json,2026-04-21 01:59:24
84209,2026-04-21 01:59:24.822405,2026-04-21 01:59:24.822405,2026-04-05,0.0,nan,0,Top of Search on-Amazon,0.0,0.0,,0.0,0,0,PAUSED,0,300.0,0,0,0.0,0,423904171460856,0.0,0,,nan,0,0,USD,,0,0,manual,0.0,,0,0.0,0,0,0.0,0,DAILY_BUDGET,0,0,0.0,Amazon,0.0,0.0,14,0,0,0,0,Inner-SP-KW-gumm-magnesium-EM-CPC-222,spCampaign_placement,US,INNERBRIGHTNESS,spCampaign_placement_innerbrightness_US_2026-03-21_2026-04-20.json,2026-04-21 01:59:24
84210,2026-04-21 01:59:24.822405,2026-04-21 01:59:24.822405,2026-04-06,0.0,0.0,0,Top of Search on-Amazon,0.0,0.0,,0.0,0,0,PAUSED,0,300.0,0,0,2.79,0,423904171460856,8.695652173913043,0,,nan,0,0,USD,,0,0,manual,0.0,,0,0.0,0,0,5.59,0,DAILY_BUDGET,0,0,5.59,Amazon,0.0,0.0,23,0,0,0,2,Inner-SP-KW-gumm-magnesium-EM-CPC-222,spCampaign_placement,US,INNERBRIGHTNESS,spCampaign_placement_innerbrightness_US_2026-03-21_2026-04-20.json,2026-04-21 01:59:24
84211,2026-04-21 01:59:24.822405,2026-04-21 01:59:24.822405,2026-04-07,19.99,3.261011419249592,1,Top of Search on-Amazon,19.99,19.99,,19.99,0,1,PAUSED,1,300.0,1,1,3.06,1,423904171460856,13.333333333333334,0,,30.665332666333168,1,0,USD,,1,1,manual,19.99,,0,19.99,0,1,6.13,1,DAILY_BUDGET,1,1,6.13,Amazon,19.99,19.99,15,1,1,1,2,Inner-SP-KW-gumm-magnesium-EM-CPC-222,spCampaign_placement,US,INNERBRIGHTNESS,spCampaign_placement_innerbrightness_US_2026-03-21_2026-04-20.json,2026-04-21 01:59:24
84212,2026-04-21 01:59:24.822405,2026-04-21 01:59:24.822405,2026-04-08,0.0,nan,0,Top of Search on-Amazon,0.0,0.0,,0.0,0,0,PAUSED,0,300.0,0,0,0.0,0,423904171460856,0.0,0,,nan,0,0,USD,,0,0,manual,0.0,,0,0.0,0,0,0.0,0,DAILY_BUDGET,0,0,0.0,Amazon,0.0,0.0,36,0,0,0,0,Inner-SP-KW-gumm-magnesium-EM-CPC-222,spCampaign_placement,US,INNERBRIGHTNESS,spCampaign_placement_innerbrightness_US_2026-03-21_2026-04-20.json,2026-04-21 01:59:24
84213,2026-04-21 01:59:24.822405,2026-04-21 01:59:24.822405,2026-04-09,0.0,0.0,0,Top of Search on-Amazon,0.0,0.0,,0.0,0,0,PAUSED,0,300.0,0,0,3.5,0,423904171460856,6.521739130434782,0,,nan,0,0,USD,,0,0,manual,0.0,,0,0.0,0,0,10.5,0,DAILY_BUDGET,0,0,10.5,Amazon,0.0,0.0,46,0,0,0,3,Inner-SP-KW-gumm-magnesium-EM-CPC-222,spCampaign_placement,US,INNERBRIGHTNESS,spCampaign_placement_innerbrightness_US_2026-03-21_2026-04-20.json,2026-04-21 01:59:24
84228,2026-04-21 01:59:24.822405,2026-04-21 01:59:24.822405,2026-04-04,0.0,nan,0,Detail Page on-Amazon,0.0,0.0,,0.0,0,0,ENABLED,0,1.0,0,0,0.0,0,399896724869227,0.0,0,,nan,0,0,USD,,0,0,manual,0.0,,0,0.0,0,0,0.0,0,DAILY_BUDGET,0,0,0.0,Amazon,0.0,0.0,19,0,0,0,0,Inner-SP-KW-gumm-magnesium glaycinate-PM-CPC-56,spCampaign_placement,US,INNERBRIGHTNESS,spCampaign_placement_innerbrightness_US_2026-03-21_2026-04-20.json,2026-04-21 01:59:24
84229,2026-04-21 01:59:24.822405,2026-04-21 01:59:24.822405,2026-04-05,0.0,nan,0,Detail Page on-Amazon,0.0,0.0,,0.0,0,0,ENABLED,0,1.0,0,0,0.0,0,399896724869227,0.0,0,,nan,0,0,USD,,0,0,manual,0.0,,0,0.0,0,0,0.0,0,DAILY_BUDGET,0,0,0.0,Amazon,0.0,0.0,21,0,0,0,0,Inner-SP-KW-gumm-magnesium glaycinate-PM-CPC-56,spCampaign_placement,US,INNERBRIGHTNESS,spCampaign_placement_innerbrightness_US_2026-03-21_2026-04-20.json,2026-04-21 01:59:24
84230,2026-04-21 01:59:24.822405,2026-04-21 01:59:24.822405,2026-04-06,0.0,nan,0,Detail Page on-Amazon,0.0,0.0,,0.0,0,0,ENABLED,0,1.0,0,0,0.0,0,399896724869227,0.0,0,,nan,0,0,USD,,0,0,manual,0.0,,0,0.0,0,0,0.0,0,DAILY_BUDGET,0,0,0.0,Amazon,0.0,0.0,43,0,0,0,0,Inner-SP-KW-gumm-magnesium glaycinate-PM-CPC-56,spCampaign_placement,US,INNERBRIGHTNESS,spCampaign_placement_innerbrightness_US_2026-03-21_2026-04-20.json,2026-04-21 01:59:24
84231,2026-04-21 01:59:24.822405,2026-04-21 01:59:24.822405,2026-04-07,0.0,nan,0,Detail Page on-Amazon,0.0,0.0,,0.0,0,0,ENABLED,0,1.0,0,0,0.0,0,399896724869227,0.0,0,,nan,0,0,USD,,0,0,manual,0.0,,0,0.0,0,0,0.0,0,DAILY_BUDGET,0,0,0.0,Amazon,0.0,0.0,22,0,0,0,0,Inner-SP-KW-gumm-magnesium glaycinate-PM-CPC-56,spCampaign_placement,US,INNERBRIGHTNESS,spCampaign_placement_innerbrightness_US_2026-03-21_2026-04-20.json,2026-04-21 01:59:24
84232,2026-04-21 01:59:24.822405,2026-04-21 01:59:24.822405,2026-04-08,0.0,nan,0,Detail Page on-Amazon,0.0,0.0,,0.0,0,0,ENABLED,0,1.0,0,0,0.0,0,399896724869227,0.0,0,,nan,0,0,USD,,0,0,manual,0.0,,0,0.0,0,0,0.0,0,DAILY_BUDGET,0,0,0.0,Amazon,0.0,0.0,16,0,0,0,0,Inner-SP-KW-gumm-magnesium glaycinate-PM-CPC-56,spCampaign_placement,US,INNERBRIGHTNESS,spCampaign_placement_innerbrightness_US_2026-03-21_2026-04-20.json,2026-04-21 01:59:24
84233,2026-04-21 01:59:24.822405,2026-04-21 01:59:24.822405,2026-04-09,0.0,0.0,0,Detail Page on-Amazon,0.0,0.0,,0.0,0,0,ENABLED,0,1.0,0,0,0.07,0,399896724869227,1.8867924528301887,0,,nan,0,0,USD,,0,0,manual,0.0,,0,0.0,0,0,0.07,0,DAILY_BUDGET,0,0,0.07,Amazon,0.0,0.0,53,0,0,0,1,Inner-SP-KW-gumm-magnesium glaycinate-PM-CPC-56,spCampaign_placement,US,INNERBRIGHTNESS,spCampaign_placement_innerbrightness_US_2026-03-21_2026-04-20.json,2026-04-21 01:59:24
84234,2026-04-21 01:59:24.822405,2026-04-21 01:59:24.822405,2026-04-10,0.0,nan,0,Detail Page on-Amazon,0.0,0.0,,0.0,0,0,ENABLED,0,1.0,0,0,0.0,0,399896724869227,0.0,0,,nan,0,0,USD,,0,0,manual,0.0,,0,0.0,0,0,0.0,0,DAILY_BUDGET,0,0,0.0,Amazon,0.0,0.0,228,0,0,0,0,Inner-SP-KW-gumm-magnesium glaycinate-PM-CPC-56,spCampaign_placement,US,INNERBRIGHTNESS,spCampaign_placement_innerbrightness_US_2026-03-21_2026-04-20.json,2026-04-21 01:59:24
84249,2026-04-21 01:59:24.822405,2026-04-21 01:59:24.822405,2026-04-04,79.96,0.6174994208046952,4,Other on-Amazon,79.96,79.96,,79.96,0,4,ENABLED,4,1.0,4,4,2.49,4,399896724869227,0.6409466288672501,0,,161.94347173586797,4,0,USD,,4,4,manual,79.96,,0,79.96,0,4,129.49,4,DAILY_BUDGET,4,4,129.49,Amazon,79.96,79.96,8113,4,4,4,52,Inner-SP-KW-gumm-magnesium glaycinate-PM-CPC-56,spCampaign_placement,US,INNERBRIGHTNESS,spCampaign_placement_innerbrightness_US_2026-03-21_2026-04-20.json,2026-04-21 01:59:24
84250,2026-04-21 01:59:24.822405,2026-04-21 01:59:24.822405,2026-04-05,59.97,1.1403911690620834,5,Other on-Amazon,99.95,153.93,,99.95,0,3,ENABLED,5,1.0,7,5,2.5,7,399896724869227,0.6613594611145132,0,,87.6892093808874,7,0,USD,,5,7,manual,99.95,,0,113.95,0,5,134.98,3,DAILY_BUDGET,5,5,134.98,Amazon,153.93,153.93,8165,5,7,7,54,Inner-SP-KW-gumm-magnesium glaycinate-PM-CPC-56,spCampaign_placement,US,INNERBRIGHTNESS,spCampaign_placement_innerbrightness_US_2026-03-21_2026-04-20.json,2026-04-21 01:59:24
84251,2026-04-21 01:59:24.822405,2026-04-21 01:59:24.822405,2026-04-06,139.93,0.8148730491497788,7,Other on-Amazon,139.93,139.93,,139.93,0,7,ENABLED,7,1.0,7,7,2.49,7,399896724869227,0.6144803633449105,0,,122.71850210819694,7,0,USD,,7,7,manual,139.93,,0,139.93,0,7,171.72,7,DAILY_BUDGET,7,7,171.72,Amazon,139.93,139.93,11229,7,7,7,69,Inner-SP-KW-gumm-magnesium glaycinate-PM-CPC-56,spCampaign_placement,US,INNERBRIGHTNESS,spCampaign_placement_innerbrightness_US_2026-03-21_2026-04-20.json,2026-04-21 01:59:24
84252,2026-04-21 01:59:24.822405,2026-04-21 01:59:24.822405,2026-04-07,119.94,1.7070763631273185,8,Other on-Amazon,159.92,243.89,,159.92,0,6,ENABLED,8,1.0,11,8,2.46,11,399896724869227,0.5891315388522093,0,,58.57968756406577,11,0,USD,,8,11,manual,159.92,,0,175.92,0,8,142.87,6,DAILY_BUDGET,8,8,142.87,Amazon,243.89,243.89,9845,8,11,11,58,Inner-SP-KW-gumm-magnesium glaycinate-PM-CPC-56,spCampaign_placement,US,INNERBRIGHTNESS,spCampaign_placement_innerbrightness_US_2026-03-21_2026-04-20.json,2026-04-21 01:59:24
84253,2026-04-21 01:59:24.822405,2026-04-21 01:59:24.822405,2026-04-08,19.99,0.40438263801095653,2,Other on-Amazon,19.99,47.98,,19.99,0,1,ENABLED,1,1.0,2,1,2.47,2,399896724869227,0.5756776205325018,0,,247.2905377240517,2,0,USD,,1,2,manual,19.99,,0,47.98,0,1,118.65,1,DAILY_BUDGET,2,1,118.65,Amazon,47.98,47.98,8338,1,2,2,48,Inner-SP-KW-gumm-magnesium glaycinate-PM-CPC-56,spCampaign_placement,US,INNERBRIGHTNESS,spCampaign_placement_innerbrightness_US_2026-03-21_2026-04-20.json,2026-04-21 01:59:24
84254,2026-04-21 01:59:24.822405,2026-04-21 01:59:24.822405,2026-04-09,159.92,1.6191229866865282,8,Other on-Amazon,173.91,159.92,,173.91,0,8,ENABLED,8,1.0,8,9,2.5,9,399896724869227,0.533498759305211,0,,61.76183083203956,9,0,USD,,9,8,manual,159.92,,0,159.92,0,9,107.41,8,DAILY_BUDGET,8,8,107.41,Amazon,173.91,173.91,8060,9,9,9,43,Inner-SP-KW-gumm-magnesium glaycinate-PM-CPC-56,spCampaign_placement,US,INNERBRIGHTNESS,spCampaign_placement_innerbrightness_US_2026-03-21_2026-04-20.json,2026-04-21 01:59:24
84255,2026-04-21 01:59:24.822405,2026-04-21 01:59:24.822405,2026-04-10,119.94,1.1439198855507868,6,Other on-Amazon,119.94,119.94,,119.94,0,6,ENABLED,6,1.0,6,6,2.44,6,399896724869227,0.5597500650872169,0,,87.41870935467733,6,0,USD,,6,6,manual,119.94,,0,119.94,0,6,104.85,6,DAILY_BUDGET,6,6,104.85,Amazon,119.94,119.94,7682,6,6,6,43,Inner-SP-KW-gumm-magnesium glaycinate-PM-CPC-56,spCampaign_placement,US,INNERBRIGHTNESS,spCampaign_placement_innerbrightness_US_2026-03-21_2026-04-20.json,2026-04-21 01:59:24
84270,2026-04-21 01:59:24.822405,2026-04-21 01:59:24.822405,2026-04-04,259.87,0.9023190442726633,15,Top of Search on-Amazon,279.86,333.84,,279.86,0,13,ENABLED,14,1.0,16,14,3.43,16,399896724869227,10.207939508506616,0,,110.82554517133958,16,0,USD,,14,16,manual,279.86,,0,313.85,0,14,369.98,13,DAILY_BUDGET,15,14,369.98,Amazon,333.84,333.84,1058,14,16,16,108,Inner-SP-KW-gumm-magnesium glaycinate-PM-CPC-56,spCampaign_placement,US,INNERBRIGHTNESS,spCampaign_placement_innerbrightness_US_2026-03-21_2026-04-20.json,2026-04-21 01:59:24
84271,2026-04-21 01:59:24.822405,2026-04-21 01:59:24.822405,2026-04-05,319.84,1.1349953672778987,20,Top of Search on-Amazon,421.78,484.77,,421.78,0,16,ENABLED,19,1.0,23,22,3.39,26,399896724869227,10.522273425499233,0,,88.10608649428559,26,0,USD,,22,23,manual,379.81,,0,424.8,0,22,464.09,16,DAILY_BUDGET,20,19,464.09,Amazon,526.74,526.74,1302,22,26,26,137,Inner-SP-KW-gumm-magnesium glaycinate-PM-CPC-56,spCampaign_placement,US,INNERBRIGHTNESS,spCampaign_placement_innerbrightness_US_2026-03-21_2026-04-20.json,2026-04-21 01:59:24
84272,2026-04-21 01:59:24.822405,2026-04-21 01:59:24.822405,2026-04-06,619.69,1.3307612029980078,37,Top of Search on-Amazon,679.66,841.6,,679.66,0,31,ENABLED,30,1.0,36,34,3.36,40,399896724869227,9.858416360776088,0,,75.14496197718631,40,0,USD,,34,40,manual,679.66,,0,781.63,0,30,632.42,27,DAILY_BUDGET,33,34,632.42,Amazon,841.6,841.6,1907,30,36,36,188,Inner-SP-KW-gumm-magnesium glaycinate-PM-CPC-56,spCampaign_placement,US,INNERBRIGHTNESS,spCampaign_placement_innerbrightness_US_2026-03-21_2026-04-20.json,2026-04-21 01:59:24
84273,2026-04-21 01:59:24.822405,2026-04-21 01:59:24.822405,2026-04-07,79.96,0.34692814994793475,4,Top of Search on-Amazon,79.96,79.96,,79.96,0,4,ENABLED,4,1.0,4,4,3.29,4,399896724869227,6.499535747446611,0,,288.2441220610305,4,0,USD,,4,4,manual,79.96,,0,79.96,0,4,230.48,4,DAILY_BUDGET,4,4,230.48,Amazon,79.96,79.96,1077,4,4,4,70,Inner-SP-KW-gumm-magnesium glaycinate-PM-CPC-56,spCampaign_placement,US,INNERBRIGHTNESS,spCampaign_placement_innerbrightness_US_2026-03-21_2026-04-20.json,2026-04-21 01:59:24
84274,2026-04-21 01:59:24.822405,2026-04-21 01:59:24.822405,2026-04-08,59.97,1.140272001798359,5,Top of Search on-Amazon,93.95,163.93,,93.95,0,3,ENABLED,4,1.0,7,5,3.42,9,399896724869227,6.508135168961202,0,,87.69837358304584,9,0,USD,,5,7,manual,79.96,,0,115.95,0,5,177.94,3,DAILY_BUDGET,5,4,177.94,Amazon,202.9,202.9,799,5,9,9,52,Inner-SP-KW-gumm-magnesium glaycinate-PM-CPC-56,spCampaign_placement,US,INNERBRIGHTNESS,spCampaign_placement_innerbrightness_US_2026-03-21_2026-04-20.json,2026-04-21 01:59:24
84275,2026-04-21 01:59:24.822405,2026-04-21 01:59:24.822405,2026-04-09,139.93,1.4481741296794073,9,Top of Search on-Amazon,139.93,220.89,,139.93,0,7,ENABLED,6,1.0,9,7,3.39,10,399896724869227,5.244755244755245,0,,69.05246955498212,10,0,USD,,7,10,manual,139.93,,0,195.91,0,6,152.53,6,DAILY_BUDGET,8,7,152.53,Amazon,220.89,220.89,858,6,9,9,45,Inner-SP-KW-gumm-magnesium glaycinate-PM-CPC-56,spCampaign_placement,US,INNERBRIGHTNESS,spCampaign_placement_innerbrightness_US_2026-03-21_2026-04-20.json,2026-04-21 01:59:24
84276,2026-04-21 01:59:24.822405,2026-04-21 01:59:24.822405,2026-04-10,219.89,1.7737388193202146,12,Top of Search on-Amazon,219.89,247.88,,219.89,0,11,ENABLED,10,1.0,11,11,3.33,12,399896724869227,5.8495821727019495,0,,56.37808617072777,12,0,USD,,11,12,manual,219.89,,0,247.88,0,10,139.75,10,DAILY_BUDGET,11,11,139.75,Amazon,247.88,247.88,718,10,11,11,42,Inner-SP-KW-gumm-magnesium glaycinate-PM-CPC-56,spCampaign_placement,US,INNERBRIGHTNESS,spCampaign_placement_innerbrightness_US_2026-03-21_2026-04-20.json,2026-04-21 01:59:24
84292,2026-04-21 01:59:24.822405,2026-04-21 01:59:24.822405,2026-04-04,0.0,nan,0,Detail Page on-Amazon,0.0,0.0,,0.0,0,0,ENABLED,0,1300.0,0,0,0.0,0,558606714617685,0.0,0,,nan,0,0,USD,,0,0,manual,0.0,,0,0.0,0,0,0.0,0,DAILY_BUDGET,0,0,0.0,Amazon,0.0,0.0,6,0,0,0,0,Inner-SP-Auto-gumm-magnesium-CPC-Low bid,spCampaign_placement,US,INNERBRIGHTNESS,spCampaign_placement_innerbrightness_US_2026-03-21_2026-04-20.json,2026-04-21 01:59:24
84293,2026-04-21 01:59:24.822405,2026-04-21 01:59:24.822405,2026-04-05,0.0,nan,0,Detail Page on-Amazon,0.0,0.0,,0.0,0,0,ENABLED,0,1300.0,0,0,0.0,0,558606714617685,0.0,0,,nan,0,0,USD,,0,0,manual,0.0,,0,0.0,0,0,0.0,0,DAILY_BUDGET,0,0,0.0,Amazon,0.0,0.0,9,0,0,0,0,Inner-SP-Auto-gumm-magnesium-CPC-Low bid,spCampaign_placement,US,INNERBRIGHTNESS,spCampaign_placement_innerbrightness_US_2026-03-21_2026-04-20.json,2026-04-21 01:59:24
84294,2026-04-21 01:59:24.822405,2026-04-21 01:59:24.822405,2026-04-06,0.0,nan,0,Detail Page on-Amazon,0.0,0.0,,0.0,0,0,ENABLED,0,1300.0,0,0,0.0,0,558606714617685,0.0,0,,nan,0,0,USD,,0,0,manual,0.0,,0,0.0,0,0,0.0,0,DAILY_BUDGET,0,0,0.0,Amazon,0.0,0.0,6,0,0,0,0,Inner-SP-Auto-gumm-magnesium-CPC-Low bid,spCampaign_placement,US,INNERBRIGHTNESS,spCampaign_placement_innerbrightness_US_2026-03-21_2026-04-20.json,2026-04-21 01:59:24
84295,2026-04-21 01:59:24.822405,2026-04-21 01:59:24.822405,2026-04-07,0.0,nan,0,Detail Page on-Amazon,0.0,0.0,,0.0,0,0,ENABLED,0,1300.0,0,0,0.0,0,558606714617685,0.0,0,,nan,0,0,USD,,0,0,manual,0.0,,0,0.0,0,0,0.0,0,DAILY_BUDGET,0,0,0.0,Amazon,0.0,0.0,22,0,0,0,0,Inner-SP-Auto-gumm-magnesium-CPC-Low bid,spCampaign_placement,US,INNERBRIGHTNESS,spCampaign_placement_innerbrightness_US_2026-03-21_2026-04-20.json,2026-04-21 01:59:24
84296,2026-04-21 01:59:24.822405,2026-04-21 01:59:24.822405,2026-04-08,0.0,nan,0,Detail Page on-Amazon,0.0,0.0,,0.0,0,0,ENABLED,0,1300.0,0,0,0.0,0,558606714617685,0.0,0,,nan,0,0,USD,,0,0,manual,0.0,,0,0.0,0,0,0.0,0,DAILY_BUDGET,0,0,0.0,Amazon,0.0,0.0,24,0,0,0,0,Inner-SP-Auto-gumm-magnesium-CPC-Low bid,spCampaign_placement,US,INNERBRIGHTNESS,spCampaign_placement_innerbrightness_US_2026-03-21_2026-04-20.json,2026-04-21 01:59:24
84297,2026-04-21 01:59:24.822405,2026-04-21 01:59:24.822405,2026-04-09,0.0,nan,0,Detail Page on-Amazon,0.0,0.0,,0.0,0,0,ENABLED,0,1300.0,0,0,0.0,0,558606714617685,0.0,0,,nan,0,0,USD,,0,0,manual,0.0,,0,0.0,0,0,0.0,0,DAILY_BUDGET,0,0,0.0,Amazon,0.0,0.0,29,0,0,0,0,Inner-SP-Auto-gumm-magnesium-CPC-Low bid,spCampaign_placement,US,INNERBRIGHTNESS,spCampaign_placement_innerbrightness_US_2026-03-21_2026-04-20.json,2026-04-21 01:59:24
84298,2026-04-21 01:59:24.822405,2026-04-21 01:59:24.822405,2026-04-10,0.0,nan,0,Detail Page on-Amazon,0.0,0.0,,0.0,0,0,ENABLED,0,1300.0,0,0,0.0,0,558606714617685,0.0,0,,nan,0,0,USD,,0,0,manual,0.0,,0,0.0,0,0,0.0,0,DAILY_BUDGET,0,0,0.0,Amazon,0.0,0.0,45,0,0,0,0,Inner-SP-Auto-gumm-magnesium-CPC-Low bid,spCampaign_placement,US,INNERBRIGHTNESS,spCampaign_placement_innerbrightness_US_2026-03-21_2026-04-20.json,2026-04-21 01:59:24
84300,2026-04-21 01:59:24.822405,2026-04-21 01:59:24.822405,2026-04-08,0.0,nan,0,Off Amazon,0.0,0.0,,0.0,0,0,ENABLED,0,1300.0,0,0,0.0,0,558606714617685,nan,0,,nan,0,0,USD,,0,0,manual,0.0,,0,0.0,0,0,0.0,0,DAILY_BUDGET,0,0,0.0,Amazon,0.0,0.0,0,0,0,0,0,Inner-SP-Auto-gumm-magnesium-CPC-Low bid,spCampaign_placement,US,INNERBRIGHTNESS,spCampaign_placement_innerbrightness_US_2026-03-21_2026-04-20.json,2026-04-21 01:59:24
84301,2026-04-21 01:59:24.822405,2026-04-21 01:59:24.822405,2026-04-09,0.0,nan,0,Off Amazon,0.0,0.0,,0.0,0,0,ENABLED,0,1300.0,0,0,0.0,0,558606714617685,nan,0,,nan,0,0,USD,,0,0,manual,0.0,,0,0.0,0,0,0.0,0,DAILY_BUDGET,0,0,0.0,Amazon,0.0,0.0,0,0,0,0,0,Inner-SP-Auto-gumm-magnesium-CPC-Low bid,spCampaign_placement,US,INNERBRIGHTNESS,spCampaign_placement_innerbrightness_US_2026-03-21_2026-04-20.json,2026-04-21 01:59:24
84310,2026-04-21 01:59:24.822405,2026-04-21 01:59:24.822405,2026-04-04,219.89,0.9688284923037289,14,Other on-Amazon,219.89,300.86,,219.89,0,11,ENABLED,11,1300.0,14,11,2.99,14,558606714617685,1.2172284644194757,0,,103.2174433291232,14,0,USD,,11,14,manual,219.89,,0,300.86,0,11,310.54,11,DAILY_BUDGET,14,11,310.54,Amazon,300.86,300.86,8544,11,14,14,104,Inner-SP-Auto-gumm-magnesium-CPC-Low bid,spCampaign_placement,US,INNERBRIGHTNESS,spCampaign_placement_innerbrightness_US_2026-03-21_2026-04-20.json,2026-04-21 01:59:24
84311,2026-04-21 01:59:24.822405,2026-04-21 01:59:24.822405,2026-04-05,399.8,1.2153302265788204,22,Other on-Amazon,399.8,453.78,,399.8,0,20,ENABLED,19,1300.0,21,20,2.99,22,558606714617685,1.1055098611479615,0,,82.2821631627661,22,0,USD,,20,22,manual,399.8,,0,453.78,0,19,373.38,19,DAILY_BUDGET,21,20,373.38,Amazon,453.78,453.78,11307,19,21,21,125,Inner-SP-Auto-gumm-magnesium-CPC-Low bid,spCampaign_placement,US,INNERBRIGHTNESS,spCampaign_placement_innerbrightness_US_2026-03-21_2026-04-20.json,2026-04-21 01:59:24
84312,2026-04-21 01:59:24.822405,2026-04-21 01:59:24.822405,2026-04-06,439.78,1.456516654191617,25,Other on-Amazon,541.72,580.72,,541.72,0,22,ENABLED,25,1300.0,27,28,2.99,31,558606714617685,0.9519371588337106,0,,68.65695610978175,31,0,USD,,28,28,manual,499.75,,0,520.75,0,28,427.52,22,DAILY_BUDGET,24,25,427.52,Amazon,622.69,622.69,15022,28,30,30,143,Inner-SP-Auto-gumm-magnesium-CPC-Low bid,spCampaign_placement,US,INNERBRIGHTNESS,spCampaign_placement_innerbrightness_US_2026-03-21_2026-04-20.json,2026-04-21 01:59:24
84313,2026-04-21 01:59:24.822405,2026-04-21 01:59:24.822405,2026-04-07,579.71,1.368811304036934,33,Other on-Amazon,687.65,852.59,,687.65,0,29,ENABLED,33,1300.0,40,35,2.98,42,558606714617685,1.0290124339002429,0,,73.05608866983884,42,0,USD,,35,40,manual,659.67,,0,691.67,0,35,643.31,29,DAILY_BUDGET,33,33,643.31,Amazon,880.57,880.57,20991,35,42,42,216,Inner-SP-Auto-gumm-magnesium-CPC-Low bid,spCampaign_placement,US,INNERBRIGHTNESS,spCampaign_placement_innerbrightness_US_2026-03-21_2026-04-20.json,2026-04-21 01:59:24
84314,2026-04-21 01:59:24.822405,2026-04-21 01:59:24.822405,2026-04-08,279.86,0.6706599145434404,16,Other on-Amazon,367.81,409.8,,367.81,0,14,ENABLED,18,1300.0,20,19,2.95,21,558606714617685,0.8290396311935846,0,,149.106868968121,21,0,USD,,19,20,manual,353.82,,0,335.84,0,19,631.9,14,DAILY_BUDGET,16,18,631.9,Amazon,423.79,423.79,25813,19,21,21,214,Inner-SP-Auto-gumm-magnesium-CPC-Low bid,spCampaign_placement,US,INNERBRIGHTNESS,spCampaign_placement_innerbrightness_US_2026-03-21_2026-04-20.json,2026-04-21 01:59:24
84315,2026-04-21 01:59:24.822405,2026-04-21 01:59:24.822405,2026-04-09,339.83,0.8733936973626981,18,Other on-Amazon,413.79,427.79,,413.79,0,17,ENABLED,20,1300.0,21,21,2.75,22,558606714617685,0.8521280044458852,0,,114.495902938114,22,0,USD,,21,21,manual,399.8,,0,367.82,0,21,505.82,17,DAILY_BUDGET,18,20,505.82,Amazon,441.78,441.78,21593,21,22,22,184,Inner-SP-Auto-gumm-magnesium-CPC-Low bid,spCampaign_placement,US,INNERBRIGHTNESS,spCampaign_placement_innerbrightness_US_2026-03-21_2026-04-20.json,2026-04-21 01:59:24
84316,2026-04-21 01:59:24.822405,2026-04-21 01:59:24.822405,2026-04-10,199.9,0.805778639342749,11,Other on-Amazon,233.88,261.87,,233.88,0,10,ENABLED,12,1300.0,13,12,2.78,13,558606714617685,0.8876413018739095,0,,124.10356283652193,13,0,USD,,12,13,manual,233.88,,0,227.89,0,12,324.99,10,DAILY_BUDGET,11,12,324.99,Amazon,261.87,261.87,13181,12,13,13,117,Inner-SP-Auto-gumm-magnesium-CPC-Low bid,spCampaign_placement,US,INNERBRIGHTNESS,spCampaign_placement_innerbrightness_US_2026-03-21_2026-04-20.json,2026-04-21 01:59:24
84325,2026-04-21 01:59:24.822405,2026-04-21 01:59:24.822405,2026-04-04,59.97,1.7281399046104926,4,Top of Search on-Amazon,59.97,86.96,,59.97,0,3,ENABLED,3,1300.0,4,3,3.35,4,558606714617685,8.928571428571429,0,,57.8656853725851,4,0,USD,,3,4,manual,59.97,,0,86.96,0,3,50.32,3,DAILY_BUDGET,4,3,50.32,Amazon,86.96,86.96,168,3,4,4,15,Inner-SP-Auto-gumm-magnesium-CPC-Low bid,spCampaign_placement,US,INNERBRIGHTNESS,spCampaign_placement_innerbrightness_US_2026-03-21_2026-04-20.json,2026-04-21 01:59:24
84326,2026-04-21 01:59:24.822405,2026-04-21 01:59:24.822405,2026-04-05,79.96,1.1502473650247365,5,Top of Search on-Amazon,79.96,106.95,,79.96,0,4,ENABLED,4,1300.0,5,4,3.32,5,558606714617685,9.395973154362416,0,,86.93782141187471,5,0,USD,,4,5,manual,79.96,,0,106.95,0,4,92.98,4,DAILY_BUDGET,5,4,92.98,Amazon,106.95,106.95,298,4,5,5,28,Inner-SP-Auto-gumm-magnesium-CPC-Low bid,spCampaign_placement,US,INNERBRIGHTNESS,spCampaign_placement_innerbrightness_US_2026-03-21_2026-04-20.json,2026-04-21 01:59:24
84327,2026-04-21 01:59:24.822405,2026-04-21 01:59:24.822405,2026-04-06,139.93,1.4713089466725429,8,Top of Search on-Amazon,139.93,166.92,,139.93,0,7,ENABLED,7,1300.0,8,7,3.34,8,558606714617685,9.826589595375722,0,,67.96669063024204,8,0,USD,,7,8,manual,139.93,,0,166.92,0,7,113.45,7,DAILY_BUDGET,8,7,113.45,Amazon,166.92,166.92,346,7,8,8,34,Inner-SP-Auto-gumm-magnesium-CPC-Low bid,spCampaign_placement,US,INNERBRIGHTNESS,spCampaign_placement_innerbrightness_US_2026-03-21_2026-04-20.json,2026-04-21 01:59:24
84328,2026-04-21 01:59:24.822405,2026-04-21 01:59:24.822405,2026-04-07,439.78,1.2634632034632036,25,Top of Search on-Amazon,499.75,583.72,,499.75,0,22,ENABLED,24,1300.0,27,25,3.53,28,558606714617685,10.290652003142183,0,,79.14753649009799,28,0,USD,,25,28,manual,499.75,,0,523.75,0,24,462.0,21,DAILY_BUDGET,24,25,462.0,Amazon,583.72,583.72,1273,24,27,27,131,Inner-SP-Auto-gumm-magnesium-CPC-Low bid,spCampaign_placement,US,INNERBRIGHTNESS,spCampaign_placement_innerbrightness_US_2026-03-21_2026-04-20.json,2026-04-21 01:59:24
84329,2026-04-21 01:59:24.822405,2026-04-21 01:59:24.822405,2026-04-08,599.7,1.732623680952117,35,Top of Search on-Amazon,769.6,881.58,,769.6,0,30,ENABLED,35,1300.0,41,40,3.45,46,558606714617685,10.910354412786658,0,,57.71593745333533,46,0,USD,,40,42,manual,713.64,,0,739.65,0,39,541.11,30,DAILY_BUDGET,35,36,541.11,Amazon,937.54,937.54,1439,39,45,45,157,Inner-SP-Auto-gumm-magnesium-CPC-Low bid,spCampaign_placement,US,INNERBRIGHTNESS,spCampaign_placement_innerbrightness_US_2026-03-21_2026-04-20.json,2026-04-21 01:59:24
84330,2026-04-21 01:59:24.822405,2026-04-21 01:59:24.822405,2026-04-09,719.64,1.2785454646355336,41,Top of Search on-Amazon,781.6,907.56,,781.6,0,36,ENABLED,37,1300.0,42,40,3.47,45,558606714617685,9.643022716736208,0,,78.21387879116706,45,0,USD,,40,44,manual,767.61,,0,859.59,0,38,720.78,34,DAILY_BUDGET,39,39,720.78,Amazon,921.55,921.55,2157,38,43,43,208,Inner-SP-Auto-gumm-magnesium-CPC-Low bid,spCampaign_placement,US,INNERBRIGHTNESS,spCampaign_placement_innerbrightness_US_2026-03-21_2026-04-20.json,2026-04-21 01:59:24
84331,2026-04-21 01:59:24.822405,2026-04-21 01:59:24.822405,2026-04-10,719.64,1.586293445156946,44,Top of Search on-Amazon,787.6,1036.5,,787.6,0,36,ENABLED,37,1300.0,46,40,3.53,49,558606714617685,9.334006054490414,0,,63.040038591413406,49,0,USD,,40,49,manual,787.6,,0,943.56,0,37,653.41,33,DAILY_BUDGET,41,40,653.41,Amazon,1036.5,1036.5,1982,37,46,46,185,Inner-SP-Auto-gumm-magnesium-CPC-Low bid,spCampaign_placement,US,INNERBRIGHTNESS,spCampaign_placement_innerbrightness_US_2026-03-21_2026-04-20.json,2026-04-21 01:59:24
84342,2026-04-21 01:59:24.822405,2026-04-21 01:59:24.822405,2026-04-10,0.0,nan,0,Top of Search on-Amazon,0.0,0.0,,0.0,0,0,PAUSED,0,200.0,0,0,0.0,0,292978254342032,nan,0,,nan,0,0,USD,,0,0,manual,0.0,,0,0.0,0,0,0.0,0,DAILY_BUDGET,0,0,0.0,Amazon,0.0,0.0,0,0,0,0,0,Inner-SP-KW-gumm-magnesium gummies-EM-CPC-8k,spCampaign_placement,US,INNERBRIGHTNESS,spCampaign_placement_innerbrightness_US_2026-03-21_2026-04-20.json,2026-04-21 01:59:24
84357,2026-04-21 01:59:24.822405,2026-04-21 01:59:24.822405,2026-04-04,0.0,0.0,0,Detail Page on-Amazon,0.0,0.0,,0.0,0,0,ENABLED,0,1.0,0,0,1.37,0,492405995934092,0.04940711462450593,0,,nan,0,0,USD,,0,0,legacy,0.0,,0,0.0,0,0,1.37,0,DAILY_BUDGET,0,0,1.37,Amazon,0.0,0.0,2024,0,0,0,1,Inner-SP-KW-Berberine Capsules-PM-Berberine Supplement-2k,spCampaign_placement,US,INNERBRIGHTNESS,spCampaign_placement_innerbrightness_US_2026-03-21_2026-04-20.json,2026-04-21 01:59:24
84358,2026-04-21 01:59:24.822405,2026-04-21 01:59:24.822405,2026-04-05,21.99,7.201938610662358,2,Detail Page on-Amazon,21.99,44.58,,21.99,0,1,ENABLED,1,1.0,2,1,1.24,2,492405995934092,0.2686727565824825,0,,13.88515029161059,2,0,USD,,1,2,legacy,21.99,,0,44.58,0,1,6.19,1,DAILY_BUDGET,2,1,6.19,Amazon,44.58,44.58,1861,1,2,2,5,Inner-SP-KW-Berberine Capsules-PM-Berberine Supplement-2k,spCampaign_placement,US,INNERBRIGHTNESS,spCampaign_placement_innerbrightness_US_2026-03-21_2026-04-20.json,2026-04-21 01:59:24
84359,2026-04-21 01:59:24.822405,2026-04-21 01:59:24.822405,2026-04-06,0.0,0.0,0,Detail Page on-Amazon,0.0,0.0,,0.0,0,0,ENABLED,0,1.0,0,0,1.5,0,492405995934092,0.13181019332161686,0,,nan,0,0,USD,,0,0,legacy,0.0,,0,0.0,0,0,4.5,0,DAILY_BUDGET,0,0,4.5,Amazon,0.0,0.0,2276,0,0,0,3,Inner-SP-KW-Berberine Capsules-PM-Berberine Supplement-2k,spCampaign_placement,US,INNERBRIGHTNESS,spCampaign_placement_innerbrightness_US_2026-03-21_2026-04-20.json,2026-04-21 01:59:24
84360,2026-04-21 01:59:24.822405,2026-04-21 01:59:24.822405,2026-04-07,0.0,0.0,0,Detail Page on-Amazon,0.0,0.0,,0.0,0,0,ENABLED,0,1.0,0,0,1.24,0,492405995934092,0.0536480686695279,0,,nan,0,0,USD,,0,0,legacy,0.0,,0,0.0,0,0,1.24,0,DAILY_BUDGET,0,0,1.24,Amazon,0.0,0.0,1864,0,0,0,1,Inner-SP-KW-Berberine Capsules-PM-Berberine Supplement-2k,spCampaign_placement,US,INNERBRIGHTNESS,spCampaign_placement_innerbrightness_US_2026-03-21_2026-04-20.json,2026-04-21 01:59:24
84361,2026-04-21 01:59:24.822405,2026-04-21 01:59:24.822405,2026-04-08,0.0,0.0,0,Detail Page on-Amazon,0.0,0.0,,0.0,0,0,ENABLED,0,1.0,0,0,1.5,0,492405995934092,0.11402508551881414,0,,nan,0,0,USD,,0,0,legacy,0.0,,0,0.0,0,0,1.5,0,DAILY_BUDGET,0,0,1.5,Amazon,0.0,0.0,877,0,0,0,1,Inner-SP-KW-Berberine Capsules-PM-Berberine Supplement-2k,spCampaign_placement,US,INNERBRIGHTNESS,spCampaign_placement_innerbrightness_US_2026-03-21_2026-04-20.json,2026-04-21 01:59:24
84362,2026-04-21 01:59:24.822405,2026-04-21 01:59:24.822405,2026-04-09,0.0,0.0,0,Detail Page on-Amazon,0.0,0.0,,0.0,0,0,ENABLED,0,1.0,0,0,1.5,0,492405995934092,0.040584415584415584,0,,nan,0,0,USD,,0,0,legacy,0.0,,0,0.0,0,0,1.5,0,DAILY_BUDGET,0,0,1.5,Amazon,0.0,0.0,2464,0,0,0,1,Inner-SP-KW-Berberine Capsules-PM-Berberine Supplement-2k,spCampaign_placement,US,INNERBRIGHTNESS,spCampaign_placement_innerbrightness_US_2026-03-21_2026-04-20.json,2026-04-21 01:59:24
84363,2026-04-21 01:59:24.822405,2026-04-21 01:59:24.822405,2026-04-10,0.0,0.0,0,Detail Page on-Amazon,0.0,0.0,,0.0,0,0,ENABLED,0,1.0,0,0,1.5,0,492405995934092,0.03850596842510589,0,,nan,0,0,USD,,0,0,legacy,0.0,,0,0.0,0,0,1.5,0,DAILY_BUDGET,0,0,1.5,Amazon,0.0,0.0,2597,0,0,0,1,Inner-SP-KW-Berberine Capsules-PM-Berberine Supplement-2k,spCampaign_placement,US,INNERBRIGHTNESS,spCampaign_placement_innerbrightness_US_2026-03-21_2026-04-20.json,2026-04-21 01:59:24
84378,2026-04-21 01:59:24.822405,2026-04-21 01:59:24.822405,2026-04-04,0.0,nan,0,Other on-Amazon,0.0,0.0,,0.0,0,0,ENABLED,0,1.0,0,0,0.0,0,492405995934092,0.0,0,,nan,0,0,USD,,0,0,legacy,0.0,,0,0.0,0,0,0.0,0,DAILY_BUDGET,0,0,0.0,Amazon,0.0,0.0,63,0,0,0,0,Inner-SP-KW-Berberine Capsules-PM-Berberine Supplement-2k,spCampaign_placement,US,INNERBRIGHTNESS,spCampaign_placement_innerbrightness_US_2026-03-21_2026-04-20.json,2026-04-21 01:59:24
84379,2026-04-21 01:59:24.822405,2026-04-21 01:59:24.822405,2026-04-05,0.0,nan,0,Other on-Amazon,0.0,0.0,,0.0,0,0,ENABLED,0,1.0,0,0,0.0,0,492405995934092,0.0,0,,nan,0,0,USD,,0,0,legacy,0.0,,0,0.0,0,0,0.0,0,DAILY_BUDGET,0,0,0.0,Amazon,0.0,0.0,84,0,0,0,0,Inner-SP-KW-Berberine Capsules-PM-Berberine Supplement-2k,spCampaign_placement,US,INNERBRIGHTNESS,spCampaign_placement_innerbrightness_US_2026-03-21_2026-04-20.json,2026-04-21 01:59:24
84380,2026-04-21 01:59:24.822405,2026-04-21 01:59:24.822405,2026-04-06,0.0,0.0,0,Other on-Amazon,0.0,0.0,,0.0,0,0,ENABLED,0,1.0,0,0,1.5,0,492405995934092,2.0618556701030926,0,,nan,0,0,USD,,0,0,legacy,0.0,,0,0.0,0,0,3.0,0,DAILY_BUDGET,0,0,3.0,Amazon,0.0,0.0,97,0,0,0,2,Inner-SP-KW-Berberine Capsules-PM-Berberine Supplement-2k,spCampaign_placement,US,INNERBRIGHTNESS,spCampaign_placement_innerbrightness_US_2026-03-21_2026-04-20.json,2026-04-21 01:59:24
84381,2026-04-21 01:59:24.822405,2026-04-21 01:59:24.822405,2026-04-07,0.0,nan,0,Other on-Amazon,0.0,0.0,,0.0,0,0,ENABLED,0,1.0,0,0,0.0,0,492405995934092,0.0,0,,nan,0,0,USD,,0,0,legacy,0.0,,0,0.0,0,0,0.0,0,DAILY_BUDGET,0,0,0.0,Amazon,0.0,0.0,177,0,0,0,0,Inner-SP-KW-Berberine Capsules-PM-Berberine Supplement-2k,spCampaign_placement,US,INNERBRIGHTNESS,spCampaign_placement_innerbrightness_US_2026-03-21_2026-04-20.json,2026-04-21 01:59:24
84382,2026-04-21 01:59:24.822405,2026-04-21 01:59:24.822405,2026-04-08,24.49,8.358361774744026,1,Other on-Amazon,24.49,24.49,,24.49,0,1,ENABLED,1,1.0,1,1,1.47,1,492405995934092,1.6528925619834711,0,,11.964066966108618,1,0,USD,,1,1,legacy,24.49,,0,24.49,0,1,2.93,1,DAILY_BUDGET,1,1,2.93,Amazon,24.49,24.49,121,1,1,1,2,Inner-SP-KW-Berberine Capsules-PM-Berberine Supplement-2k,spCampaign_placement,US,INNERBRIGHTNESS,spCampaign_placement_innerbrightness_US_2026-03-21_2026-04-20.json,2026-04-21 01:59:24
84383,2026-04-21 01:59:24.822405,2026-04-21 01:59:24.822405,2026-04-09,24.49,2.2213151927437638,1,Other on-Amazon,48.98,48.98,,48.98,0,1,ENABLED,2,1.0,2,2,1.84,2,492405995934092,3.015075376884422,0,,45.01837484687628,2,0,USD,,2,2,legacy,48.98,,0,24.49,0,2,22.05,1,DAILY_BUDGET,1,2,22.05,Amazon,48.98,48.98,398,2,2,2,12,Inner-SP-KW-Berberine Capsules-PM-Berberine Supplement-2k,spCampaign_placement,US,INNERBRIGHTNESS,spCampaign_placement_innerbrightness_US_2026-03-21_2026-04-20.json,2026-04-21 01:59:24
84384,2026-04-21 01:59:24.822405,2026-04-21 01:59:24.822405,2026-04-10,0.0,0.0,0,Other on-Amazon,0.0,0.0,,0.0,0,0,ENABLED,0,1.0,0,0,1.93,0,492405995934092,2.7700831024930745,0,,nan,0,0,USD,,0,0,legacy,0.0,,0,0.0,0,0,58.0,0,DAILY_BUDGET,0,0,58.0,Amazon,0.0,0.0,1083,0,0,0,30,Inner-SP-KW-Berberine Capsules-PM-Berberine Supplement-2k,spCampaign_placement,US,INNERBRIGHTNESS,spCampaign_placement_innerbrightness_US_2026-03-21_2026-04-20.json,2026-04-21 01:59:24
84399,2026-04-21 01:59:24.822405,2026-04-21 01:59:24.822405,2026-04-04,21.99,1.677345537757437,1,Top of Search on-Amazon,21.99,21.99,,21.99,0,1,ENABLED,1,1.0,1,1,2.62,1,492405995934092,16.666666666666664,0,,59.61800818553888,1,0,USD,,1,1,legacy,21.99,,0,21.99,0,1,13.11,1,DAILY_BUDGET,1,1,13.11,Amazon,21.99,21.99,30,1,1,1,5,Inner-SP-KW-Berberine Capsules-PM-Berberine Supplement-2k,spCampaign_placement,US,INNERBRIGHTNESS,spCampaign_placement_innerbrightness_US_2026-03-21_2026-04-20.json,2026-04-21 01:59:24
84400,2026-04-21 01:59:24.822405,2026-04-21 01:59:24.822405,2026-04-05,0.0,0.0,0,Top of Search on-Amazon,0.0,0.0,,0.0,0,0,ENABLED,0,1.0,0,0,2.7,0,492405995934092,8.0,0,,nan,0,0,USD,,0,0,legacy,0.0,,0,0.0,0,0,10.8,0,DAILY_BUDGET,0,0,10.8,Amazon,0.0,0.0,50,0,0,0,4,Inner-SP-KW-Berberine Capsules-PM-Berberine Supplement-2k,spCampaign_placement,US,INNERBRIGHTNESS,spCampaign_placement_innerbrightness_US_2026-03-21_2026-04-20.json,2026-04-21 01:59:24
84401,2026-04-21 01:59:24.822405,2026-04-21 01:59:24.822405,2026-04-06,21.99,1.1634920634920636,1,Top of Search on-Amazon,21.99,21.99,,21.99,0,1,ENABLED,1,1.0,1,1,2.7,1,492405995934092,11.29032258064516,0,,85.9481582537517,1,0,USD,,1,1,legacy,21.99,,0,21.99,0,1,18.9,1,DAILY_BUDGET,1,1,18.9,Amazon,21.99,21.99,62,1,1,1,7,Inner-SP-KW-Berberine Capsules-PM-Berberine Supplement-2k,spCampaign_placement,US,INNERBRIGHTNESS,spCampaign_placement_innerbrightness_US_2026-03-21_2026-04-20.json,2026-04-21 01:59:24
84402,2026-04-21 01:59:24.822405,2026-04-21 01:59:24.822405,2026-04-07,0.0,0.0,0,Top of Search on-Amazon,0.0,0.0,,0.0,0,0,ENABLED,0,1.0,0,0,2.67,0,492405995934092,9.090909090909092,0,,nan,0,0,USD,,0,0,legacy,0.0,,0,0.0,0,0,31.99,0,DAILY_BUDGET,0,0,31.99,Amazon,0.0,0.0,132,0,0,0,12,Inner-SP-KW-Berberine Capsules-PM-Berberine Supplement-2k,spCampaign_placement,US,INNERBRIGHTNESS,spCampaign_placement_innerbrightness_US_2026-03-21_2026-04-20.json,2026-04-21 01:59:24
84403,2026-04-21 01:59:24.822405,2026-04-21 01:59:24.822405,2026-04-08,0.0,0.0,0,Top of Search on-Amazon,0.0,0.0,,0.0,0,0,ENABLED,0,1.0,0,0,2.7,0,492405995934092,8.653846153846153,0,,nan,0,0,USD,,0,0,legacy,0.0,,0,0.0,0,0,24.3,0,DAILY_BUDGET,0,0,24.3,Amazon,0.0,0.0,104,0,0,0,9,Inner-SP-KW-Berberine Capsules-PM-Berberine Supplement-2k,spCampaign_placement,US,INNERBRIGHTNESS,spCampaign_placement_innerbrightness_US_2026-03-21_2026-04-20.json,2026-04-21 01:59:24
84404,2026-04-21 01:59:24.822405,2026-04-21 01:59:24.822405,2026-04-09,24.49,0.8344122657580919,1,Top of Search on-Amazon,24.49,24.49,,24.49,0,1,ENABLED,1,1.0,1,1,2.67,1,492405995934092,2.956989247311828,0,,119.84483462637812,1,0,USD,,1,1,legacy,24.49,,0,24.49,0,1,29.35,1,DAILY_BUDGET,1,1,29.35,Amazon,24.49,24.49,372,1,1,1,11,Inner-SP-KW-Berberine Capsules-PM-Berberine Supplement-2k,spCampaign_placement,US,INNERBRIGHTNESS,spCampaign_placement_innerbrightness_US_2026-03-21_2026-04-20.json,2026-04-21 01:59:24
84405,2026-04-21 01:59:24.822405,2026-04-21 01:59:24.822405,2026-04-10,24.49,1.561862244897959,1,Top of Search on-Amazon,24.49,24.49,,24.49,0,1,ENABLED,1,1.0,1,1,2.24,1,492405995934092,4.487179487179487,0,,64.02613311555737,1,0,USD,,1,1,legacy,24.49,,0,24.49,0,1,15.68,1,DAILY_BUDGET,1,1,15.68,Amazon,24.49,24.49,156,1,1,1,7,Inner-SP-KW-Berberine Capsules-PM-Berberine Supplement-2k,spCampaign_placement,US,INNERBRIGHTNESS,spCampaign_placement_innerbrightness_US_2026-03-21_2026-04-20.json,2026-04-21 01:59:24
84420,2026-04-21 01:59:24.822405,2026-04-21 01:59:24.822405,2026-04-04,0.0,nan,0,Detail Page on-Amazon,0.0,0.0,,0.0,0,0,ENABLED,0,200.0,0,0,0.0,0,385122874231334,0.0,0,,nan,0,0,USD,,0,0,manual,0.0,,0,0.0,0,0,0.0,0,DAILY_BUDGET,0,0,0.0,Amazon,0.0,0.0,15,0,0,0,0,Inner-SP-KW-Complex-magnesium complex for women-BM-CPC-1k,spCampaign_placement,US,INNERBRIGHTNESS,spCampaign_placement_innerbrightness_US_2026-03-21_2026-04-20.json,2026-04-21 01:59:24
84421,2026-04-21 01:59:24.822405,2026-04-21 01:59:24.822405,2026-04-05,0.0,nan,0,Detail Page on-Amazon,0.0,0.0,,0.0,0,0,ENABLED,0,200.0,0,0,0.0,0,385122874231334,0.0,0,,nan,0,0,USD,,0,0,manual,0.0,,0,0.0,0,0,0.0,0,DAILY_BUDGET,0,0,0.0,Amazon,0.0,0.0,16,0,0,0,0,Inner-SP-KW-Complex-magnesium complex for women-BM-CPC-1k,spCampaign_placement,US,INNERBRIGHTNESS,spCampaign_placement_innerbrightness_US_2026-03-21_2026-04-20.json,2026-04-21 01:59:24
84422,2026-04-21 01:59:24.822405,2026-04-21 01:59:24.822405,2026-04-06,0.0,nan,0,Detail Page on-Amazon,0.0,0.0,,0.0,0,0,ENABLED,0,200.0,0,0,0.0,0,385122874231334,0.0,0,,nan,0,0,USD,,0,0,manual,0.0,,0,0.0,0,0,0.0,0,DAILY_BUDGET,0,0,0.0,Amazon,0.0,0.0,17,0,0,0,0,Inner-SP-KW-Complex-magnesium complex for women-BM-CPC-1k,spCampaign_placement,US,INNERBRIGHTNESS,spCampaign_placement_innerbrightness_US_2026-03-21_2026-04-20.json,2026-04-21 01:59:24
84423,2026-04-21 01:59:24.822405,2026-04-21 01:59:24.822405,2026-04-07,0.0,nan,0,Detail Page on-Amazon,0.0,0.0,,0.0,0,0,ENABLED,0,200.0,0,0,0.0,0,385122874231334,0.0,0,,nan,0,0,USD,,0,0,manual,0.0,,0,0.0,0,0,0.0,0,DAILY_BUDGET,0,0,0.0,Amazon,0.0,0.0,33,0,0,0,0,Inner-SP-KW-Complex-magnesium complex for women-BM-CPC-1k,spCampaign_placement,US,INNERBRIGHTNESS,spCampaign_placement_innerbrightness_US_2026-03-21_2026-04-20.json,2026-04-21 01:59:24
84424,2026-04-21 01:59:24.822405,2026-04-21 01:59:24.822405,2026-04-08,0.0,nan,0,Detail Page on-Amazon,0.0,0.0,,0.0,0,0,ENABLED,0,200.0,0,0,0.0,0,385122874231334,0.0,0,,nan,0,0,USD,,0,0,manual,0.0,,0,0.0,0,0,0.0,0,DAILY_BUDGET,0,0,0.0,Amazon,0.0,0.0,7,0,0,0,0,Inner-SP-KW-Complex-magnesium complex for women-BM-CPC-1k,spCampaign_placement,US,INNERBRIGHTNESS,spCampaign_placement_innerbrightness_US_2026-03-21_2026-04-20.json,2026-04-21 01:59:24
84425,2026-04-21 01:59:24.822405,2026-04-21 01:59:24.822405,2026-04-09,0.0,nan,0,Detail Page on-Amazon,0.0,0.0,,0.0,0,0,ENABLED,0,200.0,0,0,0.0,0,385122874231334,0.0,0,,nan,0,0,USD,,0,0,manual,0.0,,0,0.0,0,0,0.0,0,DAILY_BUDGET,0,0,0.0,Amazon,0.0,0.0,7,0,0,0,0,Inner-SP-KW-Complex-magnesium complex for women-BM-CPC-1k,spCampaign_placement,US,INNERBRIGHTNESS,spCampaign_placement_innerbrightness_US_2026-03-21_2026-04-20.json,2026-04-21 01:59:24
84426,2026-04-21 01:59:24.822405,2026-04-21 01:59:24.822405,2026-04-10,0.0,nan,0,Detail Page on-Amazon,0.0,0.0,,0.0,0,0,ENABLED,0,200.0,0,0,0.0,0,385122874231334,0.0,0,,nan,0,0,USD,,0,0,manual,0.0,,0,0.0,0,0,0.0,0,DAILY_BUDGET,0,0,0.0,Amazon,0.0,0.0,17,0,0,0,0,Inner-SP-KW-Complex-magnesium complex for women-BM-CPC-1k,spCampaign_placement,US,INNERBRIGHTNESS,spCampaign_placement_innerbrightness_US_2026-03-21_2026-04-20.json,2026-04-21 01:59:24
84441,2026-04-21 01:59:24.822405,2026-04-21 01:59:24.822405,2026-04-04,0.0,0.0,0,Other on-Amazon,0.0,0.0,,0.0,0,0,ENABLED,0,200.0,0,0,2.1,0,385122874231334,1.6064257028112447,0,,nan,0,0,USD,,0,0,manual,0.0,,0,0.0,0,0,8.4,0,DAILY_BUDGET,0,0,8.4,Amazon,0.0,0.0,249,0,0,0,4,Inner-SP-KW-Complex-magnesium complex for women-BM-CPC-1k,spCampaign_placement,US,INNERBRIGHTNESS,spCampaign_placement_innerbrightness_US_2026-03-21_2026-04-20.json,2026-04-21 01:59:24
84442,2026-04-21 01:59:24.822405,2026-04-21 01:59:24.822405,2026-04-05,0.0,0.0,0,Other on-Amazon,0.0,0.0,,0.0,0,0,ENABLED,0,200.0,0,0,2.1,0,385122874231334,0.2785515320334262,0,,nan,0,0,USD,,0,0,manual,0.0,,0,0.0,0,0,2.1,0,DAILY_BUDGET,0,0,2.1,Amazon,0.0,0.0,359,0,0,0,1,Inner-SP-KW-Complex-magnesium complex for women-BM-CPC-1k,spCampaign_placement,US,INNERBRIGHTNESS,spCampaign_placement_innerbrightness_US_2026-03-21_2026-04-20.json,2026-04-21 01:59:24
84443,2026-04-21 01:59:24.822405,2026-04-21 01:59:24.822405,2026-04-06,0.0,0.0,0,Other on-Amazon,0.0,0.0,,0.0,0,0,ENABLED,0,200.0,0,0,2.1,0,385122874231334,1.4044943820224718,0,,nan,0,0,USD,,0,0,manual,0.0,,0,0.0,0,0,10.5,0,DAILY_BUDGET,0,0,10.5,Amazon,0.0,0.0,356,0,0,0,5,Inner-SP-KW-Complex-magnesium complex for women-BM-CPC-1k,spCampaign_placement,US,INNERBRIGHTNESS,spCampaign_placement_innerbrightness_US_2026-03-21_2026-04-20.json,2026-04-21 01:59:24
84444,2026-04-21 01:59:24.822405,2026-04-21 01:59:24.822405,2026-04-07,23.99,1.9039682539682539,1,Other on-Amazon,23.99,23.99,,23.99,0,1,ENABLED,1,200.0,1,1,2.1,1,385122874231334,1.0,0,,52.521884118382665,1,0,USD,,1,1,manual,23.99,,0,23.99,0,1,12.6,1,DAILY_BUDGET,1,1,12.6,Amazon,23.99,23.99,600,1,1,1,6,Inner-SP-KW-Complex-magnesium complex for women-BM-CPC-1k,spCampaign_placement,US,INNERBRIGHTNESS,spCampaign_placement_innerbrightness_US_2026-03-21_2026-04-20.json,2026-04-21 01:59:24
84445,2026-04-21 01:59:24.822405,2026-04-21 01:59:24.822405,2026-04-08,0.0,3.9952380952380953,0,Other on-Amazon,16.78,16.78,,16.78,0,0,ENABLED,1,200.0,1,1,2.1,1,385122874231334,2.2988505747126435,0,,25.029797377830747,1,0,USD,,1,1,manual,16.78,,0,0.0,0,1,4.2,0,DAILY_BUDGET,0,1,4.2,Amazon,16.78,16.78,87,1,1,1,2,Inner-SP-KW-Complex-magnesium complex for women-BM-CPC-1k,spCampaign_placement,US,INNERBRIGHTNESS,spCampaign_placement_innerbrightness_US_2026-03-21_2026-04-20.json,2026-04-21 01:59:24
84446,2026-04-21 01:59:24.822405,2026-04-21 01:59:24.822405,2026-04-09,0.0,7.9904761904761905,0,Other on-Amazon,16.78,16.78,,16.78,0,0,ENABLED,1,200.0,1,1,2.1,1,385122874231334,1.2195121951219512,0,,12.514898688915373,1,0,USD,,1,1,manual,16.78,,0,0.0,0,1,2.1,0,DAILY_BUDGET,0,1,2.1,Amazon,16.78,16.78,82,1,1,1,1,Inner-SP-KW-Complex-magnesium complex for women-BM-CPC-1k,spCampaign_placement,US,INNERBRIGHTNESS,spCampaign_placement_innerbrightness_US_2026-03-21_2026-04-20.json,2026-04-21 01:59:24
84447,2026-04-21 01:59:24.822405,2026-04-21 01:59:24.822405,2026-04-10,0.0,0.0,0,Other on-Amazon,0.0,0.0,,0.0,0,0,ENABLED,0,200.0,0,0,2.1,0,385122874231334,0.47393364928909953,0,,nan,0,0,USD,,0,0,manual,0.0,,0,0.0,0,0,2.1,0,DAILY_BUDGET,0,0,2.1,Amazon,0.0,0.0,211,0,0,0,1,Inner-SP-KW-Complex-magnesium complex for women-BM-CPC-1k,spCampaign_placement,US,INNERBRIGHTNESS,spCampaign_placement_innerbrightness_US_2026-03-21_2026-04-20.json,2026-04-21 01:59:24
84462,2026-04-21 01:59:24.822405,2026-04-21 01:59:24.822405,2026-04-04,0.0,3.3560000000000003,0,Top of Search on-Amazon,16.78,0.0,,16.78,0,0,ENABLED,0,200.0,0,1,2.5,1,385122874231334,50.0,0,,29.797377830750893,1,0,USD,,1,0,manual,0.0,,0,0.0,0,1,5.0,0,DAILY_BUDGET,0,0,5.0,Amazon,16.78,16.78,4,1,1,1,2,Inner-SP-KW-Complex-magnesium complex for women-BM-CPC-1k,spCampaign_placement,US,INNERBRIGHTNESS,spCampaign_placement_innerbrightness_US_2026-03-21_2026-04-20.json,2026-04-21 01:59:24
84463,2026-04-21 01:59:24.822405,2026-04-21 01:59:24.822405,2026-04-05,0.0,nan,0,Top of Search on-Amazon,0.0,0.0,,0.0,0,0,ENABLED,0,200.0,0,0,0.0,0,385122874231334,0.0,0,,nan,0,0,USD,,0,0,manual,0.0,,0,0.0,0,0,0.0,0,DAILY_BUDGET,0,0,0.0,Amazon,0.0,0.0,4,0,0,0,0,Inner-SP-KW-Complex-magnesium complex for women-BM-CPC-1k,spCampaign_placement,US,INNERBRIGHTNESS,spCampaign_placement_innerbrightness_US_2026-03-21_2026-04-20.json,2026-04-21 01:59:24
84464,2026-04-21 01:59:24.822405,2026-04-21 01:59:24.822405,2026-04-06,0.0,nan,0,Top of Search on-Amazon,0.0,0.0,,0.0,0,0,ENABLED,0,200.0,0,0,0.0,0,385122874231334,0.0,0,,nan,0,0,USD,,0,0,manual,0.0,,0,0.0,0,0,0.0,0,DAILY_BUDGET,0,0,0.0,Amazon,0.0,0.0,4,0,0,0,0,Inner-SP-KW-Complex-magnesium complex for women-BM-CPC-1k,spCampaign_placement,US,INNERBRIGHTNESS,spCampaign_placement_innerbrightness_US_2026-03-21_2026-04-20.json,2026-04-21 01:59:24
84465,2026-04-21 01:59:24.822405,2026-04-21 01:59:24.822405,2026-04-07,47.98,13.708571428571428,2,Top of Search on-Amazon,47.98,47.98,,47.98,0,2,ENABLED,2,200.0,2,2,1.75,2,385122874231334,16.666666666666664,0,,7.294706127553148,2,0,USD,,2,2,manual,47.98,,0,47.98,0,2,3.5,2,DAILY_BUDGET,2,2,3.5,Amazon,47.98,47.98,12,2,2,2,2,Inner-SP-KW-Complex-magnesium complex for women-BM-CPC-1k,spCampaign_placement,US,INNERBRIGHTNESS,spCampaign_placement_innerbrightness_US_2026-03-21_2026-04-20.json,2026-04-21 01:59:24
84466,2026-04-21 01:59:24.822405,2026-04-21 01:59:24.822405,2026-04-08,47.98,1.2570081215614355,2,Top of Search on-Amazon,47.98,47.98,,47.98,0,2,ENABLED,2,200.0,2,2,3.47,2,385122874231334,16.176470588235293,0,,79.5539808253439,2,0,USD,,2,2,manual,47.98,,0,47.98,0,2,38.17,2,DAILY_BUDGET,2,2,38.17,Amazon,47.98,47.98,68,2,2,2,11,Inner-SP-KW-Complex-magnesium complex for women-BM-CPC-1k,spCampaign_placement,US,INNERBRIGHTNESS,spCampaign_placement_innerbrightness_US_2026-03-21_2026-04-20.json,2026-04-21 01:59:24
84467,2026-04-21 01:59:24.822405,2026-04-21 01:59:24.822405,2026-04-09,0.0,0.0,0,Top of Search on-Amazon,0.0,0.0,,0.0,0,0,ENABLED,0,200.0,0,0,3.38,0,385122874231334,8.791208791208792,0,,nan,0,0,USD,,0,0,manual,0.0,,0,0.0,0,0,27.08,0,DAILY_BUDGET,0,0,27.08,Amazon,0.0,0.0,91,0,0,0,8,Inner-SP-KW-Complex-magnesium complex for women-BM-CPC-1k,spCampaign_placement,US,INNERBRIGHTNESS,spCampaign_placement_innerbrightness_US_2026-03-21_2026-04-20.json,2026-04-21 01:59:24
84468,2026-04-21 01:59:24.822405,2026-04-21 01:59:24.822405,2026-04-10,47.98,0.7570503238664674,3,Top of Search on-Amazon,47.98,75.97,,47.98,0,2,ENABLED,2,200.0,3,2,3.58,3,385122874231334,10.181818181818182,0,,132.09161511122812,3,0,USD,,2,3,manual,47.98,,0,75.97,0,2,100.35,2,DAILY_BUDGET,3,2,100.35,Amazon,75.97,75.97,275,2,3,3,28,Inner-SP-KW-Complex-magnesium complex for women-BM-CPC-1k,spCampaign_placement,US,INNERBRIGHTNESS,spCampaign_placement_innerbrightness_US_2026-03-21_2026-04-20.json,2026-04-21 01:59:24
84483,2026-04-21 01:59:24.822405,2026-04-21 01:59:24.822405,2026-04-04,0.0,0.0,0,Detail Page on-Amazon,0.0,0.0,,0.0,0,0,PAUSED,0,1.0,0,0,1.0,0,345330397911117,6.666666666666667,0,,nan,0,0,USD,,0,0,manual,0.0,,0,0.0,0,0,1.0,0,DAILY_BUDGET,0,0,1.0,Amazon,0.0,0.0,15,0,0,0,1,Inner-SP-KW-Complex-magnesium complex for women-EM-CPC-1k,spCampaign_placement,US,INNERBRIGHTNESS,spCampaign_placement_innerbrightness_US_2026-03-21_2026-04-20.json,2026-04-21 01:59:24
84484,2026-04-21 01:59:24.822405,2026-04-21 01:59:24.822405,2026-04-05,0.0,0.0,0,Detail Page on-Amazon,0.0,0.0,,0.0,0,0,PAUSED,0,1.0,0,0,1.0,0,345330397911117,4.545454545454546,0,,nan,0,0,USD,,0,0,manual,0.0,,0,0.0,0,0,1.0,0,DAILY_BUDGET,0,0,1.0,Amazon,0.0,0.0,22,0,0,0,1,Inner-SP-KW-Complex-magnesium complex for women-EM-CPC-1k,spCampaign_placement,US,INNERBRIGHTNESS,spCampaign_placement_innerbrightness_US_2026-03-21_2026-04-20.json,2026-04-21 01:59:24
84485,2026-04-21 01:59:24.822405,2026-04-21 01:59:24.822405,2026-04-06,0.0,nan,0,Detail Page on-Amazon,0.0,0.0,,0.0,0,0,PAUSED,0,1.0,0,0,0.0,0,345330397911117,0.0,0,,nan,0,0,USD,,0,0,manual,0.0,,0,0.0,0,0,0.0,0,DAILY_BUDGET,0,0,0.0,Amazon,0.0,0.0,21,0,0,0,0,Inner-SP-KW-Complex-magnesium complex for women-EM-CPC-1k,spCampaign_placement,US,INNERBRIGHTNESS,spCampaign_placement_innerbrightness_US_2026-03-21_2026-04-20.json,2026-04-21 01:59:24
84486,2026-04-21 01:59:24.822405,2026-04-21 01:59:24.822405,2026-04-07,0.0,nan,0,Detail Page on-Amazon,0.0,0.0,,0.0,0,0,PAUSED,0,1.0,0,0,0.0,0,345330397911117,0.0,0,,nan,0,0,USD,,0,0,manual,0.0,,0,0.0,0,0,0.0,0,DAILY_BUDGET,0,0,0.0,Amazon,0.0,0.0,10,0,0,0,0,Inner-SP-KW-Complex-magnesium complex for women-EM-CPC-1k,spCampaign_placement,US,INNERBRIGHTNESS,spCampaign_placement_innerbrightness_US_2026-03-21_2026-04-20.json,2026-04-21 01:59:24
84487,2026-04-21 01:59:24.822405,2026-04-21 01:59:24.822405,2026-04-08,0.0,nan,0,Detail Page on-Amazon,0.0,0.0,,0.0,0,0,PAUSED,0,1.0,0,0,0.0,0,345330397911117,0.0,0,,nan,0,0,USD,,0,0,manual,0.0,,0,0.0,0,0,0.0,0,DAILY_BUDGET,0,0,0.0,Amazon,0.0,0.0,1,0,0,0,0,Inner-SP-KW-Complex-magnesium complex for women-EM-CPC-1k,spCampaign_placement,US,INNERBRIGHTNESS,spCampaign_placement_innerbrightness_US_2026-03-21_2026-04-20.json,2026-04-21 01:59:24
84488,2026-04-21 01:59:24.822405,2026-04-21 01:59:24.822405,2026-04-09,0.0,nan,0,Detail Page on-Amazon,0.0,0.0,,0.0,0,0,PAUSED,0,1.0,0,0,0.0,0,345330397911117,0.0,0,,nan,0,0,USD,,0,0,manual,0.0,,0,0.0,0,0,0.0,0,DAILY_BUDGET,0,0,0.0,Amazon,0.0,0.0,3,0,0,0,0,Inner-SP-KW-Complex-magnesium complex for women-EM-CPC-1k,spCampaign_placement,US,INNERBRIGHTNESS,spCampaign_placement_innerbrightness_US_2026-03-21_2026-04-20.json,2026-04-21 01:59:24
84489,2026-04-21 01:59:24.822405,2026-04-21 01:59:24.822405,2026-04-10,0.0,nan,0,Detail Page on-Amazon,0.0,0.0,,0.0,0,0,PAUSED,0,1.0,0,0,0.0,0,345330397911117,0.0,0,,nan,0,0,USD,,0,0,manual,0.0,,0,0.0,0,0,0.0,0,DAILY_BUDGET,0,0,0.0,Amazon,0.0,0.0,13,0,0,0,0,Inner-SP-KW-Complex-magnesium complex for women-EM-CPC-1k,spCampaign_placement,US,INNERBRIGHTNESS,spCampaign_placement_innerbrightness_US_2026-03-21_2026-04-20.json,2026-04-21 01:59:24
84505,2026-04-21 01:59:24.822405,2026-04-21 01:59:24.822405,2026-04-04,71.97,2.235093167701863,3,Other on-Amazon,71.97,71.97,,71.97,0,3,PAUSED,3,1.0,3,3,2.3,3,345330397911117,0.7352941176470588,0,,44.74086424899264,3,0,USD,,3,3,manual,71.97,,0,71.97,0,3,32.2,3,DAILY_BUDGET,3,3,32.2,Amazon,71.97,71.97,1904,3,3,3,14,Inner-SP-KW-Complex-magnesium complex for women-EM-CPC-1k,spCampaign_placement,US,INNERBRIGHTNESS,spCampaign_placement_innerbrightness_US_2026-03-21_2026-04-20.json,2026-04-21 01:59:24
84506,2026-04-21 01:59:24.822405,2026-04-21 01:59:24.822405,2026-04-05,23.99,2.0198369565217393,1,Other on-Amazon,74.33,23.99,,74.33,0,1,PAUSED,1,1.0,1,4,2.3,4,345330397911117,0.5910602142593276,0,,49.50894658953316,4,0,USD,,4,1,manual,23.99,,0,23.99,0,4,36.8,1,DAILY_BUDGET,1,1,36.8,Amazon,74.33,74.33,2707,4,4,4,16,Inner-SP-KW-Complex-magnesium complex for women-EM-CPC-1k,spCampaign_placement,US,INNERBRIGHTNESS,spCampaign_placement_innerbrightness_US_2026-03-21_2026-04-20.json,2026-04-21 01:59:24
84507,2026-04-21 01:59:24.822405,2026-04-21 01:59:24.822405,2026-04-06,0.0,0.0,0,Other on-Amazon,0.0,0.0,,0.0,0,0,PAUSED,0,1.0,0,0,2.3,0,345330397911117,0.8649868371568259,0,,nan,0,0,USD,,0,0,manual,0.0,,0,0.0,0,0,52.9,0,DAILY_BUDGET,0,0,52.9,Amazon,0.0,0.0,2659,0,0,0,23,Inner-SP-KW-Complex-magnesium complex for women-EM-CPC-1k,spCampaign_placement,US,INNERBRIGHTNESS,spCampaign_placement_innerbrightness_US_2026-03-21_2026-04-20.json,2026-04-21 01:59:24
84508,2026-04-21 01:59:24.822405,2026-04-21 01:59:24.822405,2026-04-07,0.0,0.0,0,Other on-Amazon,0.0,0.0,,0.0,0,0,PAUSED,0,1.0,0,0,2.27,0,345330397911117,0.48945783132530124,0,,nan,0,0,USD,,0,0,manual,0.0,,0,0.0,0,0,29.52,0,DAILY_BUDGET,0,0,29.52,Amazon,0.0,0.0,2656,0,0,0,13,Inner-SP-KW-Complex-magnesium complex for women-EM-CPC-1k,spCampaign_placement,US,INNERBRIGHTNESS,spCampaign_placement_innerbrightness_US_2026-03-21_2026-04-20.json,2026-04-21 01:59:24
84509,2026-04-21 01:59:24.822405,2026-04-21 01:59:24.822405,2026-04-08,0.0,0.0,0,Other on-Amazon,0.0,0.0,,0.0,0,0,PAUSED,0,1.0,0,0,2.3,0,345330397911117,0.21390374331550802,0,,nan,0,0,USD,,0,0,manual,0.0,,0,0.0,0,0,4.6,0,DAILY_BUDGET,0,0,4.6,Amazon,0.0,0.0,935,0,0,0,2,Inner-SP-KW-Complex-magnesium complex for women-EM-CPC-1k,spCampaign_placement,US,INNERBRIGHTNESS,spCampaign_placement_innerbrightness_US_2026-03-21_2026-04-20.json,2026-04-21 01:59:24
84510,2026-04-21 01:59:24.822405,2026-04-21 01:59:24.822405,2026-04-09,0.0,0.0,0,Other on-Amazon,0.0,0.0,,0.0,0,0,PAUSED,0,1.0,0,0,2.3,0,345330397911117,0.12531328320802004,0,,nan,0,0,USD,,0,0,manual,0.0,,0,0.0,0,0,2.3,0,DAILY_BUDGET,0,0,2.3,Amazon,0.0,0.0,798,0,0,0,1,Inner-SP-KW-Complex-magnesium complex for women-EM-CPC-1k,spCampaign_placement,US,INNERBRIGHTNESS,spCampaign_placement_innerbrightness_US_2026-03-21_2026-04-20.json,2026-04-21 01:59:24
84511,2026-04-21 01:59:24.822405,2026-04-21 01:59:24.822405,2026-04-10,0.0,0.0,0,Other on-Amazon,0.0,0.0,,0.0,0,0,PAUSED,0,1.0,0,0,2.3,0,345330397911117,0.4,0,,nan,0,0,USD,,0,0,manual,0.0,,0,0.0,0,0,9.2,0,DAILY_BUDGET,0,0,9.2,Amazon,0.0,0.0,1000,0,0,0,4,Inner-SP-KW-Complex-magnesium complex for women-EM-CPC-1k,spCampaign_placement,US,INNERBRIGHTNESS,spCampaign_placement_innerbrightness_US_2026-03-21_2026-04-20.json,2026-04-21 01:59:24
84527,2026-04-21 01:59:24.822405,2026-04-21 01:59:24.822405,2026-04-04,0.0,0.0,0,Top of Search on-Amazon,0.0,0.0,,0.0,0,0,PAUSED,0,1.0,0,0,3.2,0,345330397911117,12.5,0,,nan,0,0,USD,,0,0,manual,0.0,,0,0.0,0,0,16.0,0,DAILY_BUDGET,0,0,16.0,Amazon,0.0,0.0,40,0,0,0,5,Inner-SP-KW-Complex-magnesium complex for women-EM-CPC-1k,spCampaign_placement,US,INNERBRIGHTNESS,spCampaign_placement_innerbrightness_US_2026-03-21_2026-04-20.json,2026-04-21 01:59:24
84528,2026-04-21 01:59:24.822405,2026-04-21 01:59:24.822405,2026-04-05,0.0,0.0,0,Top of Search on-Amazon,0.0,0.0,,0.0,0,0,PAUSED,0,1.0,0,0,3.19,0,345330397911117,18.333333333333332,0,,nan,0,0,USD,,0,0,manual,0.0,,0,0.0,0,0,35.09,0,DAILY_BUDGET,0,0,35.09,Amazon,0.0,0.0,60,0,0,0,11,Inner-SP-KW-Complex-magnesium complex for women-EM-CPC-1k,spCampaign_placement,US,INNERBRIGHTNESS,spCampaign_placement_innerbrightness_US_2026-03-21_2026-04-20.json,2026-04-21 01:59:24
84529,2026-04-21 01:59:24.822405,2026-04-21 01:59:24.822405,2026-04-06,71.97,1.7818767021539985,3,Top of Search on-Amazon,71.97,71.97,,71.97,0,3,PAUSED,3,1.0,3,3,3.11,3,345330397911117,10.077519379844961,0,,56.120605807975544,3,0,USD,,3,3,manual,71.97,,0,71.97,0,3,40.39,3,DAILY_BUDGET,3,3,40.39,Amazon,71.97,71.97,129,3,3,3,13,Inner-SP-KW-Complex-magnesium complex for women-EM-CPC-1k,spCampaign_placement,US,INNERBRIGHTNESS,spCampaign_placement_innerbrightness_US_2026-03-21_2026-04-20.json,2026-04-21 01:59:24
84530,2026-04-21 01:59:24.822405,2026-04-21 01:59:24.822405,2026-04-07,0.0,0.0,0,Top of Search on-Amazon,0.0,0.0,,0.0,0,0,PAUSED,0,1.0,0,0,3.16,0,345330397911117,8.383233532934131,0,,nan,0,0,USD,,0,0,manual,0.0,,0,0.0,0,0,44.25,0,DAILY_BUDGET,0,0,44.25,Amazon,0.0,0.0,167,0,0,0,14,Inner-SP-KW-Complex-magnesium complex for women-EM-CPC-1k,spCampaign_placement,US,INNERBRIGHTNESS,spCampaign_placement_innerbrightness_US_2026-03-21_2026-04-20.json,2026-04-21 01:59:24
84531,2026-04-21 01:59:24.822405,2026-04-21 01:59:24.822405,2026-04-08,0.0,nan,0,Top of Search on-Amazon,0.0,0.0,,0.0,0,0,PAUSED,0,1.0,0,0,0.0,0,345330397911117,0.0,0,,nan,0,0,USD,,0,0,manual,0.0,,0,0.0,0,0,0.0,0,DAILY_BUDGET,0,0,0.0,Amazon,0.0,0.0,2,0,0,0,0,Inner-SP-KW-Complex-magnesium complex for women-EM-CPC-1k,spCampaign_placement,US,INNERBRIGHTNESS,spCampaign_placement_innerbrightness_US_2026-03-21_2026-04-20.json,2026-04-21 01:59:24
84532,2026-04-21 01:59:24.822405,2026-04-21 01:59:24.822405,2026-04-09,0.0,nan,0,Top of Search on-Amazon,0.0,0.0,,0.0,0,0,PAUSED,0,1.0,0,0,0.0,0,345330397911117,nan,0,,nan,0,0,USD,,0,0,manual,0.0,,0,0.0,0,0,0.0,0,DAILY_BUDGET,0,0,0.0,Amazon,0.0,0.0,0,0,0,0,0,Inner-SP-KW-Complex-magnesium complex for women-EM-CPC-1k,spCampaign_placement,US,INNERBRIGHTNESS,spCampaign_placement_innerbrightness_US_2026-03-21_2026-04-20.json,2026-04-21 01:59:24
84533,2026-04-21 01:59:24.822405,2026-04-21 01:59:24.822405,2026-04-10,0.0,nan,0,Top of Search on-Amazon,0.0,0.0,,0.0,0,0,PAUSED,0,1.0,0,0,0.0,0,345330397911117,0.0,0,,nan,0,0,USD,,0,0,manual,0.0,,0,0.0,0,0,0.0,0,DAILY_BUDGET,0,0,0.0,Amazon,0.0,0.0,1,0,0,0,0,Inner-SP-KW-Complex-magnesium complex for women-EM-CPC-1k,spCampaign_placement,US,INNERBRIGHTNESS,spCampaign_placement_innerbrightness_US_2026-03-21_2026-04-20.json,2026-04-21 01:59:24
84534,2026-04-21 01:59:24.822405,2026-04-21 01:59:24.822405,2026-04-09,0.0,nan,0,Detail Page on-Amazon,0.0,0.0,,0.0,0,0,ENABLED,0,1.0,0,0,0.0,0,387720267759382,0.0,0,,nan,0,0,USD,,0,0,manual,0.0,,0,0.0,0,0,0.0,0,DAILY_BUDGET,0,0,0.0,Amazon,0.0,0.0,2,0,0,0,0,Inner-SP-Auto-Magnesium Complex-CPC-Low bid,spCampaign_placement,US,INNERBRIGHTNESS,spCampaign_placement_innerbrightness_US_2026-03-21_2026-04-20.json,2026-04-21 01:59:24
84535,2026-04-21 01:59:24.822405,2026-04-21 01:59:24.822405,2026-04-10,0.0,0.0,0,Detail Page on-Amazon,0.0,0.0,,0.0,0,0,ENABLED,0,1.0,0,0,1.0,0,387720267759382,5.555555555555555,0,,nan,0,0,USD,,0,0,manual,0.0,,0,0.0,0,0,1.0,0,DAILY_BUDGET,0,0,1.0,Amazon,0.0,0.0,18,0,0,0,1,Inner-SP-Auto-Magnesium Complex-CPC-Low bid,spCampaign_placement,US,INNERBRIGHTNESS,spCampaign_placement_innerbrightness_US_2026-03-21_2026-04-20.json,2026-04-21 01:59:24
84536,2026-04-21 01:59:24.822405,2026-04-21 01:59:24.822405,2026-04-07,0.0,1.613315400134499,0,Other on-Amazon,23.99,23.99,,23.99,0,0,ENABLED,1,1.0,1,1,2.97,1,387720267759382,0.8130081300813009,0,,61.98416006669446,1,0,USD,,1,1,manual,23.99,,0,0.0,0,1,14.87,0,DAILY_BUDGET,0,1,14.87,Amazon,23.99,23.99,615,1,1,1,5,Inner-SP-Auto-Magnesium Complex-CPC-Low bid,spCampaign_placement,US,INNERBRIGHTNESS,spCampaign_placement_innerbrightness_US_2026-03-21_2026-04-20.json,2026-04-21 01:59:24
84537,2026-04-21 01:59:24.822405,2026-04-21 01:59:24.822405,2026-04-08,23.99,0.7996666666666666,1,Other on-Amazon,47.98,47.98,,47.98,0,1,ENABLED,2,1.0,2,2,3.0,2,387720267759382,0.4487323311644604,0,,125.05210504376825,2,0,USD,,2,2,manual,47.98,,0,23.99,0,2,60.0,1,DAILY_BUDGET,1,2,60.0,Amazon,47.98,47.98,4457,2,2,2,20,Inner-SP-Auto-Magnesium Complex-CPC-Low bid,spCampaign_placement,US,INNERBRIGHTNESS,spCampaign_placement_innerbrightness_US_2026-03-21_2026-04-20.json,2026-04-21 01:59:24
84538,2026-04-21 01:59:24.822405,2026-04-21 01:59:24.822405,2026-04-09,23.99,0.5479838709677419,1,Other on-Amazon,40.77,23.99,,40.77,0,1,ENABLED,1,1.0,1,2,2.98,2,387720267759382,0.59509640561771,0,,182.48712288447388,2,0,USD,,2,1,manual,23.99,,0,23.99,0,2,74.4,1,DAILY_BUDGET,1,1,74.4,Amazon,40.77,40.77,4201,2,2,2,25,Inner-SP-Auto-Magnesium Complex-CPC-Low bid,spCampaign_placement,US,INNERBRIGHTNESS,spCampaign_placement_innerbrightness_US_2026-03-21_2026-04-20.json,2026-04-21 01:59:24
84539,2026-04-21 01:59:24.822405,2026-04-21 01:59:24.822405,2026-04-10,0.0,0.0,0,Other on-Amazon,0.0,0.0,,0.0,0,0,ENABLED,0,1.0,0,0,2.5,0,387720267759382,0.24746349913387775,0,,nan,0,0,USD,,0,0,manual,0.0,,0,0.0,0,0,25.0,0,DAILY_BUDGET,0,0,25.0,Amazon,0.0,0.0,4041,0,0,0,10,Inner-SP-Auto-Magnesium Complex-CPC-Low bid,spCampaign_placement,US,INNERBRIGHTNESS,spCampaign_placement_innerbrightness_US_2026-03-21_2026-04-20.json,2026-04-21 01:59:24
84540,2026-04-21 01:59:24.822405,2026-04-21 01:59:24.822405,2026-04-07,0.0,nan,0,Top of Search on-Amazon,0.0,0.0,,0.0,0,0,ENABLED,0,1.0,0,0,0.0,0,387720267759382,0.0,0,,nan,0,0,USD,,0,0,manual,0.0,,0,0.0,0,0,0.0,0,DAILY_BUDGET,0,0,0.0,Amazon,0.0,0.0,2,0,0,0,0,Inner-SP-Auto-Magnesium Complex-CPC-Low bid,spCampaign_placement,US,INNERBRIGHTNESS,spCampaign_placement_innerbrightness_US_2026-03-21_2026-04-20.json,2026-04-21 01:59:24
84541,2026-04-21 01:59:24.822405,2026-04-21 01:59:24.822405,2026-04-08,0.0,nan,0,Top of Search on-Amazon,0.0,0.0,,0.0,0,0,ENABLED,0,1.0,0,0,0.0,0,387720267759382,0.0,0,,nan,0,0,USD,,0,0,manual,0.0,,0,0.0,0,0,0.0,0,DAILY_BUDGET,0,0,0.0,Amazon,0.0,0.0,6,0,0,0,0,Inner-SP-Auto-Magnesium Complex-CPC-Low bid,spCampaign_placement,US,INNERBRIGHTNESS,spCampaign_placement_innerbrightness_US_2026-03-21_2026-04-20.json,2026-04-21 01:59:24
84542,2026-04-21 01:59:24.822405,2026-04-21 01:59:24.822405,2026-04-09,0.0,0.0,0,Top of Search on-Amazon,0.0,0.0,,0.0,0,0,ENABLED,0,1.0,0,0,2.27,0,387720267759382,7.142857142857142,0,,nan,0,0,USD,,0,0,manual,0.0,,0,0.0,0,0,2.27,0,DAILY_BUDGET,0,0,2.27,Amazon,0.0,0.0,14,0,0,0,1,Inner-SP-Auto-Magnesium Complex-CPC-Low bid,spCampaign_placement,US,INNERBRIGHTNESS,spCampaign_placement_innerbrightness_US_2026-03-21_2026-04-20.json,2026-04-21 01:59:24
84543,2026-04-21 01:59:24.822405,2026-04-21 01:59:24.822405,2026-04-10,0.0,0.0,0,Top of Search on-Amazon,0.0,0.0,,0.0,0,0,ENABLED,0,1.0,0,0,2.67,0,387720267759382,10.869565217391305,0,,nan,0,0,USD,,0,0,manual,0.0,,0,0.0,0,0,13.33,0,DAILY_BUDGET,0,0,13.33,Amazon,0.0,0.0,46,0,0,0,5,Inner-SP-Auto-Magnesium Complex-CPC-Low bid,spCampaign_placement,US,INNERBRIGHTNESS,spCampaign_placement_innerbrightness_US_2026-03-21_2026-04-20.json,2026-04-21 01:59:24
84557,2026-04-21 01:59:24.822405,2026-04-21 01:59:24.822405,2026-04-04,99.95,3.730869727510265,5,Detail Page on-Amazon,99.95,99.95,,99.95,0,5,ENABLED,5,600.0,5,5,1.28,5,552923299547324,0.6724303554274735,0,,26.803401700850422,5,0,USD,,5,5,manual,99.95,,0,99.95,0,5,26.79,5,DAILY_BUDGET,5,5,26.79,Amazon,99.95,99.95,3123,5,5,5,21,Inner-SP-KW-gumm-magnesium glycinate gummies-EM-CPC-8k,spCampaign_placement,US,INNERBRIGHTNESS,spCampaign_placement_innerbrightness_US_2026-03-21_2026-04-20.json,2026-04-21 01:59:24
84558,2026-04-21 01:59:24.822405,2026-04-21 01:59:24.822405,2026-04-05,0.0,0.9519047619047618,0,Detail Page on-Amazon,19.99,19.99,,19.99,0,0,ENABLED,1,600.0,1,1,1.5,1,552923299547324,0.5225830533781262,0,,105.05252626313157,1,0,USD,,1,1,manual,19.99,,0,0.0,0,1,21.0,0,DAILY_BUDGET,0,1,21.0,Amazon,19.99,19.99,2679,1,1,1,14,Inner-SP-KW-gumm-magnesium glycinate gummies-EM-CPC-8k,spCampaign_placement,US,INNERBRIGHTNESS,spCampaign_placement_innerbrightness_US_2026-03-21_2026-04-20.json,2026-04-21 01:59:24
84559,2026-04-21 01:59:24.822405,2026-04-21 01:59:24.822405,2026-04-06,0.0,0.0,0,Detail Page on-Amazon,0.0,0.0,,0.0,0,0,ENABLED,0,600.0,0,0,1.5,0,552923299547324,0.3093102381688834,0,,nan,0,0,USD,,0,0,manual,0.0,,0,0.0,0,0,15.0,0,DAILY_BUDGET,0,0,15.0,Amazon,0.0,0.0,3233,0,0,0,10,Inner-SP-KW-gumm-magnesium glycinate gummies-EM-CPC-8k,spCampaign_placement,US,INNERBRIGHTNESS,spCampaign_placement_innerbrightness_US_2026-03-21_2026-04-20.json,2026-04-21 01:59:24
84560,2026-04-21 01:59:24.822405,2026-04-21 01:59:24.822405,2026-04-07,0.0,2.9639830508474576,0,Detail Page on-Amazon,13.99,0.0,,13.99,0,0,ENABLED,0,600.0,0,1,1.18,1,552923299547324,0.2826855123674912,0,,33.738384560400284,1,0,USD,,1,0,manual,0.0,,0,0.0,0,1,4.72,0,DAILY_BUDGET,0,0,4.72,Amazon,13.99,13.99,1415,1,1,1,4,Inner-SP-KW-gumm-magnesium glycinate gummies-EM-CPC-8k,spCampaign_placement,US,INNERBRIGHTNESS,spCampaign_placement_innerbrightness_US_2026-03-21_2026-04-20.json,2026-04-21 01:59:24
84561,2026-04-21 01:59:24.822405,2026-04-21 01:59:24.822405,2026-04-08,19.99,3.2504065040650407,1,Detail Page on-Amazon,59.97,59.97,,59.97,0,1,ENABLED,3,600.0,3,3,1.32,3,552923299547324,0.9038089089735314,0,,30.76538269134567,3,0,USD,,3,3,manual,59.97,,0,19.99,0,3,18.45,1,DAILY_BUDGET,1,3,18.45,Amazon,59.97,59.97,1549,3,3,3,14,Inner-SP-KW-gumm-magnesium glycinate gummies-EM-CPC-8k,spCampaign_placement,US,INNERBRIGHTNESS,spCampaign_placement_innerbrightness_US_2026-03-21_2026-04-20.json,2026-04-21 01:59:24
84562,2026-04-21 01:59:24.822405,2026-04-21 01:59:24.822405,2026-04-09,19.99,1.9038095238095236,1,Detail Page on-Amazon,19.99,19.99,,19.99,0,1,ENABLED,1,600.0,1,1,1.5,1,552923299547324,0.32558139534883723,0,,52.526263131565784,1,0,USD,,1,1,manual,19.99,,0,19.99,0,1,10.5,1,DAILY_BUDGET,1,1,10.5,Amazon,19.99,19.99,2150,1,1,1,7,Inner-SP-KW-gumm-magnesium glycinate gummies-EM-CPC-8k,spCampaign_placement,US,INNERBRIGHTNESS,spCampaign_placement_innerbrightness_US_2026-03-21_2026-04-20.json,2026-04-21 01:59:24
84563,2026-04-21 01:59:24.822405,2026-04-21 01:59:24.822405,2026-04-10,0.0,0.0,0,Detail Page on-Amazon,0.0,0.0,,0.0,0,0,ENABLED,0,600.0,0,0,1.5,0,552923299547324,0.32021957913998167,0,,nan,0,0,USD,,0,0,manual,0.0,,0,0.0,0,0,10.5,0,DAILY_BUDGET,0,0,10.5,Amazon,0.0,0.0,2186,0,0,0,7,Inner-SP-KW-gumm-magnesium glycinate gummies-EM-CPC-8k,spCampaign_placement,US,INNERBRIGHTNESS,spCampaign_placement_innerbrightness_US_2026-03-21_2026-04-20.json,2026-04-21 01:59:24
84578,2026-04-21 01:59:24.822405,2026-04-21 01:59:24.822405,2026-04-04,0.0,nan,0,Other on-Amazon,0.0,0.0,,0.0,0,0,ENABLED,0,600.0,0,0,0.0,0,552923299547324,0.0,0,,nan,0,0,USD,,0,0,manual,0.0,,0,0.0,0,0,0.0,0,DAILY_BUDGET,0,0,0.0,Amazon,0.0,0.0,46,0,0,0,0,Inner-SP-KW-gumm-magnesium glycinate gummies-EM-CPC-8k,spCampaign_placement,US,INNERBRIGHTNESS,spCampaign_placement_innerbrightness_US_2026-03-21_2026-04-20.json,2026-04-21 01:59:24
84579,2026-04-21 01:59:24.822405,2026-04-21 01:59:24.822405,2026-04-05,0.0,nan,0,Other on-Amazon,0.0,0.0,,0.0,0,0,ENABLED,0,600.0,0,0,0.0,0,552923299547324,0.0,0,,nan,0,0,USD,,0,0,manual,0.0,,0,0.0,0,0,0.0,0,DAILY_BUDGET,0,0,0.0,Amazon,0.0,0.0,44,0,0,0,0,Inner-SP-KW-gumm-magnesium glycinate gummies-EM-CPC-8k,spCampaign_placement,US,INNERBRIGHTNESS,spCampaign_placement_innerbrightness_US_2026-03-21_2026-04-20.json,2026-04-21 01:59:24
84580,2026-04-21 01:59:24.822405,2026-04-21 01:59:24.822405,2026-04-06,0.0,nan,0,Other on-Amazon,0.0,0.0,,0.0,0,0,ENABLED,0,600.0,0,0,0.0,0,552923299547324,0.0,0,,nan,0,0,USD,,0,0,manual,0.0,,0,0.0,0,0,0.0,0,DAILY_BUDGET,0,0,0.0,Amazon,0.0,0.0,55,0,0,0,0,Inner-SP-KW-gumm-magnesium glycinate gummies-EM-CPC-8k,spCampaign_placement,US,INNERBRIGHTNESS,spCampaign_placement_innerbrightness_US_2026-03-21_2026-04-20.json,2026-04-21 01:59:24
84581,2026-04-21 01:59:24.822405,2026-04-21 01:59:24.822405,2026-04-07,0.0,nan,0,Other on-Amazon,0.0,0.0,,0.0,0,0,ENABLED,0,600.0,0,0,0.0,0,552923299547324,0.0,0,,nan,0,0,USD,,0,0,manual,0.0,,0,0.0,0,0,0.0,0,DAILY_BUDGET,0,0,0.0,Amazon,0.0,0.0,12,0,0,0,0,Inner-SP-KW-gumm-magnesium glycinate gummies-EM-CPC-8k,spCampaign_placement,US,INNERBRIGHTNESS,spCampaign_placement_innerbrightness_US_2026-03-21_2026-04-20.json,2026-04-21 01:59:24
84582,2026-04-21 01:59:24.822405,2026-04-21 01:59:24.822405,2026-04-08,0.0,nan,0,Other on-Amazon,0.0,0.0,,0.0,0,0,ENABLED,0,600.0,0,0,0.0,0,552923299547324,0.0,0,,nan,0,0,USD,,0,0,manual,0.0,,0,0.0,0,0,0.0,0,DAILY_BUDGET,0,0,0.0,Amazon,0.0,0.0,178,0,0,0,0,Inner-SP-KW-gumm-magnesium glycinate gummies-EM-CPC-8k,spCampaign_placement,US,INNERBRIGHTNESS,spCampaign_placement_innerbrightness_US_2026-03-21_2026-04-20.json,2026-04-21 01:59:24
84583,2026-04-21 01:59:24.822405,2026-04-21 01:59:24.822405,2026-04-09,0.0,nan,0,Other on-Amazon,0.0,0.0,,0.0,0,0,ENABLED,0,600.0,0,0,0.0,0,552923299547324,0.0,0,,nan,0,0,USD,,0,0,manual,0.0,,0,0.0,0,0,0.0,0,DAILY_BUDGET,0,0,0.0,Amazon,0.0,0.0,20,0,0,0,0,Inner-SP-KW-gumm-magnesium glycinate gummies-EM-CPC-8k,spCampaign_placement,US,INNERBRIGHTNESS,spCampaign_placement_innerbrightness_US_2026-03-21_2026-04-20.json,2026-04-21 01:59:24
84584,2026-04-21 01:59:24.822405,2026-04-21 01:59:24.822405,2026-04-10,0.0,nan,0,Other on-Amazon,0.0,0.0,,0.0,0,0,ENABLED,0,600.0,0,0,0.0,0,552923299547324,0.0,0,,nan,0,0,USD,,0,0,manual,0.0,,0,0.0,0,0,0.0,0,DAILY_BUDGET,0,0,0.0,Amazon,0.0,0.0,33,0,0,0,0,Inner-SP-KW-gumm-magnesium glycinate gummies-EM-CPC-8k,spCampaign_placement,US,INNERBRIGHTNESS,spCampaign_placement_innerbrightness_US_2026-03-21_2026-04-20.json,2026-04-21 01:59:24
84599,2026-04-21 01:59:24.822405,2026-04-21 01:59:24.822405,2026-04-04,0.0,nan,0,Top of Search on-Amazon,0.0,0.0,,0.0,0,0,ENABLED,0,600.0,0,0,0.0,0,552923299547324,0.0,0,,nan,0,0,USD,,0,0,manual,0.0,,0,0.0,0,0,0.0,0,DAILY_BUDGET,0,0,0.0,Amazon,0.0,0.0,3,0,0,0,0,Inner-SP-KW-gumm-magnesium glycinate gummies-EM-CPC-8k,spCampaign_placement,US,INNERBRIGHTNESS,spCampaign_placement_innerbrightness_US_2026-03-21_2026-04-20.json,2026-04-21 01:59:24
84600,2026-04-21 01:59:24.822405,2026-04-21 01:59:24.822405,2026-04-05,0.0,nan,0,Top of Search on-Amazon,0.0,0.0,,0.0,0,0,ENABLED,0,600.0,0,0,0.0,0,552923299547324,0.0,0,,nan,0,0,USD,,0,0,manual,0.0,,0,0.0,0,0,0.0,0,DAILY_BUDGET,0,0,0.0,Amazon,0.0,0.0,9,0,0,0,0,Inner-SP-KW-gumm-magnesium glycinate gummies-EM-CPC-8k,spCampaign_placement,US,INNERBRIGHTNESS,spCampaign_placement_innerbrightness_US_2026-03-21_2026-04-20.json,2026-04-21 01:59:24
84601,2026-04-21 01:59:24.822405,2026-04-21 01:59:24.822405,2026-04-06,0.0,nan,0,Top of Search on-Amazon,0.0,0.0,,0.0,0,0,ENABLED,0,600.0,0,0,0.0,0,552923299547324,0.0,0,,nan,0,0,USD,,0,0,manual,0.0,,0,0.0,0,0,0.0,0,DAILY_BUDGET,0,0,0.0,Amazon,0.0,0.0,7,0,0,0,0,Inner-SP-KW-gumm-magnesium glycinate gummies-EM-CPC-8k,spCampaign_placement,US,INNERBRIGHTNESS,spCampaign_placement_innerbrightness_US_2026-03-21_2026-04-20.json,2026-04-21 01:59:24
84602,2026-04-21 01:59:24.822405,2026-04-21 01:59:24.822405,2026-04-07,0.0,nan,0,Top of Search on-Amazon,0.0,0.0,,0.0,0,0,ENABLED,0,600.0,0,0,0.0,0,552923299547324,0.0,0,,nan,0,0,USD,,0,0,manual,0.0,,0,0.0,0,0,0.0,0,DAILY_BUDGET,0,0,0.0,Amazon,0.0,0.0,2,0,0,0,0,Inner-SP-KW-gumm-magnesium glycinate gummies-EM-CPC-8k,spCampaign_placement,US,INNERBRIGHTNESS,spCampaign_placement_innerbrightness_US_2026-03-21_2026-04-20.json,2026-04-21 01:59:24
84603,2026-04-21 01:59:24.822405,2026-04-21 01:59:24.822405,2026-04-08,59.97,1.6074561403508771,4,Top of Search on-Amazon,59.97,87.96,,59.97,0,3,ENABLED,3,600.0,4,3,3.22,4,552923299547324,17.17171717171717,0,,62.210095497953624,4,0,USD,,3,4,manual,59.97,,0,87.96,0,3,54.72,3,DAILY_BUDGET,4,3,54.72,Amazon,87.96,87.96,99,3,4,4,17,Inner-SP-KW-gumm-magnesium glycinate gummies-EM-CPC-8k,spCampaign_placement,US,INNERBRIGHTNESS,spCampaign_placement_innerbrightness_US_2026-03-21_2026-04-20.json,2026-04-21 01:59:24
84604,2026-04-21 01:59:24.822405,2026-04-21 01:59:24.822405,2026-04-09,0.0,nan,0,Top of Search on-Amazon,0.0,0.0,,0.0,0,0,ENABLED,0,600.0,0,0,0.0,0,552923299547324,0.0,0,,nan,0,0,USD,,0,0,manual,0.0,,0,0.0,0,0,0.0,0,DAILY_BUDGET,0,0,0.0,Amazon,0.0,0.0,1,0,0,0,0,Inner-SP-KW-gumm-magnesium glycinate gummies-EM-CPC-8k,spCampaign_placement,US,INNERBRIGHTNESS,spCampaign_placement_innerbrightness_US_2026-03-21_2026-04-20.json,2026-04-21 01:59:24
84605,2026-04-21 01:59:24.822405,2026-04-21 01:59:24.822405,2026-04-10,0.0,nan,0,Top of Search on-Amazon,0.0,0.0,,0.0,0,0,ENABLED,0,600.0,0,0,0.0,0,552923299547324,0.0,0,,nan,0,0,USD,,0,0,manual,0.0,,0,0.0,0,0,0.0,0,DAILY_BUDGET,0,0,0.0,Amazon,0.0,0.0,3,0,0,0,0,Inner-SP-KW-gumm-magnesium glycinate gummies-EM-CPC-8k,spCampaign_placement,US,INNERBRIGHTNESS,spCampaign_placement_innerbrightness_US_2026-03-21_2026-04-20.json,2026-04-21 01:59:24
84618,2026-04-21 01:59:24.822405,2026-04-21 01:59:24.822405,2026-04-04,0.0,nan,0,Detail Page on-Amazon,0.0,0.0,,0.0,0,0,ENABLED,0,180.0,0,0,0.0,0,287272276943680,0.0,0,,nan,0,0,USD,,0,0,legacy,0.0,,0,0.0,0,0,0.0,0,DAILY_BUDGET,0,0,0.0,Amazon,0.0,0.0,246,0,0,0,0,Inner-SP-KW-Berberine Capsules-PAT,spCampaign_placement,US,INNERBRIGHTNESS,spCampaign_placement_innerbrightness_US_2026-03-21_2026-04-20.json,2026-04-21 01:59:24
84619,2026-04-21 01:59:24.822405,2026-04-21 01:59:24.822405,2026-04-05,0.0,0.0,0,Detail Page on-Amazon,0.0,0.0,,0.0,0,0,ENABLED,0,180.0,0,0,2.02,0,287272276943680,0.2506265664160401,0,,nan,0,0,USD,,0,0,legacy,0.0,,0,0.0,0,0,2.02,0,DAILY_BUDGET,0,0,2.02,Amazon,0.0,0.0,399,0,0,0,1,Inner-SP-KW-Berberine Capsules-PAT,spCampaign_placement,US,INNERBRIGHTNESS,spCampaign_placement_innerbrightness_US_2026-03-21_2026-04-20.json,2026-04-21 01:59:24
84620,2026-04-21 01:59:24.822405,2026-04-21 01:59:24.822405,2026-04-06,0.0,nan,0,Detail Page on-Amazon,0.0,0.0,,0.0,0,0,ENABLED,0,180.0,0,0,0.0,0,287272276943680,0.0,0,,nan,0,0,USD,,0,0,legacy,0.0,,0,0.0,0,0,0.0,0,DAILY_BUDGET,0,0,0.0,Amazon,0.0,0.0,11,0,0,0,0,Inner-SP-KW-Berberine Capsules-PAT,spCampaign_placement,US,INNERBRIGHTNESS,spCampaign_placement_innerbrightness_US_2026-03-21_2026-04-20.json,2026-04-21 01:59:24
84621,2026-04-21 01:59:24.822405,2026-04-21 01:59:24.822405,2026-04-07,0.0,nan,0,Detail Page on-Amazon,0.0,0.0,,0.0,0,0,ENABLED,0,180.0,0,0,0.0,0,287272276943680,0.0,0,,nan,0,0,USD,,0,0,legacy,0.0,,0,0.0,0,0,0.0,0,DAILY_BUDGET,0,0,0.0,Amazon,0.0,0.0,12,0,0,0,0,Inner-SP-KW-Berberine Capsules-PAT,spCampaign_placement,US,INNERBRIGHTNESS,spCampaign_placement_innerbrightness_US_2026-03-21_2026-04-20.json,2026-04-21 01:59:24
84622,2026-04-21 01:59:24.822405,2026-04-21 01:59:24.822405,2026-04-08,0.0,0.0,0,Detail Page on-Amazon,0.0,0.0,,0.0,0,0,ENABLED,0,180.0,0,0,2.19,0,287272276943680,1.0869565217391304,0,,nan,0,0,USD,,0,0,legacy,0.0,,0,0.0,0,0,2.19,0,DAILY_BUDGET,0,0,2.19,Amazon,0.0,0.0,92,0,0,0,1,Inner-SP-KW-Berberine Capsules-PAT,spCampaign_placement,US,INNERBRIGHTNESS,spCampaign_placement_innerbrightness_US_2026-03-21_2026-04-20.json,2026-04-21 01:59:24
84623,2026-04-21 01:59:24.822405,2026-04-21 01:59:24.822405,2026-04-09,0.0,nan,0,Detail Page on-Amazon,0.0,0.0,,0.0,0,0,ENABLED,0,180.0,0,0,0.0,0,287272276943680,0.0,0,,nan,0,0,USD,,0,0,legacy,0.0,,0,0.0,0,0,0.0,0,DAILY_BUDGET,0,0,0.0,Amazon,0.0,0.0,10,0,0,0,0,Inner-SP-KW-Berberine Capsules-PAT,spCampaign_placement,US,INNERBRIGHTNESS,spCampaign_placement_innerbrightness_US_2026-03-21_2026-04-20.json,2026-04-21 01:59:24
84624,2026-04-21 01:59:24.822405,2026-04-21 01:59:24.822405,2026-04-10,0.0,nan,0,Detail Page on-Amazon,0.0,0.0,,0.0,0,0,ENABLED,0,180.0,0,0,0.0,0,287272276943680,0.0,0,,nan,0,0,USD,,0,0,legacy,0.0,,0,0.0,0,0,0.0,0,DAILY_BUDGET,0,0,0.0,Amazon,0.0,0.0,3,0,0,0,0,Inner-SP-KW-Berberine Capsules-PAT,spCampaign_placement,US,INNERBRIGHTNESS,spCampaign_placement_innerbrightness_US_2026-03-21_2026-04-20.json,2026-04-21 01:59:24
84638,2026-04-21 01:59:24.822405,2026-04-21 01:59:24.822405,2026-04-04,0.0,1.0607814761215628,0,Other on-Amazon,21.99,21.99,,21.99,0,0,ENABLED,1,180.0,1,1,2.96,1,287272276943680,1.282051282051282,0,,94.27012278308324,1,0,USD,,1,1,legacy,21.99,,0,0.0,0,1,20.73,0,DAILY_BUDGET,0,1,20.73,Amazon,21.99,21.99,546,1,1,1,7,Inner-SP-KW-Berberine Capsules-PAT,spCampaign_placement,US,INNERBRIGHTNESS,spCampaign_placement_innerbrightness_US_2026-03-21_2026-04-20.json,2026-04-21 01:59:24
84639,2026-04-21 01:59:24.822405,2026-04-21 01:59:24.822405,2026-04-05,0.0,2.3881773399014774,0,Other on-Amazon,48.48,48.48,,48.48,0,0,ENABLED,2,180.0,2,2,2.9,2,287272276943680,1.4830508474576272,0,,41.87293729372938,2,0,USD,,2,2,legacy,48.48,,0,0.0,0,2,20.3,0,DAILY_BUDGET,0,2,20.3,Amazon,48.48,48.48,472,2,2,2,7,Inner-SP-KW-Berberine Capsules-PAT,spCampaign_placement,US,INNERBRIGHTNESS,spCampaign_placement_innerbrightness_US_2026-03-21_2026-04-20.json,2026-04-21 01:59:24
84640,2026-04-21 01:59:24.822405,2026-04-21 01:59:24.822405,2026-04-06,0.0,0.0,0,Other on-Amazon,0.0,0.0,,0.0,0,0,ENABLED,0,180.0,0,0,2.86,0,287272276943680,1.7064846416382253,0,,nan,0,0,USD,,0,0,legacy,0.0,,0,0.0,0,0,14.28,0,DAILY_BUDGET,0,0,14.28,Amazon,0.0,0.0,293,0,0,0,5,Inner-SP-KW-Berberine Capsules-PAT,spCampaign_placement,US,INNERBRIGHTNESS,spCampaign_placement_innerbrightness_US_2026-03-21_2026-04-20.json,2026-04-21 01:59:24
84641,2026-04-21 01:59:24.822405,2026-04-21 01:59:24.822405,2026-04-07,23.99,1.0540421792618628,1,Other on-Amazon,23.99,23.99,,23.99,0,1,ENABLED,1,180.0,1,1,2.85,1,287272276943680,0.7279344858962694,0,,94.87286369320552,1,0,USD,,1,1,legacy,23.99,,0,23.99,0,1,22.76,1,DAILY_BUDGET,1,1,22.76,Amazon,23.99,23.99,1099,1,1,1,8,Inner-SP-KW-Berberine Capsules-PAT,spCampaign_placement,US,INNERBRIGHTNESS,spCampaign_placement_innerbrightness_US_2026-03-21_2026-04-20.json,2026-04-21 01:59:24
84642,2026-04-21 01:59:24.822405,2026-04-21 01:59:24.822405,2026-04-08,24.49,2.040833333333333,1,Other on-Amazon,24.49,24.49,,24.49,0,1,ENABLED,1,180.0,1,1,3.0,1,287272276943680,0.7155635062611807,0,,48.99959167006942,1,0,USD,,1,1,legacy,24.49,,0,24.49,0,1,12.0,1,DAILY_BUDGET,1,1,12.0,Amazon,24.49,24.49,559,1,1,1,4,Inner-SP-KW-Berberine Capsules-PAT,spCampaign_placement,US,INNERBRIGHTNESS,spCampaign_placement_innerbrightness_US_2026-03-21_2026-04-20.json,2026-04-21 01:59:24
84643,2026-04-21 01:59:24.822405,2026-04-21 01:59:24.822405,2026-04-09,0.0,0.0,0,Other on-Amazon,0.0,0.0,,0.0,0,0,ENABLED,0,180.0,0,0,2.5,0,287272276943680,4.166666666666666,0,,nan,0,0,USD,,0,0,legacy,0.0,,0,0.0,0,0,2.5,0,DAILY_BUDGET,0,0,2.5,Amazon,0.0,0.0,24,0,0,0,1,Inner-SP-KW-Berberine Capsules-PAT,spCampaign_placement,US,INNERBRIGHTNESS,spCampaign_placement_innerbrightness_US_2026-03-21_2026-04-20.json,2026-04-21 01:59:24
84644,2026-04-21 01:59:24.822405,2026-04-21 01:59:24.822405,2026-04-10,0.0,0.0,0,Other on-Amazon,0.0,0.0,,0.0,0,0,ENABLED,0,180.0,0,0,2.5,0,287272276943680,50.0,0,,nan,0,0,USD,,0,0,legacy,0.0,,0,0.0,0,0,2.5,0,DAILY_BUDGET,0,0,2.5,Amazon,0.0,0.0,2,0,0,0,1,Inner-SP-KW-Berberine Capsules-PAT,spCampaign_placement,US,INNERBRIGHTNESS,spCampaign_placement_innerbrightness_US_2026-03-21_2026-04-20.json,2026-04-21 01:59:24
84657,2026-04-21 01:59:24.822405,2026-04-21 01:59:24.822405,2026-04-04,65.97,1.3647083160943316,3,Top of Search on-Amazon,65.97,65.97,,65.97,0,3,ENABLED,2,180.0,2,3,3.22,3,287272276943680,12.195121951219512,0,,73.27573139305746,3,0,USD,,3,3,legacy,65.97,,0,65.97,0,2,48.34,2,DAILY_BUDGET,2,3,48.34,Amazon,65.97,65.97,123,2,2,2,15,Inner-SP-KW-Berberine Capsules-PAT,spCampaign_placement,US,INNERBRIGHTNESS,spCampaign_placement_innerbrightness_US_2026-03-21_2026-04-20.json,2026-04-21 01:59:24
84658,2026-04-21 01:59:24.822405,2026-04-21 01:59:24.822405,2026-04-05,109.95,2.6135013073449014,5,Top of Search on-Amazon,109.95,109.95,,109.95,0,5,ENABLED,5,180.0,5,5,3.24,5,287272276943680,9.558823529411764,0,,38.26284674852206,5,0,USD,,5,5,legacy,109.95,,0,109.95,0,5,42.07,5,DAILY_BUDGET,5,5,42.07,Amazon,109.95,109.95,136,5,5,5,13,Inner-SP-KW-Berberine Capsules-PAT,spCampaign_placement,US,INNERBRIGHTNESS,spCampaign_placement_innerbrightness_US_2026-03-21_2026-04-20.json,2026-04-21 01:59:24
84659,2026-04-21 01:59:24.822405,2026-04-21 01:59:24.822405,2026-04-06,65.97,1.4545746904647048,3,Top of Search on-Amazon,90.46,90.46,,90.46,0,3,ENABLED,4,180.0,4,4,3.11,4,287272276943680,12.82051282051282,0,,68.74861817377847,4,0,USD,,4,4,legacy,90.46,,0,65.97,0,4,62.19,3,DAILY_BUDGET,3,4,62.19,Amazon,90.46,90.46,156,4,4,4,20,Inner-SP-KW-Berberine Capsules-PAT,spCampaign_placement,US,INNERBRIGHTNESS,spCampaign_placement_innerbrightness_US_2026-03-21_2026-04-20.json,2026-04-21 01:59:24
84660,2026-04-21 01:59:24.822405,2026-04-21 01:59:24.822405,2026-04-16,0.0,nan,0,Other on-Amazon,0.0,0.0,,0.0,0,0,ENABLED,0,50.0,0,0,0.0,0,1182589332550,0.0,0,,nan,0,0,USD,,0,0,manual,0.0,,0,0.0,0,0,0.0,0,DAILY_BUDGET,0,0,0.0,Amazon,0.0,0.0,89,0,0,0,0,IB-SP-KW-inositol-myo inositol-PM,spCampaign_placement,US,INNERBRIGHTNESS,spCampaign_placement_innerbrightness_US_2026-03-21_2026-04-20.json,2026-04-21 01:59:24
84661,2026-04-21 01:59:24.822405,2026-04-21 01:59:24.822405,2026-04-07,95.96,1.5472428248951948,4,Top of Search on-Amazon,95.96,95.96,,95.96,0,4,ENABLED,4,180.0,4,4,3.1,4,287272276943680,10.92896174863388,0,,64.6310962901209,4,0,USD,,4,4,legacy,95.96,,0,95.96,0,4,62.02,4,DAILY_BUDGET,4,4,62.02,Amazon,95.96,95.96,183,4,4,4,20,Inner-SP-KW-Berberine Capsules-PAT,spCampaign_placement,US,INNERBRIGHTNESS,spCampaign_placement_innerbrightness_US_2026-03-21_2026-04-20.json,2026-04-21 01:59:24
84662,2026-04-21 01:59:24.822405,2026-04-21 01:59:24.822405,2026-04-08,0.0,0.0,0,Top of Search on-Amazon,0.0,0.0,,0.0,0,0,ENABLED,0,180.0,0,0,3.19,0,287272276943680,16.363636363636363,0,,nan,0,0,USD,,0,0,legacy,0.0,,0,0.0,0,0,28.7,0,DAILY_BUDGET,0,0,28.7,Amazon,0.0,0.0,55,0,0,0,9,Inner-SP-KW-Berberine Capsules-PAT,spCampaign_placement,US,INNERBRIGHTNESS,spCampaign_placement_innerbrightness_US_2026-03-21_2026-04-20.json,2026-04-21 01:59:24
84663,2026-04-21 01:59:24.822405,2026-04-21 01:59:24.822405,2026-04-09,0.0,nan,0,Top of Search on-Amazon,0.0,0.0,,0.0,0,0,ENABLED,0,180.0,0,0,0.0,0,287272276943680,0.0,0,,nan,0,0,USD,,0,0,legacy,0.0,,0,0.0,0,0,0.0,0,DAILY_BUDGET,0,0,0.0,Amazon,0.0,0.0,1,0,0,0,0,Inner-SP-KW-Berberine Capsules-PAT,spCampaign_placement,US,INNERBRIGHTNESS,spCampaign_placement_innerbrightness_US_2026-03-21_2026-04-20.json,2026-04-21 01:59:24
84664,2026-04-21 01:59:24.822405,2026-04-21 01:59:24.822405,2026-04-10,0.0,nan,0,Top of Search on-Amazon,0.0,0.0,,0.0,0,0,ENABLED,0,180.0,0,0,0.0,0,287272276943680,nan,0,,nan,0,0,USD,,0,0,legacy,0.0,,0,0.0,0,0,0.0,0,DAILY_BUDGET,0,0,0.0,Amazon,0.0,0.0,0,0,0,0,0,Inner-SP-KW-Berberine Capsules-PAT,spCampaign_placement,US,INNERBRIGHTNESS,spCampaign_placement_innerbrightness_US_2026-03-21_2026-04-20.json,2026-04-21 01:59:24
84671,2026-04-21 01:59:24.822405,2026-04-21 01:59:24.822405,2026-04-11,0.0,0.0,0,Detail Page on-Amazon,0.0,0.0,,0.0,0,0,ENABLED,0,300.0,0,0,1.69,0,158485660571374,0.3073770491803279,0,,nan,0,0,USD,,0,0,manual,0.0,,0,0.0,0,0,15.18,0,DAILY_BUDGET,0,0,15.18,Amazon,0.0,0.0,2928,0,0,0,9,Inner-SP-KW-Berberine Capsules-EM-berberine supplement-2k,spCampaign_placement,US,INNERBRIGHTNESS,spCampaign_placement_innerbrightness_US_2026-03-21_2026-04-20.json,2026-04-21 01:59:24
84672,2026-04-21 01:59:24.822405,2026-04-21 01:59:24.822405,2026-04-12,0.0,0.0,0,Detail Page on-Amazon,0.0,0.0,,0.0,0,0,ENABLED,0,300.0,0,0,1.69,0,158485660571374,0.3687315634218289,0,,nan,0,0,USD,,0,0,manual,0.0,,0,0.0,0,0,16.86,0,DAILY_BUDGET,0,0,16.86,Amazon,0.0,0.0,2712,0,0,0,10,Inner-SP-KW-Berberine Capsules-EM-berberine supplement-2k,spCampaign_placement,US,INNERBRIGHTNESS,spCampaign_placement_innerbrightness_US_2026-03-21_2026-04-20.json,2026-04-21 01:59:24
84673,2026-04-21 01:59:24.822405,2026-04-21 01:59:24.822405,2026-04-13,0.0,0.0,0,Detail Page on-Amazon,0.0,0.0,,0.0,0,0,ENABLED,0,300.0,0,0,1.48,0,158485660571374,0.23355391202802647,0,,nan,0,0,USD,,0,0,manual,0.0,,0,0.0,0,0,8.87,0,DAILY_BUDGET,0,0,8.87,Amazon,0.0,0.0,2569,0,0,0,6,Inner-SP-KW-Berberine Capsules-EM-berberine supplement-2k,spCampaign_placement,US,INNERBRIGHTNESS,spCampaign_placement_innerbrightness_US_2026-03-21_2026-04-20.json,2026-04-21 01:59:24
84674,2026-04-21 01:59:24.822405,2026-04-21 01:59:24.822405,2026-04-14,0.0,0.0,0,Detail Page on-Amazon,0.0,0.0,,0.0,0,0,ENABLED,0,300.0,0,0,1.7,0,158485660571374,0.14657383657017223,0,,nan,0,0,USD,,0,0,manual,0.0,,0,0.0,0,0,6.8,0,DAILY_BUDGET,0,0,6.8,Amazon,0.0,0.0,2729,0,0,0,4,Inner-SP-KW-Berberine Capsules-EM-berberine supplement-2k,spCampaign_placement,US,INNERBRIGHTNESS,spCampaign_placement_innerbrightness_US_2026-03-21_2026-04-20.json,2026-04-21 01:59:24
84675,2026-04-21 01:59:24.822405,2026-04-21 01:59:24.822405,2026-04-15,0.0,0.0,0,Detail Page on-Amazon,0.0,0.0,,0.0,0,0,ENABLED,0,300.0,0,0,1.7,0,158485660571374,0.2457002457002457,0,,nan,0,0,USD,,0,0,manual,0.0,,0,0.0,0,0,3.4,0,DAILY_BUDGET,0,0,3.4,Amazon,0.0,0.0,814,0,0,0,2,Inner-SP-KW-Berberine Capsules-EM-berberine supplement-2k,spCampaign_placement,US,INNERBRIGHTNESS,spCampaign_placement_innerbrightness_US_2026-03-21_2026-04-20.json,2026-04-21 01:59:24
84676,2026-04-21 01:59:24.822405,2026-04-21 01:59:24.822405,2026-04-16,0.0,0.0,0,Detail Page on-Amazon,0.0,0.0,,0.0,0,0,ENABLED,0,300.0,0,0,1.61,0,158485660571374,0.35285815102328866,0,,nan,0,0,USD,,0,0,manual,0.0,,0,0.0,0,0,8.05,0,DAILY_BUDGET,0,0,8.05,Amazon,0.0,0.0,1417,0,0,0,5,Inner-SP-KW-Berberine Capsules-EM-berberine supplement-2k,spCampaign_placement,US,INNERBRIGHTNESS,spCampaign_placement_innerbrightness_US_2026-03-21_2026-04-20.json,2026-04-21 01:59:24
84677,2026-04-21 01:59:24.822405,2026-04-21 01:59:24.822405,2026-04-17,24.49,37.676923076923075,1,Detail Page on-Amazon,24.49,24.49,,24.49,0,1,ENABLED,1,300.0,1,1,0.65,1,158485660571374,3.4482758620689653,0,,2.654144548795427,1,0,USD,,1,1,manual,24.49,,0,24.49,0,1,0.65,1,DAILY_BUDGET,1,1,0.65,Amazon,24.49,24.49,29,1,1,1,1,Inner-SP-KW-Berberine Capsules-EM-berberine supplement-2k,spCampaign_placement,US,INNERBRIGHTNESS,spCampaign_placement_innerbrightness_US_2026-03-21_2026-04-20.json,2026-04-21 01:59:24
84681,2026-04-21 01:59:24.822405,2026-04-21 01:59:24.822405,2026-04-11,0.0,nan,0,Other on-Amazon,0.0,0.0,,0.0,0,0,ENABLED,0,300.0,0,0,0.0,0,158485660571374,0.0,0,,nan,0,0,USD,,0,0,manual,0.0,,0,0.0,0,0,0.0,0,DAILY_BUDGET,0,0,0.0,Amazon,0.0,0.0,2,0,0,0,0,Inner-SP-KW-Berberine Capsules-EM-berberine supplement-2k,spCampaign_placement,US,INNERBRIGHTNESS,spCampaign_placement_innerbrightness_US_2026-03-21_2026-04-20.json,2026-04-21 01:59:24
84682,2026-04-21 01:59:24.822405,2026-04-21 01:59:24.822405,2026-04-12,0.0,nan,0,Other on-Amazon,0.0,0.0,,0.0,0,0,ENABLED,0,300.0,0,0,0.0,0,158485660571374,nan,0,,nan,0,0,USD,,0,0,manual,0.0,,0,0.0,0,0,0.0,0,DAILY_BUDGET,0,0,0.0,Amazon,0.0,0.0,0,0,0,0,0,Inner-SP-KW-Berberine Capsules-EM-berberine supplement-2k,spCampaign_placement,US,INNERBRIGHTNESS,spCampaign_placement_innerbrightness_US_2026-03-21_2026-04-20.json,2026-04-21 01:59:24
84683,2026-04-21 01:59:24.822405,2026-04-21 01:59:24.822405,2026-04-13,0.0,nan,0,Other on-Amazon,0.0,0.0,,0.0,0,0,ENABLED,0,300.0,0,0,0.0,0,158485660571374,0.0,0,,nan,0,0,USD,,0,0,manual,0.0,,0,0.0,0,0,0.0,0,DAILY_BUDGET,0,0,0.0,Amazon,0.0,0.0,3,0,0,0,0,Inner-SP-KW-Berberine Capsules-EM-berberine supplement-2k,spCampaign_placement,US,INNERBRIGHTNESS,spCampaign_placement_innerbrightness_US_2026-03-21_2026-04-20.json,2026-04-21 01:59:24
84684,2026-04-21 01:59:24.822405,2026-04-21 01:59:24.822405,2026-04-14,0.0,nan,0,Other on-Amazon,0.0,0.0,,0.0,0,0,ENABLED,0,300.0,0,0,0.0,0,158485660571374,0.0,0,,nan,0,0,USD,,0,0,manual,0.0,,0,0.0,0,0,0.0,0,DAILY_BUDGET,0,0,0.0,Amazon,0.0,0.0,4,0,0,0,0,Inner-SP-KW-Berberine Capsules-EM-berberine supplement-2k,spCampaign_placement,US,INNERBRIGHTNESS,spCampaign_placement_innerbrightness_US_2026-03-21_2026-04-20.json,2026-04-21 01:59:24
84685,2026-04-21 01:59:24.822405,2026-04-21 01:59:24.822405,2026-04-15,0.0,nan,0,Other on-Amazon,0.0,0.0,,0.0,0,0,ENABLED,0,300.0,0,0,0.0,0,158485660571374,0.0,0,,nan,0,0,USD,,0,0,manual,0.0,,0,0.0,0,0,0.0,0,DAILY_BUDGET,0,0,0.0,Amazon,0.0,0.0,7,0,0,0,0,Inner-SP-KW-Berberine Capsules-EM-berberine supplement-2k,spCampaign_placement,US,INNERBRIGHTNESS,spCampaign_placement_innerbrightness_US_2026-03-21_2026-04-20.json,2026-04-21 01:59:24
84686,2026-04-21 01:59:24.822405,2026-04-21 01:59:24.822405,2026-04-16,0.0,0.0,0,Other on-Amazon,0.0,0.0,,0.0,0,0,ENABLED,0,300.0,0,0,3.75,0,158485660571374,0.6191950464396285,0,,nan,0,0,USD,,0,0,manual,0.0,,0,0.0,0,0,22.51,0,DAILY_BUDGET,0,0,22.51,Amazon,0.0,0.0,969,0,0,0,6,Inner-SP-KW-Berberine Capsules-EM-berberine supplement-2k,spCampaign_placement,US,INNERBRIGHTNESS,spCampaign_placement_innerbrightness_US_2026-03-21_2026-04-20.json,2026-04-21 01:59:24
84687,2026-04-21 01:59:24.822405,2026-04-21 01:59:24.822405,2026-04-17,73.47,1.7056892778993435,3,Other on-Amazon,109.13,109.13,,109.13,0,3,ENABLED,4,300.0,4,5,3.76,5,158485660571374,0.6679764243614932,0,,58.627325208466964,5,0,USD,,5,5,manual,109.13,,0,73.47,0,4,63.98,3,DAILY_BUDGET,3,5,63.98,Amazon,109.13,109.13,2545,4,4,4,17,Inner-SP-KW-Berberine Capsules-EM-berberine supplement-2k,spCampaign_placement,US,INNERBRIGHTNESS,spCampaign_placement_innerbrightness_US_2026-03-21_2026-04-20.json,2026-04-21 01:59:24
84690,2026-04-21 01:59:24.822405,2026-04-21 01:59:24.822405,2026-04-14,0.0,0.0,0,Detail Page on-Amazon,0.0,0.0,,0.0,0,0,ENABLED,0,1.0,0,0,1.36,0,181887194239676,0.23282887077997672,0,,nan,0,0,USD,,0,0,manual,0.0,,0,0.0,0,0,2.72,0,DAILY_BUDGET,0,0,2.72,Amazon,0.0,0.0,859,0,0,0,2,Inner-SP-KW-Berberine Capsules-BM-berberine with ceylon cinnamon-1w,spCampaign_placement,US,INNERBRIGHTNESS,spCampaign_placement_innerbrightness_US_2026-03-21_2026-04-20.json,2026-04-21 01:59:24
84692,2026-04-21 01:59:24.822405,2026-04-21 01:59:24.822405,2026-04-11,24.49,2.0579831932773107,1,Top of Search on-Amazon,48.98,48.98,,48.98,0,1,ENABLED,2,300.0,2,2,3.4,2,158485660571374,8.333333333333332,0,,48.59126173948551,2,0,USD,,2,2,manual,48.98,,0,24.49,0,2,23.8,1,DAILY_BUDGET,1,2,23.8,Amazon,48.98,48.98,84,2,2,2,7,Inner-SP-KW-Berberine Capsules-EM-berberine supplement-2k,spCampaign_placement,US,INNERBRIGHTNESS,spCampaign_placement_innerbrightness_US_2026-03-21_2026-04-20.json,2026-04-21 01:59:24
84693,2026-04-21 01:59:24.822405,2026-04-21 01:59:24.822405,2026-04-12,0.0,0.0,0,Top of Search on-Amazon,0.0,0.0,,0.0,0,0,ENABLED,0,300.0,0,0,3.4,0,158485660571374,2.0,0,,nan,0,0,USD,,0,0,manual,0.0,,0,0.0,0,0,6.8,0,DAILY_BUDGET,0,0,6.8,Amazon,0.0,0.0,100,0,0,0,2,Inner-SP-KW-Berberine Capsules-EM-berberine supplement-2k,spCampaign_placement,US,INNERBRIGHTNESS,spCampaign_placement_innerbrightness_US_2026-03-21_2026-04-20.json,2026-04-21 01:59:24
84694,2026-04-21 01:59:24.822405,2026-04-21 01:59:24.822405,2026-04-13,0.0,7.202941176470588,0,Top of Search on-Amazon,24.49,24.49,,24.49,0,0,ENABLED,1,300.0,1,1,3.4,1,158485660571374,3.8461538461538463,0,,13.883217639853001,1,0,USD,,1,1,manual,24.49,,0,0.0,0,1,3.4,0,DAILY_BUDGET,0,1,3.4,Amazon,24.49,24.49,26,1,1,1,1,Inner-SP-KW-Berberine Capsules-EM-berberine supplement-2k,spCampaign_placement,US,INNERBRIGHTNESS,spCampaign_placement_innerbrightness_US_2026-03-21_2026-04-20.json,2026-04-21 01:59:24
84695,2026-04-21 01:59:24.822405,2026-04-21 01:59:24.822405,2026-04-14,24.49,1.0289915966386554,1,Top of Search on-Amazon,24.49,24.49,,24.49,0,1,ENABLED,1,300.0,1,1,3.4,1,158485660571374,7.865168539325842,0,,97.18252347897102,1,0,USD,,1,1,manual,24.49,,0,24.49,0,1,23.8,1,DAILY_BUDGET,1,1,23.8,Amazon,24.49,24.49,89,1,1,1,7,Inner-SP-KW-Berberine Capsules-EM-berberine supplement-2k,spCampaign_placement,US,INNERBRIGHTNESS,spCampaign_placement_innerbrightness_US_2026-03-21_2026-04-20.json,2026-04-21 01:59:24
84696,2026-04-21 01:59:24.822405,2026-04-21 01:59:24.822405,2026-04-15,24.49,0.9003676470588236,1,Top of Search on-Amazon,24.49,24.49,,24.49,0,1,ENABLED,1,300.0,1,1,3.4,1,158485660571374,10.256410256410255,0,,111.06574111882401,1,0,USD,,1,1,manual,24.49,,0,24.49,0,1,27.2,1,DAILY_BUDGET,1,1,27.2,Amazon,24.49,24.49,78,1,1,1,8,Inner-SP-KW-Berberine Capsules-EM-berberine supplement-2k,spCampaign_placement,US,INNERBRIGHTNESS,spCampaign_placement_innerbrightness_US_2026-03-21_2026-04-20.json,2026-04-21 01:59:24
84697,2026-04-21 01:59:24.822405,2026-04-21 01:59:24.822405,2026-04-16,0.0,0.0,0,Top of Search on-Amazon,0.0,0.0,,0.0,0,0,ENABLED,0,300.0,0,0,3.91,0,158485660571374,7.103825136612022,0,,nan,0,0,USD,,0,0,manual,0.0,,0,0.0,0,0,50.77,0,DAILY_BUDGET,0,0,50.77,Amazon,0.0,0.0,183,0,0,0,13,Inner-SP-KW-Berberine Capsules-EM-berberine supplement-2k,spCampaign_placement,US,INNERBRIGHTNESS,spCampaign_placement_innerbrightness_US_2026-03-21_2026-04-20.json,2026-04-21 01:59:24
84698,2026-04-21 01:59:24.822405,2026-04-21 01:59:24.822405,2026-04-17,0.0,0.0,0,Top of Search on-Amazon,0.0,0.0,,0.0,0,0,ENABLED,0,300.0,0,0,4.03,0,158485660571374,23.52941176470588,0,,nan,0,0,USD,,0,0,manual,0.0,,0,0.0,0,0,16.12,0,DAILY_BUDGET,0,0,16.12,Amazon,0.0,0.0,17,0,0,0,4,Inner-SP-KW-Berberine Capsules-EM-berberine supplement-2k,spCampaign_placement,US,INNERBRIGHTNESS,spCampaign_placement_innerbrightness_US_2026-03-21_2026-04-20.json,2026-04-21 01:59:24
84702,2026-04-21 01:59:24.822405,2026-04-21 01:59:24.822405,2026-04-11,0.0,0.0,0,Detail Page on-Amazon,0.0,0.0,,0.0,0,0,ENABLED,0,1.0,0,0,1.44,0,181887194239676,0.09442870632672333,0,,nan,0,0,USD,,0,0,manual,0.0,,0,0.0,0,0,2.87,0,DAILY_BUDGET,0,0,2.87,Amazon,0.0,0.0,2118,0,0,0,2,Inner-SP-KW-Berberine Capsules-BM-berberine with ceylon cinnamon-1w,spCampaign_placement,US,INNERBRIGHTNESS,spCampaign_placement_innerbrightness_US_2026-03-21_2026-04-20.json,2026-04-21 01:59:24
84703,2026-04-21 01:59:24.822405,2026-04-21 01:59:24.822405,2026-04-12,24.49,8.684397163120567,1,Detail Page on-Amazon,24.49,24.49,,24.49,0,1,ENABLED,1,1.0,1,1,1.41,1,181887194239676,0.16736401673640167,0,,11.514904042466313,1,0,USD,,1,1,manual,24.49,,0,24.49,0,1,2.82,1,DAILY_BUDGET,1,1,2.82,Amazon,24.49,24.49,1195,1,1,1,2,Inner-SP-KW-Berberine Capsules-BM-berberine with ceylon cinnamon-1w,spCampaign_placement,US,INNERBRIGHTNESS,spCampaign_placement_innerbrightness_US_2026-03-21_2026-04-20.json,2026-04-21 01:59:24
84704,2026-04-21 01:59:24.822405,2026-04-21 01:59:24.822405,2026-04-13,0.0,nan,0,Detail Page on-Amazon,0.0,0.0,,0.0,0,0,ENABLED,0,1.0,0,0,0.0,0,181887194239676,0.0,0,,nan,0,0,USD,,0,0,manual,0.0,,0,0.0,0,0,0.0,0,DAILY_BUDGET,0,0,0.0,Amazon,0.0,0.0,118,0,0,0,0,Inner-SP-KW-Berberine Capsules-BM-berberine with ceylon cinnamon-1w,spCampaign_placement,US,INNERBRIGHTNESS,spCampaign_placement_innerbrightness_US_2026-03-21_2026-04-20.json,2026-04-21 01:59:24
84705,2026-04-21 01:59:24.822405,2026-04-21 01:59:24.822405,2026-04-15,0.0,0.0,0,Detail Page on-Amazon,0.0,0.0,,0.0,0,0,ENABLED,0,1.0,0,0,1.47,0,181887194239676,0.423728813559322,0,,nan,0,0,USD,,0,0,manual,0.0,,0,0.0,0,0,1.47,0,DAILY_BUDGET,0,0,1.47,Amazon,0.0,0.0,236,0,0,0,1,Inner-SP-KW-Berberine Capsules-BM-berberine with ceylon cinnamon-1w,spCampaign_placement,US,INNERBRIGHTNESS,spCampaign_placement_innerbrightness_US_2026-03-21_2026-04-20.json,2026-04-21 01:59:24
84706,2026-04-21 01:59:24.822405,2026-04-21 01:59:24.822405,2026-04-16,24.49,3.188802083333333,1,Detail Page on-Amazon,24.49,24.49,,24.49,0,1,ENABLED,1,1.0,1,1,1.54,1,181887194239676,0.28376844494892167,0,,31.35973866884443,1,0,USD,,1,1,manual,24.49,,0,24.49,0,1,7.68,1,DAILY_BUDGET,1,1,7.68,Amazon,24.49,24.49,1762,1,1,1,5,Inner-SP-KW-Berberine Capsules-BM-berberine with ceylon cinnamon-1w,spCampaign_placement,US,INNERBRIGHTNESS,spCampaign_placement_innerbrightness_US_2026-03-21_2026-04-20.json,2026-04-21 01:59:24
84707,2026-04-21 01:59:24.822405,2026-04-21 01:59:24.822405,2026-04-17,0.0,0.0,0,Detail Page on-Amazon,0.0,0.0,,0.0,0,0,ENABLED,0,1.0,0,0,1.52,0,181887194239676,0.05282620179609086,0,,nan,0,0,USD,,0,0,manual,0.0,,0,0.0,0,0,1.52,0,DAILY_BUDGET,0,0,1.52,Amazon,0.0,0.0,1893,0,0,0,1,Inner-SP-KW-Berberine Capsules-BM-berberine with ceylon cinnamon-1w,spCampaign_placement,US,INNERBRIGHTNESS,spCampaign_placement_innerbrightness_US_2026-03-21_2026-04-20.json,2026-04-21 01:59:24
84711,2026-04-21 01:59:24.822405,2026-04-21 01:59:24.822405,2026-04-11,24.49,0.5747477118047406,1,Other on-Amazon,24.49,24.49,,24.49,0,1,ENABLED,1,1.0,1,1,2.84,1,181887194239676,1.1078286558345642,0,,173.98938342180483,1,0,USD,,1,1,manual,24.49,,0,24.49,0,1,42.61,1,DAILY_BUDGET,1,1,42.61,Amazon,24.49,24.49,1354,1,1,1,15,Inner-SP-KW-Berberine Capsules-BM-berberine with ceylon cinnamon-1w,spCampaign_placement,US,INNERBRIGHTNESS,spCampaign_placement_innerbrightness_US_2026-03-21_2026-04-20.json,2026-04-21 01:59:24
84712,2026-04-21 01:59:24.822405,2026-04-21 01:59:24.822405,2026-04-12,0.0,0.0,0,Other on-Amazon,0.0,0.0,,0.0,0,0,ENABLED,0,1.0,0,0,2.65,0,181887194239676,1.2734584450402144,0,,nan,0,0,USD,,0,0,manual,0.0,,0,0.0,0,0,50.4,0,DAILY_BUDGET,0,0,50.4,Amazon,0.0,0.0,1492,0,0,0,19,Inner-SP-KW-Berberine Capsules-BM-berberine with ceylon cinnamon-1w,spCampaign_placement,US,INNERBRIGHTNESS,spCampaign_placement_innerbrightness_US_2026-03-21_2026-04-20.json,2026-04-21 01:59:24
84713,2026-04-21 01:59:24.822405,2026-04-21 01:59:24.822405,2026-04-13,0.0,0.0,0,Other on-Amazon,0.0,0.0,,0.0,0,0,ENABLED,0,1.0,0,0,2.7,0,181887194239676,1.4285714285714286,0,,nan,0,0,USD,,0,0,manual,0.0,,0,0.0,0,0,5.4,0,DAILY_BUDGET,0,0,5.4,Amazon,0.0,0.0,140,0,0,0,2,Inner-SP-KW-Berberine Capsules-BM-berberine with ceylon cinnamon-1w,spCampaign_placement,US,INNERBRIGHTNESS,spCampaign_placement_innerbrightness_US_2026-03-21_2026-04-20.json,2026-04-21 01:59:24
84714,2026-04-21 01:59:24.822405,2026-04-21 01:59:24.822405,2026-04-14,0.0,0.0,0,Other on-Amazon,0.0,0.0,,0.0,0,0,ENABLED,0,1.0,0,0,2.66,0,181887194239676,0.5828476269775187,0,,nan,0,0,USD,,0,0,manual,0.0,,0,0.0,0,0,18.6,0,DAILY_BUDGET,0,0,18.6,Amazon,0.0,0.0,1201,0,0,0,7,Inner-SP-KW-Berberine Capsules-BM-berberine with ceylon cinnamon-1w,spCampaign_placement,US,INNERBRIGHTNESS,spCampaign_placement_innerbrightness_US_2026-03-21_2026-04-20.json,2026-04-21 01:59:24
84715,2026-04-21 01:59:24.822405,2026-04-21 01:59:24.822405,2026-04-15,0.0,0.0,0,Other on-Amazon,0.0,0.0,,0.0,0,0,ENABLED,0,1.0,0,0,2.63,0,181887194239676,1.1058451816745656,0,,nan,0,0,USD,,0,0,manual,0.0,,0,0.0,0,0,18.44,0,DAILY_BUDGET,0,0,18.44,Amazon,0.0,0.0,633,0,0,0,7,Inner-SP-KW-Berberine Capsules-BM-berberine with ceylon cinnamon-1w,spCampaign_placement,US,INNERBRIGHTNESS,spCampaign_placement_innerbrightness_US_2026-03-21_2026-04-20.json,2026-04-21 01:59:24
84716,2026-04-21 01:59:24.822405,2026-04-21 01:59:24.822405,2026-04-16,24.49,1.1639733840304183,1,Other on-Amazon,24.49,24.49,,24.49,0,1,ENABLED,1,1.0,1,1,2.63,1,181887194239676,0.7042253521126761,0,,85.91261739485503,1,0,USD,,1,1,manual,24.49,,0,24.49,0,1,21.04,1,DAILY_BUDGET,1,1,21.04,Amazon,24.49,24.49,1136,1,1,1,8,Inner-SP-KW-Berberine Capsules-BM-berberine with ceylon cinnamon-1w,spCampaign_placement,US,INNERBRIGHTNESS,spCampaign_placement_innerbrightness_US_2026-03-21_2026-04-20.json,2026-04-21 01:59:24
84717,2026-04-21 01:59:24.822405,2026-04-21 01:59:24.822405,2026-04-17,24.49,0.4928557053733145,1,Other on-Amazon,24.49,24.49,,24.49,0,1,ENABLED,1,1.0,1,1,2.62,1,181887194239676,1.5043547110055424,0,,202.89914250714577,1,0,USD,,1,1,manual,24.49,,0,24.49,0,1,49.69,1,DAILY_BUDGET,1,1,49.69,Amazon,24.49,24.49,1263,1,1,1,19,Inner-SP-KW-Berberine Capsules-BM-berberine with ceylon cinnamon-1w,spCampaign_placement,US,INNERBRIGHTNESS,spCampaign_placement_innerbrightness_US_2026-03-21_2026-04-20.json,2026-04-21 01:59:24
84721,2026-04-21 01:59:24.822405,2026-04-21 01:59:24.822405,2026-04-12,24.49,16.326666666666664,1,Top of Search on-Amazon,24.49,24.49,,24.49,0,1,ENABLED,1,1.0,1,1,1.5,1,181887194239676,50.0,0,,6.124948958758678,1,0,USD,,1,1,manual,24.49,,0,24.49,0,1,1.5,1,DAILY_BUDGET,1,1,1.5,Amazon,24.49,24.49,2,1,1,1,1,Inner-SP-KW-Berberine Capsules-BM-berberine with ceylon cinnamon-1w,spCampaign_placement,US,INNERBRIGHTNESS,spCampaign_placement_innerbrightness_US_2026-03-21_2026-04-20.json,2026-04-21 01:59:24
84722,2026-04-21 01:59:24.822405,2026-04-21 01:59:24.822405,2026-04-13,0.0,nan,0,Top of Search on-Amazon,0.0,0.0,,0.0,0,0,ENABLED,0,1.0,0,0,0.0,0,181887194239676,nan,0,,nan,0,0,USD,,0,0,manual,0.0,,0,0.0,0,0,0.0,0,DAILY_BUDGET,0,0,0.0,Amazon,0.0,0.0,0,0,0,0,0,Inner-SP-KW-Berberine Capsules-BM-berberine with ceylon cinnamon-1w,spCampaign_placement,US,INNERBRIGHTNESS,spCampaign_placement_innerbrightness_US_2026-03-21_2026-04-20.json,2026-04-21 01:59:24
84723,2026-04-21 01:59:24.822405,2026-04-21 01:59:24.822405,2026-04-17,0.0,nan,0,Top of Search on-Amazon,0.0,0.0,,0.0,0,0,ENABLED,0,1.0,0,0,0.0,0,181887194239676,0.0,0,,nan,0,0,USD,,0,0,manual,0.0,,0,0.0,0,0,0.0,0,DAILY_BUDGET,0,0,0.0,Amazon,0.0,0.0,1,0,0,0,0,Inner-SP-KW-Berberine Capsules-BM-berberine with ceylon cinnamon-1w,spCampaign_placement,US,INNERBRIGHTNESS,spCampaign_placement_innerbrightness_US_2026-03-21_2026-04-20.json,2026-04-21 01:59:24
84727,2026-04-21 01:59:24.822405,2026-04-21 01:59:24.822405,2026-04-15,0.0,nan,0,Detail Page on-Amazon,0.0,0.0,,0.0,0,0,ENABLED,0,50.0,0,0,0.0,0,1182589332550,0.0,0,,nan,0,0,USD,,0,0,manual,0.0,,0,0.0,0,0,0.0,0,DAILY_BUDGET,0,0,0.0,Amazon,0.0,0.0,55,0,0,0,0,IB-SP-KW-inositol-myo inositol-PM,spCampaign_placement,US,INNERBRIGHTNESS,spCampaign_placement_innerbrightness_US_2026-03-21_2026-04-20.json,2026-04-21 01:59:24
84728,2026-04-21 01:59:24.822405,2026-04-21 01:59:24.822405,2026-04-16,0.0,0.0,0,Detail Page on-Amazon,0.0,0.0,,0.0,0,0,ENABLED,0,50.0,0,0,1.29,0,1182589332550,1.4925373134328357,0,,nan,0,0,USD,,0,0,manual,0.0,,0,0.0,0,0,2.59,0,DAILY_BUDGET,0,0,2.59,Amazon,0.0,0.0,134,0,0,0,2,IB-SP-KW-inositol-myo inositol-PM,spCampaign_placement,US,INNERBRIGHTNESS,spCampaign_placement_innerbrightness_US_2026-03-21_2026-04-20.json,2026-04-21 01:59:24
84729,2026-04-21 01:59:24.822405,2026-04-21 01:59:24.822405,2026-04-17,0.0,0.0,0,Detail Page on-Amazon,0.0,0.0,,0.0,0,0,ENABLED,0,50.0,0,0,1.29,0,1182589332550,0.3424657534246575,0,,nan,0,0,USD,,0,0,manual,0.0,,0,0.0,0,0,2.58,0,DAILY_BUDGET,0,0,2.58,Amazon,0.0,0.0,584,0,0,0,2,IB-SP-KW-inositol-myo inositol-PM,spCampaign_placement,US,INNERBRIGHTNESS,spCampaign_placement_innerbrightness_US_2026-03-21_2026-04-20.json,2026-04-21 01:59:24
84733,2026-04-21 01:59:24.822405,2026-04-21 01:59:24.822405,2026-04-15,0.0,0.916801948051948,0,Other on-Amazon,22.59,22.59,,22.59,0,0,ENABLED,1,50.0,1,1,2.05,1,1182589332550,0.8614501076812634,0,,109.07481186365648,1,0,USD,,1,1,manual,22.59,,0,0.0,0,1,24.64,0,DAILY_BUDGET,0,1,24.64,Amazon,22.59,22.59,1393,1,1,1,12,IB-SP-KW-inositol-myo inositol-PM,spCampaign_placement,US,INNERBRIGHTNESS,spCampaign_placement_innerbrightness_US_2026-03-21_2026-04-20.json,2026-04-21 01:59:24
84734,2026-04-21 01:59:24.822405,2026-04-21 01:59:24.822405,2026-04-17,45.18,12.549999999999999,2,Other on-Amazon,45.18,45.18,,45.18,0,2,ENABLED,1,50.0,1,2,1.2,2,1182589332550,1.36986301369863,0,,7.968127490039841,2,0,USD,,2,2,manual,45.18,,0,45.18,0,1,3.6,1,DAILY_BUDGET,1,2,3.6,Amazon,45.18,45.18,219,1,1,1,3,IB-SP-KW-inositol-myo inositol-PM,spCampaign_placement,US,INNERBRIGHTNESS,spCampaign_placement_innerbrightness_US_2026-03-21_2026-04-20.json,2026-04-21 01:59:24
84738,2026-04-21 01:59:24.822405,2026-04-21 01:59:24.822405,2026-04-15,22.59,3.273913043478261,1,Top of Search on-Amazon,22.59,22.59,,22.59,0,1,ENABLED,1,50.0,1,1,2.3,1,1182589332550,3.125,0,,30.54448871181939,1,0,USD,,1,1,manual,22.59,,0,22.59,0,1,6.9,1,DAILY_BUDGET,1,1,6.9,Amazon,22.59,22.59,96,1,1,1,3,IB-SP-KW-inositol-myo inositol-PM,spCampaign_placement,US,INNERBRIGHTNESS,spCampaign_placement_innerbrightness_US_2026-03-21_2026-04-20.json,2026-04-21 01:59:24
84739,2026-04-21 01:59:24.822405,2026-04-21 01:59:24.822405,2026-04-16,22.59,3.081855388813097,1,Top of Search on-Amazon,22.59,22.59,,22.59,0,1,ENABLED,1,50.0,1,1,2.44,1,1182589332550,5.263157894736842,0,,32.44798583444002,1,0,USD,,1,1,manual,22.59,,0,22.59,0,1,7.33,1,DAILY_BUDGET,1,1,7.33,Amazon,22.59,22.59,57,1,1,1,3,IB-SP-KW-inositol-myo inositol-PM,spCampaign_placement,US,INNERBRIGHTNESS,spCampaign_placement_innerbrightness_US_2026-03-21_2026-04-20.json,2026-04-21 01:59:24
84740,2026-04-21 01:59:24.822405,2026-04-21 01:59:24.822405,2026-04-17,0.0,0.0,0,Top of Search on-Amazon,0.0,0.0,,0.0,0,0,ENABLED,0,50.0,0,0,2.4,0,1182589332550,7.194244604316546,0,,nan,0,0,USD,,0,0,manual,0.0,,0,0.0,0,0,24.01,0,DAILY_BUDGET,0,0,24.01,Amazon,0.0,0.0,139,0,0,0,10,IB-SP-KW-inositol-myo inositol-PM,spCampaign_placement,US,INNERBRIGHTNESS,spCampaign_placement_innerbrightness_US_2026-03-21_2026-04-20.json,2026-04-21 01:59:24
84744,2026-04-21 01:59:24.822405,2026-04-21 01:59:24.822405,2026-04-11,0.0,nan,0,Detail Page on-Amazon,0.0,0.0,,0.0,0,0,ENABLED,0,150.0,0,0,0.0,0,112480725342057,0.0,0,,nan,0,0,USD,,0,0,manual,0.0,,0,0.0,0,0,0.0,0,DAILY_BUDGET,0,0,0.0,Amazon,0.0,0.0,1,0,0,0,0,Inner-SP-KW-NMN Capsules-nmn-EM-CPC-1.2w,spCampaign_placement,US,INNERBRIGHTNESS,spCampaign_placement_innerbrightness_US_2026-03-21_2026-04-20.json,2026-04-21 01:59:24
84745,2026-04-21 01:59:24.822405,2026-04-21 01:59:24.822405,2026-04-12,0.0,nan,0,Detail Page on-Amazon,0.0,0.0,,0.0,0,0,ENABLED,0,150.0,0,0,0.0,0,112480725342057,0.0,0,,nan,0,0,USD,,0,0,manual,0.0,,0,0.0,0,0,0.0,0,DAILY_BUDGET,0,0,0.0,Amazon,0.0,0.0,3,0,0,0,0,Inner-SP-KW-NMN Capsules-nmn-EM-CPC-1.2w,spCampaign_placement,US,INNERBRIGHTNESS,spCampaign_placement_innerbrightness_US_2026-03-21_2026-04-20.json,2026-04-21 01:59:24
84746,2026-04-21 01:59:24.822405,2026-04-21 01:59:24.822405,2026-04-13,0.0,nan,0,Detail Page on-Amazon,0.0,0.0,,0.0,0,0,ENABLED,0,150.0,0,0,0.0,0,112480725342057,0.0,0,,nan,0,0,USD,,0,0,manual,0.0,,0,0.0,0,0,0.0,0,DAILY_BUDGET,0,0,0.0,Amazon,0.0,0.0,1,0,0,0,0,Inner-SP-KW-NMN Capsules-nmn-EM-CPC-1.2w,spCampaign_placement,US,INNERBRIGHTNESS,spCampaign_placement_innerbrightness_US_2026-03-21_2026-04-20.json,2026-04-21 01:59:24
84747,2026-04-21 01:59:24.822405,2026-04-21 01:59:24.822405,2026-04-14,0.0,nan,0,Detail Page on-Amazon,0.0,0.0,,0.0,0,0,ENABLED,0,150.0,0,0,0.0,0,112480725342057,0.0,0,,nan,0,0,USD,,0,0,manual,0.0,,0,0.0,0,0,0.0,0,DAILY_BUDGET,0,0,0.0,Amazon,0.0,0.0,1,0,0,0,0,Inner-SP-KW-NMN Capsules-nmn-EM-CPC-1.2w,spCampaign_placement,US,INNERBRIGHTNESS,spCampaign_placement_innerbrightness_US_2026-03-21_2026-04-20.json,2026-04-21 01:59:24
84748,2026-04-21 01:59:24.822405,2026-04-21 01:59:24.822405,2026-04-15,0.0,nan,0,Detail Page on-Amazon,0.0,0.0,,0.0,0,0,ENABLED,0,150.0,0,0,0.0,0,112480725342057,0.0,0,,nan,0,0,USD,,0,0,manual,0.0,,0,0.0,0,0,0.0,0,DAILY_BUDGET,0,0,0.0,Amazon,0.0,0.0,1,0,0,0,0,Inner-SP-KW-NMN Capsules-nmn-EM-CPC-1.2w,spCampaign_placement,US,INNERBRIGHTNESS,spCampaign_placement_innerbrightness_US_2026-03-21_2026-04-20.json,2026-04-21 01:59:24
84749,2026-04-21 01:59:24.822405,2026-04-21 01:59:24.822405,2026-04-16,0.0,nan,0,Detail Page on-Amazon,0.0,0.0,,0.0,0,0,ENABLED,0,150.0,0,0,0.0,0,112480725342057,0.0,0,,nan,0,0,USD,,0,0,manual,0.0,,0,0.0,0,0,0.0,0,DAILY_BUDGET,0,0,0.0,Amazon,0.0,0.0,6,0,0,0,0,Inner-SP-KW-NMN Capsules-nmn-EM-CPC-1.2w,spCampaign_placement,US,INNERBRIGHTNESS,spCampaign_placement_innerbrightness_US_2026-03-21_2026-04-20.json,2026-04-21 01:59:24
84750,2026-04-21 01:59:24.822405,2026-04-21 01:59:24.822405,2026-04-17,0.0,nan,0,Detail Page on-Amazon,0.0,0.0,,0.0,0,0,ENABLED,0,150.0,0,0,0.0,0,112480725342057,0.0,0,,nan,0,0,USD,,0,0,manual,0.0,,0,0.0,0,0,0.0,0,DAILY_BUDGET,0,0,0.0,Amazon,0.0,0.0,2,0,0,0,0,Inner-SP-KW-NMN Capsules-nmn-EM-CPC-1.2w,spCampaign_placement,US,INNERBRIGHTNESS,spCampaign_placement_innerbrightness_US_2026-03-21_2026-04-20.json,2026-04-21 01:59:24
84754,2026-04-21 01:59:24.822405,2026-04-21 01:59:24.822405,2026-04-11,0.0,nan,0,Other on-Amazon,0.0,0.0,,0.0,0,0,ENABLED,0,150.0,0,0,0.0,0,112480725342057,nan,0,,nan,0,0,USD,,0,0,manual,0.0,,0,0.0,0,0,0.0,0,DAILY_BUDGET,0,0,0.0,Amazon,0.0,0.0,0,0,0,0,0,Inner-SP-KW-NMN Capsules-nmn-EM-CPC-1.2w,spCampaign_placement,US,INNERBRIGHTNESS,spCampaign_placement_innerbrightness_US_2026-03-21_2026-04-20.json,2026-04-21 01:59:24
84755,2026-04-21 01:59:24.822405,2026-04-21 01:59:24.822405,2026-04-12,0.0,nan,0,Other on-Amazon,0.0,0.0,,0.0,0,0,ENABLED,0,150.0,0,0,0.0,0,112480725342057,0.0,0,,nan,0,0,USD,,0,0,manual,0.0,,0,0.0,0,0,0.0,0,DAILY_BUDGET,0,0,0.0,Amazon,0.0,0.0,4,0,0,0,0,Inner-SP-KW-NMN Capsules-nmn-EM-CPC-1.2w,spCampaign_placement,US,INNERBRIGHTNESS,spCampaign_placement_innerbrightness_US_2026-03-21_2026-04-20.json,2026-04-21 01:59:24
84756,2026-04-21 01:59:24.822405,2026-04-21 01:59:24.822405,2026-04-13,0.0,nan,0,Other on-Amazon,0.0,0.0,,0.0,0,0,ENABLED,0,150.0,0,0,0.0,0,112480725342057,0.0,0,,nan,0,0,USD,,0,0,manual,0.0,,0,0.0,0,0,0.0,0,DAILY_BUDGET,0,0,0.0,Amazon,0.0,0.0,2,0,0,0,0,Inner-SP-KW-NMN Capsules-nmn-EM-CPC-1.2w,spCampaign_placement,US,INNERBRIGHTNESS,spCampaign_placement_innerbrightness_US_2026-03-21_2026-04-20.json,2026-04-21 01:59:24
84757,2026-04-21 01:59:24.822405,2026-04-21 01:59:24.822405,2026-04-14,0.0,nan,0,Other on-Amazon,0.0,0.0,,0.0,0,0,ENABLED,0,150.0,0,0,0.0,0,112480725342057,0.0,0,,nan,0,0,USD,,0,0,manual,0.0,,0,0.0,0,0,0.0,0,DAILY_BUDGET,0,0,0.0,Amazon,0.0,0.0,1,0,0,0,0,Inner-SP-KW-NMN Capsules-nmn-EM-CPC-1.2w,spCampaign_placement,US,INNERBRIGHTNESS,spCampaign_placement_innerbrightness_US_2026-03-21_2026-04-20.json,2026-04-21 01:59:24
84759,2026-04-21 01:59:24.822405,2026-04-21 01:59:24.822405,2026-04-11,0.0,nan,0,Detail Page on-Amazon,0.0,0.0,,0.0,0,0,ENABLED,0,150.0,0,0,0.0,0,103105471930136,0.0,0,,nan,0,0,USD,,0,0,legacy,0.0,,0,0.0,0,0,0.0,0,DAILY_BUDGET,0,0,0.0,Amazon,0.0,0.0,3,0,0,0,0,Inner-SP-KW-biotin gummies-EM-biotin gummies-1w,spCampaign_placement,US,INNERBRIGHTNESS,spCampaign_placement_innerbrightness_US_2026-03-21_2026-04-20.json,2026-04-21 01:59:24
84760,2026-04-21 01:59:24.822405,2026-04-21 01:59:24.822405,2026-04-12,0.0,nan,0,Detail Page on-Amazon,0.0,0.0,,0.0,0,0,ENABLED,0,150.0,0,0,0.0,0,103105471930136,0.0,0,,nan,0,0,USD,,0,0,legacy,0.0,,0,0.0,0,0,0.0,0,DAILY_BUDGET,0,0,0.0,Amazon,0.0,0.0,29,0,0,0,0,Inner-SP-KW-biotin gummies-EM-biotin gummies-1w,spCampaign_placement,US,INNERBRIGHTNESS,spCampaign_placement_innerbrightness_US_2026-03-21_2026-04-20.json,2026-04-21 01:59:24
84761,2026-04-21 01:59:24.822405,2026-04-21 01:59:24.822405,2026-04-13,0.0,0.0,0,Detail Page on-Amazon,0.0,0.0,,0.0,0,0,ENABLED,0,150.0,0,0,1.5,0,103105471930136,0.0711743772241993,0,,nan,0,0,USD,,0,0,legacy,0.0,,0,0.0,0,0,1.5,0,DAILY_BUDGET,0,0,1.5,Amazon,0.0,0.0,1405,0,0,0,1,Inner-SP-KW-biotin gummies-EM-biotin gummies-1w,spCampaign_placement,US,INNERBRIGHTNESS,spCampaign_placement_innerbrightness_US_2026-03-21_2026-04-20.json,2026-04-21 01:59:24
84762,2026-04-21 01:59:24.822405,2026-04-21 01:59:24.822405,2026-04-14,20.39,2.4865853658536587,1,Detail Page on-Amazon,20.39,20.39,,20.39,0,1,ENABLED,1,150.0,1,1,1.37,1,103105471930136,0.14278914802475012,0,,40.21579205492888,1,0,USD,,1,1,legacy,20.39,,0,20.39,0,1,8.2,1,DAILY_BUDGET,1,1,8.2,Amazon,20.39,20.39,4202,1,1,1,6,Inner-SP-KW-biotin gummies-EM-biotin gummies-1w,spCampaign_placement,US,INNERBRIGHTNESS,spCampaign_placement_innerbrightness_US_2026-03-21_2026-04-20.json,2026-04-21 01:59:24
84763,2026-04-21 01:59:24.822405,2026-04-21 01:59:24.822405,2026-04-15,0.0,0.0,0,Detail Page on-Amazon,0.0,0.0,,0.0,0,0,ENABLED,0,150.0,0,0,1.05,0,103105471930136,0.10749798441279225,0,,nan,0,0,USD,,0,0,legacy,0.0,,0,0.0,0,0,8.37,0,DAILY_BUDGET,0,0,8.37,Amazon,0.0,0.0,7442,0,0,0,8,Inner-SP-KW-biotin gummies-EM-biotin gummies-1w,spCampaign_placement,US,INNERBRIGHTNESS,spCampaign_placement_innerbrightness_US_2026-03-21_2026-04-20.json,2026-04-21 01:59:24
84764,2026-04-21 01:59:24.822405,2026-04-21 01:59:24.822405,2026-04-16,0.0,0.0,0,Detail Page on-Amazon,0.0,0.0,,0.0,0,0,ENABLED,0,150.0,0,0,0.68,0,103105471930136,0.09025270758122744,0,,nan,0,0,USD,,0,0,legacy,0.0,,0,0.0,0,0,1.36,0,DAILY_BUDGET,0,0,1.36,Amazon,0.0,0.0,2216,0,0,0,2,Inner-SP-KW-biotin gummies-EM-biotin gummies-1w,spCampaign_placement,US,INNERBRIGHTNESS,spCampaign_placement_innerbrightness_US_2026-03-21_2026-04-20.json,2026-04-21 01:59:24
84765,2026-04-21 01:59:24.822405,2026-04-21 01:59:24.822405,2026-04-17,0.0,0.0,0,Detail Page on-Amazon,0.0,0.0,,0.0,0,0,ENABLED,0,150.0,0,0,0.3,0,103105471930136,0.05537098560354374,0,,nan,0,0,USD,,0,0,legacy,0.0,,0,0.0,0,0,0.3,0,DAILY_BUDGET,0,0,0.3,Amazon,0.0,0.0,1806,0,0,0,1,Inner-SP-KW-biotin gummies-EM-biotin gummies-1w,spCampaign_placement,US,INNERBRIGHTNESS,spCampaign_placement_innerbrightness_US_2026-03-21_2026-04-20.json,2026-04-21 01:59:24
84769,2026-04-21 01:59:24.822405,2026-04-21 01:59:24.822405,2026-04-14,20.39,13.593333333333334,1,Other on-Amazon,20.39,20.39,,20.39,0,1,ENABLED,1,150.0,1,1,1.5,1,103105471930136,100.0,0,,7.356547327121138,1,0,USD,,1,1,legacy,20.39,,0,20.39,0,1,1.5,1,DAILY_BUDGET,1,1,1.5,Amazon,20.39,20.39,1,1,1,1,1,Inner-SP-KW-biotin gummies-EM-biotin gummies-1w,spCampaign_placement,US,INNERBRIGHTNESS,spCampaign_placement_innerbrightness_US_2026-03-21_2026-04-20.json,2026-04-21 01:59:24
84770,2026-04-21 01:59:24.822405,2026-04-21 01:59:24.822405,2026-04-15,0.0,nan,0,Other on-Amazon,0.0,0.0,,0.0,0,0,ENABLED,0,150.0,0,0,0.0,0,103105471930136,0.0,0,,nan,0,0,USD,,0,0,legacy,0.0,,0,0.0,0,0,0.0,0,DAILY_BUDGET,0,0,0.0,Amazon,0.0,0.0,2,0,0,0,0,Inner-SP-KW-biotin gummies-EM-biotin gummies-1w,spCampaign_placement,US,INNERBRIGHTNESS,spCampaign_placement_innerbrightness_US_2026-03-21_2026-04-20.json,2026-04-21 01:59:24
84771,2026-04-21 01:59:24.822405,2026-04-21 01:59:24.822405,2026-04-16,0.0,0.0,0,Other on-Amazon,0.0,0.0,,0.0,0,0,ENABLED,0,150.0,0,0,4.75,0,103105471930136,0.30959752321981426,0,,nan,0,0,USD,,0,0,legacy,0.0,,0,0.0,0,0,9.5,0,DAILY_BUDGET,0,0,9.5,Amazon,0.0,0.0,646,0,0,0,2,Inner-SP-KW-biotin gummies-EM-biotin gummies-1w,spCampaign_placement,US,INNERBRIGHTNESS,spCampaign_placement_innerbrightness_US_2026-03-21_2026-04-20.json,2026-04-21 01:59:24
84772,2026-04-21 01:59:24.822405,2026-04-21 01:59:24.822405,2026-04-17,81.56,2.4715151515151517,4,Other on-Amazon,81.56,81.56,,81.56,0,4,ENABLED,4,150.0,4,4,4.71,4,103105471930136,0.5937234944868532,0,,40.461010299166254,4,0,USD,,4,4,legacy,81.56,,0,81.56,0,4,33.0,4,DAILY_BUDGET,4,4,33.0,Amazon,81.56,81.56,1179,4,4,4,7,Inner-SP-KW-biotin gummies-EM-biotin gummies-1w,spCampaign_placement,US,INNERBRIGHTNESS,spCampaign_placement_innerbrightness_US_2026-03-21_2026-04-20.json,2026-04-21 01:59:24
84776,2026-04-21 01:59:24.822405,2026-04-21 01:59:24.822405,2026-04-12,0.0,nan,0,Top of Search on-Amazon,0.0,0.0,,0.0,0,0,ENABLED,0,150.0,0,0,0.0,0,103105471930136,0.0,0,,nan,0,0,USD,,0,0,legacy,0.0,,0,0.0,0,0,0.0,0,DAILY_BUDGET,0,0,0.0,Amazon,0.0,0.0,1,0,0,0,0,Inner-SP-KW-biotin gummies-EM-biotin gummies-1w,spCampaign_placement,US,INNERBRIGHTNESS,spCampaign_placement_innerbrightness_US_2026-03-21_2026-04-20.json,2026-04-21 01:59:24
84777,2026-04-21 01:59:24.822405,2026-04-21 01:59:24.822405,2026-04-13,20.39,3.3983333333333334,1,Top of Search on-Amazon,40.78,40.78,,40.78,0,1,ENABLED,2,150.0,2,2,6.0,2,103105471930136,2.73972602739726,0,,29.426189308484552,2,0,USD,,2,2,legacy,40.78,,0,20.39,0,2,12.0,1,DAILY_BUDGET,1,2,12.0,Amazon,40.78,40.78,73,2,2,2,2,Inner-SP-KW-biotin gummies-EM-biotin gummies-1w,spCampaign_placement,US,INNERBRIGHTNESS,spCampaign_placement_innerbrightness_US_2026-03-21_2026-04-20.json,2026-04-21 01:59:24
84778,2026-04-21 01:59:24.822405,2026-04-21 01:59:24.822405,2026-04-14,163.12,1.3810854288375243,8,Top of Search on-Amazon,163.12,163.12,,163.12,0,8,ENABLED,8,150.0,8,8,5.62,8,103105471930136,7.118644067796611,0,,72.4068170671898,8,0,USD,,8,8,legacy,163.12,,0,163.12,0,8,118.11,8,DAILY_BUDGET,8,8,118.11,Amazon,163.12,163.12,295,8,8,8,21,Inner-SP-KW-biotin gummies-EM-biotin gummies-1w,spCampaign_placement,US,INNERBRIGHTNESS,spCampaign_placement_innerbrightness_US_2026-03-21_2026-04-20.json,2026-04-21 01:59:24
84779,2026-04-21 01:59:24.822405,2026-04-21 01:59:24.822405,2026-04-15,61.17,0.5669663546204468,3,Top of Search on-Amazon,61.17,61.17,,61.17,0,3,ENABLED,3,150.0,3,3,5.39,3,103105471930136,7.246376811594203,0,,176.37730913846656,3,0,USD,,3,3,legacy,61.17,,0,61.17,0,3,107.89,3,DAILY_BUDGET,3,3,107.89,Amazon,61.17,61.17,276,3,3,3,20,Inner-SP-KW-biotin gummies-EM-biotin gummies-1w,spCampaign_placement,US,INNERBRIGHTNESS,spCampaign_placement_innerbrightness_US_2026-03-21_2026-04-20.json,2026-04-21 01:59:24
84780,2026-04-21 01:59:24.822405,2026-04-21 01:59:24.822405,2026-04-16,61.17,1.0985991379310345,3,Top of Search on-Amazon,101.95,101.95,,101.95,0,3,ENABLED,5,150.0,5,5,5.16,5,103105471930136,13.846153846153847,0,,91.0250122609122,5,0,USD,,5,5,legacy,101.95,,0,61.17,0,5,92.8,3,DAILY_BUDGET,3,5,92.8,Amazon,101.95,101.95,130,5,5,5,18,Inner-SP-KW-biotin gummies-EM-biotin gummies-1w,spCampaign_placement,US,INNERBRIGHTNESS,spCampaign_placement_innerbrightness_US_2026-03-21_2026-04-20.json,2026-04-21 01:59:24
84781,2026-04-21 01:59:24.822405,2026-04-21 01:59:24.822405,2026-04-17,122.34,1.2139313355824568,6,Top of Search on-Amazon,122.34,122.34,,122.34,0,6,ENABLED,6,150.0,6,6,5.3,6,103105471930136,9.5,0,,82.37698218080757,6,0,USD,,6,6,legacy,122.34,,0,122.34,0,6,100.78,6,DAILY_BUDGET,6,6,100.78,Amazon,122.34,122.34,200,6,6,6,19,Inner-SP-KW-biotin gummies-EM-biotin gummies-1w,spCampaign_placement,US,INNERBRIGHTNESS,spCampaign_placement_innerbrightness_US_2026-03-21_2026-04-20.json,2026-04-21 01:59:24
84785,2026-04-21 01:59:24.822405,2026-04-21 01:59:24.822405,2026-04-11,0.0,nan,0,Detail Page on-Amazon,0.0,0.0,,0.0,0,0,ENABLED,0,20.0,0,0,0.0,0,2960493459434,0.0,0,,nan,0,0,USD,,0,0,legacy,0.0,,0,0.0,0,0,0.0,0,DAILY_BUDGET,0,0,0.0,Amazon,0.0,0.0,1,0,0,0,0,Inner-SP-KW-biotin gummies-Auto,spCampaign_placement,US,INNERBRIGHTNESS,spCampaign_placement_innerbrightness_US_2026-03-21_2026-04-20.json,2026-04-21 01:59:24
84786,2026-04-21 01:59:24.822405,2026-04-21 01:59:24.822405,2026-04-12,0.0,0.0,0,Detail Page on-Amazon,0.0,0.0,,0.0,0,0,ENABLED,0,20.0,0,0,1.5,0,2960493459434,2.3255813953488373,0,,nan,0,0,USD,,0,0,legacy,0.0,,0,0.0,0,0,1.5,0,DAILY_BUDGET,0,0,1.5,Amazon,0.0,0.0,43,0,0,0,1,Inner-SP-KW-biotin gummies-Auto,spCampaign_placement,US,INNERBRIGHTNESS,spCampaign_placement_innerbrightness_US_2026-03-21_2026-04-20.json,2026-04-21 01:59:24
84787,2026-04-21 01:59:24.822405,2026-04-21 01:59:24.822405,2026-04-13,0.0,0.0,0,Detail Page on-Amazon,0.0,0.0,,0.0,0,0,ENABLED,0,20.0,0,0,1.03,0,2960493459434,0.0754204691153179,0,,nan,0,0,USD,,0,0,legacy,0.0,,0,0.0,0,0,10.3,0,DAILY_BUDGET,0,0,10.3,Amazon,0.0,0.0,13259,0,0,0,10,Inner-SP-KW-biotin gummies-Auto,spCampaign_placement,US,INNERBRIGHTNESS,spCampaign_placement_innerbrightness_US_2026-03-21_2026-04-20.json,2026-04-21 01:59:24
84788,2026-04-21 01:59:24.822405,2026-04-21 01:59:24.822405,2026-04-14,20.39,13.593333333333334,1,Detail Page on-Amazon,20.39,20.39,,20.39,0,1,ENABLED,1,20.0,1,1,0.5,1,2960493459434,0.01616205150307079,0,,7.356547327121138,1,0,USD,,1,1,legacy,20.39,,0,20.39,0,1,1.5,1,DAILY_BUDGET,1,1,1.5,Amazon,20.39,20.39,18562,1,1,1,3,Inner-SP-KW-biotin gummies-Auto,spCampaign_placement,US,INNERBRIGHTNESS,spCampaign_placement_innerbrightness_US_2026-03-21_2026-04-20.json,2026-04-21 01:59:24
84789,2026-04-21 01:59:24.822405,2026-04-21 01:59:24.822405,2026-04-15,61.17,12.483673469387755,3,Detail Page on-Amazon,61.17,61.17,,61.17,0,3,ENABLED,2,20.0,2,3,0.61,3,2960493459434,0.04618670977426246,0,,8.010462645087461,3,0,USD,,3,3,legacy,61.17,,0,61.17,0,2,4.9,2,DAILY_BUDGET,2,3,4.9,Amazon,61.17,61.17,17321,2,2,2,8,Inner-SP-KW-biotin gummies-Auto,spCampaign_placement,US,INNERBRIGHTNESS,spCampaign_placement_innerbrightness_US_2026-03-21_2026-04-20.json,2026-04-21 01:59:24
84790,2026-04-21 01:59:24.822405,2026-04-21 01:59:24.822405,2026-04-16,0.0,0.0,0,Detail Page on-Amazon,0.0,0.0,,0.0,0,0,ENABLED,0,20.0,0,0,0.65,0,2960493459434,0.06837606837606838,0,,nan,0,0,USD,,0,0,legacy,0.0,,0,0.0,0,0,6.51,0,DAILY_BUDGET,0,0,6.51,Amazon,0.0,0.0,14625,0,0,0,10,Inner-SP-KW-biotin gummies-Auto,spCampaign_placement,US,INNERBRIGHTNESS,spCampaign_placement_innerbrightness_US_2026-03-21_2026-04-20.json,2026-04-21 01:59:24
84791,2026-04-21 01:59:24.822405,2026-04-21 01:59:24.822405,2026-04-17,0.0,0.0,0,Detail Page on-Amazon,0.0,0.0,,0.0,0,0,ENABLED,0,20.0,0,0,0.64,0,2960493459434,0.013051422605063952,0,,nan,0,0,USD,,0,0,legacy,0.0,,0,0.0,0,0,1.27,0,DAILY_BUDGET,0,0,1.27,Amazon,0.0,0.0,15324,0,0,0,2,Inner-SP-KW-biotin gummies-Auto,spCampaign_placement,US,INNERBRIGHTNESS,spCampaign_placement_innerbrightness_US_2026-03-21_2026-04-20.json,2026-04-21 01:59:24
84795,2026-04-21 01:59:24.822405,2026-04-21 01:59:24.822405,2026-04-11,0.0,nan,0,Other on-Amazon,0.0,0.0,,0.0,0,0,ENABLED,0,20.0,0,0,0.0,0,2960493459434,0.0,0,,nan,0,0,USD,,0,0,legacy,0.0,,0,0.0,0,0,0.0,0,DAILY_BUDGET,0,0,0.0,Amazon,0.0,0.0,5,0,0,0,0,Inner-SP-KW-biotin gummies-Auto,spCampaign_placement,US,INNERBRIGHTNESS,spCampaign_placement_innerbrightness_US_2026-03-21_2026-04-20.json,2026-04-21 01:59:24
84796,2026-04-21 01:59:24.822405,2026-04-21 01:59:24.822405,2026-04-12,0.0,1.0069135802469136,0,Other on-Amazon,20.39,20.39,,20.39,0,0,ENABLED,1,20.0,1,1,4.05,1,2960493459434,1.0615711252653928,0,,99.31338891613535,1,0,USD,,1,1,legacy,20.39,,0,0.0,0,1,20.25,0,DAILY_BUDGET,0,1,20.25,Amazon,20.39,20.39,471,1,1,1,5,Inner-SP-KW-biotin gummies-Auto,spCampaign_placement,US,INNERBRIGHTNESS,spCampaign_placement_innerbrightness_US_2026-03-21_2026-04-20.json,2026-04-21 01:59:24
84797,2026-04-21 01:59:24.822405,2026-04-21 01:59:24.822405,2026-04-13,21.59,0.31759721591768797,1,Other on-Amazon,41.98,41.98,,41.98,0,1,ENABLED,2,20.0,2,2,3.89,2,2960493459434,0.4710446106954835,0,,314.86422105764655,2,0,USD,,2,2,legacy,41.98,,0,21.59,0,2,132.18,1,DAILY_BUDGET,1,2,132.18,Amazon,41.98,41.98,7218,2,2,2,34,Inner-SP-KW-biotin gummies-Auto,spCampaign_placement,US,INNERBRIGHTNESS,spCampaign_placement_innerbrightness_US_2026-03-21_2026-04-20.json,2026-04-21 01:59:24
84798,2026-04-21 01:59:24.822405,2026-04-21 01:59:24.822405,2026-04-14,20.39,1.3485449735449737,1,Other on-Amazon,20.39,20.39,,20.39,0,1,ENABLED,1,20.0,1,1,1.89,1,2960493459434,0.5759539236861051,0,,74.15399705738106,1,0,USD,,1,1,legacy,20.39,,0,20.39,0,1,15.12,1,DAILY_BUDGET,1,1,15.12,Amazon,20.39,20.39,1389,1,1,1,8,Inner-SP-KW-biotin gummies-Auto,spCampaign_placement,US,INNERBRIGHTNESS,spCampaign_placement_innerbrightness_US_2026-03-21_2026-04-20.json,2026-04-21 01:59:24
84799,2026-04-21 01:59:24.822405,2026-04-21 01:59:24.822405,2026-04-15,20.39,1.0488683127572016,1,Other on-Amazon,20.39,20.39,,20.39,0,1,ENABLED,1,20.0,1,1,2.16,1,2960493459434,0.7992895204262878,0,,95.34085335948996,1,0,USD,,1,1,legacy,20.39,,0,20.39,0,1,19.44,1,DAILY_BUDGET,1,1,19.44,Amazon,20.39,20.39,1126,1,1,1,9,Inner-SP-KW-biotin gummies-Auto,spCampaign_placement,US,INNERBRIGHTNESS,spCampaign_placement_innerbrightness_US_2026-03-21_2026-04-20.json,2026-04-21 01:59:24
84800,2026-04-21 01:59:24.822405,2026-04-21 01:59:24.822405,2026-04-16,0.0,nan,0,Other on-Amazon,0.0,0.0,,0.0,0,0,ENABLED,0,20.0,0,0,0.0,0,2960493459434,0.0,0,,nan,0,0,USD,,0,0,legacy,0.0,,0,0.0,0,0,0.0,0,DAILY_BUDGET,0,0,0.0,Amazon,0.0,0.0,25,0,0,0,0,Inner-SP-KW-biotin gummies-Auto,spCampaign_placement,US,INNERBRIGHTNESS,spCampaign_placement_innerbrightness_US_2026-03-21_2026-04-20.json,2026-04-21 01:59:24
84801,2026-04-21 01:59:24.822405,2026-04-21 01:59:24.822405,2026-04-17,0.0,nan,0,Other on-Amazon,0.0,0.0,,0.0,0,0,ENABLED,0,20.0,0,0,0.0,0,2960493459434,0.0,0,,nan,0,0,USD,,0,0,legacy,0.0,,0,0.0,0,0,0.0,0,DAILY_BUDGET,0,0,0.0,Amazon,0.0,0.0,17,0,0,0,0,Inner-SP-KW-biotin gummies-Auto,spCampaign_placement,US,INNERBRIGHTNESS,spCampaign_placement_innerbrightness_US_2026-03-21_2026-04-20.json,2026-04-21 01:59:24
84805,2026-04-21 01:59:24.822405,2026-04-21 01:59:24.822405,2026-04-12,0.0,nan,0,Top of Search on-Amazon,0.0,0.0,,0.0,0,0,ENABLED,0,20.0,0,0,0.0,0,2960493459434,0.0,0,,nan,0,0,USD,,0,0,legacy,0.0,,0,0.0,0,0,0.0,0,DAILY_BUDGET,0,0,0.0,Amazon,0.0,0.0,1,0,0,0,0,Inner-SP-KW-biotin gummies-Auto,spCampaign_placement,US,INNERBRIGHTNESS,spCampaign_placement_innerbrightness_US_2026-03-21_2026-04-20.json,2026-04-21 01:59:24
84806,2026-04-21 01:59:24.822405,2026-04-21 01:59:24.822405,2026-04-13,0.0,0.0,0,Top of Search on-Amazon,0.0,0.0,,0.0,0,0,ENABLED,0,20.0,0,0,3.51,0,2960493459434,2.7027027027027026,0,,nan,0,0,USD,,0,0,legacy,0.0,,0,0.0,0,0,3.51,0,DAILY_BUDGET,0,0,3.51,Amazon,0.0,0.0,37,0,0,0,1,Inner-SP-KW-biotin gummies-Auto,spCampaign_placement,US,INNERBRIGHTNESS,spCampaign_placement_innerbrightness_US_2026-03-21_2026-04-20.json,2026-04-21 01:59:24
84807,2026-04-21 01:59:24.822405,2026-04-21 01:59:24.822405,2026-04-14,0.0,nan,0,Top of Search on-Amazon,0.0,0.0,,0.0,0,0,ENABLED,0,20.0,0,0,0.0,0,2960493459434,0.0,0,,nan,0,0,USD,,0,0,legacy,0.0,,0,0.0,0,0,0.0,0,DAILY_BUDGET,0,0,0.0,Amazon,0.0,0.0,5,0,0,0,0,Inner-SP-KW-biotin gummies-Auto,spCampaign_placement,US,INNERBRIGHTNESS,spCampaign_placement_innerbrightness_US_2026-03-21_2026-04-20.json,2026-04-21 01:59:24
84808,2026-04-21 01:59:24.822405,2026-04-21 01:59:24.822405,2026-04-15,0.0,nan,0,Top of Search on-Amazon,0.0,0.0,,0.0,0,0,ENABLED,0,20.0,0,0,0.0,0,2960493459434,0.0,0,,nan,0,0,USD,,0,0,legacy,0.0,,0,0.0,0,0,0.0,0,DAILY_BUDGET,0,0,0.0,Amazon,0.0,0.0,2,0,0,0,0,Inner-SP-KW-biotin gummies-Auto,spCampaign_placement,US,INNERBRIGHTNESS,spCampaign_placement_innerbrightness_US_2026-03-21_2026-04-20.json,2026-04-21 01:59:24
84809,2026-04-21 01:59:24.822405,2026-04-21 01:59:24.822405,2026-04-17,0.0,nan,0,Top of Search on-Amazon,0.0,0.0,,0.0,0,0,ENABLED,0,20.0,0,0,0.0,0,2960493459434,0.0,0,,nan,0,0,USD,,0,0,legacy,0.0,,0,0.0,0,0,0.0,0,DAILY_BUDGET,0,0,0.0,Amazon,0.0,0.0,1,0,0,0,0,Inner-SP-KW-biotin gummies-Auto,spCampaign_placement,US,INNERBRIGHTNESS,spCampaign_placement_innerbrightness_US_2026-03-21_2026-04-20.json,2026-04-21 01:59:24
84813,2026-04-21 01:59:24.822405,2026-04-21 01:59:24.822405,2026-04-11,0.0,nan,0,Detail Page on-Amazon,0.0,0.0,,0.0,0,0,ENABLED,0,145.0,0,0,0.0,0,57298629983623,0.0,0,,nan,0,0,USD,,0,0,legacy,0.0,,0,0.0,0,0,0.0,0,DAILY_BUDGET,0,0,0.0,Amazon,0.0,0.0,1,0,0,0,0,Inner-SP-KW-VB-vitamin b complex-PM-3K,spCampaign_placement,US,INNERBRIGHTNESS,spCampaign_placement_innerbrightness_US_2026-03-21_2026-04-20.json,2026-04-21 01:59:24
84815,2026-04-21 01:59:24.822405,2026-04-21 01:59:24.822405,2026-04-11,22.99,1.1139339968569932,1,Other on-Amazon,42.53,42.53,,42.53,0,1,ENABLED,2,145.0,2,2,3.47,2,57298629983623,1.8121911037891267,0,,89.77192569950623,2,0,USD,,2,2,legacy,42.53,,0,22.99,0,2,38.18,1,DAILY_BUDGET,1,2,38.18,Amazon,42.53,42.53,607,2,2,2,11,Inner-SP-KW-VB-vitamin b complex-PM-3K,spCampaign_placement,US,INNERBRIGHTNESS,spCampaign_placement_innerbrightness_US_2026-03-21_2026-04-20.json,2026-04-21 01:59:24
84816,2026-04-21 01:59:24.822405,2026-04-21 01:59:24.822405,2026-04-12,22.99,1.0226868327402134,1,Other on-Amazon,22.99,22.99,,22.99,0,1,ENABLED,1,145.0,1,1,3.75,1,57298629983623,1.054481546572935,0,,97.78164419312746,1,0,USD,,1,1,legacy,22.99,,0,22.99,0,1,22.48,1,DAILY_BUDGET,1,1,22.48,Amazon,22.99,22.99,569,1,1,1,6,Inner-SP-KW-VB-vitamin b complex-PM-3K,spCampaign_placement,US,INNERBRIGHTNESS,spCampaign_placement_innerbrightness_US_2026-03-21_2026-04-20.json,2026-04-21 01:59:24
84817,2026-04-21 01:59:24.822405,2026-04-21 01:59:24.822405,2026-04-13,39.08,1.7185576077396658,2,Other on-Amazon,39.08,39.08,,39.08,0,2,ENABLED,2,145.0,2,2,3.79,2,57298629983623,0.9345794392523363,0,,58.18833162743091,2,0,USD,,2,2,legacy,39.08,,0,39.08,0,2,22.74,2,DAILY_BUDGET,2,2,22.74,Amazon,39.08,39.08,642,2,2,2,6,Inner-SP-KW-VB-vitamin b complex-PM-3K,spCampaign_placement,US,INNERBRIGHTNESS,spCampaign_placement_innerbrightness_US_2026-03-21_2026-04-20.json,2026-04-21 01:59:24
84818,2026-04-21 01:59:24.822405,2026-04-21 01:59:24.822405,2026-04-14,19.54,0.5397790055248618,1,Other on-Amazon,19.54,19.54,,19.54,0,1,ENABLED,1,145.0,1,1,3.62,1,57298629983623,1.5174506828528074,0,,185.26100307062438,1,0,USD,,1,1,legacy,19.54,,0,19.54,0,1,36.2,1,DAILY_BUDGET,1,1,36.2,Amazon,19.54,19.54,659,1,1,1,10,Inner-SP-KW-VB-vitamin b complex-PM-3K,spCampaign_placement,US,INNERBRIGHTNESS,spCampaign_placement_innerbrightness_US_2026-03-21_2026-04-20.json,2026-04-21 01:59:24
84819,2026-04-21 01:59:24.822405,2026-04-21 01:59:24.822405,2026-04-15,0.0,0.0,0,Other on-Amazon,0.0,0.0,,0.0,0,0,ENABLED,0,145.0,0,0,3.6,0,57298629983623,0.47318611987381703,0,,nan,0,0,USD,,0,0,legacy,0.0,,0,0.0,0,0,10.8,0,DAILY_BUDGET,0,0,10.8,Amazon,0.0,0.0,634,0,0,0,3,Inner-SP-KW-VB-vitamin b complex-PM-3K,spCampaign_placement,US,INNERBRIGHTNESS,spCampaign_placement_innerbrightness_US_2026-03-21_2026-04-20.json,2026-04-21 01:59:24
84820,2026-04-21 01:59:24.822405,2026-04-21 01:59:24.822405,2026-04-16,0.0,0.0,0,Other on-Amazon,0.0,0.0,,0.0,0,0,ENABLED,0,145.0,0,0,3.39,0,57298629983623,1.6563146997929608,0,,nan,0,0,USD,,0,0,legacy,0.0,,0,0.0,0,0,27.14,0,DAILY_BUDGET,0,0,27.14,Amazon,0.0,0.0,483,0,0,0,8,Inner-SP-KW-VB-vitamin b complex-PM-3K,spCampaign_placement,US,INNERBRIGHTNESS,spCampaign_placement_innerbrightness_US_2026-03-21_2026-04-20.json,2026-04-21 01:59:24
84821,2026-04-21 01:59:24.822405,2026-04-21 01:59:24.822405,2026-04-17,39.06,2.812095032397408,2,Other on-Amazon,39.06,39.06,,39.06,0,2,ENABLED,2,145.0,2,2,2.78,2,57298629983623,1.644736842105263,0,,35.56067588325653,2,0,USD,,2,2,legacy,39.06,,0,39.06,0,2,13.89,2,DAILY_BUDGET,2,2,13.89,Amazon,39.06,39.06,304,2,2,2,5,Inner-SP-KW-VB-vitamin b complex-PM-3K,spCampaign_placement,US,INNERBRIGHTNESS,spCampaign_placement_innerbrightness_US_2026-03-21_2026-04-20.json,2026-04-21 01:59:24
84825,2026-04-21 01:59:24.822405,2026-04-21 01:59:24.822405,2026-04-11,45.98,1.5393371275527283,2,Top of Search on-Amazon,45.98,45.98,,45.98,0,2,ENABLED,2,145.0,2,2,4.27,2,57298629983623,8.860759493670885,0,,64.9630274032188,2,0,USD,,2,2,legacy,45.98,,0,45.98,0,2,29.87,2,DAILY_BUDGET,2,2,29.87,Amazon,45.98,45.98,79,2,2,2,7,Inner-SP-KW-VB-vitamin b complex-PM-3K,spCampaign_placement,US,INNERBRIGHTNESS,spCampaign_placement_innerbrightness_US_2026-03-21_2026-04-20.json,2026-04-21 01:59:24
84826,2026-04-21 01:59:24.822405,2026-04-21 01:59:24.822405,2026-04-12,45.98,1.798904538341158,2,Top of Search on-Amazon,45.98,45.98,,45.98,0,2,ENABLED,2,145.0,2,2,4.26,2,57298629983623,7.792207792207792,0,,55.58938668986516,2,0,USD,,2,2,legacy,45.98,,0,45.98,0,2,25.56,2,DAILY_BUDGET,2,2,25.56,Amazon,45.98,45.98,77,2,2,2,6,Inner-SP-KW-VB-vitamin b complex-PM-3K,spCampaign_placement,US,INNERBRIGHTNESS,spCampaign_placement_innerbrightness_US_2026-03-21_2026-04-20.json,2026-04-21 01:59:24
84827,2026-04-21 01:59:24.822405,2026-04-21 01:59:24.822405,2026-04-13,19.54,0.5278227984873041,1,Top of Search on-Amazon,19.54,19.54,,19.54,0,1,ENABLED,1,145.0,1,1,4.11,1,57298629983623,6.569343065693431,0,,189.45752302968273,1,0,USD,,1,1,legacy,19.54,,0,19.54,0,1,37.02,1,DAILY_BUDGET,1,1,37.02,Amazon,19.54,19.54,137,1,1,1,9,Inner-SP-KW-VB-vitamin b complex-PM-3K,spCampaign_placement,US,INNERBRIGHTNESS,spCampaign_placement_innerbrightness_US_2026-03-21_2026-04-20.json,2026-04-21 01:59:24
84828,2026-04-21 01:59:24.822405,2026-04-21 01:59:24.822405,2026-04-14,78.16,1.5619504396482813,4,Top of Search on-Amazon,78.16,78.16,,78.16,0,4,ENABLED,4,145.0,4,4,4.17,4,57298629983623,7.017543859649122,0,,64.02251791197544,4,0,USD,,4,4,legacy,78.16,,0,78.16,0,4,50.04,4,DAILY_BUDGET,4,4,50.04,Amazon,78.16,78.16,171,4,4,4,12,Inner-SP-KW-VB-vitamin b complex-PM-3K,spCampaign_placement,US,INNERBRIGHTNESS,spCampaign_placement_innerbrightness_US_2026-03-21_2026-04-20.json,2026-04-21 01:59:24
84829,2026-04-21 01:59:24.822405,2026-04-21 01:59:24.822405,2026-04-15,58.59,0.8295341922695738,3,Top of Search on-Amazon,58.59,58.59,,58.59,0,3,ENABLED,3,145.0,3,3,4.15,3,57298629983623,9.042553191489363,0,,120.54958183990443,3,0,USD,,3,3,legacy,58.59,,0,58.59,0,3,70.63,3,DAILY_BUDGET,3,3,70.63,Amazon,58.59,58.59,188,3,3,3,17,Inner-SP-KW-VB-vitamin b complex-PM-3K,spCampaign_placement,US,INNERBRIGHTNESS,spCampaign_placement_innerbrightness_US_2026-03-21_2026-04-20.json,2026-04-21 01:59:24
84830,2026-04-21 01:59:24.822405,2026-04-21 01:59:24.822405,2026-04-16,0.0,0.0,0,Top of Search on-Amazon,0.0,0.0,,0.0,0,0,ENABLED,0,145.0,0,0,4.14,0,57298629983623,8.96551724137931,0,,nan,0,0,USD,,0,0,legacy,0.0,,0,0.0,0,0,53.79,0,DAILY_BUDGET,0,0,53.79,Amazon,0.0,0.0,145,0,0,0,13,Inner-SP-KW-VB-vitamin b complex-PM-3K,spCampaign_placement,US,INNERBRIGHTNESS,spCampaign_placement_innerbrightness_US_2026-03-21_2026-04-20.json,2026-04-21 01:59:24
84831,2026-04-21 01:59:24.822405,2026-04-21 01:59:24.822405,2026-04-17,58.59,1.1013157894736842,3,Top of Search on-Amazon,58.59,58.59,,58.59,0,3,ENABLED,3,145.0,3,3,4.09,3,57298629983623,9.701492537313433,0,,90.80047789725208,3,0,USD,,3,3,legacy,58.59,,0,58.59,0,3,53.2,3,DAILY_BUDGET,3,3,53.2,Amazon,58.59,58.59,134,3,3,3,13,Inner-SP-KW-VB-vitamin b complex-PM-3K,spCampaign_placement,US,INNERBRIGHTNESS,spCampaign_placement_innerbrightness_US_2026-03-21_2026-04-20.json,2026-04-21 01:59:24
84835,2026-04-21 01:59:24.822405,2026-04-21 01:59:24.822405,2026-04-11,0.0,nan,0,Detail Page on-Amazon,0.0,0.0,,0.0,0,0,ENABLED,0,364.0,0,0,0.0,0,16573246879315,0.0,0,,nan,0,0,USD,,0,0,legacy,0.0,,0,0.0,0,0,0.0,0,DAILY_BUDGET,0,0,0.0,Amazon,0.0,0.0,64,0,0,0,0,Inner-SP-KW-VB-vitamin b complex-EM-3K,spCampaign_placement,US,INNERBRIGHTNESS,spCampaign_placement_innerbrightness_US_2026-03-21_2026-04-20.json,2026-04-21 01:59:24
84836,2026-04-21 01:59:24.822405,2026-04-21 01:59:24.822405,2026-04-12,0.0,nan,0,Detail Page on-Amazon,0.0,0.0,,0.0,0,0,ENABLED,0,364.0,0,0,0.0,0,16573246879315,0.0,0,,nan,0,0,USD,,0,0,legacy,0.0,,0,0.0,0,0,0.0,0,DAILY_BUDGET,0,0,0.0,Amazon,0.0,0.0,86,0,0,0,0,Inner-SP-KW-VB-vitamin b complex-EM-3K,spCampaign_placement,US,INNERBRIGHTNESS,spCampaign_placement_innerbrightness_US_2026-03-21_2026-04-20.json,2026-04-21 01:59:24
84837,2026-04-21 01:59:24.822405,2026-04-21 01:59:24.822405,2026-04-13,0.0,0.0,0,Detail Page on-Amazon,0.0,0.0,,0.0,0,0,ENABLED,0,364.0,0,0,1.8,0,16573246879315,0.050658561296859174,0,,nan,0,0,USD,,0,0,legacy,0.0,,0,0.0,0,0,1.8,0,DAILY_BUDGET,0,0,1.8,Amazon,0.0,0.0,1974,0,0,0,1,Inner-SP-KW-VB-vitamin b complex-EM-3K,spCampaign_placement,US,INNERBRIGHTNESS,spCampaign_placement_innerbrightness_US_2026-03-21_2026-04-20.json,2026-04-21 01:59:24
84838,2026-04-21 01:59:24.822405,2026-04-21 01:59:24.822405,2026-04-14,0.0,0.0,0,Detail Page on-Amazon,0.0,0.0,,0.0,0,0,ENABLED,0,364.0,0,0,1.8,0,16573246879315,0.10683760683760685,0,,nan,0,0,USD,,0,0,legacy,0.0,,0,0.0,0,0,1.8,0,DAILY_BUDGET,0,0,1.8,Amazon,0.0,0.0,936,0,0,0,1,Inner-SP-KW-VB-vitamin b complex-EM-3K,spCampaign_placement,US,INNERBRIGHTNESS,spCampaign_placement_innerbrightness_US_2026-03-21_2026-04-20.json,2026-04-21 01:59:24
84839,2026-04-21 01:59:24.822405,2026-04-21 01:59:24.822405,2026-04-15,0.0,0.0,0,Detail Page on-Amazon,0.0,0.0,,0.0,0,0,ENABLED,0,364.0,0,0,1.28,0,16573246879315,0.07446016381236038,0,,nan,0,0,USD,,0,0,legacy,0.0,,0,0.0,0,0,8.98,0,DAILY_BUDGET,0,0,8.98,Amazon,0.0,0.0,9401,0,0,0,7,Inner-SP-KW-VB-vitamin b complex-EM-3K,spCampaign_placement,US,INNERBRIGHTNESS,spCampaign_placement_innerbrightness_US_2026-03-21_2026-04-20.json,2026-04-21 01:59:24
84840,2026-04-21 01:59:24.822405,2026-04-21 01:59:24.822405,2026-04-16,19.53,4.858208955223882,1,Detail Page on-Amazon,19.53,19.53,,19.53,0,1,ENABLED,1,364.0,1,1,1.0,1,16573246879315,0.04558924093913837,0,,20.583717357910903,1,0,USD,,1,1,legacy,19.53,,0,19.53,0,1,4.02,1,DAILY_BUDGET,1,1,4.02,Amazon,19.53,19.53,8774,1,1,1,4,Inner-SP-KW-VB-vitamin b complex-EM-3K,spCampaign_placement,US,INNERBRIGHTNESS,spCampaign_placement_innerbrightness_US_2026-03-21_2026-04-20.json,2026-04-21 01:59:24
84841,2026-04-21 01:59:24.822405,2026-04-21 01:59:24.822405,2026-04-17,19.53,4.584507042253522,1,Detail Page on-Amazon,19.53,19.53,,19.53,0,1,ENABLED,1,364.0,1,1,1.42,1,16573246879315,0.05863956215793589,0,,21.812596006144393,1,0,USD,,1,1,legacy,19.53,,0,19.53,0,1,4.26,1,DAILY_BUDGET,1,1,4.26,Amazon,19.53,19.53,5116,1,1,1,3,Inner-SP-KW-VB-vitamin b complex-EM-3K,spCampaign_placement,US,INNERBRIGHTNESS,spCampaign_placement_innerbrightness_US_2026-03-21_2026-04-20.json,2026-04-21 01:59:24
84845,2026-04-21 01:59:24.822405,2026-04-21 01:59:24.822405,2026-04-11,137.94,1.2744815668202765,6,Other on-Amazon,177.0,177.0,,177.0,0,6,ENABLED,7,364.0,7,8,5.14,8,16573246879315,0.6254343293954135,0,,78.46327683615819,8,0,USD,,8,8,legacy,177.0,,0,137.94,0,7,138.88,6,DAILY_BUDGET,6,8,138.88,Amazon,177.0,177.0,4317,7,7,7,27,Inner-SP-KW-VB-vitamin b complex-EM-3K,spCampaign_placement,US,INNERBRIGHTNESS,spCampaign_placement_innerbrightness_US_2026-03-21_2026-04-20.json,2026-04-21 01:59:24
84846,2026-04-21 01:59:24.822405,2026-04-21 01:59:24.822405,2026-04-12,68.97,0.808682634730539,3,Other on-Amazon,108.04,108.04,,108.04,0,3,ENABLED,5,364.0,5,5,5.14,5,16573246879315,0.5127193847367383,0,,123.65790447982228,5,0,USD,,5,5,legacy,108.04,,0,68.97,0,5,133.6,3,DAILY_BUDGET,3,5,133.6,Amazon,108.04,108.04,5071,5,5,5,26,Inner-SP-KW-VB-vitamin b complex-EM-3K,spCampaign_placement,US,INNERBRIGHTNESS,spCampaign_placement_innerbrightness_US_2026-03-21_2026-04-20.json,2026-04-21 01:59:24
84847,2026-04-21 01:59:24.822405,2026-04-21 01:59:24.822405,2026-04-13,156.32,1.2247993981945837,8,Other on-Amazon,195.38,195.38,,195.38,0,8,ENABLED,10,364.0,10,10,5.15,10,16573246879315,0.6118018551411092,0,,81.64602313440476,10,0,USD,,10,10,legacy,195.38,,0,156.32,0,10,159.52,8,DAILY_BUDGET,8,10,159.52,Amazon,195.38,195.38,5067,10,10,10,31,Inner-SP-KW-VB-vitamin b complex-EM-3K,spCampaign_placement,US,INNERBRIGHTNESS,spCampaign_placement_innerbrightness_US_2026-03-21_2026-04-20.json,2026-04-21 01:59:24
84848,2026-04-21 01:59:24.822405,2026-04-21 01:59:24.822405,2026-04-14,136.78,0.9600761623978871,7,Other on-Amazon,156.31,156.31,,156.31,0,7,ENABLED,7,364.0,7,8,5.09,8,16573246879315,0.5929219937002038,0,,104.1584031731815,8,0,USD,,8,8,legacy,156.31,,0,136.78,0,7,162.81,6,DAILY_BUDGET,6,8,162.81,Amazon,156.31,156.31,5397,7,7,7,32,Inner-SP-KW-VB-vitamin b complex-EM-3K,spCampaign_placement,US,INNERBRIGHTNESS,spCampaign_placement_innerbrightness_US_2026-03-21_2026-04-20.json,2026-04-21 01:59:24
84849,2026-04-21 01:59:24.822405,2026-04-21 01:59:24.822405,2026-04-15,97.65,0.6057316543638732,5,Other on-Amazon,97.65,97.65,,97.65,0,5,ENABLED,5,364.0,5,5,5.2,5,16573246879315,0.5326460481099656,0,,165.08960573476702,5,0,USD,,5,5,legacy,97.65,,0,97.65,0,5,161.21,5,DAILY_BUDGET,5,5,161.21,Amazon,97.65,97.65,5820,5,5,5,31,Inner-SP-KW-VB-vitamin b complex-EM-3K,spCampaign_placement,US,INNERBRIGHTNESS,spCampaign_placement_innerbrightness_US_2026-03-21_2026-04-20.json,2026-04-21 01:59:24
84850,2026-04-21 01:59:24.822405,2026-04-21 01:59:24.822405,2026-04-16,78.12,0.6116025992327567,4,Other on-Amazon,78.12,78.12,,78.12,0,4,ENABLED,4,364.0,4,4,4.73,4,16573246879315,0.5324393610727668,0,,163.5048643113159,4,0,USD,,4,4,legacy,78.12,,0,78.12,0,4,127.73,4,DAILY_BUDGET,4,4,127.73,Amazon,78.12,78.12,5071,4,4,4,27,Inner-SP-KW-VB-vitamin b complex-EM-3K,spCampaign_placement,US,INNERBRIGHTNESS,spCampaign_placement_innerbrightness_US_2026-03-21_2026-04-20.json,2026-04-21 01:59:24
84851,2026-04-21 01:59:24.822405,2026-04-21 01:59:24.822405,2026-04-17,156.24,1.1165582791395698,8,Other on-Amazon,156.24,156.24,,156.24,0,8,ENABLED,7,364.0,7,8,4.51,8,16573246879315,0.6711409395973155,0,,89.56093189964157,8,0,USD,,8,8,legacy,156.24,,0,156.24,0,7,139.93,7,DAILY_BUDGET,7,8,139.93,Amazon,156.24,156.24,4619,7,7,7,31,Inner-SP-KW-VB-vitamin b complex-EM-3K,spCampaign_placement,US,INNERBRIGHTNESS,spCampaign_placement_innerbrightness_US_2026-03-21_2026-04-20.json,2026-04-21 01:59:24
84855,2026-04-21 01:59:24.822405,2026-04-21 01:59:24.822405,2026-04-11,68.97,0.6414023993304194,3,Top of Search on-Amazon,68.97,68.97,,68.97,0,3,ENABLED,3,364.0,3,3,5.97,3,16573246879315,7.468879668049793,0,,155.90836595621283,3,0,USD,,3,3,legacy,68.97,,0,68.97,0,3,107.53,3,DAILY_BUDGET,3,3,107.53,Amazon,68.97,68.97,241,3,3,3,18,Inner-SP-KW-VB-vitamin b complex-EM-3K,spCampaign_placement,US,INNERBRIGHTNESS,spCampaign_placement_innerbrightness_US_2026-03-21_2026-04-20.json,2026-04-21 01:59:24
84856,2026-04-21 01:59:24.822405,2026-04-21 01:59:24.822405,2026-04-12,0.0,0.0,0,Top of Search on-Amazon,0.0,0.0,,0.0,0,0,ENABLED,0,364.0,0,0,5.88,0,16573246879315,3.4482758620689653,0,,nan,0,0,USD,,0,0,legacy,0.0,,0,0.0,0,0,47.08,0,DAILY_BUDGET,0,0,47.08,Amazon,0.0,0.0,232,0,0,0,8,Inner-SP-KW-VB-vitamin b complex-EM-3K,spCampaign_placement,US,INNERBRIGHTNESS,spCampaign_placement_innerbrightness_US_2026-03-21_2026-04-20.json,2026-04-21 01:59:24
84857,2026-04-21 01:59:24.822405,2026-04-21 01:59:24.822405,2026-04-13,195.4,1.2024728656148596,10,Top of Search on-Amazon,214.93,214.93,,214.93,0,10,ENABLED,11,364.0,11,11,5.77,11,16573246879315,3.974358974358974,0,,83.16195970781185,11,0,USD,,11,11,legacy,214.93,,0,195.4,0,11,178.74,10,DAILY_BUDGET,10,11,178.74,Amazon,214.93,214.93,780,11,11,11,31,Inner-SP-KW-VB-vitamin b complex-EM-3K,spCampaign_placement,US,INNERBRIGHTNESS,spCampaign_placement_innerbrightness_US_2026-03-21_2026-04-20.json,2026-04-21 01:59:24
84858,2026-04-21 01:59:24.822405,2026-04-21 01:59:24.822405,2026-04-14,136.75,0.7007789279491647,7,Top of Search on-Amazon,136.75,136.75,,136.75,0,7,ENABLED,6,364.0,6,7,5.74,7,16573246879315,4.325699745547073,0,,142.69835466179157,7,0,USD,,7,7,legacy,136.75,,0,136.75,0,6,195.14,6,DAILY_BUDGET,6,7,195.14,Amazon,136.75,136.75,786,6,6,6,34,Inner-SP-KW-VB-vitamin b complex-EM-3K,spCampaign_placement,US,INNERBRIGHTNESS,spCampaign_placement_innerbrightness_US_2026-03-21_2026-04-20.json,2026-04-21 01:59:24
84859,2026-04-21 01:59:24.822405,2026-04-21 01:59:24.822405,2026-04-15,175.77,1.2944919467090874,9,Top of Search on-Amazon,195.3,195.3,,195.3,0,9,ENABLED,9,364.0,9,10,5.39,10,16573246879315,5.982905982905983,0,,77.25038402457757,10,0,USD,,10,10,legacy,195.3,,0,175.77,0,9,150.87,8,DAILY_BUDGET,8,10,150.87,Amazon,195.3,195.3,468,9,9,9,28,Inner-SP-KW-VB-vitamin b complex-EM-3K,spCampaign_placement,US,INNERBRIGHTNESS,spCampaign_placement_innerbrightness_US_2026-03-21_2026-04-20.json,2026-04-21 01:59:24
84860,2026-04-21 01:59:24.822405,2026-04-21 01:59:24.822405,2026-04-16,136.71,1.1350880106276986,7,Top of Search on-Amazon,136.71,136.71,,136.71,0,7,ENABLED,7,364.0,7,7,5.24,7,16573246879315,6.020942408376963,0,,88.09889547216736,7,0,USD,,7,7,legacy,136.71,,0,136.71,0,7,120.44,7,DAILY_BUDGET,7,7,120.44,Amazon,136.71,136.71,382,7,7,7,23,Inner-SP-KW-VB-vitamin b complex-EM-3K,spCampaign_placement,US,INNERBRIGHTNESS,spCampaign_placement_innerbrightness_US_2026-03-21_2026-04-20.json,2026-04-21 01:59:24
84861,2026-04-21 01:59:24.822405,2026-04-21 01:59:24.822405,2026-04-17,136.71,1.3094688221709008,7,Top of Search on-Amazon,175.77,175.77,,175.77,0,7,ENABLED,9,364.0,9,9,5.16,9,16573246879315,5.977011494252873,0,,76.3668430335097,9,0,USD,,9,9,legacy,175.77,,0,136.71,0,9,134.23,7,DAILY_BUDGET,7,9,134.23,Amazon,175.77,175.77,435,9,9,9,26,Inner-SP-KW-VB-vitamin b complex-EM-3K,spCampaign_placement,US,INNERBRIGHTNESS,spCampaign_placement_innerbrightness_US_2026-03-21_2026-04-20.json,2026-04-21 01:59:24
84865,2026-04-21 01:59:24.822405,2026-04-21 01:59:24.822405,2026-04-11,0.0,0.0,0,Detail Page on-Amazon,0.0,0.0,,0.0,0,0,PAUSED,0,40.0,0,0,1.2,0,71902167295137,12.5,0,,nan,0,0,USD,,0,0,manual,0.0,,0,0.0,0,0,1.2,0,DAILY_BUDGET,0,0,1.2,Amazon,0.0,0.0,8,0,0,0,1,Inner-SP-VB-auto,spCampaign_placement,US,INNERBRIGHTNESS,spCampaign_placement_innerbrightness_US_2026-03-21_2026-04-20.json,2026-04-21 01:59:24
84866,2026-04-21 01:59:24.822405,2026-04-21 01:59:24.822405,2026-04-12,0.0,nan,0,Detail Page on-Amazon,0.0,0.0,,0.0,0,0,PAUSED,0,40.0,0,0,0.0,0,71902167295137,nan,0,,nan,0,0,USD,,0,0,manual,0.0,,0,0.0,0,0,0.0,0,DAILY_BUDGET,0,0,0.0,Amazon,0.0,0.0,0,0,0,0,0,Inner-SP-VB-auto,spCampaign_placement,US,INNERBRIGHTNESS,spCampaign_placement_innerbrightness_US_2026-03-21_2026-04-20.json,2026-04-21 01:59:24
84867,2026-04-21 01:59:24.822405,2026-04-21 01:59:24.822405,2026-04-13,0.0,nan,0,Detail Page on-Amazon,0.0,0.0,,0.0,0,0,PAUSED,0,40.0,0,0,0.0,0,71902167295137,0.0,0,,nan,0,0,USD,,0,0,manual,0.0,,0,0.0,0,0,0.0,0,DAILY_BUDGET,0,0,0.0,Amazon,0.0,0.0,391,0,0,0,0,Inner-SP-VB-auto,spCampaign_placement,US,INNERBRIGHTNESS,spCampaign_placement_innerbrightness_US_2026-03-21_2026-04-20.json,2026-04-21 01:59:24
84868,2026-04-21 01:59:24.822405,2026-04-21 01:59:24.822405,2026-04-14,0.0,nan,0,Detail Page on-Amazon,0.0,0.0,,0.0,0,0,PAUSED,0,40.0,0,0,0.0,0,71902167295137,0.0,0,,nan,0,0,USD,,0,0,manual,0.0,,0,0.0,0,0,0.0,0,DAILY_BUDGET,0,0,0.0,Amazon,0.0,0.0,176,0,0,0,0,Inner-SP-VB-auto,spCampaign_placement,US,INNERBRIGHTNESS,spCampaign_placement_innerbrightness_US_2026-03-21_2026-04-20.json,2026-04-21 01:59:24
84869,2026-04-21 01:59:24.822405,2026-04-21 01:59:24.822405,2026-04-15,0.0,nan,0,Detail Page on-Amazon,0.0,0.0,,0.0,0,0,PAUSED,0,40.0,0,0,0.0,0,71902167295137,0.0,0,,nan,0,0,USD,,0,0,manual,0.0,,0,0.0,0,0,0.0,0,DAILY_BUDGET,0,0,0.0,Amazon,0.0,0.0,1119,0,0,0,0,Inner-SP-VB-auto,spCampaign_placement,US,INNERBRIGHTNESS,spCampaign_placement_innerbrightness_US_2026-03-21_2026-04-20.json,2026-04-21 01:59:24
84870,2026-04-21 01:59:24.822405,2026-04-21 01:59:24.822405,2026-04-16,0.0,nan,0,Detail Page on-Amazon,0.0,0.0,,0.0,0,0,PAUSED,0,40.0,0,0,0.0,0,71902167295137,0.0,0,,nan,0,0,USD,,0,0,manual,0.0,,0,0.0,0,0,0.0,0,DAILY_BUDGET,0,0,0.0,Amazon,0.0,0.0,38,0,0,0,0,Inner-SP-VB-auto,spCampaign_placement,US,INNERBRIGHTNESS,spCampaign_placement_innerbrightness_US_2026-03-21_2026-04-20.json,2026-04-21 01:59:24
84871,2026-04-21 01:59:24.822405,2026-04-21 01:59:24.822405,2026-04-12,0.0,nan,0,Off Amazon,0.0,0.0,,0.0,0,0,PAUSED,0,40.0,0,0,0.0,0,71902167295137,0.0,0,,nan,0,0,USD,,0,0,manual,0.0,,0,0.0,0,0,0.0,0,DAILY_BUDGET,0,0,0.0,Amazon,0.0,0.0,1,0,0,0,0,Inner-SP-VB-auto,spCampaign_placement,US,INNERBRIGHTNESS,spCampaign_placement_innerbrightness_US_2026-03-21_2026-04-20.json,2026-04-21 01:59:24
84872,2026-04-21 01:59:24.822405,2026-04-21 01:59:24.822405,2026-04-11,68.97,0.8192184344934078,3,Other on-Amazon,68.97,68.97,,68.97,0,3,PAUSED,3,40.0,3,3,2.81,3,71902167295137,0.589622641509434,0,,122.06756560823547,3,0,USD,,3,3,manual,68.97,,0,68.97,0,3,84.19,3,DAILY_BUDGET,3,3,84.19,Amazon,68.97,68.97,5088,3,3,3,30,Inner-SP-VB-auto,spCampaign_placement,US,INNERBRIGHTNESS,spCampaign_placement_innerbrightness_US_2026-03-21_2026-04-20.json,2026-04-21 01:59:24
84873,2026-04-21 01:59:24.822405,2026-04-21 01:59:24.822405,2026-04-12,91.96,1.0072289156626506,4,Other on-Amazon,91.96,91.96,,91.96,0,4,PAUSED,4,40.0,4,4,2.95,4,71902167295137,0.6387801359983516,0,,99.28229665071771,4,0,USD,,4,4,manual,91.96,,0,91.96,0,4,91.3,4,DAILY_BUDGET,4,4,91.3,Amazon,91.96,91.96,4853,4,4,4,31,Inner-SP-VB-auto,spCampaign_placement,US,INNERBRIGHTNESS,spCampaign_placement_innerbrightness_US_2026-03-21_2026-04-20.json,2026-04-21 01:59:24
84874,2026-04-21 01:59:24.822405,2026-04-21 01:59:24.822405,2026-04-13,39.08,0.4243213897937025,2,Other on-Amazon,39.08,39.08,,39.08,0,2,PAUSED,2,40.0,2,2,2.97,2,71902167295137,0.6211180124223602,0,,235.6704196519959,2,0,USD,,2,2,manual,39.08,,0,39.08,0,2,92.1,2,DAILY_BUDGET,2,2,92.1,Amazon,39.08,39.08,4991,2,2,2,31,Inner-SP-VB-auto,spCampaign_placement,US,INNERBRIGHTNESS,spCampaign_placement_innerbrightness_US_2026-03-21_2026-04-20.json,2026-04-21 01:59:24
84875,2026-04-21 01:59:24.822405,2026-04-21 01:59:24.822405,2026-04-14,39.08,0.9135109864422627,2,Other on-Amazon,39.08,39.08,,39.08,0,2,PAUSED,2,40.0,2,2,3.56,2,71902167295137,0.38095238095238093,0,,109.46775844421698,2,0,USD,,2,2,manual,39.08,,0,39.08,0,2,42.78,2,DAILY_BUDGET,2,2,42.78,Amazon,39.08,39.08,3150,2,2,2,12,Inner-SP-VB-auto,spCampaign_placement,US,INNERBRIGHTNESS,spCampaign_placement_innerbrightness_US_2026-03-21_2026-04-20.json,2026-04-21 01:59:24
84876,2026-04-21 01:59:24.822405,2026-04-21 01:59:24.822405,2026-04-15,39.06,1.3623997209626788,2,Other on-Amazon,39.06,39.06,,39.06,0,2,PAUSED,1,40.0,1,2,2.39,2,71902167295137,0.4952538175815105,0,,73.39989759344598,2,0,USD,,2,2,manual,39.06,,0,39.06,0,1,28.67,1,DAILY_BUDGET,1,2,28.67,Amazon,39.06,39.06,2423,1,1,1,12,Inner-SP-VB-auto,spCampaign_placement,US,INNERBRIGHTNESS,spCampaign_placement_innerbrightness_US_2026-03-21_2026-04-20.json,2026-04-21 01:59:24
84877,2026-04-21 01:59:24.822405,2026-04-21 01:59:24.822405,2026-04-16,0.0,nan,0,Other on-Amazon,0.0,0.0,,0.0,0,0,PAUSED,0,40.0,0,0,0.0,0,71902167295137,0.0,0,,nan,0,0,USD,,0,0,manual,0.0,,0,0.0,0,0,0.0,0,DAILY_BUDGET,0,0,0.0,Amazon,0.0,0.0,24,0,0,0,0,Inner-SP-VB-auto,spCampaign_placement,US,INNERBRIGHTNESS,spCampaign_placement_innerbrightness_US_2026-03-21_2026-04-20.json,2026-04-21 01:59:24
84879,2026-04-21 01:59:24.822405,2026-04-21 01:59:24.822405,2026-04-11,0.0,nan,0,Top of Search on-Amazon,0.0,0.0,,0.0,0,0,PAUSED,0,40.0,0,0,0.0,0,71902167295137,0.0,0,,nan,0,0,USD,,0,0,manual,0.0,,0,0.0,0,0,0.0,0,DAILY_BUDGET,0,0,0.0,Amazon,0.0,0.0,1,0,0,0,0,Inner-SP-VB-auto,spCampaign_placement,US,INNERBRIGHTNESS,spCampaign_placement_innerbrightness_US_2026-03-21_2026-04-20.json,2026-04-21 01:59:24
84880,2026-04-21 01:59:24.822405,2026-04-21 01:59:24.822405,2026-04-12,0.0,0.0,0,Top of Search on-Amazon,0.0,0.0,,0.0,0,0,PAUSED,0,40.0,0,0,0.73,0,71902167295137,50.0,0,,nan,0,0,USD,,0,0,manual,0.0,,0,0.0,0,0,0.73,0,DAILY_BUDGET,0,0,0.73,Amazon,0.0,0.0,2,0,0,0,1,Inner-SP-VB-auto,spCampaign_placement,US,INNERBRIGHTNESS,spCampaign_placement_innerbrightness_US_2026-03-21_2026-04-20.json,2026-04-21 01:59:24
84881,2026-04-21 01:59:24.822405,2026-04-21 01:59:24.822405,2026-04-13,0.0,nan,0,Top of Search on-Amazon,0.0,0.0,,0.0,0,0,PAUSED,0,40.0,0,0,0.0,0,71902167295137,0.0,0,,nan,0,0,USD,,0,0,manual,0.0,,0,0.0,0,0,0.0,0,DAILY_BUDGET,0,0,0.0,Amazon,0.0,0.0,1,0,0,0,0,Inner-SP-VB-auto,spCampaign_placement,US,INNERBRIGHTNESS,spCampaign_placement_innerbrightness_US_2026-03-21_2026-04-20.json,2026-04-21 01:59:24
84882,2026-04-21 01:59:24.822405,2026-04-21 01:59:24.822405,2026-04-14,0.0,nan,0,Top of Search on-Amazon,0.0,0.0,,0.0,0,0,PAUSED,0,40.0,0,0,0.0,0,71902167295137,nan,0,,nan,0,0,USD,,0,0,manual,0.0,,0,0.0,0,0,0.0,0,DAILY_BUDGET,0,0,0.0,Amazon,0.0,0.0,0,0,0,0,0,Inner-SP-VB-auto,spCampaign_placement,US,INNERBRIGHTNESS,spCampaign_placement_innerbrightness_US_2026-03-21_2026-04-20.json,2026-04-21 01:59:24
84883,2026-04-21 01:59:24.822405,2026-04-21 01:59:24.822405,2026-04-15,0.0,nan,0,Top of Search on-Amazon,0.0,0.0,,0.0,0,0,PAUSED,0,40.0,0,0,0.0,0,71902167295137,0.0,0,,nan,0,0,USD,,0,0,manual,0.0,,0,0.0,0,0,0.0,0,DAILY_BUDGET,0,0,0.0,Amazon,0.0,0.0,1,0,0,0,0,Inner-SP-VB-auto,spCampaign_placement,US,INNERBRIGHTNESS,spCampaign_placement_innerbrightness_US_2026-03-21_2026-04-20.json,2026-04-21 01:59:24
84884,2026-04-21 01:59:24.822405,2026-04-21 01:59:24.822405,2026-04-11,0.0,nan,0,Detail Page on-Amazon,0.0,0.0,,0.0,0,0,ENABLED,0,180.0,0,0,0.0,0,133485526455499,0.0,0,,nan,0,0,USD,,0,0,legacy,0.0,,0,0.0,0,0,0.0,0,DAILY_BUDGET,0,0,0.0,Amazon,0.0,0.0,7,0,0,0,0,Inner-SP-KW-VB-b complex-EM-8K,spCampaign_placement,US,INNERBRIGHTNESS,spCampaign_placement_innerbrightness_US_2026-03-21_2026-04-20.json,2026-04-21 01:59:24
84885,2026-04-21 01:59:24.822405,2026-04-21 01:59:24.822405,2026-04-12,0.0,nan,0,Detail Page on-Amazon,0.0,0.0,,0.0,0,0,ENABLED,0,180.0,0,0,0.0,0,133485526455499,nan,0,,nan,0,0,USD,,0,0,legacy,0.0,,0,0.0,0,0,0.0,0,DAILY_BUDGET,0,0,0.0,Amazon,0.0,0.0,0,0,0,0,0,Inner-SP-KW-VB-b complex-EM-8K,spCampaign_placement,US,INNERBRIGHTNESS,spCampaign_placement_innerbrightness_US_2026-03-21_2026-04-20.json,2026-04-21 01:59:24
84886,2026-04-21 01:59:24.822405,2026-04-21 01:59:24.822405,2026-04-13,0.0,nan,0,Detail Page on-Amazon,0.0,0.0,,0.0,0,0,ENABLED,0,180.0,0,0,0.0,0,133485526455499,0.0,0,,nan,0,0,USD,,0,0,legacy,0.0,,0,0.0,0,0,0.0,0,DAILY_BUDGET,0,0,0.0,Amazon,0.0,0.0,333,0,0,0,0,Inner-SP-KW-VB-b complex-EM-8K,spCampaign_placement,US,INNERBRIGHTNESS,spCampaign_placement_innerbrightness_US_2026-03-21_2026-04-20.json,2026-04-21 01:59:24
84887,2026-04-21 01:59:24.822405,2026-04-21 01:59:24.822405,2026-04-14,0.0,nan,0,Detail Page on-Amazon,0.0,0.0,,0.0,0,0,ENABLED,0,180.0,0,0,0.0,0,133485526455499,0.0,0,,nan,0,0,USD,,0,0,legacy,0.0,,0,0.0,0,0,0.0,0,DAILY_BUDGET,0,0,0.0,Amazon,0.0,0.0,175,0,0,0,0,Inner-SP-KW-VB-b complex-EM-8K,spCampaign_placement,US,INNERBRIGHTNESS,spCampaign_placement_innerbrightness_US_2026-03-21_2026-04-20.json,2026-04-21 01:59:24
84888,2026-04-21 01:59:24.822405,2026-04-21 01:59:24.822405,2026-04-15,0.0,0.0,0,Detail Page on-Amazon,0.0,0.0,,0.0,0,0,ENABLED,0,180.0,0,0,1.26,0,133485526455499,0.24271844660194172,0,,nan,0,0,USD,,0,0,legacy,0.0,,0,0.0,0,0,1.26,0,DAILY_BUDGET,0,0,1.26,Amazon,0.0,0.0,412,0,0,0,1,Inner-SP-KW-VB-b complex-EM-8K,spCampaign_placement,US,INNERBRIGHTNESS,spCampaign_placement_innerbrightness_US_2026-03-21_2026-04-20.json,2026-04-21 01:59:24
84889,2026-04-21 01:59:24.822405,2026-04-21 01:59:24.822405,2026-04-16,0.0,0.0,0,Detail Page on-Amazon,0.0,0.0,,0.0,0,0,ENABLED,0,180.0,0,0,1.5,0,133485526455499,0.0946073793755913,0,,nan,0,0,USD,,0,0,legacy,0.0,,0,0.0,0,0,1.5,0,DAILY_BUDGET,0,0,1.5,Amazon,0.0,0.0,1057,0,0,0,1,Inner-SP-KW-VB-b complex-EM-8K,spCampaign_placement,US,INNERBRIGHTNESS,spCampaign_placement_innerbrightness_US_2026-03-21_2026-04-20.json,2026-04-21 01:59:24
84890,2026-04-21 01:59:24.822405,2026-04-21 01:59:24.822405,2026-04-17,0.0,nan,0,Detail Page on-Amazon,0.0,0.0,,0.0,0,0,ENABLED,0,180.0,0,0,0.0,0,133485526455499,0.0,0,,nan,0,0,USD,,0,0,legacy,0.0,,0,0.0,0,0,0.0,0,DAILY_BUDGET,0,0,0.0,Amazon,0.0,0.0,292,0,0,0,0,Inner-SP-KW-VB-b complex-EM-8K,spCampaign_placement,US,INNERBRIGHTNESS,spCampaign_placement_innerbrightness_US_2026-03-21_2026-04-20.json,2026-04-21 01:59:24
84894,2026-04-21 01:59:24.822405,2026-04-21 01:59:24.822405,2026-04-15,0.0,nan,0,Other on-Amazon,0.0,0.0,,0.0,0,0,ENABLED,0,180.0,0,0,0.0,0,133485526455499,0.0,0,,nan,0,0,USD,,0,0,legacy,0.0,,0,0.0,0,0,0.0,0,DAILY_BUDGET,0,0,0.0,Amazon,0.0,0.0,2,0,0,0,0,Inner-SP-KW-VB-b complex-EM-8K,spCampaign_placement,US,INNERBRIGHTNESS,spCampaign_placement_innerbrightness_US_2026-03-21_2026-04-20.json,2026-04-21 01:59:24
84895,2026-04-21 01:59:24.822405,2026-04-21 01:59:24.822405,2026-04-16,0.0,nan,0,Other on-Amazon,0.0,0.0,,0.0,0,0,ENABLED,0,180.0,0,0,0.0,0,133485526455499,0.0,0,,nan,0,0,USD,,0,0,legacy,0.0,,0,0.0,0,0,0.0,0,DAILY_BUDGET,0,0,0.0,Amazon,0.0,0.0,4,0,0,0,0,Inner-SP-KW-VB-b complex-EM-8K,spCampaign_placement,US,INNERBRIGHTNESS,spCampaign_placement_innerbrightness_US_2026-03-21_2026-04-20.json,2026-04-21 01:59:24
84896,2026-04-21 01:59:24.822405,2026-04-21 01:59:24.822405,2026-04-17,0.0,nan,0,Other on-Amazon,0.0,0.0,,0.0,0,0,ENABLED,0,180.0,0,0,0.0,0,133485526455499,nan,0,,nan,0,0,USD,,0,0,legacy,0.0,,0,0.0,0,0,0.0,0,DAILY_BUDGET,0,0,0.0,Amazon,0.0,0.0,0,0,0,0,0,Inner-SP-KW-VB-b complex-EM-8K,spCampaign_placement,US,INNERBRIGHTNESS,spCampaign_placement_innerbrightness_US_2026-03-21_2026-04-20.json,2026-04-21 01:59:24
84900,2026-04-21 01:59:24.822405,2026-04-21 01:59:24.822405,2026-04-16,0.0,0.0,0,Detail Page on-Amazon,0.0,0.0,,0.0,0,0,ENABLED,0,30.0,0,0,1.6,0,86707689409336,0.11380880121396054,0,,nan,0,0,USD,,0,0,manual,0.0,,0,0.0,0,0,4.81,0,DAILY_BUDGET,0,0,4.81,Amazon,0.0,0.0,2636,0,0,0,3,Campaign - 3/24/2026 08:56:17.623,spCampaign_placement,US,INNERBRIGHTNESS,spCampaign_placement_innerbrightness_US_2026-03-21_2026-04-20.json,2026-04-21 01:59:24
84901,2026-04-21 01:59:24.822405,2026-04-21 01:59:24.822405,2026-04-11,22.99,0.5840955284552846,1,Top of Search on-Amazon,22.99,22.99,,22.99,0,1,ENABLED,1,180.0,1,1,6.56,1,133485526455499,2.0202020202020203,0,,171.2048716833406,1,0,USD,,1,1,legacy,22.99,,0,22.99,0,1,39.36,1,DAILY_BUDGET,1,1,39.36,Amazon,22.99,22.99,297,1,1,1,6,Inner-SP-KW-VB-b complex-EM-8K,spCampaign_placement,US,INNERBRIGHTNESS,spCampaign_placement_innerbrightness_US_2026-03-21_2026-04-20.json,2026-04-21 01:59:24
84902,2026-04-21 01:59:24.822405,2026-04-21 01:59:24.822405,2026-04-12,45.98,1.1714876033057853,2,Top of Search on-Amazon,85.05,85.05,,85.05,0,2,ENABLED,4,180.0,4,4,6.6,4,133485526455499,3.4267912772585665,0,,85.3615520282187,4,0,USD,,4,4,legacy,85.05,,0,45.98,0,4,72.6,2,DAILY_BUDGET,2,4,72.6,Amazon,85.05,85.05,321,4,4,4,11,Inner-SP-KW-VB-b complex-EM-8K,spCampaign_placement,US,INNERBRIGHTNESS,spCampaign_placement_innerbrightness_US_2026-03-21_2026-04-20.json,2026-04-21 01:59:24
84903,2026-04-21 01:59:24.822405,2026-04-21 01:59:24.822405,2026-04-13,58.62,0.7708621029788914,3,Top of Search on-Amazon,78.15,78.15,,78.15,0,3,ENABLED,4,180.0,4,4,6.34,4,133485526455499,4.289544235924933,0,,129.7248880358285,4,0,USD,,4,4,legacy,78.15,,0,58.62,0,4,101.38,3,DAILY_BUDGET,3,4,101.38,Amazon,78.15,78.15,373,4,4,4,16,Inner-SP-KW-VB-b complex-EM-8K,spCampaign_placement,US,INNERBRIGHTNESS,spCampaign_placement_innerbrightness_US_2026-03-21_2026-04-20.json,2026-04-21 01:59:24
84904,2026-04-21 01:59:24.822405,2026-04-21 01:59:24.822405,2026-04-14,39.08,0.3982878108438646,2,Top of Search on-Amazon,39.08,39.08,,39.08,0,2,ENABLED,2,180.0,2,2,6.54,2,133485526455499,3.488372093023256,0,,251.07471852610033,2,0,USD,,2,2,legacy,39.08,,0,39.08,0,2,98.12,2,DAILY_BUDGET,2,2,98.12,Amazon,39.08,39.08,430,2,2,2,15,Inner-SP-KW-VB-b complex-EM-8K,spCampaign_placement,US,INNERBRIGHTNESS,spCampaign_placement_innerbrightness_US_2026-03-21_2026-04-20.json,2026-04-21 01:59:24
84905,2026-04-21 01:59:24.822405,2026-04-21 01:59:24.822405,2026-04-15,97.65,0.7549284885968304,5,Top of Search on-Amazon,97.65,97.65,,97.65,0,5,ENABLED,5,180.0,5,5,6.47,5,133485526455499,3.616636528028933,0,,132.46287762416793,5,0,USD,,5,5,legacy,97.65,,0,97.65,0,5,129.35,5,DAILY_BUDGET,5,5,129.35,Amazon,97.65,97.65,553,5,5,5,20,Inner-SP-KW-VB-b complex-EM-8K,spCampaign_placement,US,INNERBRIGHTNESS,spCampaign_placement_innerbrightness_US_2026-03-21_2026-04-20.json,2026-04-21 01:59:24
84906,2026-04-21 01:59:24.822405,2026-04-21 01:59:24.822405,2026-04-16,39.06,0.30415823080517057,2,Top of Search on-Amazon,39.06,39.06,,39.06,0,2,ENABLED,2,180.0,2,2,6.12,2,133485526455499,3.690685413005272,0,,328.77624167946743,2,0,USD,,2,2,legacy,39.06,,0,39.06,0,2,128.42,2,DAILY_BUDGET,2,2,128.42,Amazon,39.06,39.06,569,2,2,2,21,Inner-SP-KW-VB-b complex-EM-8K,spCampaign_placement,US,INNERBRIGHTNESS,spCampaign_placement_innerbrightness_US_2026-03-21_2026-04-20.json,2026-04-21 01:59:24
84907,2026-04-21 01:59:24.822405,2026-04-21 01:59:24.822405,2026-04-17,97.65,0.9842096421972115,5,Top of Search on-Amazon,117.18,117.18,,117.18,0,5,ENABLED,6,180.0,6,6,6.27,6,133485526455499,5.163043478260869,0,,101.60436934630484,6,0,USD,,6,6,legacy,117.18,,0,97.65,0,6,119.06,5,DAILY_BUDGET,5,6,119.06,Amazon,117.18,117.18,368,6,6,6,19,Inner-SP-KW-VB-b complex-EM-8K,spCampaign_placement,US,INNERBRIGHTNESS,spCampaign_placement_innerbrightness_US_2026-03-21_2026-04-20.json,2026-04-21 01:59:24
84911,2026-04-21 01:59:24.822405,2026-04-21 01:59:24.822405,2026-04-11,0.0,nan,0,Detail Page on-Amazon,0.0,0.0,,0.0,0,0,ENABLED,0,30.0,0,0,0.0,0,86707689409336,0.0,0,,nan,0,0,USD,,0,0,manual,0.0,,0,0.0,0,0,0.0,0,DAILY_BUDGET,0,0,0.0,Amazon,0.0,0.0,115,0,0,0,0,Campaign - 3/24/2026 08:56:17.623,spCampaign_placement,US,INNERBRIGHTNESS,spCampaign_placement_innerbrightness_US_2026-03-21_2026-04-20.json,2026-04-21 01:59:24
84912,2026-04-21 01:59:24.822405,2026-04-21 01:59:24.822405,2026-04-12,0.0,nan,0,Detail Page on-Amazon,0.0,0.0,,0.0,0,0,ENABLED,0,30.0,0,0,0.0,0,86707689409336,0.0,0,,nan,0,0,USD,,0,0,manual,0.0,,0,0.0,0,0,0.0,0,DAILY_BUDGET,0,0,0.0,Amazon,0.0,0.0,31,0,0,0,0,Campaign - 3/24/2026 08:56:17.623,spCampaign_placement,US,INNERBRIGHTNESS,spCampaign_placement_innerbrightness_US_2026-03-21_2026-04-20.json,2026-04-21 01:59:24
84913,2026-04-21 01:59:24.822405,2026-04-21 01:59:24.822405,2026-04-13,0.0,0.0,0,Detail Page on-Amazon,0.0,0.0,,0.0,0,0,ENABLED,0,30.0,0,0,2.65,0,86707689409336,0.09980039920159679,0,,nan,0,0,USD,,0,0,manual,0.0,,0,0.0,0,0,2.65,0,DAILY_BUDGET,0,0,2.65,Amazon,0.0,0.0,1002,0,0,0,1,Campaign - 3/24/2026 08:56:17.623,spCampaign_placement,US,INNERBRIGHTNESS,spCampaign_placement_innerbrightness_US_2026-03-21_2026-04-20.json,2026-04-21 01:59:24
84914,2026-04-21 01:59:24.822405,2026-04-21 01:59:24.822405,2026-04-14,0.0,nan,0,Detail Page on-Amazon,0.0,0.0,,0.0,0,0,ENABLED,0,30.0,0,0,0.0,0,86707689409336,0.0,0,,nan,0,0,USD,,0,0,manual,0.0,,0,0.0,0,0,0.0,0,DAILY_BUDGET,0,0,0.0,Amazon,0.0,0.0,98,0,0,0,0,Campaign - 3/24/2026 08:56:17.623,spCampaign_placement,US,INNERBRIGHTNESS,spCampaign_placement_innerbrightness_US_2026-03-21_2026-04-20.json,2026-04-21 01:59:24
84915,2026-04-21 01:59:24.822405,2026-04-21 01:59:24.822405,2026-04-15,0.0,nan,0,Detail Page on-Amazon,0.0,0.0,,0.0,0,0,ENABLED,0,30.0,0,0,0.0,0,86707689409336,0.0,0,,nan,0,0,USD,,0,0,manual,0.0,,0,0.0,0,0,0.0,0,DAILY_BUDGET,0,0,0.0,Amazon,0.0,0.0,1522,0,0,0,0,Campaign - 3/24/2026 08:56:17.623,spCampaign_placement,US,INNERBRIGHTNESS,spCampaign_placement_innerbrightness_US_2026-03-21_2026-04-20.json,2026-04-21 01:59:24
84916,2026-04-21 01:59:24.822405,2026-04-21 01:59:24.822405,2026-04-17,0.0,nan,0,Detail Page on-Amazon,0.0,0.0,,0.0,0,0,ENABLED,0,30.0,0,0,0.0,0,86707689409336,0.0,0,,nan,0,0,USD,,0,0,manual,0.0,,0,0.0,0,0,0.0,0,DAILY_BUDGET,0,0,0.0,Amazon,0.0,0.0,1369,0,0,0,0,Campaign - 3/24/2026 08:56:17.623,spCampaign_placement,US,INNERBRIGHTNESS,spCampaign_placement_innerbrightness_US_2026-03-21_2026-04-20.json,2026-04-21 01:59:24
84920,2026-04-21 01:59:24.822405,2026-04-21 01:59:24.822405,2026-04-11,22.99,0.8032844164919636,1,Other on-Amazon,22.99,22.99,,22.99,0,1,ENABLED,1,30.0,1,1,4.77,1,86707689409336,1.1029411764705883,0,,124.48890822096566,1,0,USD,,1,1,manual,22.99,,0,22.99,0,1,28.62,1,DAILY_BUDGET,1,1,28.62,Amazon,22.99,22.99,544,1,1,1,6,Campaign - 3/24/2026 08:56:17.623,spCampaign_placement,US,INNERBRIGHTNESS,spCampaign_placement_innerbrightness_US_2026-03-21_2026-04-20.json,2026-04-21 01:59:24
84921,2026-04-21 01:59:24.822405,2026-04-21 01:59:24.822405,2026-04-12,22.99,0.8480265584655109,1,Other on-Amazon,22.99,22.99,,22.99,0,1,ENABLED,1,30.0,1,1,4.52,1,86707689409336,2.6200873362445414,0,,117.92083514571554,1,0,USD,,1,1,manual,22.99,,0,22.99,0,1,27.11,1,DAILY_BUDGET,1,1,27.11,Amazon,22.99,22.99,229,1,1,1,6,Campaign - 3/24/2026 08:56:17.623,spCampaign_placement,US,INNERBRIGHTNESS,spCampaign_placement_innerbrightness_US_2026-03-21_2026-04-20.json,2026-04-21 01:59:24
84922,2026-04-21 01:59:24.822405,2026-04-21 01:59:24.822405,2026-04-13,39.08,3.0365190365190364,2,Other on-Amazon,39.08,39.08,,39.08,0,2,ENABLED,1,30.0,1,2,4.29,2,86707689409336,0.3807106598984772,0,,32.9324462640737,2,0,USD,,2,2,manual,39.08,,0,39.08,0,1,12.87,1,DAILY_BUDGET,1,2,12.87,Amazon,39.08,39.08,788,1,1,1,3,Campaign - 3/24/2026 08:56:17.623,spCampaign_placement,US,INNERBRIGHTNESS,spCampaign_placement_innerbrightness_US_2026-03-21_2026-04-20.json,2026-04-21 01:59:24
84923,2026-04-21 01:59:24.822405,2026-04-21 01:59:24.822405,2026-04-14,19.54,0.8192872117400419,1,Other on-Amazon,19.54,19.54,,19.54,0,1,ENABLED,1,30.0,1,1,4.77,1,86707689409336,2.512562814070352,0,,122.05731832139202,1,0,USD,,1,1,manual,19.54,,0,19.54,0,1,23.85,1,DAILY_BUDGET,1,1,23.85,Amazon,19.54,19.54,199,1,1,1,5,Campaign - 3/24/2026 08:56:17.623,spCampaign_placement,US,INNERBRIGHTNESS,spCampaign_placement_innerbrightness_US_2026-03-21_2026-04-20.json,2026-04-21 01:59:24
84924,2026-04-21 01:59:24.822405,2026-04-21 01:59:24.822405,2026-04-15,39.06,2.19438202247191,2,Other on-Amazon,39.06,39.06,,39.06,0,2,ENABLED,2,30.0,2,2,4.45,2,86707689409336,1.1764705882352942,0,,45.57091653865847,2,0,USD,,2,2,manual,39.06,,0,39.06,0,2,17.8,2,DAILY_BUDGET,2,2,17.8,Amazon,39.06,39.06,340,2,2,2,4,Campaign - 3/24/2026 08:56:17.623,spCampaign_placement,US,INNERBRIGHTNESS,spCampaign_placement_innerbrightness_US_2026-03-21_2026-04-20.json,2026-04-21 01:59:24
84925,2026-04-21 01:59:24.822405,2026-04-21 01:59:24.822405,2026-04-16,0.0,0.0,0,Other on-Amazon,0.0,0.0,,0.0,0,0,ENABLED,0,30.0,0,0,4.51,0,86707689409336,0.6337135614702154,0,,nan,0,0,USD,,0,0,manual,0.0,,0,0.0,0,0,22.55,0,DAILY_BUDGET,0,0,22.55,Amazon,0.0,0.0,789,0,0,0,5,Campaign - 3/24/2026 08:56:17.623,spCampaign_placement,US,INNERBRIGHTNESS,spCampaign_placement_innerbrightness_US_2026-03-21_2026-04-20.json,2026-04-21 01:59:24
84926,2026-04-21 01:59:24.822405,2026-04-21 01:59:24.822405,2026-04-17,0.0,0.0,0,Other on-Amazon,0.0,0.0,,0.0,0,0,ENABLED,0,30.0,0,0,4.77,0,86707689409336,0.2506265664160401,0,,nan,0,0,USD,,0,0,manual,0.0,,0,0.0,0,0,4.77,0,DAILY_BUDGET,0,0,4.77,Amazon,0.0,0.0,399,0,0,0,1,Campaign - 3/24/2026 08:56:17.623,spCampaign_placement,US,INNERBRIGHTNESS,spCampaign_placement_innerbrightness_US_2026-03-21_2026-04-20.json,2026-04-21 01:59:24
84930,2026-04-21 01:59:24.822405,2026-04-21 01:59:24.822405,2026-04-11,0.0,nan,0,Top of Search on-Amazon,0.0,0.0,,0.0,0,0,ENABLED,0,30.0,0,0,0.0,0,86707689409336,0.0,0,,nan,0,0,USD,,0,0,manual,0.0,,0,0.0,0,0,0.0,0,DAILY_BUDGET,0,0,0.0,Amazon,0.0,0.0,6,0,0,0,0,Campaign - 3/24/2026 08:56:17.623,spCampaign_placement,US,INNERBRIGHTNESS,spCampaign_placement_innerbrightness_US_2026-03-21_2026-04-20.json,2026-04-21 01:59:24
84931,2026-04-21 01:59:24.822405,2026-04-21 01:59:24.822405,2026-04-12,0.0,nan,0,Top of Search on-Amazon,0.0,0.0,,0.0,0,0,ENABLED,0,30.0,0,0,0.0,0,86707689409336,0.0,0,,nan,0,0,USD,,0,0,manual,0.0,,0,0.0,0,0,0.0,0,DAILY_BUDGET,0,0,0.0,Amazon,0.0,0.0,7,0,0,0,0,Campaign - 3/24/2026 08:56:17.623,spCampaign_placement,US,INNERBRIGHTNESS,spCampaign_placement_innerbrightness_US_2026-03-21_2026-04-20.json,2026-04-21 01:59:24
84932,2026-04-21 01:59:24.822405,2026-04-21 01:59:24.822405,2026-04-13,0.0,0.0,0,Top of Search on-Amazon,0.0,0.0,,0.0,0,0,ENABLED,0,30.0,0,0,4.77,0,86707689409336,7.894736842105263,0,,nan,0,0,USD,,0,0,manual,0.0,,0,0.0,0,0,14.31,0,DAILY_BUDGET,0,0,14.31,Amazon,0.0,0.0,38,0,0,0,3,Campaign - 3/24/2026 08:56:17.623,spCampaign_placement,US,INNERBRIGHTNESS,spCampaign_placement_innerbrightness_US_2026-03-21_2026-04-20.json,2026-04-21 01:59:24
84933,2026-04-21 01:59:24.822405,2026-04-21 01:59:24.822405,2026-04-14,0.0,0.0,0,Top of Search on-Amazon,0.0,0.0,,0.0,0,0,ENABLED,0,30.0,0,0,4.61,0,86707689409336,16.666666666666664,0,,nan,0,0,USD,,0,0,manual,0.0,,0,0.0,0,0,4.61,0,DAILY_BUDGET,0,0,4.61,Amazon,0.0,0.0,6,0,0,0,1,Campaign - 3/24/2026 08:56:17.623,spCampaign_placement,US,INNERBRIGHTNESS,spCampaign_placement_innerbrightness_US_2026-03-21_2026-04-20.json,2026-04-21 01:59:24
84934,2026-04-21 01:59:24.822405,2026-04-21 01:59:24.822405,2026-04-15,0.0,0.0,0,Top of Search on-Amazon,0.0,0.0,,0.0,0,0,ENABLED,0,30.0,0,0,4.77,0,86707689409336,10.0,0,,nan,0,0,USD,,0,0,manual,0.0,,0,0.0,0,0,9.54,0,DAILY_BUDGET,0,0,9.54,Amazon,0.0,0.0,20,0,0,0,2,Campaign - 3/24/2026 08:56:17.623,spCampaign_placement,US,INNERBRIGHTNESS,spCampaign_placement_innerbrightness_US_2026-03-21_2026-04-20.json,2026-04-21 01:59:24
84935,2026-04-21 01:59:24.822405,2026-04-21 01:59:24.822405,2026-04-16,0.0,nan,0,Top of Search on-Amazon,0.0,0.0,,0.0,0,0,ENABLED,0,30.0,0,0,0.0,0,86707689409336,0.0,0,,nan,0,0,USD,,0,0,manual,0.0,,0,0.0,0,0,0.0,0,DAILY_BUDGET,0,0,0.0,Amazon,0.0,0.0,38,0,0,0,0,Campaign - 3/24/2026 08:56:17.623,spCampaign_placement,US,INNERBRIGHTNESS,spCampaign_placement_innerbrightness_US_2026-03-21_2026-04-20.json,2026-04-21 01:59:24
84936,2026-04-21 01:59:24.822405,2026-04-21 01:59:24.822405,2026-04-17,0.0,0.0,0,Top of Search on-Amazon,0.0,0.0,,0.0,0,0,ENABLED,0,30.0,0,0,4.76,0,86707689409336,12.195121951219512,0,,nan,0,0,USD,,0,0,manual,0.0,,0,0.0,0,0,23.81,0,DAILY_BUDGET,0,0,23.81,Amazon,0.0,0.0,41,0,0,0,5,Campaign - 3/24/2026 08:56:17.623,spCampaign_placement,US,INNERBRIGHTNESS,spCampaign_placement_innerbrightness_US_2026-03-21_2026-04-20.json,2026-04-21 01:59:24
84940,2026-04-21 01:59:24.822405,2026-04-21 01:59:24.822405,2026-04-11,0.0,nan,0,Detail Page on-Amazon,0.0,0.0,,0.0,0,0,ENABLED,0,40.0,0,0,0.0,0,90609254666494,0.0,0,,nan,0,0,USD,,0,0,legacy,0.0,,0,0.0,0,0,0.0,0,DAILY_BUDGET,0,0,0.0,Amazon,0.0,0.0,14,0,0,0,0,Inner-SP-KW-biotin-biotin-EM-2K,spCampaign_placement,US,INNERBRIGHTNESS,spCampaign_placement_innerbrightness_US_2026-03-21_2026-04-20.json,2026-04-21 01:59:24
84941,2026-04-21 01:59:24.822405,2026-04-21 01:59:24.822405,2026-04-12,0.0,0.0,0,Detail Page on-Amazon,0.0,0.0,,0.0,0,0,ENABLED,0,40.0,0,0,2.06,0,90609254666494,0.24813895781637718,0,,nan,0,0,USD,,0,0,legacy,0.0,,0,0.0,0,0,2.06,0,DAILY_BUDGET,0,0,2.06,Amazon,0.0,0.0,403,0,0,0,1,Inner-SP-KW-biotin-biotin-EM-2K,spCampaign_placement,US,INNERBRIGHTNESS,spCampaign_placement_innerbrightness_US_2026-03-21_2026-04-20.json,2026-04-21 01:59:24
84942,2026-04-21 01:59:24.822405,2026-04-21 01:59:24.822405,2026-04-13,0.0,0.0,0,Detail Page on-Amazon,0.0,0.0,,0.0,0,0,ENABLED,0,40.0,0,0,2.77,0,90609254666494,0.15709547914121139,0,,nan,0,0,USD,,0,0,legacy,0.0,,0,0.0,0,0,49.84,0,DAILY_BUDGET,0,0,49.84,Amazon,0.0,0.0,11458,0,0,0,18,Inner-SP-KW-biotin-biotin-EM-2K,spCampaign_placement,US,INNERBRIGHTNESS,spCampaign_placement_innerbrightness_US_2026-03-21_2026-04-20.json,2026-04-21 01:59:24
84943,2026-04-21 01:59:24.822405,2026-04-21 01:59:24.822405,2026-04-14,0.0,0.0,0,Detail Page on-Amazon,0.0,0.0,,0.0,0,0,ENABLED,0,40.0,0,0,0.92,0,90609254666494,0.10392849719393059,0,,nan,0,0,USD,,0,0,legacy,0.0,,0,0.0,0,0,4.59,0,DAILY_BUDGET,0,0,4.59,Amazon,0.0,0.0,4811,0,0,0,5,Inner-SP-KW-biotin-biotin-EM-2K,spCampaign_placement,US,INNERBRIGHTNESS,spCampaign_placement_innerbrightness_US_2026-03-21_2026-04-20.json,2026-04-21 01:59:24
84944,2026-04-21 01:59:24.822405,2026-04-21 01:59:24.822405,2026-04-15,0.0,0.0,0,Detail Page on-Amazon,0.0,0.0,,0.0,0,0,ENABLED,0,40.0,0,0,1.04,0,90609254666494,0.06191402794976119,0,,nan,0,0,USD,,0,0,legacy,0.0,,0,0.0,0,0,7.3,0,DAILY_BUDGET,0,0,7.3,Amazon,0.0,0.0,11306,0,0,0,7,Inner-SP-KW-biotin-biotin-EM-2K,spCampaign_placement,US,INNERBRIGHTNESS,spCampaign_placement_innerbrightness_US_2026-03-21_2026-04-20.json,2026-04-21 01:59:24
84945,2026-04-21 01:59:24.822405,2026-04-21 01:59:24.822405,2026-04-16,0.0,0.0,0,Detail Page on-Amazon,0.0,0.0,,0.0,0,0,ENABLED,0,40.0,0,0,0.76,0,90609254666494,0.1651073197578426,0,,nan,0,0,USD,,0,0,legacy,0.0,,0,0.0,0,0,2.28,0,DAILY_BUDGET,0,0,2.28,Amazon,0.0,0.0,1817,0,0,0,3,Inner-SP-KW-biotin-biotin-EM-2K,spCampaign_placement,US,INNERBRIGHTNESS,spCampaign_placement_innerbrightness_US_2026-03-21_2026-04-20.json,2026-04-21 01:59:24
84946,2026-04-21 01:59:24.822405,2026-04-21 01:59:24.822405,2026-04-17,0.0,nan,0,Detail Page on-Amazon,0.0,0.0,,0.0,0,0,ENABLED,0,40.0,0,0,0.0,0,90609254666494,0.0,0,,nan,0,0,USD,,0,0,legacy,0.0,,0,0.0,0,0,0.0,0,DAILY_BUDGET,0,0,0.0,Amazon,0.0,0.0,2078,0,0,0,0,Inner-SP-KW-biotin-biotin-EM-2K,spCampaign_placement,US,INNERBRIGHTNESS,spCampaign_placement_innerbrightness_US_2026-03-21_2026-04-20.json,2026-04-21 01:59:24
84950,2026-04-21 01:59:24.822405,2026-04-21 01:59:24.822405,2026-04-11,0.0,0.0,0,Other on-Amazon,0.0,0.0,,0.0,0,0,ENABLED,0,40.0,0,0,4.08,0,90609254666494,0.6666666666666667,0,,nan,0,0,USD,,0,0,legacy,0.0,,0,0.0,0,0,12.24,0,DAILY_BUDGET,0,0,12.24,Amazon,0.0,0.0,450,0,0,0,3,Inner-SP-KW-biotin-biotin-EM-2K,spCampaign_placement,US,INNERBRIGHTNESS,spCampaign_placement_innerbrightness_US_2026-03-21_2026-04-20.json,2026-04-21 01:59:24
84951,2026-04-21 01:59:24.822405,2026-04-21 01:59:24.822405,2026-04-12,0.0,0.0,0,Other on-Amazon,0.0,0.0,,0.0,0,0,ENABLED,0,40.0,0,0,5.01,0,90609254666494,0.1072961373390558,0,,nan,0,0,USD,,0,0,legacy,0.0,,0,0.0,0,0,5.01,0,DAILY_BUDGET,0,0,5.01,Amazon,0.0,0.0,932,0,0,0,1,Inner-SP-KW-biotin-biotin-EM-2K,spCampaign_placement,US,INNERBRIGHTNESS,spCampaign_placement_innerbrightness_US_2026-03-21_2026-04-20.json,2026-04-21 01:59:24
84952,2026-04-21 01:59:24.822405,2026-04-21 01:59:24.822405,2026-04-13,64.77,1.5787912495365222,3,Other on-Amazon,85.16,85.16,,85.16,0,3,ENABLED,4,40.0,4,4,4.9,4,90609254666494,0.3952569169960474,0,,63.33959605448567,4,0,USD,,4,4,legacy,85.16,,0,64.77,0,4,53.94,3,DAILY_BUDGET,3,4,53.94,Amazon,85.16,85.16,2783,4,4,4,11,Inner-SP-KW-biotin-biotin-EM-2K,spCampaign_placement,US,INNERBRIGHTNESS,spCampaign_placement_innerbrightness_US_2026-03-21_2026-04-20.json,2026-04-21 01:59:24
84953,2026-04-21 01:59:24.822405,2026-04-21 01:59:24.822405,2026-04-14,122.34,1.5103703703703704,6,Other on-Amazon,142.73,142.73,,142.73,0,6,ENABLED,7,40.0,7,7,4.5,7,90609254666494,0.33756630766757756,0,,66.20892594409025,7,0,USD,,7,7,legacy,142.73,,0,122.34,0,7,94.5,6,DAILY_BUDGET,6,7,94.5,Amazon,142.73,142.73,6221,7,7,7,21,Inner-SP-KW-biotin-biotin-EM-2K,spCampaign_placement,US,INNERBRIGHTNESS,spCampaign_placement_innerbrightness_US_2026-03-21_2026-04-20.json,2026-04-21 01:59:24
84954,2026-04-21 01:59:24.822405,2026-04-21 01:59:24.822405,2026-04-15,81.56,1.0,4,Other on-Amazon,81.56,81.56,,81.56,0,4,ENABLED,4,40.0,4,4,4.53,4,90609254666494,0.33033584143879613,0,,100.0,4,0,USD,,4,4,legacy,81.56,,0,81.56,0,4,81.56,4,DAILY_BUDGET,4,4,81.56,Amazon,81.56,81.56,5449,4,4,4,18,Inner-SP-KW-biotin-biotin-EM-2K,spCampaign_placement,US,INNERBRIGHTNESS,spCampaign_placement_innerbrightness_US_2026-03-21_2026-04-20.json,2026-04-21 01:59:24
84955,2026-04-21 01:59:24.822405,2026-04-21 01:59:24.822405,2026-04-16,20.39,0.5179070358140717,1,Other on-Amazon,20.39,20.39,,20.39,0,1,ENABLED,1,40.0,1,1,3.94,1,90609254666494,0.281135788585887,0,,193.08484551250612,1,0,USD,,1,1,legacy,20.39,,0,20.39,0,1,39.37,1,DAILY_BUDGET,1,1,39.37,Amazon,20.39,20.39,3557,1,1,1,10,Inner-SP-KW-biotin-biotin-EM-2K,spCampaign_placement,US,INNERBRIGHTNESS,spCampaign_placement_innerbrightness_US_2026-03-21_2026-04-20.json,2026-04-21 01:59:24
84956,2026-04-21 01:59:24.822405,2026-04-21 01:59:24.822405,2026-04-17,81.56,2.9842663739480426,4,Other on-Amazon,81.56,81.56,,81.56,0,4,ENABLED,4,40.0,4,4,3.9,4,90609254666494,0.1492855619535082,0,,33.509073075036774,4,0,USD,,4,4,legacy,81.56,,0,81.56,0,4,27.33,4,DAILY_BUDGET,4,4,27.33,Amazon,81.56,81.56,4689,4,4,4,7,Inner-SP-KW-biotin-biotin-EM-2K,spCampaign_placement,US,INNERBRIGHTNESS,spCampaign_placement_innerbrightness_US_2026-03-21_2026-04-20.json,2026-04-21 01:59:24
84960,2026-04-21 01:59:24.822405,2026-04-21 01:59:24.822405,2026-04-11,0.0,nan,0,Top of Search on-Amazon,0.0,0.0,,0.0,0,0,ENABLED,0,40.0,0,0,0.0,0,90609254666494,nan,0,,nan,0,0,USD,,0,0,legacy,0.0,,0,0.0,0,0,0.0,0,DAILY_BUDGET,0,0,0.0,Amazon,0.0,0.0,0,0,0,0,0,Inner-SP-KW-biotin-biotin-EM-2K,spCampaign_placement,US,INNERBRIGHTNESS,spCampaign_placement_innerbrightness_US_2026-03-21_2026-04-20.json,2026-04-21 01:59:24
84961,2026-04-21 01:59:24.822405,2026-04-21 01:59:24.822405,2026-04-13,0.0,nan,0,Top of Search on-Amazon,0.0,0.0,,0.0,0,0,ENABLED,0,40.0,0,0,0.0,0,90609254666494,0.0,0,,nan,0,0,USD,,0,0,legacy,0.0,,0,0.0,0,0,0.0,0,DAILY_BUDGET,0,0,0.0,Amazon,0.0,0.0,17,0,0,0,0,Inner-SP-KW-biotin-biotin-EM-2K,spCampaign_placement,US,INNERBRIGHTNESS,spCampaign_placement_innerbrightness_US_2026-03-21_2026-04-20.json,2026-04-21 01:59:24
84962,2026-04-21 01:59:24.822405,2026-04-21 01:59:24.822405,2026-04-14,0.0,nan,0,Detail Page on-Amazon,0.0,0.0,,0.0,0,0,ENABLED,0,140.0,0,0,0.0,0,124155407961116,0.0,0,,nan,0,0,USD,,0,0,legacy,0.0,,0,0.0,0,0,0.0,0,DAILY_BUDGET,0,0,0.0,Amazon,0.0,0.0,2,0,0,0,0,Inner-SP-KW-VB-methylated b complex-EM-1.9W,spCampaign_placement,US,INNERBRIGHTNESS,spCampaign_placement_innerbrightness_US_2026-03-21_2026-04-20.json,2026-04-21 01:59:24
84963,2026-04-21 01:59:24.822405,2026-04-21 01:59:24.822405,2026-04-15,0.0,nan,0,Detail Page on-Amazon,0.0,0.0,,0.0,0,0,ENABLED,0,140.0,0,0,0.0,0,124155407961116,0.0,0,,nan,0,0,USD,,0,0,legacy,0.0,,0,0.0,0,0,0.0,0,DAILY_BUDGET,0,0,0.0,Amazon,0.0,0.0,43,0,0,0,0,Inner-SP-KW-VB-methylated b complex-EM-1.9W,spCampaign_placement,US,INNERBRIGHTNESS,spCampaign_placement_innerbrightness_US_2026-03-21_2026-04-20.json,2026-04-21 01:59:24
84964,2026-04-21 01:59:24.822405,2026-04-21 01:59:24.822405,2026-04-11,91.96,0.8915172079495879,4,Other on-Amazon,91.96,91.96,,91.96,0,4,ENABLED,4,140.0,4,4,4.48,4,124155407961116,1.6886930983847284,0,,112.16833405828623,4,0,USD,,4,4,legacy,91.96,,0,91.96,0,4,103.15,4,DAILY_BUDGET,4,4,103.15,Amazon,91.96,91.96,1362,4,4,4,23,Inner-SP-KW-VB-methylated b complex-EM-1.9W,spCampaign_placement,US,INNERBRIGHTNESS,spCampaign_placement_innerbrightness_US_2026-03-21_2026-04-20.json,2026-04-21 01:59:24
84965,2026-04-21 01:59:24.822405,2026-04-21 01:59:24.822405,2026-04-12,45.98,0.784373933810986,2,Other on-Amazon,45.98,45.98,,45.98,0,2,ENABLED,2,140.0,2,2,4.51,2,124155407961116,0.7510109763142693,0,,127.49021313614615,2,0,USD,,2,2,legacy,45.98,,0,45.98,0,2,58.62,2,DAILY_BUDGET,2,2,58.62,Amazon,45.98,45.98,1731,2,2,2,13,Inner-SP-KW-VB-methylated b complex-EM-1.9W,spCampaign_placement,US,INNERBRIGHTNESS,spCampaign_placement_innerbrightness_US_2026-03-21_2026-04-20.json,2026-04-21 01:59:24
84966,2026-04-21 01:59:24.822405,2026-04-21 01:59:24.822405,2026-04-13,97.7,0.8794670987487623,5,Other on-Amazon,97.7,97.7,,97.7,0,5,ENABLED,5,140.0,5,5,4.44,5,124155407961116,1.3034410844629822,0,,113.70522006141248,5,0,USD,,5,5,legacy,97.7,,0,97.7,0,5,111.09,5,DAILY_BUDGET,5,5,111.09,Amazon,97.7,97.7,1918,5,5,5,25,Inner-SP-KW-VB-methylated b complex-EM-1.9W,spCampaign_placement,US,INNERBRIGHTNESS,spCampaign_placement_innerbrightness_US_2026-03-21_2026-04-20.json,2026-04-21 01:59:24
84967,2026-04-21 01:59:24.822405,2026-04-21 01:59:24.822405,2026-04-14,136.78,1.4652383502945903,7,Other on-Amazon,136.78,136.78,,136.78,0,7,ENABLED,7,140.0,7,7,4.45,7,124155407961116,1.0521042084168337,0,,68.24828191256032,7,0,USD,,7,7,legacy,136.78,,0,136.78,0,7,93.35,7,DAILY_BUDGET,7,7,93.35,Amazon,136.78,136.78,1996,7,7,7,21,Inner-SP-KW-VB-methylated b complex-EM-1.9W,spCampaign_placement,US,INNERBRIGHTNESS,spCampaign_placement_innerbrightness_US_2026-03-21_2026-04-20.json,2026-04-21 01:59:24
84968,2026-04-21 01:59:24.822405,2026-04-21 01:59:24.822405,2026-04-15,97.65,0.7797652319731695,5,Other on-Amazon,97.65,97.65,,97.65,0,5,ENABLED,5,140.0,5,5,4.47,5,124155407961116,1.3712047012732616,0,,128.2437275985663,5,0,USD,,5,5,legacy,97.65,,0,97.65,0,5,125.23,5,DAILY_BUDGET,5,5,125.23,Amazon,97.65,97.65,2042,5,5,5,28,Inner-SP-KW-VB-methylated b complex-EM-1.9W,spCampaign_placement,US,INNERBRIGHTNESS,spCampaign_placement_innerbrightness_US_2026-03-21_2026-04-20.json,2026-04-21 01:59:24
84969,2026-04-21 01:59:24.822405,2026-04-21 01:59:24.822405,2026-04-16,39.06,0.5165983335537627,2,Other on-Amazon,39.06,39.06,,39.06,0,2,ENABLED,2,140.0,2,2,4.45,2,124155407961116,0.9204114780725501,0,,193.57398873527904,2,0,USD,,2,2,legacy,39.06,,0,39.06,0,2,75.61,2,DAILY_BUDGET,2,2,75.61,Amazon,39.06,39.06,1847,2,2,2,17,Inner-SP-KW-VB-methylated b complex-EM-1.9W,spCampaign_placement,US,INNERBRIGHTNESS,spCampaign_placement_innerbrightness_US_2026-03-21_2026-04-20.json,2026-04-21 01:59:24
84970,2026-04-21 01:59:24.822405,2026-04-21 01:59:24.822405,2026-04-17,58.59,0.5663058186738837,3,Other on-Amazon,58.59,58.59,,58.59,0,3,ENABLED,3,140.0,3,3,4.31,3,124155407961116,1.3969732246798603,0,,176.58303464755076,3,0,USD,,3,3,legacy,58.59,,0,58.59,0,3,103.46,3,DAILY_BUDGET,3,3,103.46,Amazon,58.59,58.59,1718,3,3,3,24,Inner-SP-KW-VB-methylated b complex-EM-1.9W,spCampaign_placement,US,INNERBRIGHTNESS,spCampaign_placement_innerbrightness_US_2026-03-21_2026-04-20.json,2026-04-21 01:59:24
84974,2026-04-21 01:59:24.822405,2026-04-21 01:59:24.822405,2026-04-11,0.0,nan,0,Detail Page on-Amazon,0.0,0.0,,0.0,0,0,ENABLED,0,20.0,0,0,0.0,0,250659622813733,0.0,0,,nan,0,0,USD,,0,0,legacy,0.0,,0,0.0,0,0,0.0,0,DAILY_BUDGET,0,0,0.0,Amazon,0.0,0.0,161,0,0,0,0,Inner-SP-KW-VB-b vitamins complex-EM-1W,spCampaign_placement,US,INNERBRIGHTNESS,spCampaign_placement_innerbrightness_US_2026-03-21_2026-04-20.json,2026-04-21 01:59:24
84975,2026-04-21 01:59:24.822405,2026-04-21 01:59:24.822405,2026-04-12,0.0,0.0,0,Detail Page on-Amazon,0.0,0.0,,0.0,0,0,ENABLED,0,20.0,0,0,2.42,0,250659622813733,0.3205128205128205,0,,nan,0,0,USD,,0,0,legacy,0.0,,0,0.0,0,0,2.42,0,DAILY_BUDGET,0,0,2.42,Amazon,0.0,0.0,312,0,0,0,1,Inner-SP-KW-VB-b vitamins complex-EM-1W,spCampaign_placement,US,INNERBRIGHTNESS,spCampaign_placement_innerbrightness_US_2026-03-21_2026-04-20.json,2026-04-21 01:59:24
84976,2026-04-21 01:59:24.822405,2026-04-21 01:59:24.822405,2026-04-13,0.0,0.0,0,Detail Page on-Amazon,0.0,0.0,,0.0,0,0,ENABLED,0,20.0,0,0,2.15,0,250659622813733,0.18331805682859761,0,,nan,0,0,USD,,0,0,legacy,0.0,,0,0.0,0,0,8.6,0,DAILY_BUDGET,0,0,8.6,Amazon,0.0,0.0,2182,0,0,0,4,Inner-SP-KW-VB-b vitamins complex-EM-1W,spCampaign_placement,US,INNERBRIGHTNESS,spCampaign_placement_innerbrightness_US_2026-03-21_2026-04-20.json,2026-04-21 01:59:24
84977,2026-04-21 01:59:24.822405,2026-04-21 01:59:24.822405,2026-04-14,19.54,1.3957142857142857,1,Detail Page on-Amazon,19.54,19.54,,19.54,0,1,ENABLED,1,20.0,1,1,2.8,1,250659622813733,0.2127659574468085,0,,71.64790174002047,1,0,USD,,1,1,legacy,19.54,,0,19.54,0,1,14.0,1,DAILY_BUDGET,1,1,14.0,Amazon,19.54,19.54,2350,1,1,1,5,Inner-SP-KW-VB-b vitamins complex-EM-1W,spCampaign_placement,US,INNERBRIGHTNESS,spCampaign_placement_innerbrightness_US_2026-03-21_2026-04-20.json,2026-04-21 01:59:24
84978,2026-04-21 01:59:24.822405,2026-04-21 01:59:24.822405,2026-04-15,0.0,0.0,0,Detail Page on-Amazon,0.0,0.0,,0.0,0,0,ENABLED,0,20.0,0,0,2.54,0,250659622813733,0.08343763037129745,0,,nan,0,0,USD,,0,0,legacy,0.0,,0,0.0,0,0,10.14,0,DAILY_BUDGET,0,0,10.14,Amazon,0.0,0.0,4794,0,0,0,4,Inner-SP-KW-VB-b vitamins complex-EM-1W,spCampaign_placement,US,INNERBRIGHTNESS,spCampaign_placement_innerbrightness_US_2026-03-21_2026-04-20.json,2026-04-21 01:59:24
84979,2026-04-21 01:59:24.822405,2026-04-21 01:59:24.822405,2026-04-16,0.0,0.0,0,Detail Page on-Amazon,0.0,0.0,,0.0,0,0,ENABLED,0,20.0,0,0,2.8,0,250659622813733,0.07272727272727272,0,,nan,0,0,USD,,0,0,legacy,0.0,,0,0.0,0,0,2.8,0,DAILY_BUDGET,0,0,2.8,Amazon,0.0,0.0,1375,0,0,0,1,Inner-SP-KW-VB-b vitamins complex-EM-1W,spCampaign_placement,US,INNERBRIGHTNESS,spCampaign_placement_innerbrightness_US_2026-03-21_2026-04-20.json,2026-04-21 01:59:24
84980,2026-04-21 01:59:24.822405,2026-04-21 01:59:24.822405,2026-04-17,58.59,3.00924499229584,3,Detail Page on-Amazon,58.59,58.59,,58.59,0,3,ENABLED,3,20.0,3,3,2.16,3,250659622813733,0.24456521739130438,0,,33.230926779313876,3,0,USD,,3,3,legacy,58.59,,0,58.59,0,3,19.47,3,DAILY_BUDGET,3,3,19.47,Amazon,58.59,58.59,3680,3,3,3,9,Inner-SP-KW-VB-b vitamins complex-EM-1W,spCampaign_placement,US,INNERBRIGHTNESS,spCampaign_placement_innerbrightness_US_2026-03-21_2026-04-20.json,2026-04-21 01:59:24
84984,2026-04-21 01:59:24.822405,2026-04-21 01:59:24.822405,2026-04-11,0.0,0.0,0,Other on-Amazon,0.0,0.0,,0.0,0,0,ENABLED,0,20.0,0,0,5.32,0,250659622813733,1.0169491525423728,0,,nan,0,0,USD,,0,0,legacy,0.0,,0,0.0,0,0,15.96,0,DAILY_BUDGET,0,0,15.96,Amazon,0.0,0.0,295,0,0,0,3,Inner-SP-KW-VB-b vitamins complex-EM-1W,spCampaign_placement,US,INNERBRIGHTNESS,spCampaign_placement_innerbrightness_US_2026-03-21_2026-04-20.json,2026-04-21 01:59:24
84985,2026-04-21 01:59:24.822405,2026-04-21 01:59:24.822405,2026-04-12,45.98,4.321428571428571,2,Other on-Amazon,45.98,45.98,,45.98,0,2,ENABLED,2,20.0,2,2,3.55,2,250659622813733,0.911854103343465,0,,23.1404958677686,2,0,USD,,2,2,legacy,45.98,,0,45.98,0,2,10.64,2,DAILY_BUDGET,2,2,10.64,Amazon,45.98,45.98,329,2,2,2,3,Inner-SP-KW-VB-b vitamins complex-EM-1W,spCampaign_placement,US,INNERBRIGHTNESS,spCampaign_placement_innerbrightness_US_2026-03-21_2026-04-20.json,2026-04-21 01:59:24
84986,2026-04-21 01:59:24.822405,2026-04-21 01:59:24.822405,2026-04-13,19.54,0.5705109489051094,1,Other on-Amazon,19.54,19.54,,19.54,0,1,ENABLED,1,20.0,1,1,5.71,1,250659622813733,1.8867924528301887,0,,175.28147389969294,1,0,USD,,1,1,legacy,19.54,,0,19.54,0,1,34.25,1,DAILY_BUDGET,1,1,34.25,Amazon,19.54,19.54,318,1,1,1,6,Inner-SP-KW-VB-b vitamins complex-EM-1W,spCampaign_placement,US,INNERBRIGHTNESS,spCampaign_placement_innerbrightness_US_2026-03-21_2026-04-20.json,2026-04-21 01:59:24
84987,2026-04-21 01:59:24.822405,2026-04-21 01:59:24.822405,2026-04-14,0.0,0.0,0,Other on-Amazon,0.0,0.0,,0.0,0,0,ENABLED,0,20.0,0,0,5.42,0,250659622813733,0.5376344086021506,0,,nan,0,0,USD,,0,0,legacy,0.0,,0,0.0,0,0,10.85,0,DAILY_BUDGET,0,0,10.85,Amazon,0.0,0.0,372,0,0,0,2,Inner-SP-KW-VB-b vitamins complex-EM-1W,spCampaign_placement,US,INNERBRIGHTNESS,spCampaign_placement_innerbrightness_US_2026-03-21_2026-04-20.json,2026-04-21 01:59:24
84988,2026-04-21 01:59:24.822405,2026-04-21 01:59:24.822405,2026-04-15,0.0,0.0,0,Other on-Amazon,0.0,0.0,,0.0,0,0,ENABLED,0,20.0,0,0,5.79,0,250659622813733,1.0638297872340425,0,,nan,0,0,USD,,0,0,legacy,0.0,,0,0.0,0,0,17.37,0,DAILY_BUDGET,0,0,17.37,Amazon,0.0,0.0,282,0,0,0,3,Inner-SP-KW-VB-b vitamins complex-EM-1W,spCampaign_placement,US,INNERBRIGHTNESS,spCampaign_placement_innerbrightness_US_2026-03-21_2026-04-20.json,2026-04-21 01:59:24
84989,2026-04-21 01:59:24.822405,2026-04-21 01:59:24.822405,2026-04-16,0.0,0.0,0,Other on-Amazon,0.0,0.0,,0.0,0,0,ENABLED,0,20.0,0,0,5.24,0,250659622813733,1.6666666666666667,0,,nan,0,0,USD,,0,0,legacy,0.0,,0,0.0,0,0,10.47,0,DAILY_BUDGET,0,0,10.47,Amazon,0.0,0.0,120,0,0,0,2,Inner-SP-KW-VB-b vitamins complex-EM-1W,spCampaign_placement,US,INNERBRIGHTNESS,spCampaign_placement_innerbrightness_US_2026-03-21_2026-04-20.json,2026-04-21 01:59:24
84990,2026-04-21 01:59:24.822405,2026-04-21 01:59:24.822405,2026-04-17,0.0,0.0,0,Other on-Amazon,0.0,0.0,,0.0,0,0,ENABLED,0,20.0,0,0,5.3,0,250659622813733,1.646090534979424,0,,nan,0,0,USD,,0,0,legacy,0.0,,0,0.0,0,0,21.2,0,DAILY_BUDGET,0,0,21.2,Amazon,0.0,0.0,243,0,0,0,4,Inner-SP-KW-VB-b vitamins complex-EM-1W,spCampaign_placement,US,INNERBRIGHTNESS,spCampaign_placement_innerbrightness_US_2026-03-21_2026-04-20.json,2026-04-21 01:59:24
84994,2026-04-21 01:59:24.822405,2026-04-21 01:59:24.822405,2026-04-11,0.0,nan,0,Top of Search on-Amazon,0.0,0.0,,0.0,0,0,ENABLED,0,20.0,0,0,0.0,0,250659622813733,0.0,0,,nan,0,0,USD,,0,0,legacy,0.0,,0,0.0,0,0,0.0,0,DAILY_BUDGET,0,0,0.0,Amazon,0.0,0.0,59,0,0,0,0,Inner-SP-KW-VB-b vitamins complex-EM-1W,spCampaign_placement,US,INNERBRIGHTNESS,spCampaign_placement_innerbrightness_US_2026-03-21_2026-04-20.json,2026-04-21 01:59:24
84995,2026-04-21 01:59:24.822405,2026-04-21 01:59:24.822405,2026-04-12,22.99,1.4477329974811082,1,Top of Search on-Amazon,22.99,22.99,,22.99,0,1,ENABLED,1,20.0,1,1,5.29,1,250659622813733,3.9473684210526314,0,,69.07351022183559,1,0,USD,,1,1,legacy,22.99,,0,22.99,0,1,15.88,1,DAILY_BUDGET,1,1,15.88,Amazon,22.99,22.99,76,1,1,1,3,Inner-SP-KW-VB-b vitamins complex-EM-1W,spCampaign_placement,US,INNERBRIGHTNESS,spCampaign_placement_innerbrightness_US_2026-03-21_2026-04-20.json,2026-04-21 01:59:24
84996,2026-04-21 01:59:24.822405,2026-04-21 01:59:24.822405,2026-04-13,19.54,0.5678581807614066,1,Top of Search on-Amazon,19.54,19.54,,19.54,0,1,ENABLED,1,20.0,1,1,4.92,1,250659622813733,8.235294117647058,0,,176.10030706243603,1,0,USD,,1,1,legacy,19.54,,0,19.54,0,1,34.41,1,DAILY_BUDGET,1,1,34.41,Amazon,19.54,19.54,85,1,1,1,7,Inner-SP-KW-VB-b vitamins complex-EM-1W,spCampaign_placement,US,INNERBRIGHTNESS,spCampaign_placement_innerbrightness_US_2026-03-21_2026-04-20.json,2026-04-21 01:59:24
84997,2026-04-21 01:59:24.822405,2026-04-21 01:59:24.822405,2026-04-14,19.54,0.727475800446761,1,Top of Search on-Amazon,19.54,19.54,,19.54,0,1,ENABLED,1,20.0,1,1,5.37,1,250659622813733,5.319148936170213,0,,137.46161719549642,1,0,USD,,1,1,legacy,19.54,,0,19.54,0,1,26.86,1,DAILY_BUDGET,1,1,26.86,Amazon,19.54,19.54,94,1,1,1,5,Inner-SP-KW-VB-b vitamins complex-EM-1W,spCampaign_placement,US,INNERBRIGHTNESS,spCampaign_placement_innerbrightness_US_2026-03-21_2026-04-20.json,2026-04-21 01:59:24
84998,2026-04-21 01:59:24.822405,2026-04-21 01:59:24.822405,2026-04-15,0.0,0.0,0,Top of Search on-Amazon,0.0,0.0,,0.0,0,0,ENABLED,0,20.0,0,0,5.44,0,250659622813733,4.938271604938271,0,,nan,0,0,USD,,0,0,legacy,0.0,,0,0.0,0,0,21.75,0,DAILY_BUDGET,0,0,21.75,Amazon,0.0,0.0,81,0,0,0,4,Inner-SP-KW-VB-b vitamins complex-EM-1W,spCampaign_placement,US,INNERBRIGHTNESS,spCampaign_placement_innerbrightness_US_2026-03-21_2026-04-20.json,2026-04-21 01:59:24
84999,2026-04-21 01:59:24.822405,2026-04-21 01:59:24.822405,2026-04-16,39.06,1.4789852328663387,2,Top of Search on-Amazon,39.06,39.06,,39.06,0,2,ENABLED,2,20.0,2,2,5.28,2,250659622813733,13.513513513513514,0,,67.61392729134664,2,0,USD,,2,2,legacy,39.06,,0,39.06,0,2,26.41,2,DAILY_BUDGET,2,2,26.41,Amazon,39.06,39.06,37,2,2,2,5,Inner-SP-KW-VB-b vitamins complex-EM-1W,spCampaign_placement,US,INNERBRIGHTNESS,spCampaign_placement_innerbrightness_US_2026-03-21_2026-04-20.json,2026-04-21 01:59:24
85000,2026-04-21 01:59:24.822405,2026-04-21 01:59:24.822405,2026-04-17,0.0,0.0,0,Top of Search on-Amazon,0.0,0.0,,0.0,0,0,ENABLED,0,20.0,0,0,5.02,0,250659622813733,5.797101449275362,0,,nan,0,0,USD,,0,0,legacy,0.0,,0,0.0,0,0,20.07,0,DAILY_BUDGET,0,0,20.07,Amazon,0.0,0.0,69,0,0,0,4,Inner-SP-KW-VB-b vitamins complex-EM-1W,spCampaign_placement,US,INNERBRIGHTNESS,spCampaign_placement_innerbrightness_US_2026-03-21_2026-04-20.json,2026-04-21 01:59:24
85004,2026-04-21 01:59:24.822405,2026-04-21 01:59:24.822405,2026-04-11,0.0,nan,0,Detail Page on-Amazon,0.0,0.0,,0.0,0,0,ENABLED,0,20.0,0,0,0.0,0,36760962650554,0.0,0,,nan,0,0,USD,,0,0,legacy,0.0,,0,0.0,0,0,0.0,0,DAILY_BUDGET,0,0,0.0,Amazon,0.0,0.0,10,0,0,0,0,Inner-SP-KW-VB-b complex vitamins-EM-1W,spCampaign_placement,US,INNERBRIGHTNESS,spCampaign_placement_innerbrightness_US_2026-03-21_2026-04-20.json,2026-04-21 01:59:24
85005,2026-04-21 01:59:24.822405,2026-04-21 01:59:24.822405,2026-04-12,0.0,nan,0,Detail Page on-Amazon,0.0,0.0,,0.0,0,0,ENABLED,0,20.0,0,0,0.0,0,36760962650554,0.0,0,,nan,0,0,USD,,0,0,legacy,0.0,,0,0.0,0,0,0.0,0,DAILY_BUDGET,0,0,0.0,Amazon,0.0,0.0,28,0,0,0,0,Inner-SP-KW-VB-b complex vitamins-EM-1W,spCampaign_placement,US,INNERBRIGHTNESS,spCampaign_placement_innerbrightness_US_2026-03-21_2026-04-20.json,2026-04-21 01:59:24
85006,2026-04-21 01:59:24.822405,2026-04-21 01:59:24.822405,2026-04-13,0.0,nan,0,Detail Page on-Amazon,0.0,0.0,,0.0,0,0,ENABLED,0,20.0,0,0,0.0,0,36760962650554,0.0,0,,nan,0,0,USD,,0,0,legacy,0.0,,0,0.0,0,0,0.0,0,DAILY_BUDGET,0,0,0.0,Amazon,0.0,0.0,912,0,0,0,0,Inner-SP-KW-VB-b complex vitamins-EM-1W,spCampaign_placement,US,INNERBRIGHTNESS,spCampaign_placement_innerbrightness_US_2026-03-21_2026-04-20.json,2026-04-21 01:59:24
85007,2026-04-21 01:59:24.822405,2026-04-21 01:59:24.822405,2026-04-14,0.0,0.0,0,Detail Page on-Amazon,0.0,0.0,,0.0,0,0,ENABLED,0,20.0,0,0,1.61,0,36760962650554,0.2544529262086514,0,,nan,0,0,USD,,0,0,legacy,0.0,,0,0.0,0,0,1.61,0,DAILY_BUDGET,0,0,1.61,Amazon,0.0,0.0,393,0,0,0,1,Inner-SP-KW-VB-b complex vitamins-EM-1W,spCampaign_placement,US,INNERBRIGHTNESS,spCampaign_placement_innerbrightness_US_2026-03-21_2026-04-20.json,2026-04-21 01:59:24
85008,2026-04-21 01:59:24.822405,2026-04-21 01:59:24.822405,2026-04-15,0.0,nan,0,Detail Page on-Amazon,0.0,0.0,,0.0,0,0,ENABLED,0,20.0,0,0,0.0,0,36760962650554,0.0,0,,nan,0,0,USD,,0,0,legacy,0.0,,0,0.0,0,0,0.0,0,DAILY_BUDGET,0,0,0.0,Amazon,0.0,0.0,1074,0,0,0,0,Inner-SP-KW-VB-b complex vitamins-EM-1W,spCampaign_placement,US,INNERBRIGHTNESS,spCampaign_placement_innerbrightness_US_2026-03-21_2026-04-20.json,2026-04-21 01:59:24
85009,2026-04-21 01:59:24.822405,2026-04-21 01:59:24.822405,2026-04-16,0.0,0.0,0,Detail Page on-Amazon,0.0,0.0,,0.0,0,0,ENABLED,0,20.0,0,0,1.4,0,36760962650554,0.09107468123861566,0,,nan,0,0,USD,,0,0,legacy,0.0,,0,0.0,0,0,1.4,0,DAILY_BUDGET,0,0,1.4,Amazon,0.0,0.0,1098,0,0,0,1,Inner-SP-KW-VB-b complex vitamins-EM-1W,spCampaign_placement,US,INNERBRIGHTNESS,spCampaign_placement_innerbrightness_US_2026-03-21_2026-04-20.json,2026-04-21 01:59:24
85010,2026-04-21 01:59:24.822405,2026-04-21 01:59:24.822405,2026-04-17,0.0,nan,0,Detail Page on-Amazon,0.0,0.0,,0.0,0,0,ENABLED,0,20.0,0,0,0.0,0,36760962650554,0.0,0,,nan,0,0,USD,,0,0,legacy,0.0,,0,0.0,0,0,0.0,0,DAILY_BUDGET,0,0,0.0,Amazon,0.0,0.0,1034,0,0,0,0,Inner-SP-KW-VB-b complex vitamins-EM-1W,spCampaign_placement,US,INNERBRIGHTNESS,spCampaign_placement_innerbrightness_US_2026-03-21_2026-04-20.json,2026-04-21 01:59:24
85014,2026-04-21 01:59:24.822405,2026-04-21 01:59:24.822405,2026-04-11,22.99,0.5935966950684224,1,Other on-Amazon,22.99,22.99,,22.99,0,1,ENABLED,1,20.0,1,1,4.3,1,36760962650554,0.7468879668049793,0,,168.46454980426273,1,0,USD,,1,1,legacy,22.99,,0,22.99,0,1,38.73,1,DAILY_BUDGET,1,1,38.73,Amazon,22.99,22.99,1205,1,1,1,9,Inner-SP-KW-VB-b complex vitamins-EM-1W,spCampaign_placement,US,INNERBRIGHTNESS,spCampaign_placement_innerbrightness_US_2026-03-21_2026-04-20.json,2026-04-21 01:59:24
85015,2026-04-21 01:59:24.822405,2026-04-21 01:59:24.822405,2026-04-12,0.0,0.0,0,Other on-Amazon,0.0,0.0,,0.0,0,0,ENABLED,0,20.0,0,0,4.34,0,36760962650554,0.35231943628890194,0,,nan,0,0,USD,,0,0,legacy,0.0,,0,0.0,0,0,26.04,0,DAILY_BUDGET,0,0,26.04,Amazon,0.0,0.0,1703,0,0,0,6,Inner-SP-KW-VB-b complex vitamins-EM-1W,spCampaign_placement,US,INNERBRIGHTNESS,spCampaign_placement_innerbrightness_US_2026-03-21_2026-04-20.json,2026-04-21 01:59:24
85016,2026-04-21 01:59:24.822405,2026-04-21 01:59:24.822405,2026-04-13,78.16,1.8202142524452725,4,Other on-Amazon,78.16,78.16,,78.16,0,4,ENABLED,4,20.0,4,4,4.29,4,36760962650554,0.7304601899196494,0,,54.93858751279427,4,0,USD,,4,4,legacy,78.16,,0,78.16,0,4,42.94,4,DAILY_BUDGET,4,4,42.94,Amazon,78.16,78.16,1369,4,4,4,10,Inner-SP-KW-VB-b complex vitamins-EM-1W,spCampaign_placement,US,INNERBRIGHTNESS,spCampaign_placement_innerbrightness_US_2026-03-21_2026-04-20.json,2026-04-21 01:59:24
85017,2026-04-21 01:59:24.822405,2026-04-21 01:59:24.822405,2026-04-14,39.08,0.6926621765331442,2,Other on-Amazon,39.08,39.08,,39.08,0,2,ENABLED,2,20.0,2,2,4.34,2,36760962650554,0.8760107816711591,0,,144.37052200614127,2,0,USD,,2,2,legacy,39.08,,0,39.08,0,2,56.42,2,DAILY_BUDGET,2,2,56.42,Amazon,39.08,39.08,1484,2,2,2,13,Inner-SP-KW-VB-b complex vitamins-EM-1W,spCampaign_placement,US,INNERBRIGHTNESS,spCampaign_placement_innerbrightness_US_2026-03-21_2026-04-20.json,2026-04-21 01:59:24
85018,2026-04-21 01:59:24.822405,2026-04-21 01:59:24.822405,2026-04-15,19.53,0.41012179756404876,1,Other on-Amazon,19.53,19.53,,19.53,0,1,ENABLED,1,20.0,1,1,4.33,1,36760962650554,0.6193693693693694,0,,243.83000512032766,1,0,USD,,1,1,legacy,19.53,,0,19.53,0,1,47.62,1,DAILY_BUDGET,1,1,47.62,Amazon,19.53,19.53,1776,1,1,1,11,Inner-SP-KW-VB-b complex vitamins-EM-1W,spCampaign_placement,US,INNERBRIGHTNESS,spCampaign_placement_innerbrightness_US_2026-03-21_2026-04-20.json,2026-04-21 01:59:24
85019,2026-04-21 01:59:24.822405,2026-04-21 01:59:24.822405,2026-04-16,0.0,0.0,0,Other on-Amazon,0.0,0.0,,0.0,0,0,ENABLED,0,20.0,0,0,4.29,0,36760962650554,0.4921259842519685,0,,nan,0,0,USD,,0,0,legacy,0.0,,0,0.0,0,0,21.45,0,DAILY_BUDGET,0,0,21.45,Amazon,0.0,0.0,1016,0,0,0,5,Inner-SP-KW-VB-b complex vitamins-EM-1W,spCampaign_placement,US,INNERBRIGHTNESS,spCampaign_placement_innerbrightness_US_2026-03-21_2026-04-20.json,2026-04-21 01:59:24
85020,2026-04-21 01:59:24.822405,2026-04-21 01:59:24.822405,2026-04-17,19.53,0.6503496503496503,1,Other on-Amazon,19.53,19.53,,19.53,0,1,ENABLED,1,20.0,1,1,4.29,1,36760962650554,0.7470651013874066,0,,153.76344086021504,1,0,USD,,1,1,legacy,19.53,,0,19.53,0,1,30.03,1,DAILY_BUDGET,1,1,30.03,Amazon,19.53,19.53,937,1,1,1,7,Inner-SP-KW-VB-b complex vitamins-EM-1W,spCampaign_placement,US,INNERBRIGHTNESS,spCampaign_placement_innerbrightness_US_2026-03-21_2026-04-20.json,2026-04-21 01:59:24
85024,2026-04-21 01:59:24.822405,2026-04-21 01:59:24.822405,2026-04-11,0.0,nan,0,Top of Search on-Amazon,0.0,0.0,,0.0,0,0,ENABLED,0,20.0,0,0,0.0,0,36760962650554,0.0,0,,nan,0,0,USD,,0,0,legacy,0.0,,0,0.0,0,0,0.0,0,DAILY_BUDGET,0,0,0.0,Amazon,0.0,0.0,2,0,0,0,0,Inner-SP-KW-VB-b complex vitamins-EM-1W,spCampaign_placement,US,INNERBRIGHTNESS,spCampaign_placement_innerbrightness_US_2026-03-21_2026-04-20.json,2026-04-21 01:59:24
85025,2026-04-21 01:59:24.822405,2026-04-21 01:59:24.822405,2026-04-12,0.0,nan,0,Top of Search on-Amazon,0.0,0.0,,0.0,0,0,ENABLED,0,20.0,0,0,0.0,0,36760962650554,0.0,0,,nan,0,0,USD,,0,0,legacy,0.0,,0,0.0,0,0,0.0,0,DAILY_BUDGET,0,0,0.0,Amazon,0.0,0.0,23,0,0,0,0,Inner-SP-KW-VB-b complex vitamins-EM-1W,spCampaign_placement,US,INNERBRIGHTNESS,spCampaign_placement_innerbrightness_US_2026-03-21_2026-04-20.json,2026-04-21 01:59:24
85026,2026-04-21 01:59:24.822405,2026-04-21 01:59:24.822405,2026-04-13,0.0,0.0,0,Top of Search on-Amazon,0.0,0.0,,0.0,0,0,ENABLED,0,20.0,0,0,4.44,0,36760962650554,5.405405405405405,0,,nan,0,0,USD,,0,0,legacy,0.0,,0,0.0,0,0,26.66,0,DAILY_BUDGET,0,0,26.66,Amazon,0.0,0.0,111,0,0,0,6,Inner-SP-KW-VB-b complex vitamins-EM-1W,spCampaign_placement,US,INNERBRIGHTNESS,spCampaign_placement_innerbrightness_US_2026-03-21_2026-04-20.json,2026-04-21 01:59:24
85027,2026-04-21 01:59:24.822405,2026-04-21 01:59:24.822405,2026-04-14,0.0,0.0,0,Top of Search on-Amazon,0.0,0.0,,0.0,0,0,ENABLED,0,20.0,0,0,4.5,0,36760962650554,3.076923076923077,0,,nan,0,0,USD,,0,0,legacy,0.0,,0,0.0,0,0,9.0,0,DAILY_BUDGET,0,0,9.0,Amazon,0.0,0.0,65,0,0,0,2,Inner-SP-KW-VB-b complex vitamins-EM-1W,spCampaign_placement,US,INNERBRIGHTNESS,spCampaign_placement_innerbrightness_US_2026-03-21_2026-04-20.json,2026-04-21 01:59:24
85028,2026-04-21 01:59:24.822405,2026-04-21 01:59:24.822405,2026-04-15,58.59,3.287878787878788,3,Top of Search on-Amazon,58.59,58.59,,58.59,0,3,ENABLED,2,20.0,2,3,4.46,3,36760962650554,4.938271604938271,0,,30.414746543778797,3,0,USD,,3,3,legacy,58.59,,0,58.59,0,2,17.82,2,DAILY_BUDGET,2,3,17.82,Amazon,58.59,58.59,81,2,2,2,4,Inner-SP-KW-VB-b complex vitamins-EM-1W,spCampaign_placement,US,INNERBRIGHTNESS,spCampaign_placement_innerbrightness_US_2026-03-21_2026-04-20.json,2026-04-21 01:59:24
85029,2026-04-21 01:59:24.822405,2026-04-21 01:59:24.822405,2026-04-16,0.0,nan,0,Top of Search on-Amazon,0.0,0.0,,0.0,0,0,ENABLED,0,20.0,0,0,0.0,0,36760962650554,nan,0,,nan,0,0,USD,,0,0,legacy,0.0,,0,0.0,0,0,0.0,0,DAILY_BUDGET,0,0,0.0,Amazon,0.0,0.0,0,0,0,0,0,Inner-SP-KW-VB-b complex vitamins-EM-1W,spCampaign_placement,US,INNERBRIGHTNESS,spCampaign_placement_innerbrightness_US_2026-03-21_2026-04-20.json,2026-04-21 01:59:24
85031,2026-04-21 01:59:24.822405,2026-04-21 01:59:24.822405,2026-04-11,0.0,0.0,0,Detail Page on-Amazon,0.0,0.0,,0.0,0,0,ENABLED,0,300.0,0,0,0.5,0,31526300125663,0.07880220646178093,0,,nan,0,0,USD,,0,0,manual,0.0,,0,0.0,0,0,0.5,0,DAILY_BUDGET,0,0,0.5,Amazon,0.0,0.0,1269,0,0,0,1,Inner-SP-Auto-gumm-magnesium-CPC-New,spCampaign_placement,US,INNERBRIGHTNESS,spCampaign_placement_innerbrightness_US_2026-03-21_2026-04-20.json,2026-04-21 01:59:24
85032,2026-04-21 01:59:24.822405,2026-04-21 01:59:24.822405,2026-04-12,0.0,nan,0,Detail Page on-Amazon,0.0,0.0,,0.0,0,0,ENABLED,0,300.0,0,0,0.0,0,31526300125663,0.0,0,,nan,0,0,USD,,0,0,manual,0.0,,0,0.0,0,0,0.0,0,DAILY_BUDGET,0,0,0.0,Amazon,0.0,0.0,22,0,0,0,0,Inner-SP-Auto-gumm-magnesium-CPC-New,spCampaign_placement,US,INNERBRIGHTNESS,spCampaign_placement_innerbrightness_US_2026-03-21_2026-04-20.json,2026-04-21 01:59:24
85033,2026-04-21 01:59:24.822405,2026-04-21 01:59:24.822405,2026-04-13,0.0,nan,0,Detail Page on-Amazon,0.0,0.0,,0.0,0,0,ENABLED,0,300.0,0,0,0.0,0,31526300125663,0.0,0,,nan,0,0,USD,,0,0,manual,0.0,,0,0.0,0,0,0.0,0,DAILY_BUDGET,0,0,0.0,Amazon,0.0,0.0,91,0,0,0,0,Inner-SP-Auto-gumm-magnesium-CPC-New,spCampaign_placement,US,INNERBRIGHTNESS,spCampaign_placement_innerbrightness_US_2026-03-21_2026-04-20.json,2026-04-21 01:59:24
85034,2026-04-21 01:59:24.822405,2026-04-21 01:59:24.822405,2026-04-14,0.0,nan,0,Detail Page on-Amazon,0.0,0.0,,0.0,0,0,ENABLED,0,300.0,0,0,0.0,0,31526300125663,0.0,0,,nan,0,0,USD,,0,0,manual,0.0,,0,0.0,0,0,0.0,0,DAILY_BUDGET,0,0,0.0,Amazon,0.0,0.0,107,0,0,0,0,Inner-SP-Auto-gumm-magnesium-CPC-New,spCampaign_placement,US,INNERBRIGHTNESS,spCampaign_placement_innerbrightness_US_2026-03-21_2026-04-20.json,2026-04-21 01:59:24
85035,2026-04-21 01:59:24.822405,2026-04-21 01:59:24.822405,2026-04-15,0.0,nan,0,Detail Page on-Amazon,0.0,0.0,,0.0,0,0,ENABLED,0,300.0,0,0,0.0,0,31526300125663,0.0,0,,nan,0,0,USD,,0,0,manual,0.0,,0,0.0,0,0,0.0,0,DAILY_BUDGET,0,0,0.0,Amazon,0.0,0.0,164,0,0,0,0,Inner-SP-Auto-gumm-magnesium-CPC-New,spCampaign_placement,US,INNERBRIGHTNESS,spCampaign_placement_innerbrightness_US_2026-03-21_2026-04-20.json,2026-04-21 01:59:24
85036,2026-04-21 01:59:24.822405,2026-04-21 01:59:24.822405,2026-04-16,0.0,0.0,0,Detail Page on-Amazon,0.0,0.0,,0.0,0,0,ENABLED,0,300.0,0,0,0.69,0,31526300125663,1.1320754716981132,0,,nan,0,0,USD,,0,0,manual,0.0,,0,0.0,0,0,2.08,0,DAILY_BUDGET,0,0,2.08,Amazon,0.0,0.0,265,0,0,0,3,Inner-SP-Auto-gumm-magnesium-CPC-New,spCampaign_placement,US,INNERBRIGHTNESS,spCampaign_placement_innerbrightness_US_2026-03-21_2026-04-20.json,2026-04-21 01:59:24
85037,2026-04-21 01:59:24.822405,2026-04-21 01:59:24.822405,2026-04-17,0.0,nan,0,Detail Page on-Amazon,0.0,0.0,,0.0,0,0,ENABLED,0,300.0,0,0,0.0,0,31526300125663,0.0,0,,nan,0,0,USD,,0,0,manual,0.0,,0,0.0,0,0,0.0,0,DAILY_BUDGET,0,0,0.0,Amazon,0.0,0.0,84,0,0,0,0,Inner-SP-Auto-gumm-magnesium-CPC-New,spCampaign_placement,US,INNERBRIGHTNESS,spCampaign_placement_innerbrightness_US_2026-03-21_2026-04-20.json,2026-04-21 01:59:24
85041,2026-04-21 01:59:24.822405,2026-04-21 01:59:24.822405,2026-04-15,0.0,nan,0,Off Amazon,0.0,0.0,,0.0,0,0,ENABLED,0,300.0,0,0,0.0,0,31526300125663,nan,0,,nan,0,0,USD,,0,0,manual,0.0,,0,0.0,0,0,0.0,0,DAILY_BUDGET,0,0,0.0,Amazon,0.0,0.0,0,0,0,0,0,Inner-SP-Auto-gumm-magnesium-CPC-New,spCampaign_placement,US,INNERBRIGHTNESS,spCampaign_placement_innerbrightness_US_2026-03-21_2026-04-20.json,2026-04-21 01:59:24
85042,2026-04-21 01:59:24.822405,2026-04-21 01:59:24.822405,2026-04-17,0.0,nan,0,Off Amazon,0.0,0.0,,0.0,0,0,ENABLED,0,300.0,0,0,0.0,0,31526300125663,nan,0,,nan,0,0,USD,,0,0,manual,0.0,,0,0.0,0,0,0.0,0,DAILY_BUDGET,0,0,0.0,Amazon,0.0,0.0,0,0,0,0,0,Inner-SP-Auto-gumm-magnesium-CPC-New,spCampaign_placement,US,INNERBRIGHTNESS,spCampaign_placement_innerbrightness_US_2026-03-21_2026-04-20.json,2026-04-21 01:59:24
85043,2026-04-21 01:59:24.822405,2026-04-21 01:59:24.822405,2026-04-11,39.98,0.6911942098914355,3,Other on-Amazon,39.98,85.95,,39.98,0,2,ENABLED,2,300.0,4,2,2.35,4,31526300125663,0.7948410317936413,0,,144.67713787085515,4,0,USD,,2,4,manual,39.98,,0,60.97,0,2,124.35,2,DAILY_BUDGET,3,2,124.35,Amazon,85.95,85.95,6668,2,4,4,53,Inner-SP-Auto-gumm-magnesium-CPC-New,spCampaign_placement,US,INNERBRIGHTNESS,spCampaign_placement_innerbrightness_US_2026-03-21_2026-04-20.json,2026-04-21 01:59:24
85044,2026-04-21 01:59:24.822405,2026-04-21 01:59:24.822405,2026-04-12,19.99,0.6407051282051281,1,Other on-Amazon,19.99,19.99,,19.99,0,1,ENABLED,1,300.0,1,1,2.6,1,31526300125663,0.5555555555555556,0,,156.07803901950976,1,0,USD,,1,1,manual,19.99,,0,19.99,0,1,31.2,1,DAILY_BUDGET,1,1,31.2,Amazon,19.99,19.99,2160,1,1,1,12,Inner-SP-Auto-gumm-magnesium-CPC-New,spCampaign_placement,US,INNERBRIGHTNESS,spCampaign_placement_innerbrightness_US_2026-03-21_2026-04-20.json,2026-04-21 01:59:24
85045,2026-04-21 01:59:24.822405,2026-04-21 01:59:24.822405,2026-04-13,27.98,1.0164750110570544,4,Other on-Amazon,41.97,91.93,,41.97,0,2,ENABLED,3,300.0,5,3,2.58,5,31526300125663,1.5112262521588946,0,,98.37920156640921,5,0,USD,,3,5,manual,41.97,,0,77.94,0,3,90.44,2,DAILY_BUDGET,4,3,90.44,Amazon,91.93,91.93,2316,3,5,5,35,Inner-SP-Auto-gumm-magnesium-CPC-New,spCampaign_placement,US,INNERBRIGHTNESS,spCampaign_placement_innerbrightness_US_2026-03-21_2026-04-20.json,2026-04-21 01:59:24
85046,2026-04-21 01:59:24.822405,2026-04-21 01:59:24.822405,2026-04-14,139.9,0.9543875897198426,11,Other on-Amazon,139.9,164.88,,139.9,0,10,ENABLED,10,300.0,11,10,2.58,11,31526300125663,1.417989417989418,0,,104.77923338185346,11,0,USD,,10,11,manual,139.9,,0,164.88,0,10,172.76,10,DAILY_BUDGET,11,10,172.76,Amazon,164.88,164.88,4725,10,11,11,67,Inner-SP-Auto-gumm-magnesium-CPC-New,spCampaign_placement,US,INNERBRIGHTNESS,spCampaign_placement_innerbrightness_US_2026-03-21_2026-04-20.json,2026-04-21 01:59:24
85047,2026-04-21 01:59:24.822405,2026-04-21 01:59:24.822405,2026-04-15,41.97,0.5264016054182866,3,Other on-Amazon,41.97,41.97,,41.97,0,3,ENABLED,3,300.0,3,3,2.42,3,31526300125663,1.4858171994597027,0,,189.96902549440077,3,0,USD,,3,3,manual,41.97,,0,41.97,0,3,79.73,3,DAILY_BUDGET,3,3,79.73,Amazon,41.97,41.97,2221,3,3,3,33,Inner-SP-Auto-gumm-magnesium-CPC-New,spCampaign_placement,US,INNERBRIGHTNESS,spCampaign_placement_innerbrightness_US_2026-03-21_2026-04-20.json,2026-04-21 01:59:24
85048,2026-04-21 01:59:24.822405,2026-04-21 01:59:24.822405,2026-04-16,27.98,1.3649484536082475,3,Other on-Amazon,27.98,52.96,,27.98,0,2,ENABLED,2,300.0,3,2,2.04,3,31526300125663,1.5767634854771784,0,,73.26283987915407,3,0,USD,,2,3,manual,27.98,,0,52.96,0,2,38.8,2,DAILY_BUDGET,3,2,38.8,Amazon,52.96,52.96,1205,2,3,3,19,Inner-SP-Auto-gumm-magnesium-CPC-New,spCampaign_placement,US,INNERBRIGHTNESS,spCampaign_placement_innerbrightness_US_2026-03-21_2026-04-20.json,2026-04-21 01:59:24
85049,2026-04-21 01:59:24.822405,2026-04-21 01:59:24.822405,2026-04-17,41.97,1.1059288537549405,3,Other on-Amazon,41.97,41.97,,41.97,0,3,ENABLED,3,300.0,3,3,2.0,3,31526300125663,1.5019762845849802,0,,90.42172980700501,3,0,USD,,3,3,manual,41.97,,0,41.97,0,3,37.95,3,DAILY_BUDGET,3,3,37.95,Amazon,41.97,41.97,1265,3,3,3,19,Inner-SP-Auto-gumm-magnesium-CPC-New,spCampaign_placement,US,INNERBRIGHTNESS,spCampaign_placement_innerbrightness_US_2026-03-21_2026-04-20.json,2026-04-21 01:59:24
85053,2026-04-21 01:59:24.822405,2026-04-21 01:59:24.822405,2026-04-11,19.99,0.4932149025413274,1,Top of Search on-Amazon,19.99,19.99,,19.99,0,1,ENABLED,1,300.0,1,1,2.9,1,31526300125663,6.0344827586206895,0,,202.75137568784393,1,0,USD,,1,1,manual,19.99,,0,19.99,0,1,40.53,1,DAILY_BUDGET,1,1,40.53,Amazon,19.99,19.99,232,1,1,1,14,Inner-SP-Auto-gumm-magnesium-CPC-New,spCampaign_placement,US,INNERBRIGHTNESS,spCampaign_placement_innerbrightness_US_2026-03-21_2026-04-20.json,2026-04-21 01:59:24
85054,2026-04-21 01:59:24.822405,2026-04-21 01:59:24.822405,2026-04-12,0.0,0.0,0,Top of Search on-Amazon,0.0,0.0,,0.0,0,0,ENABLED,0,300.0,0,0,3.31,0,31526300125663,4.6875,0,,nan,0,0,USD,,0,0,manual,0.0,,0,0.0,0,0,9.92,0,DAILY_BUDGET,0,0,9.92,Amazon,0.0,0.0,64,0,0,0,3,Inner-SP-Auto-gumm-magnesium-CPC-New,spCampaign_placement,US,INNERBRIGHTNESS,spCampaign_placement_innerbrightness_US_2026-03-21_2026-04-20.json,2026-04-21 01:59:24
85055,2026-04-21 01:59:24.822405,2026-04-21 01:59:24.822405,2026-04-13,0.0,nan,0,Top of Search on-Amazon,0.0,0.0,,0.0,0,0,ENABLED,0,300.0,0,0,0.0,0,31526300125663,0.0,0,,nan,0,0,USD,,0,0,manual,0.0,,0,0.0,0,0,0.0,0,DAILY_BUDGET,0,0,0.0,Amazon,0.0,0.0,20,0,0,0,0,Inner-SP-Auto-gumm-magnesium-CPC-New,spCampaign_placement,US,INNERBRIGHTNESS,spCampaign_placement_innerbrightness_US_2026-03-21_2026-04-20.json,2026-04-21 01:59:24
85056,2026-04-21 01:59:24.822405,2026-04-21 01:59:24.822405,2026-04-14,41.97,1.1321823577016454,3,Top of Search on-Amazon,41.97,41.97,,41.97,0,3,ENABLED,3,300.0,3,3,3.09,3,31526300125663,10.619469026548673,0,,88.32499404336431,3,0,USD,,3,3,manual,41.97,,0,41.97,0,3,37.07,3,DAILY_BUDGET,3,3,37.07,Amazon,41.97,41.97,113,3,3,3,12,Inner-SP-Auto-gumm-magnesium-CPC-New,spCampaign_placement,US,INNERBRIGHTNESS,spCampaign_placement_innerbrightness_US_2026-03-21_2026-04-20.json,2026-04-21 01:59:24
85057,2026-04-21 01:59:24.822405,2026-04-21 01:59:24.822405,2026-04-15,167.88,1.3305277681959298,13,Top of Search on-Amazon,167.88,192.86,,167.88,0,12,ENABLED,12,300.0,13,12,2.68,13,31526300125663,14.87603305785124,0,,75.15814580524733,13,0,USD,,12,13,manual,167.88,,0,192.86,0,12,144.95,12,DAILY_BUDGET,13,12,144.95,Amazon,192.86,192.86,363,12,13,13,54,Inner-SP-Auto-gumm-magnesium-CPC-New,spCampaign_placement,US,INNERBRIGHTNESS,spCampaign_placement_innerbrightness_US_2026-03-21_2026-04-20.json,2026-04-21 01:59:24
85058,2026-04-21 01:59:24.822405,2026-04-21 01:59:24.822405,2026-04-16,335.76,1.93686537831641,26,Top of Search on-Amazon,377.73,473.06,,377.73,0,24,ENABLED,24,300.0,28,27,2.87,31,31526300125663,14.261744966442953,0,,51.62981439986471,31,0,USD,,27,31,manual,377.73,,0,385.72,0,24,244.24,21,DAILY_BUDGET,23,27,244.24,Amazon,473.06,473.06,596,24,28,28,85,Inner-SP-Auto-gumm-magnesium-CPC-New,spCampaign_placement,US,INNERBRIGHTNESS,spCampaign_placement_innerbrightness_US_2026-03-21_2026-04-20.json,2026-04-21 01:59:24
85059,2026-04-21 01:59:24.822405,2026-04-21 01:59:24.822405,2026-04-17,55.96,0.9214480874316939,5,Top of Search on-Amazon,55.96,80.94,,55.96,0,4,ENABLED,3,300.0,4,4,2.75,5,31526300125663,11.552346570397113,0,,108.52483320978503,5,0,USD,,4,5,manual,55.96,,0,80.94,0,3,87.84,3,DAILY_BUDGET,4,4,87.84,Amazon,80.94,80.94,277,3,4,4,32,Inner-SP-Auto-gumm-magnesium-CPC-New,spCampaign_placement,US,INNERBRIGHTNESS,spCampaign_placement_innerbrightness_US_2026-03-21_2026-04-20.json,2026-04-21 01:59:24
85063,2026-04-21 01:59:24.822405,2026-04-21 01:59:24.822405,2026-04-17,0.0,nan,0,Detail Page on-Amazon,0.0,0.0,,0.0,0,0,ENABLED,0,300.0,0,0,0.0,0,203667979592011,0.0,0,,nan,0,0,USD,,0,0,optimizeForSales,0.0,,0,0.0,0,0,0.0,0,DAILY_BUDGET,0,0,0.0,Amazon,0.0,0.0,4,0,0,0,0,Inner-SP-PT-gumm-mag-Defend-CPC,spCampaign_placement,US,INNERBRIGHTNESS,spCampaign_placement_innerbrightness_US_2026-03-21_2026-04-20.json,2026-04-21 01:59:24
85065,2026-04-21 01:59:24.822405,2026-04-21 01:59:24.822405,2026-04-16,0.0,nan,0,Off Amazon,0.0,0.0,,0.0,0,0,ENABLED,0,300.0,0,0,0.0,0,203667979592011,nan,0,,nan,0,0,USD,,0,0,optimizeForSales,0.0,,0,0.0,0,0,0.0,0,DAILY_BUDGET,0,0,0.0,Amazon,0.0,0.0,0,0,0,0,0,Inner-SP-PT-gumm-mag-Defend-CPC,spCampaign_placement,US,INNERBRIGHTNESS,spCampaign_placement_innerbrightness_US_2026-03-21_2026-04-20.json,2026-04-21 01:59:24
85066,2026-04-21 01:59:24.822405,2026-04-21 01:59:24.822405,2026-04-15,27.98,1.5544444444444445,2,Other on-Amazon,27.98,27.98,,27.98,0,2,ENABLED,2,300.0,2,2,3.0,2,203667979592011,1.4218009478672986,0,,64.33166547533953,2,0,USD,,2,2,optimizeForSales,27.98,,0,27.98,0,2,18.0,2,DAILY_BUDGET,2,2,18.0,Amazon,27.98,27.98,422,2,2,2,6,Inner-SP-PT-gumm-mag-Defend-CPC,spCampaign_placement,US,INNERBRIGHTNESS,spCampaign_placement_innerbrightness_US_2026-03-21_2026-04-20.json,2026-04-21 01:59:24
85067,2026-04-21 01:59:24.822405,2026-04-21 01:59:24.822405,2026-04-16,0.0,0.0,0,Other on-Amazon,0.0,0.0,,0.0,0,0,ENABLED,0,300.0,0,0,1.42,0,203667979592011,8.333333333333332,0,,nan,0,0,USD,,0,0,optimizeForSales,0.0,,0,0.0,0,0,1.42,0,DAILY_BUDGET,0,0,1.42,Amazon,0.0,0.0,12,0,0,0,1,Inner-SP-PT-gumm-mag-Defend-CPC,spCampaign_placement,US,INNERBRIGHTNESS,spCampaign_placement_innerbrightness_US_2026-03-21_2026-04-20.json,2026-04-21 01:59:24
85068,2026-04-21 01:59:24.822405,2026-04-21 01:59:24.822405,2026-04-17,0.0,nan,0,Other on-Amazon,0.0,0.0,,0.0,0,0,ENABLED,0,300.0,0,0,0.0,0,203667979592011,0.0,0,,nan,0,0,USD,,0,0,optimizeForSales,0.0,,0,0.0,0,0,0.0,0,DAILY_BUDGET,0,0,0.0,Amazon,0.0,0.0,12,0,0,0,0,Inner-SP-PT-gumm-mag-Defend-CPC,spCampaign_placement,US,INNERBRIGHTNESS,spCampaign_placement_innerbrightness_US_2026-03-21_2026-04-20.json,2026-04-21 01:59:24
85072,2026-04-21 01:59:24.822405,2026-04-21 01:59:24.822405,2026-04-15,139.9,1.8137294666396269,11,Top of Search on-Amazon,153.89,178.87,,153.89,0,10,ENABLED,11,300.0,12,11,3.4,12,203667979592011,16.292134831460675,0,,55.13501425616369,12,0,USD,,11,12,optimizeForSales,153.89,,0,164.88,0,11,98.62,10,DAILY_BUDGET,11,11,98.62,Amazon,178.87,178.87,178,11,12,12,29,Inner-SP-PT-gumm-mag-Defend-CPC,spCampaign_placement,US,INNERBRIGHTNESS,spCampaign_placement_innerbrightness_US_2026-03-21_2026-04-20.json,2026-04-21 01:59:24
85073,2026-04-21 01:59:24.822405,2026-04-21 01:59:24.822405,2026-04-16,0.0,nan,0,Top of Search on-Amazon,0.0,0.0,,0.0,0,0,ENABLED,0,300.0,0,0,0.0,0,203667979592011,0.0,0,,nan,0,0,USD,,0,0,optimizeForSales,0.0,,0,0.0,0,0,0.0,0,DAILY_BUDGET,0,0,0.0,Amazon,0.0,0.0,1,0,0,0,0,Inner-SP-PT-gumm-mag-Defend-CPC,spCampaign_placement,US,INNERBRIGHTNESS,spCampaign_placement_innerbrightness_US_2026-03-21_2026-04-20.json,2026-04-21 01:59:24
85074,2026-04-21 01:59:24.822405,2026-04-21 01:59:24.822405,2026-04-17,0.0,0.0,0,Top of Search on-Amazon,0.0,0.0,,0.0,0,0,ENABLED,0,300.0,0,0,1.85,0,203667979592011,50.0,0,,nan,0,0,USD,,0,0,optimizeForSales,0.0,,0,0.0,0,0,1.85,0,DAILY_BUDGET,0,0,1.85,Amazon,0.0,0.0,2,0,0,0,1,Inner-SP-PT-gumm-mag-Defend-CPC,spCampaign_placement,US,INNERBRIGHTNESS,spCampaign_placement_innerbrightness_US_2026-03-21_2026-04-20.json,2026-04-21 01:59:24
85078,2026-04-21 01:59:24.822405,2026-04-21 01:59:24.822405,2026-04-11,29.99,1.6559911651021535,1,Detail Page on-Amazon,29.99,29.99,,29.99,0,1,ENABLED,1,1000.0,1,1,2.26,1,297069838936079,0.24382810118866197,0,,60.38679559853285,1,0,USD,,1,1,manual,29.99,,0,29.99,0,1,18.11,1,DAILY_BUDGET,1,1,18.11,Amazon,29.99,29.99,3281,1,1,1,8,Inner-SP-KW-Creatine Gummies-creatine gummies-EM-CPC-800,spCampaign_placement,US,INNERBRIGHTNESS,spCampaign_placement_innerbrightness_US_2026-03-21_2026-04-20.json,2026-04-21 01:59:24
85079,2026-04-21 01:59:24.822405,2026-04-21 01:59:24.822405,2026-04-12,59.98,2.555239988639591,3,Detail Page on-Amazon,59.98,89.97,,59.98,0,2,ENABLED,2,1000.0,3,2,2.52,3,297069838936079,0.17820773930753564,0,,39.135267311326,3,0,USD,,2,3,manual,59.98,,0,89.97,0,2,35.21,2,DAILY_BUDGET,3,2,35.21,Amazon,89.97,89.97,7856,2,3,3,14,Inner-SP-KW-Creatine Gummies-creatine gummies-EM-CPC-800,spCampaign_placement,US,INNERBRIGHTNESS,spCampaign_placement_innerbrightness_US_2026-03-21_2026-04-20.json,2026-04-21 01:59:24
85080,2026-04-21 01:59:24.822405,2026-04-21 01:59:24.822405,2026-04-13,0.0,0.973385264524505,1,Detail Page on-Amazon,0.0,29.99,,0.0,0,0,ENABLED,0,1000.0,1,0,2.57,1,297069838936079,0.13508949679162446,0,,102.73424474824941,1,0,USD,,0,1,manual,0.0,,0,29.99,0,0,30.81,0,DAILY_BUDGET,1,0,30.81,Amazon,29.99,29.99,8883,0,1,1,12,Inner-SP-KW-Creatine Gummies-creatine gummies-EM-CPC-800,spCampaign_placement,US,INNERBRIGHTNESS,spCampaign_placement_innerbrightness_US_2026-03-21_2026-04-20.json,2026-04-21 01:59:24
85081,2026-04-21 01:59:24.822405,2026-04-21 01:59:24.822405,2026-04-14,29.99,1.2495833333333333,1,Detail Page on-Amazon,29.99,29.99,,29.99,0,1,ENABLED,1,1000.0,1,1,2.67,1,297069838936079,0.15045135406218654,0,,80.02667555851951,1,0,USD,,1,1,manual,29.99,,0,29.99,0,1,24.0,1,DAILY_BUDGET,1,1,24.0,Amazon,29.99,29.99,5982,1,1,1,9,Inner-SP-KW-Creatine Gummies-creatine gummies-EM-CPC-800,spCampaign_placement,US,INNERBRIGHTNESS,spCampaign_placement_innerbrightness_US_2026-03-21_2026-04-20.json,2026-04-21 01:59:24
85082,2026-04-21 01:59:24.822405,2026-04-21 01:59:24.822405,2026-04-15,0.0,0.0,0,Detail Page on-Amazon,0.0,0.0,,0.0,0,0,ENABLED,0,1000.0,0,0,3.02,0,297069838936079,0.09294914354003453,0,,nan,0,0,USD,,0,0,manual,0.0,,0,0.0,0,0,21.17,0,DAILY_BUDGET,0,0,21.17,Amazon,0.0,0.0,7531,0,0,0,7,Inner-SP-KW-Creatine Gummies-creatine gummies-EM-CPC-800,spCampaign_placement,US,INNERBRIGHTNESS,spCampaign_placement_innerbrightness_US_2026-03-21_2026-04-20.json,2026-04-21 01:59:24
85083,2026-04-21 01:59:24.822405,2026-04-21 01:59:24.822405,2026-04-16,0.0,1.2131718395155184,2,Detail Page on-Amazon,20.15,80.13,,20.15,0,0,ENABLED,1,1000.0,3,1,3.0,3,297069838936079,0.14027033919918389,0,,82.42855360039935,3,0,USD,,1,3,manual,20.15,,0,59.98,0,1,66.05,0,DAILY_BUDGET,2,1,66.05,Amazon,80.13,80.13,15684,1,3,3,22,Inner-SP-KW-Creatine Gummies-creatine gummies-EM-CPC-800,spCampaign_placement,US,INNERBRIGHTNESS,spCampaign_placement_innerbrightness_US_2026-03-21_2026-04-20.json,2026-04-21 01:59:24
85084,2026-04-21 01:59:24.822405,2026-04-21 01:59:24.822405,2026-04-17,29.99,0.6976040939753431,2,Detail Page on-Amazon,29.99,59.98,,29.99,0,1,ENABLED,1,1000.0,2,1,3.07,2,297069838936079,0.16060571297464724,0,,143.34778259419807,2,0,USD,,1,2,manual,29.99,,0,59.98,0,1,85.98,1,DAILY_BUDGET,2,1,85.98,Amazon,59.98,59.98,17434,1,2,2,28,Inner-SP-KW-Creatine Gummies-creatine gummies-EM-CPC-800,spCampaign_placement,US,INNERBRIGHTNESS,spCampaign_placement_innerbrightness_US_2026-03-21_2026-04-20.json,2026-04-21 01:59:24
85088,2026-04-21 01:59:24.822405,2026-04-21 01:59:24.822405,2026-04-11,359.88,1.6334422657952068,17,Other on-Amazon,389.87,599.8,,389.87,0,12,ENABLED,13,1000.0,20,13,4.32,20,297069838936079,0.9486607142857142,0,,61.220406802267426,20,0,USD,,13,20,manual,389.87,,0,509.83,0,13,367.2,12,DAILY_BUDGET,17,13,367.2,Amazon,599.8,599.8,8960,13,20,20,85,Inner-SP-KW-Creatine Gummies-creatine gummies-EM-CPC-800,spCampaign_placement,US,INNERBRIGHTNESS,spCampaign_placement_innerbrightness_US_2026-03-21_2026-04-20.json,2026-04-21 01:59:24
85089,2026-04-21 01:59:24.822405,2026-04-21 01:59:24.822405,2026-04-12,509.83,1.806333541825932,23,Other on-Amazon,599.8,779.74,,599.8,0,17,ENABLED,20,1000.0,26,20,4.27,26,297069838936079,0.9558962710581108,0,,55.36076127940082,26,0,USD,,20,26,manual,599.8,,0,689.77,0,20,431.67,17,DAILY_BUDGET,23,20,431.67,Amazon,779.74,779.74,10566,20,26,26,101,Inner-SP-KW-Creatine Gummies-creatine gummies-EM-CPC-800,spCampaign_placement,US,INNERBRIGHTNESS,spCampaign_placement_innerbrightness_US_2026-03-21_2026-04-20.json,2026-04-21 01:59:24
85090,2026-04-21 01:59:24.822405,2026-04-21 01:59:24.822405,2026-04-13,599.8,1.3896590338649262,23,Other on-Amazon,629.79,719.76,,629.79,0,20,ENABLED,20,1000.0,23,21,4.32,24,297069838936079,0.8676789587852495,0,,71.96009781038126,24,0,USD,,21,24,manual,629.79,,0,689.77,0,20,517.94,19,DAILY_BUDGET,22,21,517.94,Amazon,719.76,719.76,13830,20,23,23,120,Inner-SP-KW-Creatine Gummies-creatine gummies-EM-CPC-800,spCampaign_placement,US,INNERBRIGHTNESS,spCampaign_placement_innerbrightness_US_2026-03-21_2026-04-20.json,2026-04-21 01:59:24
85091,2026-04-21 01:59:24.822405,2026-04-21 01:59:24.822405,2026-04-14,479.84,1.5131968804277491,27,Other on-Amazon,499.97,888.64,,499.97,0,16,ENABLED,17,1000.0,30,17,4.32,30,297069838936079,0.9668017345560532,0,,66.0852538710839,30,0,USD,,17,30,manual,499.97,,0,809.73,0,17,587.26,16,DAILY_BUDGET,27,17,587.26,Amazon,888.64,888.64,14067,17,30,30,136,Inner-SP-KW-Creatine Gummies-creatine gummies-EM-CPC-800,spCampaign_placement,US,INNERBRIGHTNESS,spCampaign_placement_innerbrightness_US_2026-03-21_2026-04-20.json,2026-04-21 01:59:24
85092,2026-04-21 01:59:24.822405,2026-04-21 01:59:24.822405,2026-04-15,569.81,2.3411397345823577,29,Other on-Amazon,629.79,929.69,,629.79,0,19,ENABLED,20,1000.0,30,21,4.32,31,297069838936079,0.8815638175546185,0,,42.71423807935978,31,0,USD,,21,31,manual,629.79,,0,869.71,0,20,397.11,18,DAILY_BUDGET,28,21,397.11,Amazon,929.69,929.69,10436,20,30,30,92,Inner-SP-KW-Creatine Gummies-creatine gummies-EM-CPC-800,spCampaign_placement,US,INNERBRIGHTNESS,spCampaign_placement_innerbrightness_US_2026-03-21_2026-04-20.json,2026-04-21 01:59:24
85093,2026-04-21 01:59:24.822405,2026-04-21 01:59:24.822405,2026-04-16,329.89,1.3973007303906002,14,Other on-Amazon,350.04,440.01,,350.04,0,11,ENABLED,12,1000.0,15,12,4.31,15,297069838936079,0.7091509617252768,0,,71.56655530556122,15,0,USD,,12,15,manual,350.04,,0,419.86,0,12,314.9,11,DAILY_BUDGET,14,12,314.9,Amazon,440.01,440.01,10294,12,15,15,73,Inner-SP-KW-Creatine Gummies-creatine gummies-EM-CPC-800,spCampaign_placement,US,INNERBRIGHTNESS,spCampaign_placement_innerbrightness_US_2026-03-21_2026-04-20.json,2026-04-21 01:59:24
85094,2026-04-21 01:59:24.822405,2026-04-21 01:59:24.822405,2026-04-17,89.97,1.071135186618251,12,Other on-Amazon,89.97,359.88,,89.97,0,3,ENABLED,3,1000.0,12,3,4.31,12,297069838936079,0.7986893303297153,0,,93.35889741024786,12,0,USD,,3,12,manual,89.97,,0,359.88,0,3,335.98,3,DAILY_BUDGET,12,3,335.98,Amazon,359.88,359.88,9766,3,12,12,78,Inner-SP-KW-Creatine Gummies-creatine gummies-EM-CPC-800,spCampaign_placement,US,INNERBRIGHTNESS,spCampaign_placement_innerbrightness_US_2026-03-21_2026-04-20.json,2026-04-21 01:59:24
85098,2026-04-21 01:59:24.822405,2026-04-21 01:59:24.822405,2026-04-11,239.92,2.4673650724001757,13,Top of Search on-Amazon,269.91,449.85,,269.91,0,8,ENABLED,8,1000.0,14,9,5.06,15,297069838936079,12.857142857142856,0,,40.52906524397021,15,0,USD,,9,15,manual,269.91,,0,389.87,0,8,182.32,7,DAILY_BUDGET,12,9,182.32,Amazon,449.85,449.85,280,8,14,14,36,Inner-SP-KW-Creatine Gummies-creatine gummies-EM-CPC-800,spCampaign_placement,US,INNERBRIGHTNESS,spCampaign_placement_innerbrightness_US_2026-03-21_2026-04-20.json,2026-04-21 01:59:24
85099,2026-04-21 01:59:24.822405,2026-04-21 01:59:24.822405,2026-04-12,359.88,2.285823170731707,15,Top of Search on-Amazon,359.88,509.83,,359.88,0,12,ENABLED,11,1000.0,16,12,5.31,17,297069838936079,9.859154929577464,0,,43.747915971990665,17,0,USD,,12,17,manual,359.88,,0,449.85,0,11,223.04,11,DAILY_BUDGET,14,12,223.04,Amazon,509.83,509.83,426,11,16,16,42,Inner-SP-KW-Creatine Gummies-creatine gummies-EM-CPC-800,spCampaign_placement,US,INNERBRIGHTNESS,spCampaign_placement_innerbrightness_US_2026-03-21_2026-04-20.json,2026-04-21 01:59:24
85100,2026-04-21 01:59:24.822405,2026-04-21 01:59:24.822405,2026-04-13,209.93,1.255050408978505,11,Top of Search on-Amazon,209.93,329.89,,209.93,0,7,ENABLED,7,1000.0,11,7,5.48,11,297069838936079,9.056603773584905,0,,79.67807450968503,11,0,USD,,7,11,manual,209.93,,0,329.89,0,7,262.85,7,DAILY_BUDGET,11,7,262.85,Amazon,329.89,329.89,530,7,11,11,48,Inner-SP-KW-Creatine Gummies-creatine gummies-EM-CPC-800,spCampaign_placement,US,INNERBRIGHTNESS,spCampaign_placement_innerbrightness_US_2026-03-21_2026-04-20.json,2026-04-21 01:59:24
85101,2026-04-21 01:59:24.822405,2026-04-21 01:59:24.822405,2026-04-14,359.88,2.1728669846316904,13,Top of Search on-Amazon,380.03,410.02,,380.03,0,12,ENABLED,13,1000.0,14,13,5.39,14,297069838936079,6.18374558303887,0,,46.022145261206774,14,0,USD,,13,14,manual,380.03,,0,389.87,0,13,188.7,12,DAILY_BUDGET,13,13,188.7,Amazon,410.02,410.02,566,13,14,14,35,Inner-SP-KW-Creatine Gummies-creatine gummies-EM-CPC-800,spCampaign_placement,US,INNERBRIGHTNESS,spCampaign_placement_innerbrightness_US_2026-03-21_2026-04-20.json,2026-04-21 01:59:24
85102,2026-04-21 01:59:24.822405,2026-04-21 01:59:24.822405,2026-04-15,329.89,1.5761102143473855,13,Top of Search on-Amazon,359.88,419.86,,359.88,0,11,ENABLED,12,1000.0,14,12,5.67,14,297069838936079,7.820299500831947,0,,63.44733958938693,14,0,USD,,12,14,manual,359.88,,0,389.87,0,12,266.39,11,DAILY_BUDGET,13,12,266.39,Amazon,419.86,419.86,601,12,14,14,47,Inner-SP-KW-Creatine Gummies-creatine gummies-EM-CPC-800,spCampaign_placement,US,INNERBRIGHTNESS,spCampaign_placement_innerbrightness_US_2026-03-21_2026-04-20.json,2026-04-21 01:59:24
85103,2026-04-21 01:59:24.822405,2026-04-21 01:59:24.822405,2026-04-16,269.91,1.2771517230115954,12,Top of Search on-Amazon,269.91,391.0,,269.91,0,9,ENABLED,9,1000.0,14,9,5.47,14,297069838936079,6.6115702479338845,0,,78.2992327365729,14,0,USD,,9,14,manual,269.91,,0,343.88,0,9,306.15,9,DAILY_BUDGET,12,9,306.15,Amazon,391.0,391.0,847,9,14,14,56,Inner-SP-KW-Creatine Gummies-creatine gummies-EM-CPC-800,spCampaign_placement,US,INNERBRIGHTNESS,spCampaign_placement_innerbrightness_US_2026-03-21_2026-04-20.json,2026-04-21 01:59:24
85104,2026-04-21 01:59:24.822405,2026-04-21 01:59:24.822405,2026-04-17,419.86,1.9575718015665795,16,Top of Search on-Amazon,419.86,479.84,,419.86,0,14,ENABLED,14,1000.0,16,14,5.98,16,297069838936079,6.856187290969899,0,,51.08369456485495,16,0,USD,,14,16,manual,419.86,,0,479.84,0,14,245.12,14,DAILY_BUDGET,16,14,245.12,Amazon,479.84,479.84,598,14,16,16,41,Inner-SP-KW-Creatine Gummies-creatine gummies-EM-CPC-800,spCampaign_placement,US,INNERBRIGHTNESS,spCampaign_placement_innerbrightness_US_2026-03-21_2026-04-20.json,2026-04-21 01:59:24
85108,2026-04-21 01:59:24.822405,2026-04-21 01:59:24.822405,2026-04-11,0.0,nan,0,Detail Page on-Amazon,0.0,0.0,,0.0,0,0,PAUSED,0,100.0,0,0,0.0,0,506739018117344,0.0,0,,nan,0,0,USD,,0,0,manual,0.0,,0,0.0,0,0,0.0,0,DAILY_BUDGET,0,0,0.0,Amazon,0.0,0.0,12,0,0,0,0,Inner-SP-Auto-Creatine Gummies-CPC,spCampaign_placement,US,INNERBRIGHTNESS,spCampaign_placement_innerbrightness_US_2026-03-21_2026-04-20.json,2026-04-21 01:59:24
85109,2026-04-21 01:59:24.822405,2026-04-21 01:59:24.822405,2026-04-12,0.0,nan,0,Detail Page on-Amazon,0.0,0.0,,0.0,0,0,PAUSED,0,100.0,0,0,0.0,0,506739018117344,0.0,0,,nan,0,0,USD,,0,0,manual,0.0,,0,0.0,0,0,0.0,0,DAILY_BUDGET,0,0,0.0,Amazon,0.0,0.0,10,0,0,0,0,Inner-SP-Auto-Creatine Gummies-CPC,spCampaign_placement,US,INNERBRIGHTNESS,spCampaign_placement_innerbrightness_US_2026-03-21_2026-04-20.json,2026-04-21 01:59:24
85110,2026-04-21 01:59:24.822405,2026-04-21 01:59:24.822405,2026-04-13,0.0,nan,0,Detail Page on-Amazon,0.0,0.0,,0.0,0,0,PAUSED,0,100.0,0,0,0.0,0,506739018117344,0.0,0,,nan,0,0,USD,,0,0,manual,0.0,,0,0.0,0,0,0.0,0,DAILY_BUDGET,0,0,0.0,Amazon,0.0,0.0,12,0,0,0,0,Inner-SP-Auto-Creatine Gummies-CPC,spCampaign_placement,US,INNERBRIGHTNESS,spCampaign_placement_innerbrightness_US_2026-03-21_2026-04-20.json,2026-04-21 01:59:24
85111,2026-04-21 01:59:24.822405,2026-04-21 01:59:24.822405,2026-04-11,29.99,8.820588235294117,1,Other on-Amazon,29.99,29.99,,29.99,0,1,PAUSED,1,100.0,1,1,1.7,1,506739018117344,1.8691588785046727,0,,11.337112370790264,1,0,USD,,1,1,manual,29.99,,0,29.99,0,1,3.4,1,DAILY_BUDGET,1,1,3.4,Amazon,29.99,29.99,107,1,1,1,2,Inner-SP-Auto-Creatine Gummies-CPC,spCampaign_placement,US,INNERBRIGHTNESS,spCampaign_placement_innerbrightness_US_2026-03-21_2026-04-20.json,2026-04-21 01:59:24
85112,2026-04-21 01:59:24.822405,2026-04-21 01:59:24.822405,2026-04-12,0.0,nan,0,Other on-Amazon,0.0,0.0,,0.0,0,0,PAUSED,0,100.0,0,0,0.0,0,506739018117344,0.0,0,,nan,0,0,USD,,0,0,manual,0.0,,0,0.0,0,0,0.0,0,DAILY_BUDGET,0,0,0.0,Amazon,0.0,0.0,105,0,0,0,0,Inner-SP-Auto-Creatine Gummies-CPC,spCampaign_placement,US,INNERBRIGHTNESS,spCampaign_placement_innerbrightness_US_2026-03-21_2026-04-20.json,2026-04-21 01:59:24
85113,2026-04-21 01:59:24.822405,2026-04-21 01:59:24.822405,2026-04-13,0.0,0.0,0,Other on-Amazon,0.0,0.0,,0.0,0,0,PAUSED,0,100.0,0,0,1.7,0,506739018117344,1.7391304347826086,0,,nan,0,0,USD,,0,0,manual,0.0,,0,0.0,0,0,3.4,0,DAILY_BUDGET,0,0,3.4,Amazon,0.0,0.0,115,0,0,0,2,Inner-SP-Auto-Creatine Gummies-CPC,spCampaign_placement,US,INNERBRIGHTNESS,spCampaign_placement_innerbrightness_US_2026-03-21_2026-04-20.json,2026-04-21 01:59:24
85114,2026-04-21 01:59:24.822405,2026-04-21 01:59:24.822405,2026-04-11,29.99,0.41172432729269626,1,Top of Search on-Amazon,29.99,29.99,,29.99,0,1,PAUSED,1,100.0,1,1,3.47,1,506739018117344,6.796116504854369,0,,242.8809603201067,1,0,USD,,1,1,manual,29.99,,0,29.99,0,1,72.84,1,DAILY_BUDGET,1,1,72.84,Amazon,29.99,29.99,309,1,1,1,21,Inner-SP-Auto-Creatine Gummies-CPC,spCampaign_placement,US,INNERBRIGHTNESS,spCampaign_placement_innerbrightness_US_2026-03-21_2026-04-20.json,2026-04-21 01:59:24
85115,2026-04-21 01:59:24.822405,2026-04-21 01:59:24.822405,2026-04-12,0.0,nan,0,Top of Search on-Amazon,0.0,0.0,,0.0,0,0,PAUSED,0,100.0,0,0,0.0,0,506739018117344,0.0,0,,nan,0,0,USD,,0,0,manual,0.0,,0,0.0,0,0,0.0,0,DAILY_BUDGET,0,0,0.0,Amazon,0.0,0.0,22,0,0,0,0,Inner-SP-Auto-Creatine Gummies-CPC,spCampaign_placement,US,INNERBRIGHTNESS,spCampaign_placement_innerbrightness_US_2026-03-21_2026-04-20.json,2026-04-21 01:59:24
85116,2026-04-21 01:59:24.822405,2026-04-21 01:59:24.822405,2026-04-13,0.0,nan,0,Top of Search on-Amazon,0.0,0.0,,0.0,0,0,PAUSED,0,100.0,0,0,0.0,0,506739018117344,0.0,0,,nan,0,0,USD,,0,0,manual,0.0,,0,0.0,0,0,0.0,0,DAILY_BUDGET,0,0,0.0,Amazon,0.0,0.0,15,0,0,0,0,Inner-SP-Auto-Creatine Gummies-CPC,spCampaign_placement,US,INNERBRIGHTNESS,spCampaign_placement_innerbrightness_US_2026-03-21_2026-04-20.json,2026-04-21 01:59:24
85117,2026-04-21 01:59:24.822405,2026-04-21 01:59:24.822405,2026-04-14,0.0,nan,0,Top of Search on-Amazon,0.0,0.0,,0.0,0,0,PAUSED,0,100.0,0,0,0.0,0,506739018117344,nan,0,,nan,0,0,USD,,0,0,manual,0.0,,0,0.0,0,0,0.0,0,DAILY_BUDGET,0,0,0.0,Amazon,0.0,0.0,0,0,0,0,0,Inner-SP-Auto-Creatine Gummies-CPC,spCampaign_placement,US,INNERBRIGHTNESS,spCampaign_placement_innerbrightness_US_2026-03-21_2026-04-20.json,2026-04-21 01:59:24
85118,2026-04-21 01:59:24.822405,2026-04-21 01:59:24.822405,2026-04-17,0.0,nan,0,Top of Search on-Amazon,0.0,0.0,,0.0,0,0,PAUSED,0,100.0,0,0,0.0,0,506739018117344,nan,0,,nan,0,0,USD,,0,0,manual,0.0,,0,0.0,0,0,0.0,0,DAILY_BUDGET,0,0,0.0,Amazon,0.0,0.0,0,0,0,0,0,Inner-SP-Auto-Creatine Gummies-CPC,spCampaign_placement,US,INNERBRIGHTNESS,spCampaign_placement_innerbrightness_US_2026-03-21_2026-04-20.json,2026-04-21 01:59:24
85119,2026-04-21 01:59:24.822405,2026-04-21 01:59:24.822405,2026-04-11,119.96,3.4953379953379953,4,Detail Page on-Amazon,149.95,149.95,,149.95,0,4,ENABLED,5,700.0,5,5,2.52,5,391617266091470,0.25121915176592285,0,,28.609536512170724,5,0,USD,,5,5,manual,149.95,,0,119.96,0,5,42.9,4,DAILY_BUDGET,4,5,42.9,Amazon,149.95,149.95,6767,5,5,5,17,Inner-SP-KW-Creatine Gummies-creatine gummies-BM-CPC-600,spCampaign_placement,US,INNERBRIGHTNESS,spCampaign_placement_innerbrightness_US_2026-03-21_2026-04-20.json,2026-04-21 01:59:24
85120,2026-04-21 01:59:24.822405,2026-04-21 01:59:24.822405,2026-04-12,0.0,0.7945423234865545,0,Detail Page on-Amazon,29.99,59.98,,29.99,0,0,ENABLED,1,700.0,2,1,2.9,2,391617266091470,0.27328147992432206,0,,125.8586195398466,2,0,USD,,1,2,manual,29.99,,0,0.0,0,1,75.49,0,DAILY_BUDGET,0,1,75.49,Amazon,59.98,59.98,9514,1,2,2,26,Inner-SP-KW-Creatine Gummies-creatine gummies-BM-CPC-600,spCampaign_placement,US,INNERBRIGHTNESS,spCampaign_placement_innerbrightness_US_2026-03-21_2026-04-20.json,2026-04-21 01:59:24
85121,2026-04-21 01:59:24.822405,2026-04-21 01:59:24.822405,2026-04-13,239.92,3.3188128772635817,10,Detail Page on-Amazon,269.91,329.89,,269.91,0,8,ENABLED,8,700.0,10,9,2.55,11,391617266091470,0.37019458946369244,0,,30.13125587316984,11,0,USD,,9,11,manual,269.91,,0,299.9,0,8,99.4,7,DAILY_BUDGET,9,9,99.4,Amazon,329.89,329.89,10535,8,10,10,39,Inner-SP-KW-Creatine Gummies-creatine gummies-BM-CPC-600,spCampaign_placement,US,INNERBRIGHTNESS,spCampaign_placement_innerbrightness_US_2026-03-21_2026-04-20.json,2026-04-21 01:59:24
85122,2026-04-21 01:59:24.822405,2026-04-21 01:59:24.822405,2026-04-14,0.0,0.8500566893424035,0,Detail Page on-Amazon,0.0,29.99,,0.0,0,0,ENABLED,0,700.0,1,0,2.94,1,391617266091470,0.2232142857142857,0,,117.63921307102368,1,0,USD,,0,1,manual,0.0,,0,0.0,0,0,35.28,0,DAILY_BUDGET,0,0,35.28,Amazon,29.99,29.99,5376,0,1,1,12,Inner-SP-KW-Creatine Gummies-creatine gummies-BM-CPC-600,spCampaign_placement,US,INNERBRIGHTNESS,spCampaign_placement_innerbrightness_US_2026-03-21_2026-04-20.json,2026-04-21 01:59:24
85123,2026-04-21 01:59:24.822405,2026-04-21 01:59:24.822405,2026-04-15,29.99,5.019246861924686,2,Detail Page on-Amazon,29.99,59.98,,29.99,0,1,ENABLED,1,700.0,2,1,2.39,2,391617266091470,0.16897600540723218,0,,19.923307769256418,2,0,USD,,1,2,manual,29.99,,0,59.98,0,1,11.95,1,DAILY_BUDGET,2,1,11.95,Amazon,59.98,59.98,2959,1,2,2,5,Inner-SP-KW-Creatine Gummies-creatine gummies-BM-CPC-600,spCampaign_placement,US,INNERBRIGHTNESS,spCampaign_placement_innerbrightness_US_2026-03-21_2026-04-20.json,2026-04-21 01:59:24
85124,2026-04-21 01:59:24.822405,2026-04-21 01:59:24.822405,2026-04-16,149.95,6.399914639351259,5,Detail Page on-Amazon,149.95,149.95,,149.95,0,5,ENABLED,5,700.0,5,5,1.95,5,391617266091470,0.7782101167315175,0,,15.625208402800936,5,0,USD,,5,5,manual,149.95,,0,149.95,0,5,23.43,5,DAILY_BUDGET,5,5,23.43,Amazon,149.95,149.95,1542,5,5,5,12,Inner-SP-KW-Creatine Gummies-creatine gummies-BM-CPC-600,spCampaign_placement,US,INNERBRIGHTNESS,spCampaign_placement_innerbrightness_US_2026-03-21_2026-04-20.json,2026-04-21 01:59:24
85125,2026-04-21 01:59:24.822405,2026-04-21 01:59:24.822405,2026-04-17,0.0,0.0,0,Detail Page on-Amazon,0.0,0.0,,0.0,0,0,ENABLED,0,700.0,0,0,3.0,0,391617266091470,0.16246953696181965,0,,nan,0,0,USD,,0,0,manual,0.0,,0,0.0,0,0,6.0,0,DAILY_BUDGET,0,0,6.0,Amazon,0.0,0.0,1231,0,0,0,2,Inner-SP-KW-Creatine Gummies-creatine gummies-BM-CPC-600,spCampaign_placement,US,INNERBRIGHTNESS,spCampaign_placement_innerbrightness_US_2026-03-21_2026-04-20.json,2026-04-21 01:59:24
85129,2026-04-21 01:59:24.822405,2026-04-21 01:59:24.822405,2026-04-11,0.0,nan,0,Off Amazon,0.0,0.0,,0.0,0,0,ENABLED,0,700.0,0,0,0.0,0,391617266091470,0.0,0,,nan,0,0,USD,,0,0,manual,0.0,,0,0.0,0,0,0.0,0,DAILY_BUDGET,0,0,0.0,Amazon,0.0,0.0,109,0,0,0,0,Inner-SP-KW-Creatine Gummies-creatine gummies-BM-CPC-600,spCampaign_placement,US,INNERBRIGHTNESS,spCampaign_placement_innerbrightness_US_2026-03-21_2026-04-20.json,2026-04-21 01:59:24
85130,2026-04-21 01:59:24.822405,2026-04-21 01:59:24.822405,2026-04-11,59.98,1.6037433155080214,3,Other on-Amazon,59.98,89.97,,59.98,0,2,ENABLED,2,700.0,3,2,3.3,3,391617266091470,1.1024643320363166,0,,62.35411803934645,3,0,USD,,2,3,manual,59.98,,0,89.97,0,2,56.1,2,DAILY_BUDGET,3,2,56.1,Amazon,89.97,89.97,1542,2,3,3,17,Inner-SP-KW-Creatine Gummies-creatine gummies-BM-CPC-600,spCampaign_placement,US,INNERBRIGHTNESS,spCampaign_placement_innerbrightness_US_2026-03-21_2026-04-20.json,2026-04-21 01:59:24
85131,2026-04-21 01:59:24.822405,2026-04-21 01:59:24.822405,2026-04-12,59.98,1.7039772727272728,2,Other on-Amazon,89.97,89.97,,89.97,0,2,ENABLED,3,700.0,3,3,3.3,3,391617266091470,0.9307737056428156,0,,58.6862287429143,3,0,USD,,3,3,manual,89.97,,0,59.98,0,3,52.8,2,DAILY_BUDGET,2,3,52.8,Amazon,89.97,89.97,1719,3,3,3,16,Inner-SP-KW-Creatine Gummies-creatine gummies-BM-CPC-600,spCampaign_placement,US,INNERBRIGHTNESS,spCampaign_placement_innerbrightness_US_2026-03-21_2026-04-20.json,2026-04-21 01:59:24
85132,2026-04-21 01:59:24.822405,2026-04-21 01:59:24.822405,2026-04-13,89.97,1.5146464646464646,5,Other on-Amazon,89.97,149.95,,89.97,0,3,ENABLED,3,700.0,5,3,3.3,5,391617266091470,1.274426508071368,0,,66.0220073357786,5,0,USD,,3,5,manual,89.97,,0,149.95,0,3,99.0,3,DAILY_BUDGET,5,3,99.0,Amazon,149.95,149.95,2354,3,5,5,30,Inner-SP-KW-Creatine Gummies-creatine gummies-BM-CPC-600,spCampaign_placement,US,INNERBRIGHTNESS,spCampaign_placement_innerbrightness_US_2026-03-21_2026-04-20.json,2026-04-21 01:59:24
85133,2026-04-21 01:59:24.822405,2026-04-21 01:59:24.822405,2026-04-14,89.97,1.3631818181818183,3,Other on-Amazon,89.97,89.97,,89.97,0,3,ENABLED,3,700.0,3,3,3.3,3,391617266091470,0.8536064874093043,0,,73.35778592864288,3,0,USD,,3,3,manual,89.97,,0,89.97,0,3,66.0,3,DAILY_BUDGET,3,3,66.0,Amazon,89.97,89.97,2343,3,3,3,20,Inner-SP-KW-Creatine Gummies-creatine gummies-BM-CPC-600,spCampaign_placement,US,INNERBRIGHTNESS,spCampaign_placement_innerbrightness_US_2026-03-21_2026-04-20.json,2026-04-21 01:59:24
85134,2026-04-21 01:59:24.822405,2026-04-21 01:59:24.822405,2026-04-15,0.0,0.649134199134199,1,Other on-Amazon,0.0,29.99,,0.0,0,0,ENABLED,0,700.0,1,0,3.3,1,391617266091470,0.7021063189568706,0,,154.05135045015007,1,0,USD,,0,1,manual,0.0,,0,29.99,0,0,46.2,0,DAILY_BUDGET,1,0,46.2,Amazon,29.99,29.99,1994,0,1,1,14,Inner-SP-KW-Creatine Gummies-creatine gummies-BM-CPC-600,spCampaign_placement,US,INNERBRIGHTNESS,spCampaign_placement_innerbrightness_US_2026-03-21_2026-04-20.json,2026-04-21 01:59:24
85135,2026-04-21 01:59:24.822405,2026-04-21 01:59:24.822405,2026-04-16,59.98,2.1591072714182866,3,Other on-Amazon,59.98,89.97,,59.98,0,2,ENABLED,2,700.0,3,2,3.21,3,391617266091470,0.6845708267509215,0,,46.31543847949317,3,0,USD,,2,3,manual,59.98,,0,89.97,0,2,41.67,2,DAILY_BUDGET,3,2,41.67,Amazon,89.97,89.97,1899,2,3,3,13,Inner-SP-KW-Creatine Gummies-creatine gummies-BM-CPC-600,spCampaign_placement,US,INNERBRIGHTNESS,spCampaign_placement_innerbrightness_US_2026-03-21_2026-04-20.json,2026-04-21 01:59:24
85136,2026-04-21 01:59:24.822405,2026-04-21 01:59:24.822405,2026-04-17,0.0,0.6058585858585859,1,Other on-Amazon,0.0,29.99,,0.0,0,0,ENABLED,0,700.0,1,0,3.3,1,391617266091470,0.7156488549618321,0,,165.0550183394465,1,0,USD,,0,1,manual,0.0,,0,29.99,0,0,49.5,0,DAILY_BUDGET,1,0,49.5,Amazon,29.99,29.99,2096,0,1,1,15,Inner-SP-KW-Creatine Gummies-creatine gummies-BM-CPC-600,spCampaign_placement,US,INNERBRIGHTNESS,spCampaign_placement_innerbrightness_US_2026-03-21_2026-04-20.json,2026-04-21 01:59:24
85140,2026-04-21 01:59:24.822405,2026-04-21 01:59:24.822405,2026-04-11,149.95,2.2447604790419162,5,Top of Search on-Amazon,149.95,149.95,,149.95,0,5,ENABLED,4,700.0,4,5,4.77,5,391617266091470,5.511811023622047,0,,44.548182727575856,5,0,USD,,5,5,manual,149.95,,0,149.95,0,4,66.8,4,DAILY_BUDGET,4,5,66.8,Amazon,149.95,149.95,254,4,4,4,14,Inner-SP-KW-Creatine Gummies-creatine gummies-BM-CPC-600,spCampaign_placement,US,INNERBRIGHTNESS,spCampaign_placement_innerbrightness_US_2026-03-21_2026-04-20.json,2026-04-21 01:59:24
85141,2026-04-21 01:59:24.822405,2026-04-21 01:59:24.822405,2026-04-12,119.96,3.518117831074036,6,Top of Search on-Amazon,179.94,269.91,,179.94,0,4,ENABLED,6,700.0,9,6,4.51,9,391617266091470,6.415094339622642,0,,28.424289578007482,9,0,USD,,6,9,manual,179.94,,0,179.94,0,6,76.72,4,DAILY_BUDGET,6,6,76.72,Amazon,269.91,269.91,265,6,9,9,17,Inner-SP-KW-Creatine Gummies-creatine gummies-BM-CPC-600,spCampaign_placement,US,INNERBRIGHTNESS,spCampaign_placement_innerbrightness_US_2026-03-21_2026-04-20.json,2026-04-21 01:59:24
85142,2026-04-21 01:59:24.822405,2026-04-21 01:59:24.822405,2026-04-13,29.99,1.3954029406290713,3,Top of Search on-Amazon,59.98,149.95,,59.98,0,1,ENABLED,2,700.0,5,2,4.48,5,391617266091470,7.29483282674772,0,,71.66388796265421,5,0,USD,,2,5,manual,59.98,,0,89.97,0,2,107.46,1,DAILY_BUDGET,3,2,107.46,Amazon,149.95,149.95,329,2,5,5,24,Inner-SP-KW-Creatine Gummies-creatine gummies-BM-CPC-600,spCampaign_placement,US,INNERBRIGHTNESS,spCampaign_placement_innerbrightness_US_2026-03-21_2026-04-20.json,2026-04-21 01:59:24
85143,2026-04-21 01:59:24.822405,2026-04-21 01:59:24.822405,2026-04-14,59.98,1.1503644035289604,4,Top of Search on-Amazon,59.98,119.96,,59.98,0,2,ENABLED,2,700.0,4,2,4.74,4,391617266091470,6.984126984126984,0,,86.92897632544182,4,0,USD,,2,4,manual,59.98,,0,119.96,0,2,104.28,2,DAILY_BUDGET,4,2,104.28,Amazon,119.96,119.96,315,2,4,4,22,Inner-SP-KW-Creatine Gummies-creatine gummies-BM-CPC-600,spCampaign_placement,US,INNERBRIGHTNESS,spCampaign_placement_innerbrightness_US_2026-03-21_2026-04-20.json,2026-04-21 01:59:24
85144,2026-04-21 01:59:24.822405,2026-04-21 01:59:24.822405,2026-04-15,59.98,3.8077704418486538,4,Top of Search on-Amazon,59.98,149.95,,59.98,0,2,ENABLED,2,700.0,5,2,4.38,5,391617266091470,5.263157894736842,0,,26.262087362454157,5,0,USD,,2,5,manual,59.98,,0,119.96,0,2,39.38,2,DAILY_BUDGET,4,2,39.38,Amazon,149.95,149.95,171,2,5,5,9,Inner-SP-KW-Creatine Gummies-creatine gummies-BM-CPC-600,spCampaign_placement,US,INNERBRIGHTNESS,spCampaign_placement_innerbrightness_US_2026-03-21_2026-04-20.json,2026-04-21 01:59:24
85145,2026-04-21 01:59:24.822405,2026-04-21 01:59:24.822405,2026-04-16,89.97,1.6239339379991875,4,Top of Search on-Amazon,89.97,119.96,,89.97,0,3,ENABLED,3,700.0,4,3,4.35,4,391617266091470,7.203389830508475,0,,61.57885961987329,4,0,USD,,3,4,manual,89.97,,0,119.96,0,3,73.87,3,DAILY_BUDGET,4,3,73.87,Amazon,119.96,119.96,236,3,4,4,17,Inner-SP-KW-Creatine Gummies-creatine gummies-BM-CPC-600,spCampaign_placement,US,INNERBRIGHTNESS,spCampaign_placement_innerbrightness_US_2026-03-21_2026-04-20.json,2026-04-21 01:59:24
85146,2026-04-21 01:59:24.822405,2026-04-21 01:59:24.822405,2026-04-17,149.95,4.138605983450032,8,Top of Search on-Amazon,170.1,260.07,,170.1,0,5,ENABLED,5,700.0,7,6,4.49,9,391617266091470,6.796116504854369,0,,24.162725420079212,9,0,USD,,6,9,manual,170.1,,0,239.92,0,5,62.84,4,DAILY_BUDGET,6,6,62.84,Amazon,260.07,260.07,206,5,7,7,14,Inner-SP-KW-Creatine Gummies-creatine gummies-BM-CPC-600,spCampaign_placement,US,INNERBRIGHTNESS,spCampaign_placement_innerbrightness_US_2026-03-21_2026-04-20.json,2026-04-21 01:59:24
85504,2026-04-21 01:59:24.822405,2026-04-21 01:59:24.822405,2026-04-12,48.98,2.262355658198614,2,Other on-Amazon,48.98,48.98,,48.98,0,2,ENABLED,2,180.0,2,2,2.41,2,287272276943680,1.1734028683181226,0,,44.20171498570845,2,0,USD,,2,2,legacy,48.98,,0,48.98,0,2,21.65,2,DAILY_BUDGET,2,2,21.65,Amazon,48.98,48.98,767,2,2,2,9,Inner-SP-KW-Berberine Capsules-PAT,spCampaign_placement,US,INNERBRIGHTNESS,spCampaign_placement_innerbrightness_US_2026-03-21_2026-04-20.json,2026-04-21 01:59:24
85150,2026-04-21 01:59:24.822405,2026-04-21 01:59:24.822405,2026-04-11,0.0,0.0,0,Detail Page on-Amazon,0.0,0.0,,0.0,0,0,ENABLED,0,100.0,0,0,2.21,0,313950625346433,0.01086130118388183,0,,nan,0,0,USD,,0,0,manual,0.0,,0,0.0,0,0,2.21,0,DAILY_BUDGET,0,0,2.21,Amazon,0.0,0.0,9207,0,0,0,1,Inner-SP-KW-Creatine Gummies-creatine-BM-CPC-70,spCampaign_placement,US,INNERBRIGHTNESS,spCampaign_placement_innerbrightness_US_2026-03-21_2026-04-20.json,2026-04-21 01:59:24
85151,2026-04-21 01:59:24.822405,2026-04-21 01:59:24.822405,2026-04-12,29.99,4.378102189781022,1,Detail Page on-Amazon,29.99,29.99,,29.99,0,1,ENABLED,1,100.0,1,1,1.71,1,313950625346433,0.049683269159110664,0,,22.84094698232744,1,0,USD,,1,1,manual,29.99,,0,29.99,0,1,6.85,1,DAILY_BUDGET,1,1,6.85,Amazon,29.99,29.99,8051,1,1,1,4,Inner-SP-KW-Creatine Gummies-creatine-BM-CPC-70,spCampaign_placement,US,INNERBRIGHTNESS,spCampaign_placement_innerbrightness_US_2026-03-21_2026-04-20.json,2026-04-21 01:59:24
85152,2026-04-21 01:59:24.822405,2026-04-21 01:59:24.822405,2026-04-13,0.0,0.0,0,Detail Page on-Amazon,0.0,0.0,,0.0,0,0,ENABLED,0,100.0,0,0,2.17,0,313950625346433,0.01779676098949991,0,,nan,0,0,USD,,0,0,manual,0.0,,0,0.0,0,0,4.33,0,DAILY_BUDGET,0,0,4.33,Amazon,0.0,0.0,11238,0,0,0,2,Inner-SP-KW-Creatine Gummies-creatine-BM-CPC-70,spCampaign_placement,US,INNERBRIGHTNESS,spCampaign_placement_innerbrightness_US_2026-03-21_2026-04-20.json,2026-04-21 01:59:24
85153,2026-04-21 01:59:24.822405,2026-04-21 01:59:24.822405,2026-04-14,29.99,3.7347447073474473,1,Detail Page on-Amazon,29.99,29.99,,29.99,0,1,ENABLED,1,100.0,1,1,2.01,1,313950625346433,0.0649034561090378,0,,26.775591863954652,1,0,USD,,1,1,manual,29.99,,0,29.99,0,1,8.03,1,DAILY_BUDGET,1,1,8.03,Amazon,29.99,29.99,6163,1,1,1,4,Inner-SP-KW-Creatine Gummies-creatine-BM-CPC-70,spCampaign_placement,US,INNERBRIGHTNESS,spCampaign_placement_innerbrightness_US_2026-03-21_2026-04-20.json,2026-04-21 01:59:24
85154,2026-04-21 01:59:24.822405,2026-04-21 01:59:24.822405,2026-04-15,0.0,0.0,0,Detail Page on-Amazon,0.0,0.0,,0.0,0,0,ENABLED,0,100.0,0,0,1.71,0,313950625346433,0.18042399639152007,0,,nan,0,0,USD,,0,0,manual,0.0,,0,0.0,0,0,6.85,0,DAILY_BUDGET,0,0,6.85,Amazon,0.0,0.0,2217,0,0,0,4,Inner-SP-KW-Creatine Gummies-creatine-BM-CPC-70,spCampaign_placement,US,INNERBRIGHTNESS,spCampaign_placement_innerbrightness_US_2026-03-21_2026-04-20.json,2026-04-21 01:59:24
85155,2026-04-21 01:59:24.822405,2026-04-21 01:59:24.822405,2026-04-16,0.0,0.0,0,Detail Page on-Amazon,0.0,0.0,,0.0,0,0,ENABLED,0,100.0,0,0,2.21,0,313950625346433,0.11104941699056081,0,,nan,0,0,USD,,0,0,manual,0.0,,0,0.0,0,0,4.42,0,DAILY_BUDGET,0,0,4.42,Amazon,0.0,0.0,1801,0,0,0,2,Inner-SP-KW-Creatine Gummies-creatine-BM-CPC-70,spCampaign_placement,US,INNERBRIGHTNESS,spCampaign_placement_innerbrightness_US_2026-03-21_2026-04-20.json,2026-04-21 01:59:24
85156,2026-04-21 01:59:24.822405,2026-04-21 01:59:24.822405,2026-04-17,0.0,0.0,0,Detail Page on-Amazon,0.0,0.0,,0.0,0,0,ENABLED,0,100.0,0,0,2.17,0,313950625346433,0.07209805335255948,0,,nan,0,0,USD,,0,0,manual,0.0,,0,0.0,0,0,4.33,0,DAILY_BUDGET,0,0,4.33,Amazon,0.0,0.0,2774,0,0,0,2,Inner-SP-KW-Creatine Gummies-creatine-BM-CPC-70,spCampaign_placement,US,INNERBRIGHTNESS,spCampaign_placement_innerbrightness_US_2026-03-21_2026-04-20.json,2026-04-21 01:59:24
85160,2026-04-21 01:59:24.822405,2026-04-21 01:59:24.822405,2026-04-11,0.0,0.0,0,Other on-Amazon,0.0,0.0,,0.0,0,0,ENABLED,0,100.0,0,0,2.38,0,313950625346433,0.2597402597402597,0,,nan,0,0,USD,,0,0,manual,0.0,,0,0.0,0,0,9.52,0,DAILY_BUDGET,0,0,9.52,Amazon,0.0,0.0,1540,0,0,0,4,Inner-SP-KW-Creatine Gummies-creatine-BM-CPC-70,spCampaign_placement,US,INNERBRIGHTNESS,spCampaign_placement_innerbrightness_US_2026-03-21_2026-04-20.json,2026-04-21 01:59:24
85161,2026-04-21 01:59:24.822405,2026-04-21 01:59:24.822405,2026-04-12,0.0,7.560504201680672,3,Other on-Amazon,0.0,89.97,,0.0,0,0,ENABLED,0,100.0,3,0,2.38,3,313950625346433,0.22841480127912286,0,,13.226631099255307,3,0,USD,,0,3,manual,0.0,,0,89.97,0,0,11.9,0,DAILY_BUDGET,3,0,11.9,Amazon,89.97,89.97,2189,0,3,3,5,Inner-SP-KW-Creatine Gummies-creatine-BM-CPC-70,spCampaign_placement,US,INNERBRIGHTNESS,spCampaign_placement_innerbrightness_US_2026-03-21_2026-04-20.json,2026-04-21 01:59:24
85162,2026-04-21 01:59:24.822405,2026-04-21 01:59:24.822405,2026-04-13,29.99,5.328331332533013,2,Other on-Amazon,29.99,88.77,,29.99,0,1,ENABLED,1,100.0,3,1,2.38,3,313950625346433,0.2727981293842557,0,,18.767601667229922,3,0,USD,,1,3,manual,29.99,,0,59.98,0,1,16.66,1,DAILY_BUDGET,2,1,16.66,Amazon,88.77,88.77,2566,1,3,3,7,Inner-SP-KW-Creatine Gummies-creatine-BM-CPC-70,spCampaign_placement,US,INNERBRIGHTNESS,spCampaign_placement_innerbrightness_US_2026-03-21_2026-04-20.json,2026-04-21 01:59:24
85163,2026-04-21 01:59:24.822405,2026-04-21 01:59:24.822405,2026-04-14,29.99,5.040336134453781,2,Other on-Amazon,29.99,59.98,,29.99,0,1,ENABLED,1,100.0,2,1,2.38,2,313950625346433,0.1952362358453729,0,,19.839946648882965,2,0,USD,,1,2,manual,29.99,,0,59.98,0,1,11.9,1,DAILY_BUDGET,2,1,11.9,Amazon,59.98,59.98,2561,1,2,2,5,Inner-SP-KW-Creatine Gummies-creatine-BM-CPC-70,spCampaign_placement,US,INNERBRIGHTNESS,spCampaign_placement_innerbrightness_US_2026-03-21_2026-04-20.json,2026-04-21 01:59:24
85164,2026-04-21 01:59:24.822405,2026-04-21 01:59:24.822405,2026-04-15,0.0,0.0,0,Other on-Amazon,0.0,0.0,,0.0,0,0,ENABLED,0,100.0,0,0,2.38,0,313950625346433,0.18561484918793503,0,,nan,0,0,USD,,0,0,manual,0.0,,0,0.0,0,0,9.52,0,DAILY_BUDGET,0,0,9.52,Amazon,0.0,0.0,2155,0,0,0,4,Inner-SP-KW-Creatine Gummies-creatine-BM-CPC-70,spCampaign_placement,US,INNERBRIGHTNESS,spCampaign_placement_innerbrightness_US_2026-03-21_2026-04-20.json,2026-04-21 01:59:24
85165,2026-04-21 01:59:24.822405,2026-04-21 01:59:24.822405,2026-04-16,0.0,0.0,0,Other on-Amazon,0.0,0.0,,0.0,0,0,ENABLED,0,100.0,0,0,2.38,0,313950625346433,0.23364485981308408,0,,nan,0,0,USD,,0,0,manual,0.0,,0,0.0,0,0,11.9,0,DAILY_BUDGET,0,0,11.9,Amazon,0.0,0.0,2140,0,0,0,5,Inner-SP-KW-Creatine Gummies-creatine-BM-CPC-70,spCampaign_placement,US,INNERBRIGHTNESS,spCampaign_placement_innerbrightness_US_2026-03-21_2026-04-20.json,2026-04-21 01:59:24
85166,2026-04-21 01:59:24.822405,2026-04-21 01:59:24.822405,2026-04-17,0.0,1.2600840336134453,1,Other on-Amazon,0.0,29.99,,0.0,0,0,ENABLED,0,100.0,1,0,2.38,1,313950625346433,0.47438330170777987,0,,79.35978659553186,1,0,USD,,0,1,manual,0.0,,0,29.99,0,0,23.8,0,DAILY_BUDGET,1,0,23.8,Amazon,29.99,29.99,2108,0,1,1,10,Inner-SP-KW-Creatine Gummies-creatine-BM-CPC-70,spCampaign_placement,US,INNERBRIGHTNESS,spCampaign_placement_innerbrightness_US_2026-03-21_2026-04-20.json,2026-04-21 01:59:24
85170,2026-04-21 01:59:24.822405,2026-04-21 01:59:24.822405,2026-04-11,59.98,1.503634996239659,2,Top of Search on-Amazon,59.98,59.98,,59.98,0,2,ENABLED,2,100.0,2,2,3.99,2,313950625346433,3.1545741324921135,0,,66.50550183394466,2,0,USD,,2,2,manual,59.98,,0,59.98,0,2,39.89,2,DAILY_BUDGET,2,2,39.89,Amazon,59.98,59.98,317,2,2,2,10,Inner-SP-KW-Creatine Gummies-creatine-BM-CPC-70,spCampaign_placement,US,INNERBRIGHTNESS,spCampaign_placement_innerbrightness_US_2026-03-21_2026-04-20.json,2026-04-21 01:59:24
85171,2026-04-21 01:59:24.822405,2026-04-21 01:59:24.822405,2026-04-12,59.98,1.192445328031809,3,Top of Search on-Amazon,59.98,89.97,,59.98,0,2,ENABLED,2,100.0,3,2,4.19,3,313950625346433,3.643724696356275,0,,83.86128709569857,3,0,USD,,2,3,manual,59.98,,0,89.97,0,2,75.45,2,DAILY_BUDGET,3,2,75.45,Amazon,89.97,89.97,494,2,3,3,18,Inner-SP-KW-Creatine Gummies-creatine-BM-CPC-70,spCampaign_placement,US,INNERBRIGHTNESS,spCampaign_placement_innerbrightness_US_2026-03-21_2026-04-20.json,2026-04-21 01:59:24
85172,2026-04-21 01:59:24.822405,2026-04-21 01:59:24.822405,2026-04-13,29.99,1.2407943731899047,1,Top of Search on-Amazon,29.99,59.98,,29.99,0,1,ENABLED,1,100.0,2,1,4.03,2,313950625346433,2.797202797202797,0,,80.59353117705903,2,0,USD,,1,2,manual,29.99,,0,29.99,0,1,48.34,1,DAILY_BUDGET,1,1,48.34,Amazon,59.98,59.98,429,1,2,2,12,Inner-SP-KW-Creatine Gummies-creatine-BM-CPC-70,spCampaign_placement,US,INNERBRIGHTNESS,spCampaign_placement_innerbrightness_US_2026-03-21_2026-04-20.json,2026-04-21 01:59:24
85173,2026-04-21 01:59:24.822405,2026-04-21 01:59:24.822405,2026-04-14,59.98,1.1863132911392404,3,Top of Search on-Amazon,59.98,89.97,,59.98,0,2,ENABLED,2,100.0,3,2,4.21,3,313950625346433,3.870967741935484,0,,84.29476492164055,3,0,USD,,2,3,manual,59.98,,0,89.97,0,2,75.84,2,DAILY_BUDGET,3,2,75.84,Amazon,89.97,89.97,465,2,3,3,18,Inner-SP-KW-Creatine Gummies-creatine-BM-CPC-70,spCampaign_placement,US,INNERBRIGHTNESS,spCampaign_placement_innerbrightness_US_2026-03-21_2026-04-20.json,2026-04-21 01:59:24
85174,2026-04-21 01:59:24.822405,2026-04-21 01:59:24.822405,2026-04-15,29.99,1.0436749608491387,2,Top of Search on-Amazon,29.99,59.98,,29.99,0,1,ENABLED,1,100.0,2,1,4.1,2,313950625346433,3.5532994923857872,0,,95.81527175725242,2,0,USD,,1,2,manual,29.99,,0,59.98,0,1,57.47,1,DAILY_BUDGET,2,1,57.47,Amazon,59.98,59.98,394,1,2,2,14,Inner-SP-KW-Creatine Gummies-creatine-BM-CPC-70,spCampaign_placement,US,INNERBRIGHTNESS,spCampaign_placement_innerbrightness_US_2026-03-21_2026-04-20.json,2026-04-21 01:59:24
85175,2026-04-21 01:59:24.822405,2026-04-21 01:59:24.822405,2026-04-16,29.99,0.8365411436541142,1,Top of Search on-Amazon,29.99,29.99,,29.99,0,1,ENABLED,1,100.0,1,1,3.98,1,313950625346433,2.5787965616045847,0,,119.53984661553851,1,0,USD,,1,1,manual,29.99,,0,29.99,0,1,35.85,1,DAILY_BUDGET,1,1,35.85,Amazon,29.99,29.99,349,1,1,1,9,Inner-SP-KW-Creatine Gummies-creatine-BM-CPC-70,spCampaign_placement,US,INNERBRIGHTNESS,spCampaign_placement_innerbrightness_US_2026-03-21_2026-04-20.json,2026-04-21 01:59:24
85176,2026-04-21 01:59:24.822405,2026-04-21 01:59:24.822405,2026-04-17,29.99,1.2993934142114385,1,Top of Search on-Amazon,29.99,29.99,,29.99,0,1,ENABLED,1,100.0,1,1,3.85,1,313950625346433,2.158273381294964,0,,76.95898632877626,1,0,USD,,1,1,manual,29.99,,0,29.99,0,1,23.08,1,DAILY_BUDGET,1,1,23.08,Amazon,29.99,29.99,278,1,1,1,6,Inner-SP-KW-Creatine Gummies-creatine-BM-CPC-70,spCampaign_placement,US,INNERBRIGHTNESS,spCampaign_placement_innerbrightness_US_2026-03-21_2026-04-20.json,2026-04-21 01:59:24
85180,2026-04-21 01:59:24.822405,2026-04-21 01:59:24.822405,2026-04-11,0.0,nan,0,Detail Page on-Amazon,0.0,0.0,,0.0,0,0,ENABLED,0,40.0,0,0,0.0,0,467019307309442,0.0,0,,nan,0,0,USD,,0,0,manual,0.0,,0,0.0,0,0,0.0,0,DAILY_BUDGET,0,0,0.0,Amazon,0.0,0.0,13,0,0,0,0,IB-SP-KW-inositol-inositol supplement for women-EM-2w,spCampaign_placement,US,INNERBRIGHTNESS,spCampaign_placement_innerbrightness_US_2026-03-21_2026-04-20.json,2026-04-21 01:59:24
85181,2026-04-21 01:59:24.822405,2026-04-21 01:59:24.822405,2026-04-12,0.0,nan,0,Detail Page on-Amazon,0.0,0.0,,0.0,0,0,ENABLED,0,40.0,0,0,0.0,0,467019307309442,0.0,0,,nan,0,0,USD,,0,0,manual,0.0,,0,0.0,0,0,0.0,0,DAILY_BUDGET,0,0,0.0,Amazon,0.0,0.0,12,0,0,0,0,IB-SP-KW-inositol-inositol supplement for women-EM-2w,spCampaign_placement,US,INNERBRIGHTNESS,spCampaign_placement_innerbrightness_US_2026-03-21_2026-04-20.json,2026-04-21 01:59:24
85182,2026-04-21 01:59:24.822405,2026-04-21 01:59:24.822405,2026-04-13,0.0,38.94827586206897,0,Detail Page on-Amazon,22.59,22.59,,22.59,0,0,ENABLED,1,40.0,1,1,0.58,1,467019307309442,9.090909090909092,0,,2.567507746790615,1,0,USD,,1,1,manual,22.59,,0,0.0,0,1,0.58,0,DAILY_BUDGET,0,1,0.58,Amazon,22.59,22.59,11,1,1,1,1,IB-SP-KW-inositol-inositol supplement for women-EM-2w,spCampaign_placement,US,INNERBRIGHTNESS,spCampaign_placement_innerbrightness_US_2026-03-21_2026-04-20.json,2026-04-21 01:59:24
85183,2026-04-21 01:59:24.822405,2026-04-21 01:59:24.822405,2026-04-14,0.0,nan,0,Detail Page on-Amazon,0.0,0.0,,0.0,0,0,ENABLED,0,40.0,0,0,0.0,0,467019307309442,0.0,0,,nan,0,0,USD,,0,0,manual,0.0,,0,0.0,0,0,0.0,0,DAILY_BUDGET,0,0,0.0,Amazon,0.0,0.0,25,0,0,0,0,IB-SP-KW-inositol-inositol supplement for women-EM-2w,spCampaign_placement,US,INNERBRIGHTNESS,spCampaign_placement_innerbrightness_US_2026-03-21_2026-04-20.json,2026-04-21 01:59:24
85184,2026-04-21 01:59:24.822405,2026-04-21 01:59:24.822405,2026-04-15,0.0,nan,0,Detail Page on-Amazon,0.0,0.0,,0.0,0,0,ENABLED,0,40.0,0,0,0.0,0,467019307309442,0.0,0,,nan,0,0,USD,,0,0,manual,0.0,,0,0.0,0,0,0.0,0,DAILY_BUDGET,0,0,0.0,Amazon,0.0,0.0,2,0,0,0,0,IB-SP-KW-inositol-inositol supplement for women-EM-2w,spCampaign_placement,US,INNERBRIGHTNESS,spCampaign_placement_innerbrightness_US_2026-03-21_2026-04-20.json,2026-04-21 01:59:24
85185,2026-04-21 01:59:24.822405,2026-04-21 01:59:24.822405,2026-04-16,0.0,nan,0,Detail Page on-Amazon,0.0,0.0,,0.0,0,0,ENABLED,0,40.0,0,0,0.0,0,467019307309442,0.0,0,,nan,0,0,USD,,0,0,manual,0.0,,0,0.0,0,0,0.0,0,DAILY_BUDGET,0,0,0.0,Amazon,0.0,0.0,8,0,0,0,0,IB-SP-KW-inositol-inositol supplement for women-EM-2w,spCampaign_placement,US,INNERBRIGHTNESS,spCampaign_placement_innerbrightness_US_2026-03-21_2026-04-20.json,2026-04-21 01:59:24
85186,2026-04-21 01:59:24.822405,2026-04-21 01:59:24.822405,2026-04-17,0.0,nan,0,Detail Page on-Amazon,0.0,0.0,,0.0,0,0,ENABLED,0,40.0,0,0,0.0,0,467019307309442,0.0,0,,nan,0,0,USD,,0,0,manual,0.0,,0,0.0,0,0,0.0,0,DAILY_BUDGET,0,0,0.0,Amazon,0.0,0.0,1,0,0,0,0,IB-SP-KW-inositol-inositol supplement for women-EM-2w,spCampaign_placement,US,INNERBRIGHTNESS,spCampaign_placement_innerbrightness_US_2026-03-21_2026-04-20.json,2026-04-21 01:59:24
85189,2026-04-21 01:59:24.822405,2026-04-21 01:59:24.822405,2026-04-11,67.77,1.1295,3,Other on-Amazon,67.77,67.77,,67.77,0,3,ENABLED,3,40.0,3,3,3.0,3,467019307309442,1.7035775127768313,0,,88.53474988933156,3,0,USD,,3,3,manual,67.77,,0,67.77,0,3,60.0,3,DAILY_BUDGET,3,3,60.0,Amazon,67.77,67.77,1174,3,3,3,20,IB-SP-KW-inositol-inositol supplement for women-EM-2w,spCampaign_placement,US,INNERBRIGHTNESS,spCampaign_placement_innerbrightness_US_2026-03-21_2026-04-20.json,2026-04-21 01:59:24
85190,2026-04-21 01:59:24.822405,2026-04-21 01:59:24.822405,2026-04-12,0.0,0.0,0,Other on-Amazon,0.0,0.0,,0.0,0,0,ENABLED,0,40.0,0,0,3.0,0,467019307309442,1.1921458625525947,0,,nan,0,0,USD,,0,0,manual,0.0,,0,0.0,0,0,51.0,0,DAILY_BUDGET,0,0,51.0,Amazon,0.0,0.0,1426,0,0,0,17,IB-SP-KW-inositol-inositol supplement for women-EM-2w,spCampaign_placement,US,INNERBRIGHTNESS,spCampaign_placement_innerbrightness_US_2026-03-21_2026-04-20.json,2026-04-21 01:59:24
85191,2026-04-21 01:59:24.822405,2026-04-21 01:59:24.822405,2026-04-13,22.59,0.94125,1,Other on-Amazon,45.18,45.18,,45.18,0,1,ENABLED,2,40.0,2,2,2.82,2,467019307309442,1.0539367637941723,0,,106.24169986719787,2,0,USD,,2,2,manual,45.18,,0,22.59,0,2,48.0,1,DAILY_BUDGET,1,2,48.0,Amazon,45.18,45.18,1613,2,2,2,17,IB-SP-KW-inositol-inositol supplement for women-EM-2w,spCampaign_placement,US,INNERBRIGHTNESS,spCampaign_placement_innerbrightness_US_2026-03-21_2026-04-20.json,2026-04-21 01:59:24
85192,2026-04-21 01:59:24.822405,2026-04-21 01:59:24.822405,2026-04-14,67.77,1.4342857142857144,3,Other on-Amazon,90.36,90.36,,90.36,0,3,ENABLED,4,40.0,4,4,3.0,4,467019307309442,1.4695591322603219,0,,69.7211155378486,4,0,USD,,4,4,manual,90.36,,0,67.77,0,4,63.0,3,DAILY_BUDGET,3,4,63.0,Amazon,90.36,90.36,1429,4,4,4,21,IB-SP-KW-inositol-inositol supplement for women-EM-2w,spCampaign_placement,US,INNERBRIGHTNESS,spCampaign_placement_innerbrightness_US_2026-03-21_2026-04-20.json,2026-04-21 01:59:24
85193,2026-04-21 01:59:24.822405,2026-04-21 01:59:24.822405,2026-04-15,22.59,0.5792307692307692,1,Other on-Amazon,22.59,22.59,,22.59,0,1,ENABLED,1,40.0,1,1,2.79,1,467019307309442,1.844532279314888,0,,172.64276228419655,1,0,USD,,1,1,manual,22.59,,0,22.59,0,1,39.0,1,DAILY_BUDGET,1,1,39.0,Amazon,22.59,22.59,759,1,1,1,14,IB-SP-KW-inositol-inositol supplement for women-EM-2w,spCampaign_placement,US,INNERBRIGHTNESS,spCampaign_placement_innerbrightness_US_2026-03-21_2026-04-20.json,2026-04-21 01:59:24
85194,2026-04-21 01:59:24.822405,2026-04-21 01:59:24.822405,2026-04-16,112.95,1.981578947368421,5,Other on-Amazon,112.95,112.95,,112.95,0,5,ENABLED,5,40.0,5,5,3.0,5,467019307309442,1.6608391608391608,0,,50.46480743691899,5,0,USD,,5,5,manual,112.95,,0,112.95,0,5,57.0,5,DAILY_BUDGET,5,5,57.0,Amazon,112.95,112.95,1144,5,5,5,19,IB-SP-KW-inositol-inositol supplement for women-EM-2w,spCampaign_placement,US,INNERBRIGHTNESS,spCampaign_placement_innerbrightness_US_2026-03-21_2026-04-20.json,2026-04-21 01:59:24
85195,2026-04-21 01:59:24.822405,2026-04-21 01:59:24.822405,2026-04-17,0.0,0.0,0,Other on-Amazon,0.0,0.0,,0.0,0,0,ENABLED,0,40.0,0,0,2.97,0,467019307309442,1.7605633802816902,0,,nan,0,0,USD,,0,0,manual,0.0,,0,0.0,0,0,29.66,0,DAILY_BUDGET,0,0,29.66,Amazon,0.0,0.0,568,0,0,0,10,IB-SP-KW-inositol-inositol supplement for women-EM-2w,spCampaign_placement,US,INNERBRIGHTNESS,spCampaign_placement_innerbrightness_US_2026-03-21_2026-04-20.json,2026-04-21 01:59:24
85199,2026-04-21 01:59:24.822405,2026-04-21 01:59:24.822405,2026-04-11,0.0,0.0,0,Top of Search on-Amazon,0.0,0.0,,0.0,0,0,ENABLED,0,40.0,0,0,3.73,0,467019307309442,20.689655172413794,0,,nan,0,0,USD,,0,0,manual,0.0,,0,0.0,0,0,22.36,0,DAILY_BUDGET,0,0,22.36,Amazon,0.0,0.0,29,0,0,0,6,IB-SP-KW-inositol-inositol supplement for women-EM-2w,spCampaign_placement,US,INNERBRIGHTNESS,spCampaign_placement_innerbrightness_US_2026-03-21_2026-04-20.json,2026-04-21 01:59:24
85200,2026-04-21 01:59:24.822405,2026-04-21 01:59:24.822405,2026-04-12,0.0,0.0,0,Top of Search on-Amazon,0.0,0.0,,0.0,0,0,ENABLED,0,40.0,0,0,3.29,0,467019307309442,6.451612903225806,0,,nan,0,0,USD,,0,0,manual,0.0,,0,0.0,0,0,6.59,0,DAILY_BUDGET,0,0,6.59,Amazon,0.0,0.0,31,0,0,0,2,IB-SP-KW-inositol-inositol supplement for women-EM-2w,spCampaign_placement,US,INNERBRIGHTNESS,spCampaign_placement_innerbrightness_US_2026-03-21_2026-04-20.json,2026-04-21 01:59:24
85201,2026-04-21 01:59:24.822405,2026-04-21 01:59:24.822405,2026-04-13,0.0,0.0,0,Top of Search on-Amazon,0.0,0.0,,0.0,0,0,ENABLED,0,40.0,0,0,3.8,0,467019307309442,16.0,0,,nan,0,0,USD,,0,0,manual,0.0,,0,0.0,0,0,15.2,0,DAILY_BUDGET,0,0,15.2,Amazon,0.0,0.0,25,0,0,0,4,IB-SP-KW-inositol-inositol supplement for women-EM-2w,spCampaign_placement,US,INNERBRIGHTNESS,spCampaign_placement_innerbrightness_US_2026-03-21_2026-04-20.json,2026-04-21 01:59:24
85202,2026-04-21 01:59:24.822405,2026-04-21 01:59:24.822405,2026-04-14,45.18,3.583818085668958,2,Top of Search on-Amazon,67.77,67.77,,67.77,0,2,ENABLED,2,40.0,2,3,3.78,3,467019307309442,13.88888888888889,0,,27.903202006787666,3,0,USD,,3,3,manual,67.77,,0,45.18,0,2,18.91,1,DAILY_BUDGET,1,3,18.91,Amazon,67.77,67.77,36,2,2,2,5,IB-SP-KW-inositol-inositol supplement for women-EM-2w,spCampaign_placement,US,INNERBRIGHTNESS,spCampaign_placement_innerbrightness_US_2026-03-21_2026-04-20.json,2026-04-21 01:59:24
85203,2026-04-21 01:59:24.822405,2026-04-21 01:59:24.822405,2026-04-15,0.0,1.5263513513513514,0,Top of Search on-Amazon,22.59,22.59,,22.59,0,0,ENABLED,1,40.0,1,1,3.7,1,467019307309442,8.16326530612245,0,,65.51571491810536,1,0,USD,,1,1,manual,22.59,,0,0.0,0,1,14.8,0,DAILY_BUDGET,0,1,14.8,Amazon,22.59,22.59,49,1,1,1,4,IB-SP-KW-inositol-inositol supplement for women-EM-2w,spCampaign_placement,US,INNERBRIGHTNESS,spCampaign_placement_innerbrightness_US_2026-03-21_2026-04-20.json,2026-04-21 01:59:24
85204,2026-04-21 01:59:24.822405,2026-04-21 01:59:24.822405,2026-04-16,0.0,1.2303921568627452,0,Top of Search on-Amazon,22.59,22.59,,22.59,0,0,ENABLED,1,40.0,1,1,3.67,1,467019307309442,12.82051282051282,0,,81.27490039840637,1,0,USD,,1,1,manual,22.59,,0,0.0,0,1,18.36,0,DAILY_BUDGET,0,1,18.36,Amazon,22.59,22.59,39,1,1,1,5,IB-SP-KW-inositol-inositol supplement for women-EM-2w,spCampaign_placement,US,INNERBRIGHTNESS,spCampaign_placement_innerbrightness_US_2026-03-21_2026-04-20.json,2026-04-21 01:59:24
85205,2026-04-21 01:59:24.822405,2026-04-21 01:59:24.822405,2026-04-17,22.59,1.0071333036112349,1,Top of Search on-Amazon,22.59,22.59,,22.59,0,1,ENABLED,1,40.0,1,1,3.74,1,467019307309442,12.0,0,,99.29172200088536,1,0,USD,,1,1,manual,22.59,,0,22.59,0,1,22.43,1,DAILY_BUDGET,1,1,22.43,Amazon,22.59,22.59,50,1,1,1,6,IB-SP-KW-inositol-inositol supplement for women-EM-2w,spCampaign_placement,US,INNERBRIGHTNESS,spCampaign_placement_innerbrightness_US_2026-03-21_2026-04-20.json,2026-04-21 01:59:24
85209,2026-04-21 01:59:24.822405,2026-04-21 01:59:24.822405,2026-04-11,0.0,0.0,0,Detail Page on-Amazon,0.0,0.0,,0.0,0,0,ENABLED,0,300.0,0,0,2.04,0,427396974780100,0.1,0,,nan,0,0,USD,,0,0,manual,0.0,,0,0.0,0,0,2.04,0,DAILY_BUDGET,0,0,2.04,Amazon,0.0,0.0,1000,0,0,0,1,Inner-SP-KW-Creatine Gummies-creatine-EM-CPC-60,spCampaign_placement,US,INNERBRIGHTNESS,spCampaign_placement_innerbrightness_US_2026-03-21_2026-04-20.json,2026-04-21 01:59:24
85210,2026-04-21 01:59:24.822405,2026-04-21 01:59:24.822405,2026-04-12,0.0,5.391397849462365,1,Detail Page on-Amazon,20.15,29.99,,20.15,0,0,ENABLED,0,300.0,1,1,1.33,2,427396974780100,0.6118881118881119,0,,18.548065416832866,2,0,USD,,1,1,manual,0.0,,0,29.99,0,1,9.3,0,DAILY_BUDGET,1,0,9.3,Amazon,50.14,50.14,1144,1,2,2,7,Inner-SP-KW-Creatine Gummies-creatine-EM-CPC-60,spCampaign_placement,US,INNERBRIGHTNESS,spCampaign_placement_innerbrightness_US_2026-03-21_2026-04-20.json,2026-04-21 01:59:24
85211,2026-04-21 01:59:24.822405,2026-04-21 01:59:24.822405,2026-04-13,0.0,0.0,0,Detail Page on-Amazon,0.0,0.0,,0.0,0,0,ENABLED,0,300.0,0,0,2.3,0,427396974780100,0.1798561151079137,0,,nan,0,0,USD,,0,0,manual,0.0,,0,0.0,0,0,4.6,0,DAILY_BUDGET,0,0,4.6,Amazon,0.0,0.0,1112,0,0,0,2,Inner-SP-KW-Creatine Gummies-creatine-EM-CPC-60,spCampaign_placement,US,INNERBRIGHTNESS,spCampaign_placement_innerbrightness_US_2026-03-21_2026-04-20.json,2026-04-21 01:59:24
85212,2026-04-21 01:59:24.822405,2026-04-21 01:59:24.822405,2026-04-14,0.0,0.0,0,Detail Page on-Amazon,0.0,0.0,,0.0,0,0,ENABLED,0,300.0,0,0,2.3,0,427396974780100,0.10416666666666667,0,,nan,0,0,USD,,0,0,manual,0.0,,0,0.0,0,0,2.3,0,DAILY_BUDGET,0,0,2.3,Amazon,0.0,0.0,960,0,0,0,1,Inner-SP-KW-Creatine Gummies-creatine-EM-CPC-60,spCampaign_placement,US,INNERBRIGHTNESS,spCampaign_placement_innerbrightness_US_2026-03-21_2026-04-20.json,2026-04-21 01:59:24
85213,2026-04-21 01:59:24.822405,2026-04-21 01:59:24.822405,2026-04-15,0.0,nan,0,Detail Page on-Amazon,0.0,0.0,,0.0,0,0,ENABLED,0,300.0,0,0,0.0,0,427396974780100,0.0,0,,nan,0,0,USD,,0,0,manual,0.0,,0,0.0,0,0,0.0,0,DAILY_BUDGET,0,0,0.0,Amazon,0.0,0.0,590,0,0,0,0,Inner-SP-KW-Creatine Gummies-creatine-EM-CPC-60,spCampaign_placement,US,INNERBRIGHTNESS,spCampaign_placement_innerbrightness_US_2026-03-21_2026-04-20.json,2026-04-21 01:59:24
85214,2026-04-21 01:59:24.822405,2026-04-21 01:59:24.822405,2026-04-16,0.0,nan,0,Detail Page on-Amazon,0.0,0.0,,0.0,0,0,ENABLED,0,300.0,0,0,0.0,0,427396974780100,0.0,0,,nan,0,0,USD,,0,0,manual,0.0,,0,0.0,0,0,0.0,0,DAILY_BUDGET,0,0,0.0,Amazon,0.0,0.0,750,0,0,0,0,Inner-SP-KW-Creatine Gummies-creatine-EM-CPC-60,spCampaign_placement,US,INNERBRIGHTNESS,spCampaign_placement_innerbrightness_US_2026-03-21_2026-04-20.json,2026-04-21 01:59:24
85215,2026-04-21 01:59:24.822405,2026-04-21 01:59:24.822405,2026-04-17,0.0,0.0,0,Detail Page on-Amazon,0.0,0.0,,0.0,0,0,ENABLED,0,300.0,0,0,2.09,0,427396974780100,0.10427528675703858,0,,nan,0,0,USD,,0,0,manual,0.0,,0,0.0,0,0,2.09,0,DAILY_BUDGET,0,0,2.09,Amazon,0.0,0.0,959,0,0,0,1,Inner-SP-KW-Creatine Gummies-creatine-EM-CPC-60,spCampaign_placement,US,INNERBRIGHTNESS,spCampaign_placement_innerbrightness_US_2026-03-21_2026-04-20.json,2026-04-21 01:59:24
85219,2026-04-21 01:59:24.822405,2026-04-21 01:59:24.822405,2026-04-11,119.96,0.9204092071611253,6,Other on-Amazon,119.96,179.94,,119.96,0,4,ENABLED,4,300.0,6,4,3.91,6,427396974780100,0.47352969031158254,0,,108.64732688674003,6,0,USD,,4,6,manual,119.96,,0,179.94,0,4,195.5,4,DAILY_BUDGET,6,4,195.5,Amazon,179.94,179.94,10559,4,6,6,50,Inner-SP-KW-Creatine Gummies-creatine-EM-CPC-60,spCampaign_placement,US,INNERBRIGHTNESS,spCampaign_placement_innerbrightness_US_2026-03-21_2026-04-20.json,2026-04-21 01:59:24
85220,2026-04-21 01:59:24.822405,2026-04-21 01:59:24.822405,2026-04-12,89.97,0.684828279137742,4,Other on-Amazon,119.96,149.95,,119.96,0,3,ENABLED,4,300.0,5,4,3.91,5,427396974780100,0.5197698162242436,0,,146.02200733577862,5,0,USD,,4,5,manual,119.96,,0,119.96,0,4,218.96,3,DAILY_BUDGET,4,4,218.96,Amazon,149.95,149.95,10774,4,5,5,56,Inner-SP-KW-Creatine Gummies-creatine-EM-CPC-60,spCampaign_placement,US,INNERBRIGHTNESS,spCampaign_placement_innerbrightness_US_2026-03-21_2026-04-20.json,2026-04-21 01:59:24
85221,2026-04-21 01:59:24.822405,2026-04-21 01:59:24.822405,2026-04-13,89.97,2.2100221075902726,4,Other on-Amazon,89.97,119.96,,89.97,0,3,ENABLED,3,300.0,4,3,3.19,4,427396974780100,0.4124211547792334,0,,45.24841613871291,4,0,USD,,3,4,manual,89.97,,0,119.96,0,3,54.28,3,DAILY_BUDGET,4,3,54.28,Amazon,119.96,119.96,4122,3,4,4,17,Inner-SP-KW-Creatine Gummies-creatine-EM-CPC-60,spCampaign_placement,US,INNERBRIGHTNESS,spCampaign_placement_innerbrightness_US_2026-03-21_2026-04-20.json,2026-04-21 01:59:24
85222,2026-04-21 01:59:24.822405,2026-04-21 01:59:24.822405,2026-04-14,29.99,2.7354819093949527,3,Other on-Amazon,29.99,89.97,,29.99,0,1,ENABLED,1,300.0,3,1,2.99,3,427396974780100,0.4286827747466875,0,,36.556629987773704,3,0,USD,,1,3,manual,29.99,,0,89.97,0,1,32.89,1,DAILY_BUDGET,3,1,32.89,Amazon,89.97,89.97,2566,1,3,3,11,Inner-SP-KW-Creatine Gummies-creatine-EM-CPC-60,spCampaign_placement,US,INNERBRIGHTNESS,spCampaign_placement_innerbrightness_US_2026-03-21_2026-04-20.json,2026-04-21 01:59:24
85223,2026-04-21 01:59:24.822405,2026-04-21 01:59:24.822405,2026-04-15,29.99,2.8177262762292514,3,Other on-Amazon,29.99,89.97,,29.99,0,1,ENABLED,1,300.0,3,1,3.19,3,427396974780100,0.3486750348675035,0,,35.48960764699344,3,0,USD,,1,3,manual,29.99,,0,89.97,0,1,31.93,1,DAILY_BUDGET,3,1,31.93,Amazon,89.97,89.97,2868,1,3,3,10,Inner-SP-KW-Creatine Gummies-creatine-EM-CPC-60,spCampaign_placement,US,INNERBRIGHTNESS,spCampaign_placement_innerbrightness_US_2026-03-21_2026-04-20.json,2026-04-21 01:59:24
85224,2026-04-21 01:59:24.822405,2026-04-21 01:59:24.822405,2026-04-16,119.96,1.682468443197756,6,Other on-Amazon,119.96,179.94,,119.96,0,4,ENABLED,4,300.0,6,4,3.45,6,427396974780100,0.5735430157261795,0,,59.43647882627543,6,0,USD,,4,6,manual,119.96,,0,179.94,0,4,106.95,4,DAILY_BUDGET,6,4,106.95,Amazon,179.94,179.94,5405,4,6,6,31,Inner-SP-KW-Creatine Gummies-creatine-EM-CPC-60,spCampaign_placement,US,INNERBRIGHTNESS,spCampaign_placement_innerbrightness_US_2026-03-21_2026-04-20.json,2026-04-21 01:59:24
85225,2026-04-21 01:59:24.822405,2026-04-21 01:59:24.822405,2026-04-17,119.96,2.7572463768115942,5,Other on-Amazon,160.26,190.25,,160.26,0,4,ENABLED,6,300.0,7,6,3.29,7,427396974780100,0.3796095444685466,0,,36.26806833114323,7,0,USD,,6,7,manual,160.26,,0,149.95,0,6,69.0,4,DAILY_BUDGET,5,6,69.0,Amazon,190.25,190.25,5532,6,7,7,21,Inner-SP-KW-Creatine Gummies-creatine-EM-CPC-60,spCampaign_placement,US,INNERBRIGHTNESS,spCampaign_placement_innerbrightness_US_2026-03-21_2026-04-20.json,2026-04-21 01:59:24
85229,2026-04-21 01:59:24.822405,2026-04-21 01:59:24.822405,2026-04-11,149.95,0.9000156470035989,6,Top of Search on-Amazon,170.1,209.93,,170.1,0,5,ENABLED,5,300.0,7,6,6.24,8,427396974780100,5.269922879177378,0,,111.10917941585534,8,0,USD,,6,7,manual,149.95,,0,179.94,0,6,255.64,5,DAILY_BUDGET,6,5,255.64,Amazon,230.08,230.08,778,6,8,8,41,Inner-SP-KW-Creatine Gummies-creatine-EM-CPC-60,spCampaign_placement,US,INNERBRIGHTNESS,spCampaign_placement_innerbrightness_US_2026-03-21_2026-04-20.json,2026-04-21 01:59:24
85230,2026-04-21 01:59:24.822405,2026-04-21 01:59:24.822405,2026-04-12,209.93,1.4325944356480433,10,Top of Search on-Amazon,269.91,359.88,,269.91,0,7,ENABLED,9,300.0,12,9,6.17,13,427396974780100,5.155875299760192,0,,69.80342622562564,13,0,USD,,9,12,manual,269.91,,0,299.9,0,9,265.26,7,DAILY_BUDGET,10,9,265.26,Amazon,380.01,380.01,834,9,13,13,43,Inner-SP-KW-Creatine Gummies-creatine-EM-CPC-60,spCampaign_placement,US,INNERBRIGHTNESS,spCampaign_placement_innerbrightness_US_2026-03-21_2026-04-20.json,2026-04-21 01:59:24
85231,2026-04-21 01:59:24.822405,2026-04-21 01:59:24.822405,2026-04-13,119.96,1.6573639126830617,6,Top of Search on-Amazon,149.95,239.92,,149.95,0,4,ENABLED,5,300.0,8,5,5.79,8,427396974780100,5.580357142857143,0,,60.33677892630877,8,0,USD,,5,8,manual,149.95,,0,179.94,0,5,144.76,4,DAILY_BUDGET,6,5,144.76,Amazon,239.92,239.92,448,5,8,8,25,Inner-SP-KW-Creatine Gummies-creatine-EM-CPC-60,spCampaign_placement,US,INNERBRIGHTNESS,spCampaign_placement_innerbrightness_US_2026-03-21_2026-04-20.json,2026-04-21 01:59:24
85232,2026-04-21 01:59:24.822405,2026-04-21 01:59:24.822405,2026-04-14,89.97,1.9520503362985462,4,Top of Search on-Amazon,149.95,179.94,,149.95,0,3,ENABLED,5,300.0,6,5,5.42,6,427396974780100,4.899135446685879,0,,51.228187173502285,6,0,USD,,5,6,manual,149.95,,0,119.96,0,5,92.18,3,DAILY_BUDGET,4,5,92.18,Amazon,179.94,179.94,347,5,6,6,17,Inner-SP-KW-Creatine Gummies-creatine-EM-CPC-60,spCampaign_placement,US,INNERBRIGHTNESS,spCampaign_placement_innerbrightness_US_2026-03-21_2026-04-20.json,2026-04-21 01:59:24
85233,2026-04-21 01:59:24.822405,2026-04-21 01:59:24.822405,2026-04-15,59.98,1.6530246658398788,4,Top of Search on-Amazon,59.98,119.96,,59.98,0,2,ENABLED,2,300.0,4,2,5.58,4,427396974780100,5.46218487394958,0,,60.49516505501834,4,0,USD,,2,4,manual,59.98,,0,119.96,0,2,72.57,2,DAILY_BUDGET,4,2,72.57,Amazon,119.96,119.96,238,2,4,4,13,Inner-SP-KW-Creatine Gummies-creatine-EM-CPC-60,spCampaign_placement,US,INNERBRIGHTNESS,spCampaign_placement_innerbrightness_US_2026-03-21_2026-04-20.json,2026-04-21 01:59:24
85234,2026-04-21 01:59:24.822405,2026-04-21 01:59:24.822405,2026-04-16,0.0,0.0,0,Top of Search on-Amazon,0.0,0.0,,0.0,0,0,ENABLED,0,300.0,0,0,5.18,0,427396974780100,3.608247422680412,0,,nan,0,0,USD,,0,0,manual,0.0,,0,0.0,0,0,36.29,0,DAILY_BUDGET,0,0,36.29,Amazon,0.0,0.0,194,0,0,0,7,Inner-SP-KW-Creatine Gummies-creatine-EM-CPC-60,spCampaign_placement,US,INNERBRIGHTNESS,spCampaign_placement_innerbrightness_US_2026-03-21_2026-04-20.json,2026-04-21 01:59:24
85235,2026-04-21 01:59:24.822405,2026-04-21 01:59:24.822405,2026-04-17,89.97,1.6665740483467628,4,Top of Search on-Amazon,89.97,119.96,,89.97,0,3,ENABLED,3,300.0,4,3,5.54,4,427396974780100,6.018518518518518,0,,60.003334444814946,4,0,USD,,3,4,manual,89.97,,0,119.96,0,3,71.98,3,DAILY_BUDGET,4,3,71.98,Amazon,119.96,119.96,216,3,4,4,13,Inner-SP-KW-Creatine Gummies-creatine-EM-CPC-60,spCampaign_placement,US,INNERBRIGHTNESS,spCampaign_placement_innerbrightness_US_2026-03-21_2026-04-20.json,2026-04-21 01:59:24
85239,2026-04-21 01:59:24.822405,2026-04-21 01:59:24.822405,2026-04-13,0.0,nan,0,Detail Page on-Amazon,0.0,0.0,,0.0,0,0,ENABLED,0,150.0,0,0,0.0,0,486037133623874,0.0,0,,nan,0,0,USD,,0,0,manual,0.0,,0,0.0,0,0,0.0,0,DAILY_BUDGET,0,0,0.0,Amazon,0.0,0.0,1,0,0,0,0,Inner-SP-KW-Berberine Capsules-EM-berberine with ceylon cinnamon-1w,spCampaign_placement,US,INNERBRIGHTNESS,spCampaign_placement_innerbrightness_US_2026-03-21_2026-04-20.json,2026-04-21 01:59:24
85240,2026-04-21 01:59:24.822405,2026-04-21 01:59:24.822405,2026-04-14,0.0,nan,0,Detail Page on-Amazon,0.0,0.0,,0.0,0,0,ENABLED,0,150.0,0,0,0.0,0,486037133623874,nan,0,,nan,0,0,USD,,0,0,manual,0.0,,0,0.0,0,0,0.0,0,DAILY_BUDGET,0,0,0.0,Amazon,0.0,0.0,0,0,0,0,0,Inner-SP-KW-Berberine Capsules-EM-berberine with ceylon cinnamon-1w,spCampaign_placement,US,INNERBRIGHTNESS,spCampaign_placement_innerbrightness_US_2026-03-21_2026-04-20.json,2026-04-21 01:59:24
85241,2026-04-21 01:59:24.822405,2026-04-21 01:59:24.822405,2026-04-15,0.0,nan,0,Detail Page on-Amazon,0.0,0.0,,0.0,0,0,ENABLED,0,150.0,0,0,0.0,0,486037133623874,0.0,0,,nan,0,0,USD,,0,0,manual,0.0,,0,0.0,0,0,0.0,0,DAILY_BUDGET,0,0,0.0,Amazon,0.0,0.0,10,0,0,0,0,Inner-SP-KW-Berberine Capsules-EM-berberine with ceylon cinnamon-1w,spCampaign_placement,US,INNERBRIGHTNESS,spCampaign_placement_innerbrightness_US_2026-03-21_2026-04-20.json,2026-04-21 01:59:24
85242,2026-04-21 01:59:24.822405,2026-04-21 01:59:24.822405,2026-04-16,0.0,nan,0,Detail Page on-Amazon,0.0,0.0,,0.0,0,0,ENABLED,0,150.0,0,0,0.0,0,486037133623874,0.0,0,,nan,0,0,USD,,0,0,manual,0.0,,0,0.0,0,0,0.0,0,DAILY_BUDGET,0,0,0.0,Amazon,0.0,0.0,73,0,0,0,0,Inner-SP-KW-Berberine Capsules-EM-berberine with ceylon cinnamon-1w,spCampaign_placement,US,INNERBRIGHTNESS,spCampaign_placement_innerbrightness_US_2026-03-21_2026-04-20.json,2026-04-21 01:59:24
85243,2026-04-21 01:59:24.822405,2026-04-21 01:59:24.822405,2026-04-17,0.0,nan,0,Detail Page on-Amazon,0.0,0.0,,0.0,0,0,ENABLED,0,150.0,0,0,0.0,0,486037133623874,0.0,0,,nan,0,0,USD,,0,0,manual,0.0,,0,0.0,0,0,0.0,0,DAILY_BUDGET,0,0,0.0,Amazon,0.0,0.0,312,0,0,0,0,Inner-SP-KW-Berberine Capsules-EM-berberine with ceylon cinnamon-1w,spCampaign_placement,US,INNERBRIGHTNESS,spCampaign_placement_innerbrightness_US_2026-03-21_2026-04-20.json,2026-04-21 01:59:24
85247,2026-04-21 01:59:24.822405,2026-04-21 01:59:24.822405,2026-04-11,0.0,0.0,0,Other on-Amazon,0.0,0.0,,0.0,0,0,ENABLED,0,150.0,0,0,3.41,0,486037133623874,33.33333333333333,0,,nan,0,0,USD,,0,0,manual,0.0,,0,0.0,0,0,3.41,0,DAILY_BUDGET,0,0,3.41,Amazon,0.0,0.0,3,0,0,0,1,Inner-SP-KW-Berberine Capsules-EM-berberine with ceylon cinnamon-1w,spCampaign_placement,US,INNERBRIGHTNESS,spCampaign_placement_innerbrightness_US_2026-03-21_2026-04-20.json,2026-04-21 01:59:24
85248,2026-04-21 01:59:24.822405,2026-04-21 01:59:24.822405,2026-04-12,0.0,0.0,0,Other on-Amazon,0.0,0.0,,0.0,0,0,ENABLED,0,150.0,0,0,3.63,0,486037133623874,1.9801980198019802,0,,nan,0,0,USD,,0,0,manual,0.0,,0,0.0,0,0,7.26,0,DAILY_BUDGET,0,0,7.26,Amazon,0.0,0.0,101,0,0,0,2,Inner-SP-KW-Berberine Capsules-EM-berberine with ceylon cinnamon-1w,spCampaign_placement,US,INNERBRIGHTNESS,spCampaign_placement_innerbrightness_US_2026-03-21_2026-04-20.json,2026-04-21 01:59:24
85249,2026-04-21 01:59:24.822405,2026-04-21 01:59:24.822405,2026-04-13,0.0,0.0,0,Other on-Amazon,0.0,0.0,,0.0,0,0,ENABLED,0,150.0,0,0,3.63,0,486037133623874,1.2396694214876034,0,,nan,0,0,USD,,0,0,manual,0.0,,0,0.0,0,0,10.89,0,DAILY_BUDGET,0,0,10.89,Amazon,0.0,0.0,242,0,0,0,3,Inner-SP-KW-Berberine Capsules-EM-berberine with ceylon cinnamon-1w,spCampaign_placement,US,INNERBRIGHTNESS,spCampaign_placement_innerbrightness_US_2026-03-21_2026-04-20.json,2026-04-21 01:59:24
85250,2026-04-21 01:59:24.822405,2026-04-21 01:59:24.822405,2026-04-14,0.0,0.0,0,Other on-Amazon,0.0,0.0,,0.0,0,0,ENABLED,0,150.0,0,0,3.63,0,486037133623874,0.7220216606498195,0,,nan,0,0,USD,,0,0,manual,0.0,,0,0.0,0,0,7.26,0,DAILY_BUDGET,0,0,7.26,Amazon,0.0,0.0,277,0,0,0,2,Inner-SP-KW-Berberine Capsules-EM-berberine with ceylon cinnamon-1w,spCampaign_placement,US,INNERBRIGHTNESS,spCampaign_placement_innerbrightness_US_2026-03-21_2026-04-20.json,2026-04-21 01:59:24
85251,2026-04-21 01:59:24.822405,2026-04-21 01:59:24.822405,2026-04-15,48.98,3.403752605976372,2,Other on-Amazon,48.98,48.98,,48.98,0,2,ENABLED,2,150.0,2,2,3.6,2,486037133623874,0.7476635514018692,0,,29.379338505512457,2,0,USD,,2,2,manual,48.98,,0,48.98,0,2,14.39,2,DAILY_BUDGET,2,2,14.39,Amazon,48.98,48.98,535,2,2,2,4,Inner-SP-KW-Berberine Capsules-EM-berberine with ceylon cinnamon-1w,spCampaign_placement,US,INNERBRIGHTNESS,spCampaign_placement_innerbrightness_US_2026-03-21_2026-04-20.json,2026-04-21 01:59:24
85252,2026-04-21 01:59:24.822405,2026-04-21 01:59:24.822405,2026-04-16,24.49,0.6797113516514015,1,Other on-Amazon,24.49,24.49,,24.49,0,1,ENABLED,1,150.0,1,1,3.6,1,486037133623874,0.6116207951070336,0,,147.12127398938344,1,0,USD,,1,1,manual,24.49,,0,24.49,0,1,36.03,1,DAILY_BUDGET,1,1,36.03,Amazon,24.49,24.49,1635,1,1,1,10,Inner-SP-KW-Berberine Capsules-EM-berberine with ceylon cinnamon-1w,spCampaign_placement,US,INNERBRIGHTNESS,spCampaign_placement_innerbrightness_US_2026-03-21_2026-04-20.json,2026-04-21 01:59:24
85253,2026-04-21 01:59:24.822405,2026-04-21 01:59:24.822405,2026-04-17,48.98,1.6866391184573002,2,Other on-Amazon,48.98,48.98,,48.98,0,2,ENABLED,2,150.0,2,2,3.63,2,486037133623874,0.3128666405944466,0,,59.289505920783995,2,0,USD,,2,2,manual,48.98,,0,48.98,0,2,29.04,2,DAILY_BUDGET,2,2,29.04,Amazon,48.98,48.98,2557,2,2,2,8,Inner-SP-KW-Berberine Capsules-EM-berberine with ceylon cinnamon-1w,spCampaign_placement,US,INNERBRIGHTNESS,spCampaign_placement_innerbrightness_US_2026-03-21_2026-04-20.json,2026-04-21 01:59:24
85257,2026-04-21 01:59:24.822405,2026-04-21 01:59:24.822405,2026-04-12,0.0,nan,0,Top of Search on-Amazon,0.0,0.0,,0.0,0,0,ENABLED,0,150.0,0,0,0.0,0,486037133623874,0.0,0,,nan,0,0,USD,,0,0,manual,0.0,,0,0.0,0,0,0.0,0,DAILY_BUDGET,0,0,0.0,Amazon,0.0,0.0,2,0,0,0,0,Inner-SP-KW-Berberine Capsules-EM-berberine with ceylon cinnamon-1w,spCampaign_placement,US,INNERBRIGHTNESS,spCampaign_placement_innerbrightness_US_2026-03-21_2026-04-20.json,2026-04-21 01:59:24
85258,2026-04-21 01:59:24.822405,2026-04-21 01:59:24.822405,2026-04-13,0.0,nan,0,Top of Search on-Amazon,0.0,0.0,,0.0,0,0,ENABLED,0,150.0,0,0,0.0,0,486037133623874,0.0,0,,nan,0,0,USD,,0,0,manual,0.0,,0,0.0,0,0,0.0,0,DAILY_BUDGET,0,0,0.0,Amazon,0.0,0.0,8,0,0,0,0,Inner-SP-KW-Berberine Capsules-EM-berberine with ceylon cinnamon-1w,spCampaign_placement,US,INNERBRIGHTNESS,spCampaign_placement_innerbrightness_US_2026-03-21_2026-04-20.json,2026-04-21 01:59:24
85259,2026-04-21 01:59:24.822405,2026-04-21 01:59:24.822405,2026-04-14,0.0,0.0,0,Top of Search on-Amazon,0.0,0.0,,0.0,0,0,ENABLED,0,150.0,0,0,4.73,0,486037133623874,30.0,0,,nan,0,0,USD,,0,0,manual,0.0,,0,0.0,0,0,14.19,0,DAILY_BUDGET,0,0,14.19,Amazon,0.0,0.0,10,0,0,0,3,Inner-SP-KW-Berberine Capsules-EM-berberine with ceylon cinnamon-1w,spCampaign_placement,US,INNERBRIGHTNESS,spCampaign_placement_innerbrightness_US_2026-03-21_2026-04-20.json,2026-04-21 01:59:24
85260,2026-04-21 01:59:24.822405,2026-04-21 01:59:24.822405,2026-04-15,0.0,0.0,0,Top of Search on-Amazon,0.0,0.0,,0.0,0,0,ENABLED,0,150.0,0,0,4.56,0,486037133623874,15.789473684210526,0,,nan,0,0,USD,,0,0,manual,0.0,,0,0.0,0,0,13.67,0,DAILY_BUDGET,0,0,13.67,Amazon,0.0,0.0,19,0,0,0,3,Inner-SP-KW-Berberine Capsules-EM-berberine with ceylon cinnamon-1w,spCampaign_placement,US,INNERBRIGHTNESS,spCampaign_placement_innerbrightness_US_2026-03-21_2026-04-20.json,2026-04-21 01:59:24
85261,2026-04-21 01:59:24.822405,2026-04-21 01:59:24.822405,2026-04-16,24.49,3.2604006163328196,1,Top of Search on-Amazon,42.32,42.32,,42.32,0,1,ENABLED,2,150.0,2,2,4.33,2,486037133623874,4.6875,0,,30.671077504725897,2,0,USD,,2,2,manual,42.32,,0,24.49,0,2,12.98,1,DAILY_BUDGET,1,2,12.98,Amazon,42.32,42.32,64,2,2,2,3,Inner-SP-KW-Berberine Capsules-EM-berberine with ceylon cinnamon-1w,spCampaign_placement,US,INNERBRIGHTNESS,spCampaign_placement_innerbrightness_US_2026-03-21_2026-04-20.json,2026-04-21 01:59:24
85262,2026-04-21 01:59:24.822405,2026-04-21 01:59:24.822405,2026-04-17,0.0,0.0,0,Top of Search on-Amazon,0.0,0.0,,0.0,0,0,ENABLED,0,150.0,0,0,4.92,0,486037133623874,1.6,0,,nan,0,0,USD,,0,0,manual,0.0,,0,0.0,0,0,9.84,0,DAILY_BUDGET,0,0,9.84,Amazon,0.0,0.0,125,0,0,0,2,Inner-SP-KW-Berberine Capsules-EM-berberine with ceylon cinnamon-1w,spCampaign_placement,US,INNERBRIGHTNESS,spCampaign_placement_innerbrightness_US_2026-03-21_2026-04-20.json,2026-04-21 01:59:24
85266,2026-04-21 01:59:24.822405,2026-04-21 01:59:24.822405,2026-04-11,0.0,0.0,0,Detail Page on-Amazon,0.0,0.0,,0.0,0,0,PAUSED,0,100.0,0,0,1.9,0,298402294383592,0.19065776930409914,0,,nan,0,0,USD,,0,0,manual,0.0,,0,0.0,0,0,3.8,0,DAILY_BUDGET,0,0,3.8,Amazon,0.0,0.0,1049,0,0,0,2,Inner-SP-KW-gumm-magnesium glycinate-EM-54,spCampaign_placement,US,INNERBRIGHTNESS,spCampaign_placement_innerbrightness_US_2026-03-21_2026-04-20.json,2026-04-21 01:59:24
85267,2026-04-21 01:59:24.822405,2026-04-21 01:59:24.822405,2026-04-12,19.99,2.1042105263157893,1,Detail Page on-Amazon,19.99,19.99,,19.99,0,1,PAUSED,1,100.0,1,1,1.9,1,298402294383592,0.3987240829346092,0,,47.52376188094048,1,0,USD,,1,1,manual,19.99,,0,19.99,0,1,9.5,1,DAILY_BUDGET,1,1,9.5,Amazon,19.99,19.99,1254,1,1,1,5,Inner-SP-KW-gumm-magnesium glycinate-EM-54,spCampaign_placement,US,INNERBRIGHTNESS,spCampaign_placement_innerbrightness_US_2026-03-21_2026-04-20.json,2026-04-21 01:59:24
85268,2026-04-21 01:59:24.822405,2026-04-21 01:59:24.822405,2026-04-13,0.0,2.599375650364204,1,Detail Page on-Amazon,0.0,24.98,,0.0,0,0,PAUSED,0,100.0,1,0,1.6,1,298402294383592,0.30226700251889166,0,,38.470776621297034,1,0,USD,,0,1,manual,0.0,,0,24.98,0,0,9.61,0,DAILY_BUDGET,1,0,9.61,Amazon,24.98,24.98,1985,0,1,1,6,Inner-SP-KW-gumm-magnesium glycinate-EM-54,spCampaign_placement,US,INNERBRIGHTNESS,spCampaign_placement_innerbrightness_US_2026-03-21_2026-04-20.json,2026-04-21 01:59:24
85269,2026-04-21 01:59:24.822405,2026-04-21 01:59:24.822405,2026-04-14,0.0,3.2868421052631582,0,Detail Page on-Amazon,0.0,24.98,,0.0,0,0,PAUSED,0,100.0,1,0,1.9,1,298402294383592,0.3686635944700461,0,,30.424339471577262,1,0,USD,,0,1,manual,0.0,,0,0.0,0,0,7.6,0,DAILY_BUDGET,0,0,7.6,Amazon,24.98,24.98,1085,0,1,1,4,Inner-SP-KW-gumm-magnesium glycinate-EM-54,spCampaign_placement,US,INNERBRIGHTNESS,spCampaign_placement_innerbrightness_US_2026-03-21_2026-04-20.json,2026-04-21 01:59:24
85270,2026-04-21 01:59:24.822405,2026-04-21 01:59:24.822405,2026-04-15,0.0,0.0,0,Detail Page on-Amazon,0.0,0.0,,0.0,0,0,PAUSED,0,100.0,0,0,1.9,0,298402294383592,0.06587615283267458,0,,nan,0,0,USD,,0,0,manual,0.0,,0,0.0,0,0,1.9,0,DAILY_BUDGET,0,0,1.9,Amazon,0.0,0.0,1518,0,0,0,1,Inner-SP-KW-gumm-magnesium glycinate-EM-54,spCampaign_placement,US,INNERBRIGHTNESS,spCampaign_placement_innerbrightness_US_2026-03-21_2026-04-20.json,2026-04-21 01:59:24
85272,2026-04-21 01:59:24.822405,2026-04-21 01:59:24.822405,2026-04-11,0.0,0.0,0,Other on-Amazon,0.0,0.0,,0.0,0,0,PAUSED,0,100.0,0,0,2.37,0,298402294383592,0.17035775127768313,0,,nan,0,0,USD,,0,0,manual,0.0,,0,0.0,0,0,2.37,0,DAILY_BUDGET,0,0,2.37,Amazon,0.0,0.0,587,0,0,0,1,Inner-SP-KW-gumm-magnesium glycinate-EM-54,spCampaign_placement,US,INNERBRIGHTNESS,spCampaign_placement_innerbrightness_US_2026-03-21_2026-04-20.json,2026-04-21 01:59:24
85273,2026-04-21 01:59:24.822405,2026-04-21 01:59:24.822405,2026-04-12,0.0,11.81012658227848,1,Other on-Amazon,0.0,27.99,,0.0,0,0,PAUSED,0,100.0,1,0,2.37,1,298402294383592,0.21008403361344538,0,,8.467309753483388,1,0,USD,,0,1,manual,0.0,,0,27.99,0,0,2.37,0,DAILY_BUDGET,1,0,2.37,Amazon,27.99,27.99,476,0,1,1,1,Inner-SP-KW-gumm-magnesium glycinate-EM-54,spCampaign_placement,US,INNERBRIGHTNESS,spCampaign_placement_innerbrightness_US_2026-03-21_2026-04-20.json,2026-04-21 01:59:24
85274,2026-04-21 01:59:24.822405,2026-04-21 01:59:24.822405,2026-04-13,41.97,1.1087042662792235,3,Other on-Amazon,83.94,83.94,,83.94,0,3,PAUSED,6,100.0,6,6,2.29,6,298402294383592,2.4774774774774775,0,,90.19537765070288,6,0,USD,,6,6,manual,83.94,,0,41.97,0,6,75.71,3,DAILY_BUDGET,3,6,75.71,Amazon,83.94,83.94,1332,6,6,6,33,Inner-SP-KW-gumm-magnesium glycinate-EM-54,spCampaign_placement,US,INNERBRIGHTNESS,spCampaign_placement_innerbrightness_US_2026-03-21_2026-04-20.json,2026-04-21 01:59:24
85275,2026-04-21 01:59:24.822405,2026-04-21 01:59:24.822405,2026-04-14,83.94,1.7182041484716157,6,Other on-Amazon,125.91,125.91,,125.91,0,6,PAUSED,9,100.0,9,9,2.36,9,298402294383592,2.212705210563883,0,,58.200301802875074,9,0,USD,,9,9,manual,125.91,,0,83.94,0,9,73.28,6,DAILY_BUDGET,6,9,73.28,Amazon,125.91,125.91,1401,9,9,9,31,Inner-SP-KW-gumm-magnesium glycinate-EM-54,spCampaign_placement,US,INNERBRIGHTNESS,spCampaign_placement_innerbrightness_US_2026-03-21_2026-04-20.json,2026-04-21 01:59:24
85276,2026-04-21 01:59:24.822405,2026-04-21 01:59:24.822405,2026-04-15,27.98,0.6213635354208306,2,Other on-Amazon,27.98,27.98,,27.98,0,2,PAUSED,2,100.0,2,2,2.37,2,298402294383592,1.9832985386221296,0,,160.9363831308077,2,0,USD,,2,2,manual,27.98,,0,27.98,0,2,45.03,2,DAILY_BUDGET,2,2,45.03,Amazon,27.98,27.98,958,2,2,2,19,Inner-SP-KW-gumm-magnesium glycinate-EM-54,spCampaign_placement,US,INNERBRIGHTNESS,spCampaign_placement_innerbrightness_US_2026-03-21_2026-04-20.json,2026-04-21 01:59:24
85277,2026-04-21 01:59:24.822405,2026-04-21 01:59:24.822405,2026-04-16,0.0,nan,0,Other on-Amazon,0.0,0.0,,0.0,0,0,PAUSED,0,100.0,0,0,0.0,0,298402294383592,nan,0,,nan,0,0,USD,,0,0,manual,0.0,,0,0.0,0,0,0.0,0,DAILY_BUDGET,0,0,0.0,Amazon,0.0,0.0,0,0,0,0,0,Inner-SP-KW-gumm-magnesium glycinate-EM-54,spCampaign_placement,US,INNERBRIGHTNESS,spCampaign_placement_innerbrightness_US_2026-03-21_2026-04-20.json,2026-04-21 01:59:24
85278,2026-04-21 01:59:24.822405,2026-04-21 01:59:24.822405,2026-04-17,0.0,nan,0,Other on-Amazon,0.0,0.0,,0.0,0,0,PAUSED,0,100.0,0,0,0.0,0,298402294383592,nan,0,,nan,0,0,USD,,0,0,manual,0.0,,0,0.0,0,0,0.0,0,DAILY_BUDGET,0,0,0.0,Amazon,0.0,0.0,0,0,0,0,0,Inner-SP-KW-gumm-magnesium glycinate-EM-54,spCampaign_placement,US,INNERBRIGHTNESS,spCampaign_placement_innerbrightness_US_2026-03-21_2026-04-20.json,2026-04-21 01:59:24
85280,2026-04-21 01:59:24.822405,2026-04-21 01:59:24.822405,2026-04-12,0.0,nan,0,Top of Search on-Amazon,0.0,0.0,,0.0,0,0,PAUSED,0,100.0,0,0,0.0,0,298402294383592,0.0,0,,nan,0,0,USD,,0,0,manual,0.0,,0,0.0,0,0,0.0,0,DAILY_BUDGET,0,0,0.0,Amazon,0.0,0.0,1,0,0,0,0,Inner-SP-KW-gumm-magnesium glycinate-EM-54,spCampaign_placement,US,INNERBRIGHTNESS,spCampaign_placement_innerbrightness_US_2026-03-21_2026-04-20.json,2026-04-21 01:59:24
85281,2026-04-21 01:59:24.822405,2026-04-21 01:59:24.822405,2026-04-13,83.94,2.0413424124513617,6,Top of Search on-Amazon,83.94,83.94,,83.94,0,6,PAUSED,3,100.0,3,6,3.43,6,298402294383592,10.16949152542373,0,,48.98737193233262,6,0,USD,,6,6,manual,83.94,,0,83.94,0,3,41.12,3,DAILY_BUDGET,3,6,41.12,Amazon,83.94,83.94,118,3,3,3,12,Inner-SP-KW-gumm-magnesium glycinate-EM-54,spCampaign_placement,US,INNERBRIGHTNESS,spCampaign_placement_innerbrightness_US_2026-03-21_2026-04-20.json,2026-04-21 01:59:24
85282,2026-04-21 01:59:24.822405,2026-04-21 01:59:24.822405,2026-04-14,13.99,0.5758386499279687,1,Top of Search on-Amazon,27.98,27.98,,27.98,0,1,PAUSED,2,100.0,2,2,3.47,2,298402294383592,9.032258064516128,0,,173.65975696926375,2,0,USD,,2,2,manual,27.98,,0,13.99,0,2,48.59,1,DAILY_BUDGET,1,2,48.59,Amazon,27.98,27.98,155,2,2,2,14,Inner-SP-KW-gumm-magnesium glycinate-EM-54,spCampaign_placement,US,INNERBRIGHTNESS,spCampaign_placement_innerbrightness_US_2026-03-21_2026-04-20.json,2026-04-21 01:59:24
85283,2026-04-21 01:59:24.822405,2026-04-21 01:59:24.822405,2026-04-15,13.99,0.6630331753554503,1,Top of Search on-Amazon,13.99,13.99,,13.99,0,1,PAUSED,1,100.0,1,1,3.52,1,298402294383592,7.142857142857142,0,,150.82201572551824,1,0,USD,,1,1,manual,13.99,,0,13.99,0,1,21.1,1,DAILY_BUDGET,1,1,21.1,Amazon,13.99,13.99,84,1,1,1,6,Inner-SP-KW-gumm-magnesium glycinate-EM-54,spCampaign_placement,US,INNERBRIGHTNESS,spCampaign_placement_innerbrightness_US_2026-03-21_2026-04-20.json,2026-04-21 01:59:24
85284,2026-04-21 01:59:24.822405,2026-04-21 01:59:24.822405,2026-04-16,0.0,nan,0,Top of Search on-Amazon,0.0,0.0,,0.0,0,0,PAUSED,0,100.0,0,0,0.0,0,298402294383592,nan,0,,nan,0,0,USD,,0,0,manual,0.0,,0,0.0,0,0,0.0,0,DAILY_BUDGET,0,0,0.0,Amazon,0.0,0.0,0,0,0,0,0,Inner-SP-KW-gumm-magnesium glycinate-EM-54,spCampaign_placement,US,INNERBRIGHTNESS,spCampaign_placement_innerbrightness_US_2026-03-21_2026-04-20.json,2026-04-21 01:59:24
85285,2026-04-21 01:59:24.822405,2026-04-21 01:59:24.822405,2026-04-17,0.0,nan,0,Top of Search on-Amazon,0.0,0.0,,0.0,0,0,PAUSED,0,100.0,0,0,0.0,0,298402294383592,nan,0,,nan,0,0,USD,,0,0,manual,0.0,,0,0.0,0,0,0.0,0,DAILY_BUDGET,0,0,0.0,Amazon,0.0,0.0,0,0,0,0,0,Inner-SP-KW-gumm-magnesium glycinate-EM-54,spCampaign_placement,US,INNERBRIGHTNESS,spCampaign_placement_innerbrightness_US_2026-03-21_2026-04-20.json,2026-04-21 01:59:24
85289,2026-04-21 01:59:24.822405,2026-04-21 01:59:24.822405,2026-04-12,0.0,nan,0,Detail Page on-Amazon,0.0,0.0,,0.0,0,0,PAUSED,0,300.0,0,0,0.0,0,423904171460856,0.0,0,,nan,0,0,USD,,0,0,manual,0.0,,0,0.0,0,0,0.0,0,DAILY_BUDGET,0,0,0.0,Amazon,0.0,0.0,2,0,0,0,0,Inner-SP-KW-gumm-magnesium-EM-CPC-222,spCampaign_placement,US,INNERBRIGHTNESS,spCampaign_placement_innerbrightness_US_2026-03-21_2026-04-20.json,2026-04-21 01:59:24
85290,2026-04-21 01:59:24.822405,2026-04-21 01:59:24.822405,2026-04-13,0.0,nan,0,Detail Page on-Amazon,0.0,0.0,,0.0,0,0,PAUSED,0,300.0,0,0,0.0,0,423904171460856,0.0,0,,nan,0,0,USD,,0,0,manual,0.0,,0,0.0,0,0,0.0,0,DAILY_BUDGET,0,0,0.0,Amazon,0.0,0.0,18,0,0,0,0,Inner-SP-KW-gumm-magnesium-EM-CPC-222,spCampaign_placement,US,INNERBRIGHTNESS,spCampaign_placement_innerbrightness_US_2026-03-21_2026-04-20.json,2026-04-21 01:59:24
85291,2026-04-21 01:59:24.822405,2026-04-21 01:59:24.822405,2026-04-15,0.0,nan,0,Detail Page on-Amazon,0.0,0.0,,0.0,0,0,PAUSED,0,300.0,0,0,0.0,0,423904171460856,nan,0,,nan,0,0,USD,,0,0,manual,0.0,,0,0.0,0,0,0.0,0,DAILY_BUDGET,0,0,0.0,Amazon,0.0,0.0,0,0,0,0,0,Inner-SP-KW-gumm-magnesium-EM-CPC-222,spCampaign_placement,US,INNERBRIGHTNESS,spCampaign_placement_innerbrightness_US_2026-03-21_2026-04-20.json,2026-04-21 01:59:24
85292,2026-04-21 01:59:24.822405,2026-04-21 01:59:24.822405,2026-04-11,0.0,0.0,0,Other on-Amazon,0.0,0.0,,0.0,0,0,PAUSED,0,300.0,0,0,3.0,0,423904171460856,0.6041079339508658,0,,nan,0,0,USD,,0,0,manual,0.0,,0,0.0,0,0,45.0,0,DAILY_BUDGET,0,0,45.0,Amazon,0.0,0.0,2483,0,0,0,15,Inner-SP-KW-gumm-magnesium-EM-CPC-222,spCampaign_placement,US,INNERBRIGHTNESS,spCampaign_placement_innerbrightness_US_2026-03-21_2026-04-20.json,2026-04-21 01:59:24
85293,2026-04-21 01:59:24.822405,2026-04-21 01:59:24.822405,2026-04-12,53.97,0.6673673797452702,3,Other on-Amazon,53.97,53.97,,53.97,0,3,PAUSED,3,300.0,3,3,2.89,3,423904171460856,0.941492938802959,0,,149.84250509542338,3,0,USD,,3,3,manual,53.97,,0,53.97,0,3,80.87,3,DAILY_BUDGET,3,3,80.87,Amazon,53.97,53.97,2974,3,3,3,28,Inner-SP-KW-gumm-magnesium-EM-CPC-222,spCampaign_placement,US,INNERBRIGHTNESS,spCampaign_placement_innerbrightness_US_2026-03-21_2026-04-20.json,2026-04-21 01:59:24
85294,2026-04-21 01:59:24.822405,2026-04-21 01:59:24.822405,2026-04-13,55.96,0.7951122477976699,4,Other on-Amazon,55.96,55.96,,55.96,0,4,PAUSED,4,300.0,4,4,2.93,4,423904171460856,1.1049723756906076,0,,125.76840600428876,4,0,USD,,4,4,manual,55.96,,0,55.96,0,4,70.38,4,DAILY_BUDGET,4,4,70.38,Amazon,55.96,55.96,2172,4,4,4,24,Inner-SP-KW-gumm-magnesium-EM-CPC-222,spCampaign_placement,US,INNERBRIGHTNESS,spCampaign_placement_innerbrightness_US_2026-03-21_2026-04-20.json,2026-04-21 01:59:24
85295,2026-04-21 01:59:24.822405,2026-04-21 01:59:24.822405,2026-04-15,0.0,nan,0,Other on-Amazon,0.0,0.0,,0.0,0,0,PAUSED,0,300.0,0,0,0.0,0,423904171460856,nan,0,,nan,0,0,USD,,0,0,manual,0.0,,0,0.0,0,0,0.0,0,DAILY_BUDGET,0,0,0.0,Amazon,0.0,0.0,0,0,0,0,0,Inner-SP-KW-gumm-magnesium-EM-CPC-222,spCampaign_placement,US,INNERBRIGHTNESS,spCampaign_placement_innerbrightness_US_2026-03-21_2026-04-20.json,2026-04-21 01:59:24
85296,2026-04-21 01:59:24.822405,2026-04-21 01:59:24.822405,2026-04-12,0.0,nan,0,Top of Search on-Amazon,0.0,0.0,,0.0,0,0,PAUSED,0,300.0,0,0,0.0,0,423904171460856,0.0,0,,nan,0,0,USD,,0,0,manual,0.0,,0,0.0,0,0,0.0,0,DAILY_BUDGET,0,0,0.0,Amazon,0.0,0.0,2,0,0,0,0,Inner-SP-KW-gumm-magnesium-EM-CPC-222,spCampaign_placement,US,INNERBRIGHTNESS,spCampaign_placement_innerbrightness_US_2026-03-21_2026-04-20.json,2026-04-21 01:59:24
85297,2026-04-21 01:59:24.822405,2026-04-21 01:59:24.822405,2026-04-13,0.0,0.0,0,Top of Search on-Amazon,0.0,0.0,,0.0,0,0,PAUSED,0,300.0,0,0,3.5,0,423904171460856,50.0,0,,nan,0,0,USD,,0,0,manual,0.0,,0,0.0,0,0,3.5,0,DAILY_BUDGET,0,0,3.5,Amazon,0.0,0.0,2,0,0,0,1,Inner-SP-KW-gumm-magnesium-EM-CPC-222,spCampaign_placement,US,INNERBRIGHTNESS,spCampaign_placement_innerbrightness_US_2026-03-21_2026-04-20.json,2026-04-21 01:59:24
85298,2026-04-21 01:59:24.822405,2026-04-21 01:59:24.822405,2026-04-11,0.0,nan,0,Detail Page on-Amazon,0.0,0.0,,0.0,0,0,ENABLED,0,1.0,0,0,0.0,0,399896724869227,0.0,0,,nan,0,0,USD,,0,0,manual,0.0,,0,0.0,0,0,0.0,0,DAILY_BUDGET,0,0,0.0,Amazon,0.0,0.0,25,0,0,0,0,Inner-SP-KW-gumm-magnesium glaycinate-PM-CPC-56,spCampaign_placement,US,INNERBRIGHTNESS,spCampaign_placement_innerbrightness_US_2026-03-21_2026-04-20.json,2026-04-21 01:59:24
85299,2026-04-21 01:59:24.822405,2026-04-21 01:59:24.822405,2026-04-12,0.0,0.0,0,Detail Page on-Amazon,0.0,0.0,,0.0,0,0,ENABLED,0,1.0,0,0,0.07,0,399896724869227,1.639344262295082,0,,nan,0,0,USD,,0,0,manual,0.0,,0,0.0,0,0,0.07,0,DAILY_BUDGET,0,0,0.07,Amazon,0.0,0.0,61,0,0,0,1,Inner-SP-KW-gumm-magnesium glaycinate-PM-CPC-56,spCampaign_placement,US,INNERBRIGHTNESS,spCampaign_placement_innerbrightness_US_2026-03-21_2026-04-20.json,2026-04-21 01:59:24
85300,2026-04-21 01:59:24.822405,2026-04-21 01:59:24.822405,2026-04-13,83.94,14.62369337979094,6,Detail Page on-Amazon,83.94,83.94,,83.94,0,6,ENABLED,6,1.0,6,6,0.57,6,399896724869227,2.2675736961451247,0,,6.838217774600906,6,0,USD,,6,6,manual,83.94,,0,83.94,0,6,5.74,6,DAILY_BUDGET,6,6,5.74,Amazon,83.94,83.94,441,6,6,6,10,Inner-SP-KW-gumm-magnesium glaycinate-PM-CPC-56,spCampaign_placement,US,INNERBRIGHTNESS,spCampaign_placement_innerbrightness_US_2026-03-21_2026-04-20.json,2026-04-21 01:59:24
85301,2026-04-21 01:59:24.822405,2026-04-21 01:59:24.822405,2026-04-14,41.97,22.809782608695652,3,Detail Page on-Amazon,41.97,41.97,,41.97,0,3,ENABLED,3,1.0,3,3,0.46,3,399896724869227,1.1560693641618496,0,,4.384083869430546,3,0,USD,,3,3,manual,41.97,,0,41.97,0,3,1.84,3,DAILY_BUDGET,3,3,1.84,Amazon,41.97,41.97,346,3,3,3,4,Inner-SP-KW-gumm-magnesium glaycinate-PM-CPC-56,spCampaign_placement,US,INNERBRIGHTNESS,spCampaign_placement_innerbrightness_US_2026-03-21_2026-04-20.json,2026-04-21 01:59:24
85302,2026-04-21 01:59:24.822405,2026-04-21 01:59:24.822405,2026-04-15,0.0,0.0,0,Detail Page on-Amazon,0.0,0.0,,0.0,0,0,ENABLED,0,1.0,0,0,0.48,0,399896724869227,0.7633587786259541,0,,nan,0,0,USD,,0,0,manual,0.0,,0,0.0,0,0,0.48,0,DAILY_BUDGET,0,0,0.48,Amazon,0.0,0.0,131,0,0,0,1,Inner-SP-KW-gumm-magnesium glaycinate-PM-CPC-56,spCampaign_placement,US,INNERBRIGHTNESS,spCampaign_placement_innerbrightness_US_2026-03-21_2026-04-20.json,2026-04-21 01:59:24
85303,2026-04-21 01:59:24.822405,2026-04-21 01:59:24.822405,2026-04-16,125.91,23.59190556492411,9,Detail Page on-Amazon,139.9,139.9,,139.9,0,9,ENABLED,9,1.0,9,10,0.54,10,399896724869227,2.3255813953488373,0,,4.238741958541816,10,0,USD,,10,10,manual,139.9,,0,125.91,0,9,5.93,8,DAILY_BUDGET,8,10,5.93,Amazon,139.9,139.9,473,9,9,9,11,Inner-SP-KW-gumm-magnesium glaycinate-PM-CPC-56,spCampaign_placement,US,INNERBRIGHTNESS,spCampaign_placement_innerbrightness_US_2026-03-21_2026-04-20.json,2026-04-21 01:59:24
85304,2026-04-21 01:59:24.822405,2026-04-21 01:59:24.822405,2026-04-17,0.0,nan,0,Detail Page on-Amazon,0.0,0.0,,0.0,0,0,ENABLED,0,1.0,0,0,0.0,0,399896724869227,0.0,0,,nan,0,0,USD,,0,0,manual,0.0,,0,0.0,0,0,0.0,0,DAILY_BUDGET,0,0,0.0,Amazon,0.0,0.0,76,0,0,0,0,Inner-SP-KW-gumm-magnesium glaycinate-PM-CPC-56,spCampaign_placement,US,INNERBRIGHTNESS,spCampaign_placement_innerbrightness_US_2026-03-21_2026-04-20.json,2026-04-21 01:59:24
85308,2026-04-21 01:59:24.822405,2026-04-21 01:59:24.822405,2026-04-11,39.98,0.907343124165554,2,Other on-Amazon,67.96,67.96,,67.96,0,2,ENABLED,4,1.0,4,4,2.5,4,399896724869227,0.513083632632119,0,,110.21188934667454,4,0,USD,,4,4,manual,67.96,,0,39.98,0,4,74.9,2,DAILY_BUDGET,2,4,74.9,Amazon,67.96,67.96,5847,4,4,4,30,Inner-SP-KW-gumm-magnesium glaycinate-PM-CPC-56,spCampaign_placement,US,INNERBRIGHTNESS,spCampaign_placement_innerbrightness_US_2026-03-21_2026-04-20.json,2026-04-21 01:59:24
85309,2026-04-21 01:59:24.822405,2026-04-21 01:59:24.822405,2026-04-12,113.94,1.263510163609321,6,Other on-Amazon,127.93,152.91,,127.93,0,6,ENABLED,7,1.0,8,7,2.42,8,399896724869227,0.665513110608279,0,,79.14459485972141,8,0,USD,,7,8,manual,127.93,,0,113.94,0,7,121.02,6,DAILY_BUDGET,6,7,121.02,Amazon,152.91,152.91,7513,7,8,8,50,Inner-SP-KW-gumm-magnesium glaycinate-PM-CPC-56,spCampaign_placement,US,INNERBRIGHTNESS,spCampaign_placement_innerbrightness_US_2026-03-21_2026-04-20.json,2026-04-21 01:59:24
85310,2026-04-21 01:59:24.822405,2026-04-21 01:59:24.822405,2026-04-13,55.96,1.2026745913818722,5,Other on-Amazon,55.96,80.94,,55.96,0,4,ENABLED,3,1.0,4,4,2.49,5,399896724869227,0.5822730213500108,0,,83.14801087225105,5,0,USD,,4,5,manual,55.96,,0,80.94,0,3,67.3,3,DAILY_BUDGET,4,4,67.3,Amazon,80.94,80.94,4637,3,4,4,27,Inner-SP-KW-gumm-magnesium glaycinate-PM-CPC-56,spCampaign_placement,US,INNERBRIGHTNESS,spCampaign_placement_innerbrightness_US_2026-03-21_2026-04-20.json,2026-04-21 01:59:24
85311,2026-04-21 01:59:24.822405,2026-04-21 01:59:24.822405,2026-04-14,69.95,0.9224565154018075,6,Other on-Amazon,69.95,94.93,,69.95,0,5,ENABLED,5,1.0,6,5,2.45,6,399896724869227,0.8160093258208665,0,,108.40619403771198,6,0,USD,,5,6,manual,69.95,,0,94.93,0,5,102.91,5,DAILY_BUDGET,6,5,102.91,Amazon,94.93,94.93,5147,5,6,6,42,Inner-SP-KW-gumm-magnesium glaycinate-PM-CPC-56,spCampaign_placement,US,INNERBRIGHTNESS,spCampaign_placement_innerbrightness_US_2026-03-21_2026-04-20.json,2026-04-21 01:59:24
85312,2026-04-21 01:59:24.822405,2026-04-21 01:59:24.822405,2026-04-15,111.92,1.1216676688715173,8,Other on-Amazon,111.92,111.92,,111.92,0,8,ENABLED,8,1.0,8,8,2.22,8,399896724869227,0.9823182711198428,0,,89.1529664045747,8,0,USD,,8,8,manual,111.92,,0,111.92,0,8,99.78,8,DAILY_BUDGET,8,8,99.78,Amazon,111.92,111.92,4581,8,8,8,45,Inner-SP-KW-gumm-magnesium glaycinate-PM-CPC-56,spCampaign_placement,US,INNERBRIGHTNESS,spCampaign_placement_innerbrightness_US_2026-03-21_2026-04-20.json,2026-04-21 01:59:24
85313,2026-04-21 01:59:24.822405,2026-04-21 01:59:24.822405,2026-04-16,27.98,0.44632317754027756,2,Other on-Amazon,27.98,27.98,,27.98,0,2,ENABLED,2,1.0,2,2,1.96,2,399896724869227,0.8165348303138555,0,,224.05289492494637,2,0,USD,,2,2,manual,27.98,,0,27.98,0,2,62.69,2,DAILY_BUDGET,2,2,62.69,Amazon,27.98,27.98,3919,2,2,2,32,Inner-SP-KW-gumm-magnesium glaycinate-PM-CPC-56,spCampaign_placement,US,INNERBRIGHTNESS,spCampaign_placement_innerbrightness_US_2026-03-21_2026-04-20.json,2026-04-21 01:59:24
85314,2026-04-21 01:59:24.822405,2026-04-21 01:59:24.822405,2026-04-17,13.99,1.1435979971387698,2,Other on-Amazon,13.99,63.95,,13.99,0,1,ENABLED,1,1.0,3,1,2.0,3,399896724869227,0.9691934925579786,0,,87.443315089914,3,0,USD,,1,3,manual,13.99,,0,38.97,0,1,55.92,1,DAILY_BUDGET,2,1,55.92,Amazon,63.95,63.95,2889,1,3,3,28,Inner-SP-KW-gumm-magnesium glaycinate-PM-CPC-56,spCampaign_placement,US,INNERBRIGHTNESS,spCampaign_placement_innerbrightness_US_2026-03-21_2026-04-20.json,2026-04-21 01:59:24
85318,2026-04-21 01:59:24.822405,2026-04-21 01:59:24.822405,2026-04-11,39.98,0.4779856519904346,2,Top of Search on-Amazon,67.96,67.96,,67.96,0,2,ENABLED,4,1.0,4,4,3.39,4,399896724869227,7.806691449814126,0,,209.211300765156,4,0,USD,,4,4,manual,67.96,,0,39.98,0,4,142.18,2,DAILY_BUDGET,2,4,142.18,Amazon,67.96,67.96,538,4,4,4,42,Inner-SP-KW-gumm-magnesium glaycinate-PM-CPC-56,spCampaign_placement,US,INNERBRIGHTNESS,spCampaign_placement_innerbrightness_US_2026-03-21_2026-04-20.json,2026-04-21 01:59:24
85319,2026-04-21 01:59:24.822405,2026-04-21 01:59:24.822405,2026-04-12,173.91,0.9379752979882423,9,Top of Search on-Amazon,173.91,173.91,,173.91,0,9,ENABLED,9,1.0,9,9,3.31,9,399896724869227,7.235142118863049,0,,106.61261572077511,9,0,USD,,9,9,manual,173.91,,0,173.91,0,9,185.41,9,DAILY_BUDGET,9,9,185.41,Amazon,173.91,173.91,774,9,9,9,56,Inner-SP-KW-gumm-magnesium glaycinate-PM-CPC-56,spCampaign_placement,US,INNERBRIGHTNESS,spCampaign_placement_innerbrightness_US_2026-03-21_2026-04-20.json,2026-04-21 01:59:24
85320,2026-04-21 01:59:24.822405,2026-04-21 01:59:24.822405,2026-04-13,83.94,0.9232329302185833,7,Top of Search on-Amazon,97.93,122.91,,97.93,0,6,ENABLED,7,1.0,8,7,3.17,8,399896724869227,7.879924953095685,0,,108.31502725571556,8,0,USD,,7,8,manual,97.93,,0,108.92,0,7,133.13,6,DAILY_BUDGET,7,7,133.13,Amazon,122.91,122.91,533,7,8,8,42,Inner-SP-KW-gumm-magnesium glaycinate-PM-CPC-56,spCampaign_placement,US,INNERBRIGHTNESS,spCampaign_placement_innerbrightness_US_2026-03-21_2026-04-20.json,2026-04-21 01:59:24
85321,2026-04-21 01:59:24.822405,2026-04-21 01:59:24.822405,2026-04-14,139.9,1.2479439537008834,12,Top of Search on-Amazon,195.86,245.82,,195.86,0,10,ENABLED,13,1.0,15,14,3.23,16,399896724869227,9.077380952380953,0,,80.13180375884794,16,0,USD,,14,16,manual,195.86,,0,189.86,0,13,196.98,9,DAILY_BUDGET,11,14,196.98,Amazon,245.82,245.82,672,13,15,15,61,Inner-SP-KW-gumm-magnesium glaycinate-PM-CPC-56,spCampaign_placement,US,INNERBRIGHTNESS,spCampaign_placement_innerbrightness_US_2026-03-21_2026-04-20.json,2026-04-21 01:59:24
85322,2026-04-21 01:59:24.822405,2026-04-21 01:59:24.822405,2026-04-15,111.92,1.1659412908602649,8,Top of Search on-Amazon,125.91,125.91,,125.91,0,8,ENABLED,9,1.0,9,9,2.92,9,399896724869227,7.129094412331407,0,,85.76761178619648,9,0,USD,,9,9,manual,125.91,,0,111.92,0,9,107.99,8,DAILY_BUDGET,8,9,107.99,Amazon,125.91,125.91,519,9,9,9,37,Inner-SP-KW-gumm-magnesium glaycinate-PM-CPC-56,spCampaign_placement,US,INNERBRIGHTNESS,spCampaign_placement_innerbrightness_US_2026-03-21_2026-04-20.json,2026-04-21 01:59:24
85323,2026-04-21 01:59:24.822405,2026-04-21 01:59:24.822405,2026-04-16,83.94,0.8092050900677574,6,Top of Search on-Amazon,97.93,97.93,,97.93,0,6,ENABLED,7,1.0,7,7,2.88,7,399896724869227,7.5134168157423975,0,,123.57806596548554,7,0,USD,,7,7,manual,97.93,,0,83.94,0,7,121.02,6,DAILY_BUDGET,6,7,121.02,Amazon,97.93,97.93,559,7,7,7,42,Inner-SP-KW-gumm-magnesium glaycinate-PM-CPC-56,spCampaign_placement,US,INNERBRIGHTNESS,spCampaign_placement_innerbrightness_US_2026-03-21_2026-04-20.json,2026-04-21 01:59:24
85324,2026-04-21 01:59:24.822405,2026-04-21 01:59:24.822405,2026-04-17,153.89,1.4235083614341753,11,Top of Search on-Amazon,181.87,206.85,,181.87,0,11,ENABLED,12,1.0,13,13,2.79,14,399896724869227,10.766045548654244,0,,70.24897268552091,14,0,USD,,13,14,manual,181.87,,0,153.89,0,12,145.31,10,DAILY_BUDGET,10,13,145.31,Amazon,206.85,206.85,483,12,13,13,52,Inner-SP-KW-gumm-magnesium glaycinate-PM-CPC-56,spCampaign_placement,US,INNERBRIGHTNESS,spCampaign_placement_innerbrightness_US_2026-03-21_2026-04-20.json,2026-04-21 01:59:24
85328,2026-04-21 01:59:24.822405,2026-04-21 01:59:24.822405,2026-04-15,0.0,nan,0,Top of Search on-Amazon,0.0,0.0,,0.0,0,0,PAUSED,0,1.0,0,0,0.0,0,379771125260003,nan,0,,nan,0,0,USD,,0,0,manual,0.0,,0,0.0,0,0,0.0,0,DAILY_BUDGET,0,0,0.0,Amazon,0.0,0.0,0,0,0,0,0,Inner-SP-KW-gumm-magnesium-PM-CPC-222,spCampaign_placement,US,INNERBRIGHTNESS,spCampaign_placement_innerbrightness_US_2026-03-21_2026-04-20.json,2026-04-21 01:59:24
85329,2026-04-21 01:59:24.822405,2026-04-21 01:59:24.822405,2026-04-11,0.0,nan,0,Detail Page on-Amazon,0.0,0.0,,0.0,0,0,ENABLED,0,1300.0,0,0,0.0,0,558606714617685,0.0,0,,nan,0,0,USD,,0,0,manual,0.0,,0,0.0,0,0,0.0,0,DAILY_BUDGET,0,0,0.0,Amazon,0.0,0.0,30,0,0,0,0,Inner-SP-Auto-gumm-magnesium-CPC-Low bid,spCampaign_placement,US,INNERBRIGHTNESS,spCampaign_placement_innerbrightness_US_2026-03-21_2026-04-20.json,2026-04-21 01:59:24
85330,2026-04-21 01:59:24.822405,2026-04-21 01:59:24.822405,2026-04-12,0.0,nan,0,Detail Page on-Amazon,0.0,0.0,,0.0,0,0,ENABLED,0,1300.0,0,0,0.0,0,558606714617685,0.0,0,,nan,0,0,USD,,0,0,manual,0.0,,0,0.0,0,0,0.0,0,DAILY_BUDGET,0,0,0.0,Amazon,0.0,0.0,68,0,0,0,0,Inner-SP-Auto-gumm-magnesium-CPC-Low bid,spCampaign_placement,US,INNERBRIGHTNESS,spCampaign_placement_innerbrightness_US_2026-03-21_2026-04-20.json,2026-04-21 01:59:24
85331,2026-04-21 01:59:24.822405,2026-04-21 01:59:24.822405,2026-04-13,0.0,nan,0,Detail Page on-Amazon,0.0,0.0,,0.0,0,0,ENABLED,0,1300.0,0,0,0.0,0,558606714617685,0.0,0,,nan,0,0,USD,,0,0,manual,0.0,,0,0.0,0,0,0.0,0,DAILY_BUDGET,0,0,0.0,Amazon,0.0,0.0,355,0,0,0,0,Inner-SP-Auto-gumm-magnesium-CPC-Low bid,spCampaign_placement,US,INNERBRIGHTNESS,spCampaign_placement_innerbrightness_US_2026-03-21_2026-04-20.json,2026-04-21 01:59:24
85332,2026-04-21 01:59:24.822405,2026-04-21 01:59:24.822405,2026-04-14,0.0,nan,0,Detail Page on-Amazon,0.0,0.0,,0.0,0,0,ENABLED,0,1300.0,0,0,0.0,0,558606714617685,0.0,0,,nan,0,0,USD,,0,0,manual,0.0,,0,0.0,0,0,0.0,0,DAILY_BUDGET,0,0,0.0,Amazon,0.0,0.0,82,0,0,0,0,Inner-SP-Auto-gumm-magnesium-CPC-Low bid,spCampaign_placement,US,INNERBRIGHTNESS,spCampaign_placement_innerbrightness_US_2026-03-21_2026-04-20.json,2026-04-21 01:59:24
85333,2026-04-21 01:59:24.822405,2026-04-21 01:59:24.822405,2026-04-15,0.0,0.0,0,Detail Page on-Amazon,0.0,0.0,,0.0,0,0,ENABLED,0,1300.0,0,0,1.0,0,558606714617685,0.2557544757033248,0,,nan,0,0,USD,,0,0,manual,0.0,,0,0.0,0,0,1.0,0,DAILY_BUDGET,0,0,1.0,Amazon,0.0,0.0,391,0,0,0,1,Inner-SP-Auto-gumm-magnesium-CPC-Low bid,spCampaign_placement,US,INNERBRIGHTNESS,spCampaign_placement_innerbrightness_US_2026-03-21_2026-04-20.json,2026-04-21 01:59:24
85334,2026-04-21 01:59:24.822405,2026-04-21 01:59:24.822405,2026-04-16,0.0,0.0,0,Detail Page on-Amazon,0.0,0.0,,0.0,0,0,ENABLED,0,1300.0,0,0,1.0,0,558606714617685,0.3656307129798903,0,,nan,0,0,USD,,0,0,manual,0.0,,0,0.0,0,0,2.0,0,DAILY_BUDGET,0,0,2.0,Amazon,0.0,0.0,547,0,0,0,2,Inner-SP-Auto-gumm-magnesium-CPC-Low bid,spCampaign_placement,US,INNERBRIGHTNESS,spCampaign_placement_innerbrightness_US_2026-03-21_2026-04-20.json,2026-04-21 01:59:24
85335,2026-04-21 01:59:24.822405,2026-04-21 01:59:24.822405,2026-04-17,0.0,nan,0,Detail Page on-Amazon,0.0,0.0,,0.0,0,0,ENABLED,0,1300.0,0,0,0.0,0,558606714617685,0.0,0,,nan,0,0,USD,,0,0,manual,0.0,,0,0.0,0,0,0.0,0,DAILY_BUDGET,0,0,0.0,Amazon,0.0,0.0,131,0,0,0,0,Inner-SP-Auto-gumm-magnesium-CPC-Low bid,spCampaign_placement,US,INNERBRIGHTNESS,spCampaign_placement_innerbrightness_US_2026-03-21_2026-04-20.json,2026-04-21 01:59:24
85339,2026-04-21 01:59:24.822405,2026-04-21 01:59:24.822405,2026-04-12,0.0,nan,0,Off Amazon,0.0,0.0,,0.0,0,0,ENABLED,0,1300.0,0,0,0.0,0,558606714617685,nan,0,,nan,0,0,USD,,0,0,manual,0.0,,0,0.0,0,0,0.0,0,DAILY_BUDGET,0,0,0.0,Amazon,0.0,0.0,0,0,0,0,0,Inner-SP-Auto-gumm-magnesium-CPC-Low bid,spCampaign_placement,US,INNERBRIGHTNESS,spCampaign_placement_innerbrightness_US_2026-03-21_2026-04-20.json,2026-04-21 01:59:24
85340,2026-04-21 01:59:24.822405,2026-04-21 01:59:24.822405,2026-04-11,159.92,0.7586372360844529,8,Other on-Amazon,173.91,173.91,,173.91,0,8,ENABLED,9,1300.0,9,9,2.73,9,558606714617685,0.9246009906439185,0,,131.81530676786846,9,0,USD,,9,9,manual,173.91,,0,159.92,0,9,229.24,8,DAILY_BUDGET,8,9,229.24,Amazon,173.91,173.91,9085,9,9,9,84,Inner-SP-Auto-gumm-magnesium-CPC-Low bid,spCampaign_placement,US,INNERBRIGHTNESS,spCampaign_placement_innerbrightness_US_2026-03-21_2026-04-20.json,2026-04-21 01:59:24
85341,2026-04-21 01:59:24.822405,2026-04-21 01:59:24.822405,2026-04-12,139.93,0.6354141195374996,7,Other on-Amazon,181.9,181.9,,181.9,0,7,ENABLED,9,1300.0,9,10,2.78,10,558606714617685,0.8958858832738975,0,,157.37768004398018,10,0,USD,,10,10,manual,181.9,,0,139.93,0,9,286.27,7,DAILY_BUDGET,7,10,286.27,Amazon,181.9,181.9,11497,9,9,9,103,Inner-SP-Auto-gumm-magnesium-CPC-Low bid,spCampaign_placement,US,INNERBRIGHTNESS,spCampaign_placement_innerbrightness_US_2026-03-21_2026-04-20.json,2026-04-21 01:59:24
85342,2026-04-21 01:59:24.822405,2026-04-21 01:59:24.822405,2026-04-13,41.97,0.7287723563118597,3,Other on-Amazon,41.97,41.97,,41.97,0,3,ENABLED,3,1300.0,3,3,2.4,3,558606714617685,1.1455847255369929,0,,137.21705980462235,3,0,USD,,3,3,manual,41.97,,0,41.97,0,3,57.59,3,DAILY_BUDGET,3,3,57.59,Amazon,41.97,41.97,2095,3,3,3,24,Inner-SP-Auto-gumm-magnesium-CPC-Low bid,spCampaign_placement,US,INNERBRIGHTNESS,spCampaign_placement_innerbrightness_US_2026-03-21_2026-04-20.json,2026-04-21 01:59:24
85343,2026-04-21 01:59:24.822405,2026-04-21 01:59:24.822405,2026-04-14,0.0,0.0,0,Other on-Amazon,0.0,0.0,,0.0,0,0,ENABLED,0,1300.0,0,0,1.5,0,558606714617685,0.7633587786259541,0,,nan,0,0,USD,,0,0,manual,0.0,,0,0.0,0,0,1.5,0,DAILY_BUDGET,0,0,1.5,Amazon,0.0,0.0,131,0,0,0,1,Inner-SP-Auto-gumm-magnesium-CPC-Low bid,spCampaign_placement,US,INNERBRIGHTNESS,spCampaign_placement_innerbrightness_US_2026-03-21_2026-04-20.json,2026-04-21 01:59:24
85344,2026-04-21 01:59:24.822405,2026-04-21 01:59:24.822405,2026-04-15,13.99,1.5544444444444445,1,Other on-Amazon,13.99,13.99,,13.99,0,1,ENABLED,1,1300.0,1,1,1.5,1,558606714617685,1.1741682974559686,0,,64.33166547533953,1,0,USD,,1,1,manual,13.99,,0,13.99,0,1,9.0,1,DAILY_BUDGET,1,1,9.0,Amazon,13.99,13.99,511,1,1,1,6,Inner-SP-Auto-gumm-magnesium-CPC-Low bid,spCampaign_placement,US,INNERBRIGHTNESS,spCampaign_placement_innerbrightness_US_2026-03-21_2026-04-20.json,2026-04-21 01:59:24
85345,2026-04-21 01:59:24.822405,2026-04-21 01:59:24.822405,2026-04-16,0.0,0.0,0,Other on-Amazon,0.0,0.0,,0.0,0,0,ENABLED,0,1300.0,0,0,1.5,0,558606714617685,1.5600624024960998,0,,nan,0,0,USD,,0,0,manual,0.0,,0,0.0,0,0,15.0,0,DAILY_BUDGET,0,0,15.0,Amazon,0.0,0.0,641,0,0,0,10,Inner-SP-Auto-gumm-magnesium-CPC-Low bid,spCampaign_placement,US,INNERBRIGHTNESS,spCampaign_placement_innerbrightness_US_2026-03-21_2026-04-20.json,2026-04-21 01:59:24
85346,2026-04-21 01:59:24.822405,2026-04-21 01:59:24.822405,2026-04-17,0.0,0.0,0,Other on-Amazon,0.0,0.0,,0.0,0,0,ENABLED,0,1300.0,0,0,1.5,0,558606714617685,1.3513513513513513,0,,nan,0,0,USD,,0,0,manual,0.0,,0,0.0,0,0,10.5,0,DAILY_BUDGET,0,0,10.5,Amazon,0.0,0.0,518,0,0,0,7,Inner-SP-Auto-gumm-magnesium-CPC-Low bid,spCampaign_placement,US,INNERBRIGHTNESS,spCampaign_placement_innerbrightness_US_2026-03-21_2026-04-20.json,2026-04-21 01:59:24
85350,2026-04-21 01:59:24.822405,2026-04-21 01:59:24.822405,2026-04-11,459.77,1.0031434631116498,25,Top of Search on-Amazon,473.76,529.74,,473.76,0,23,ENABLED,24,1300.0,26,24,3.57,26,558606714617685,10.755813953488373,0,,99.6866387284328,26,0,USD,,24,26,manual,473.76,,0,515.75,0,24,528.08,23,DAILY_BUDGET,25,24,528.08,Amazon,529.74,529.74,1376,24,26,26,148,Inner-SP-Auto-gumm-magnesium-CPC-Low bid,spCampaign_placement,US,INNERBRIGHTNESS,spCampaign_placement_innerbrightness_US_2026-03-21_2026-04-20.json,2026-04-21 01:59:24
85351,2026-04-21 01:59:24.822405,2026-04-21 01:59:24.822405,2026-04-12,1013.49,1.4661878360215055,59,Top of Search on-Amazon,1125.41,1382.29,,1125.41,0,51,ENABLED,55,1300.0,65,59,3.41,69,558606714617685,12.821691176470587,0,,68.20408514051623,69,0,USD,,59,68,manual,1111.42,,0,1234.4,0,56,952.32,48,DAILY_BUDGET,56,58,952.32,Amazon,1396.28,1396.28,2176,56,66,66,279,Inner-SP-Auto-gumm-magnesium-CPC-Low bid,spCampaign_placement,US,INNERBRIGHTNESS,spCampaign_placement_innerbrightness_US_2026-03-21_2026-04-20.json,2026-04-21 01:59:24
85352,2026-04-21 01:59:24.822405,2026-04-21 01:59:24.822405,2026-04-13,699.5,1.2835453255030758,55,Top of Search on-Amazon,797.43,908.34,,797.43,0,50,ENABLED,52,1300.0,57,57,3.39,62,558606714617685,12.589073634204276,0,,77.90920820096927,62,0,USD,,57,61,manual,783.44,,0,824.4,0,53,718.58,46,DAILY_BUDGET,51,56,718.58,Amazon,922.33,922.33,1684,53,58,58,212,Inner-SP-Auto-gumm-magnesium-CPC-Low bid,spCampaign_placement,US,INNERBRIGHTNESS,spCampaign_placement_innerbrightness_US_2026-03-21_2026-04-20.json,2026-04-21 01:59:24
85353,2026-04-21 01:59:24.822405,2026-04-21 01:59:24.822405,2026-04-14,167.88,1.1479942091252977,14,Top of Search on-Amazon,195.86,245.82,,195.86,0,12,ENABLED,14,1300.0,16,14,3.02,16,558606714617685,12.412587412587413,0,,87.10845333984216,16,0,USD,,14,16,manual,195.86,,0,217.84,0,14,214.13,12,DAILY_BUDGET,14,14,214.13,Amazon,245.82,245.82,572,14,16,16,71,Inner-SP-Auto-gumm-magnesium-CPC-Low bid,spCampaign_placement,US,INNERBRIGHTNESS,spCampaign_placement_innerbrightness_US_2026-03-21_2026-04-20.json,2026-04-21 01:59:24
85354,2026-04-21 01:59:24.822405,2026-04-21 01:59:24.822405,2026-04-15,391.72,1.482064467578076,29,Top of Search on-Amazon,447.68,472.66,,447.68,0,28,ENABLED,31,1300.0,32,32,3.01,33,558606714617685,13.184079601990051,0,,67.47344814454365,33,0,USD,,32,33,manual,447.68,,0,416.7,0,31,318.92,27,DAILY_BUDGET,28,32,318.92,Amazon,472.66,472.66,804,31,32,32,106,Inner-SP-Auto-gumm-magnesium-CPC-Low bid,spCampaign_placement,US,INNERBRIGHTNESS,spCampaign_placement_innerbrightness_US_2026-03-21_2026-04-20.json,2026-04-21 01:59:24
85355,2026-04-21 01:59:24.822405,2026-04-21 01:59:24.822405,2026-04-16,377.73,1.5210064456006833,27,Top of Search on-Amazon,391.72,391.72,,391.72,0,27,ENABLED,26,1300.0,26,28,2.89,28,558606714617685,10.397196261682243,0,,65.74594097824978,28,0,USD,,28,28,manual,391.72,,0,377.73,0,26,257.54,25,DAILY_BUDGET,25,28,257.54,Amazon,391.72,391.72,856,26,26,26,89,Inner-SP-Auto-gumm-magnesium-CPC-Low bid,spCampaign_placement,US,INNERBRIGHTNESS,spCampaign_placement_innerbrightness_US_2026-03-21_2026-04-20.json,2026-04-21 01:59:24
85356,2026-04-21 01:59:24.822405,2026-04-21 01:59:24.822405,2026-04-17,209.85,1.346037752849484,18,Top of Search on-Amazon,223.84,298.78,,223.84,0,15,ENABLED,15,1300.0,18,16,2.92,19,558606714617685,12.337662337662337,0,,74.29212129325926,19,0,USD,,16,19,manual,223.84,,0,284.79,0,15,221.97,14,DAILY_BUDGET,17,16,221.97,Amazon,298.78,298.78,616,15,18,18,76,Inner-SP-Auto-gumm-magnesium-CPC-Low bid,spCampaign_placement,US,INNERBRIGHTNESS,spCampaign_placement_innerbrightness_US_2026-03-21_2026-04-20.json,2026-04-21 01:59:24
85360,2026-04-21 01:59:24.822405,2026-04-21 01:59:24.822405,2026-04-11,0.0,0.0,0,Detail Page on-Amazon,0.0,0.0,,0.0,0,0,ENABLED,0,1.0,0,0,1.49,0,492405995934092,0.2777777777777778,0,,nan,0,0,USD,,0,0,legacy,0.0,,0,0.0,0,0,2.98,0,DAILY_BUDGET,0,0,2.98,Amazon,0.0,0.0,720,0,0,0,2,Inner-SP-KW-Berberine Capsules-PM-Berberine Supplement-2k,spCampaign_placement,US,INNERBRIGHTNESS,spCampaign_placement_innerbrightness_US_2026-03-21_2026-04-20.json,2026-04-21 01:59:24
85361,2026-04-21 01:59:24.822405,2026-04-21 01:59:24.822405,2026-04-12,0.0,0.0,0,Detail Page on-Amazon,0.0,0.0,,0.0,0,0,ENABLED,0,1.0,0,0,1.5,0,492405995934092,0.18726591760299627,0,,nan,0,0,USD,,0,0,legacy,0.0,,0,0.0,0,0,1.5,0,DAILY_BUDGET,0,0,1.5,Amazon,0.0,0.0,534,0,0,0,1,Inner-SP-KW-Berberine Capsules-PM-Berberine Supplement-2k,spCampaign_placement,US,INNERBRIGHTNESS,spCampaign_placement_innerbrightness_US_2026-03-21_2026-04-20.json,2026-04-21 01:59:24
85362,2026-04-21 01:59:24.822405,2026-04-21 01:59:24.822405,2026-04-13,0.0,0.0,0,Detail Page on-Amazon,0.0,0.0,,0.0,0,0,ENABLED,0,1.0,0,0,1.49,0,492405995934092,0.7451564828614009,0,,nan,0,0,USD,,0,0,legacy,0.0,,0,0.0,0,0,7.43,0,DAILY_BUDGET,0,0,7.43,Amazon,0.0,0.0,671,0,0,0,5,Inner-SP-KW-Berberine Capsules-PM-Berberine Supplement-2k,spCampaign_placement,US,INNERBRIGHTNESS,spCampaign_placement_innerbrightness_US_2026-03-21_2026-04-20.json,2026-04-21 01:59:24
85363,2026-04-21 01:59:24.822405,2026-04-21 01:59:24.822405,2026-04-14,24.49,2.1444833625218913,1,Detail Page on-Amazon,24.49,24.49,,24.49,0,1,ENABLED,1,1.0,1,1,1.43,1,492405995934092,0.4830917874396135,0,,46.63127807268273,1,0,USD,,1,1,legacy,24.49,,0,24.49,0,1,11.42,1,DAILY_BUDGET,1,1,11.42,Amazon,24.49,24.49,1656,1,1,1,8,Inner-SP-KW-Berberine Capsules-PM-Berberine Supplement-2k,spCampaign_placement,US,INNERBRIGHTNESS,spCampaign_placement_innerbrightness_US_2026-03-21_2026-04-20.json,2026-04-21 01:59:24
85364,2026-04-21 01:59:24.822405,2026-04-21 01:59:24.822405,2026-04-15,0.0,0.0,0,Detail Page on-Amazon,0.0,0.0,,0.0,0,0,ENABLED,0,1.0,0,0,1.5,0,492405995934092,0.10152284263959391,0,,nan,0,0,USD,,0,0,legacy,0.0,,0,0.0,0,0,1.5,0,DAILY_BUDGET,0,0,1.5,Amazon,0.0,0.0,985,0,0,0,1,Inner-SP-KW-Berberine Capsules-PM-Berberine Supplement-2k,spCampaign_placement,US,INNERBRIGHTNESS,spCampaign_placement_innerbrightness_US_2026-03-21_2026-04-20.json,2026-04-21 01:59:24
85365,2026-04-21 01:59:24.822405,2026-04-21 01:59:24.822405,2026-04-16,0.0,nan,0,Detail Page on-Amazon,0.0,0.0,,0.0,0,0,ENABLED,0,1.0,0,0,0.0,0,492405995934092,0.0,0,,nan,0,0,USD,,0,0,legacy,0.0,,0,0.0,0,0,0.0,0,DAILY_BUDGET,0,0,0.0,Amazon,0.0,0.0,515,0,0,0,0,Inner-SP-KW-Berberine Capsules-PM-Berberine Supplement-2k,spCampaign_placement,US,INNERBRIGHTNESS,spCampaign_placement_innerbrightness_US_2026-03-21_2026-04-20.json,2026-04-21 01:59:24
85366,2026-04-21 01:59:24.822405,2026-04-21 01:59:24.822405,2026-04-17,0.0,nan,0,Detail Page on-Amazon,0.0,0.0,,0.0,0,0,ENABLED,0,1.0,0,0,0.0,0,492405995934092,0.0,0,,nan,0,0,USD,,0,0,legacy,0.0,,0,0.0,0,0,0.0,0,DAILY_BUDGET,0,0,0.0,Amazon,0.0,0.0,259,0,0,0,0,Inner-SP-KW-Berberine Capsules-PM-Berberine Supplement-2k,spCampaign_placement,US,INNERBRIGHTNESS,spCampaign_placement_innerbrightness_US_2026-03-21_2026-04-20.json,2026-04-21 01:59:24
85370,2026-04-21 01:59:24.822405,2026-04-21 01:59:24.822405,2026-04-11,0.0,nan,0,Off Amazon,0.0,0.0,,0.0,0,0,ENABLED,0,1.0,0,0,0.0,0,492405995934092,0.0,0,,nan,0,0,USD,,0,0,legacy,0.0,,0,0.0,0,0,0.0,0,DAILY_BUDGET,0,0,0.0,Amazon,0.0,0.0,1,0,0,0,0,Inner-SP-KW-Berberine Capsules-PM-Berberine Supplement-2k,spCampaign_placement,US,INNERBRIGHTNESS,spCampaign_placement_innerbrightness_US_2026-03-21_2026-04-20.json,2026-04-21 01:59:24
85371,2026-04-21 01:59:24.822405,2026-04-21 01:59:24.822405,2026-04-11,0.0,0.0,0,Other on-Amazon,0.0,0.0,,0.0,0,0,ENABLED,0,1.0,0,0,1.95,0,492405995934092,0.7317073170731708,0,,nan,0,0,USD,,0,0,legacy,0.0,,0,0.0,0,0,17.55,0,DAILY_BUDGET,0,0,17.55,Amazon,0.0,0.0,1230,0,0,0,9,Inner-SP-KW-Berberine Capsules-PM-Berberine Supplement-2k,spCampaign_placement,US,INNERBRIGHTNESS,spCampaign_placement_innerbrightness_US_2026-03-21_2026-04-20.json,2026-04-21 01:59:24
85372,2026-04-21 01:59:24.822405,2026-04-21 01:59:24.822405,2026-04-12,0.0,0.0,0,Other on-Amazon,0.0,0.0,,0.0,0,0,ENABLED,0,1.0,0,0,1.95,0,492405995934092,1.1011011011011012,0,,nan,0,0,USD,,0,0,legacy,0.0,,0,0.0,0,0,21.45,0,DAILY_BUDGET,0,0,21.45,Amazon,0.0,0.0,999,0,0,0,11,Inner-SP-KW-Berberine Capsules-PM-Berberine Supplement-2k,spCampaign_placement,US,INNERBRIGHTNESS,spCampaign_placement_innerbrightness_US_2026-03-21_2026-04-20.json,2026-04-21 01:59:24
85373,2026-04-21 01:59:24.822405,2026-04-21 01:59:24.822405,2026-04-13,24.49,1.1417249417249418,1,Other on-Amazon,24.49,24.49,,24.49,0,1,ENABLED,1,1.0,1,1,1.95,1,492405995934092,1.0261194029850746,0,,87.58677011024908,1,0,USD,,1,1,legacy,24.49,,0,24.49,0,1,21.45,1,DAILY_BUDGET,1,1,21.45,Amazon,24.49,24.49,1072,1,1,1,11,Inner-SP-KW-Berberine Capsules-PM-Berberine Supplement-2k,spCampaign_placement,US,INNERBRIGHTNESS,spCampaign_placement_innerbrightness_US_2026-03-21_2026-04-20.json,2026-04-21 01:59:24
85374,2026-04-21 01:59:24.822405,2026-04-21 01:59:24.822405,2026-04-14,48.98,1.4131563762261974,2,Other on-Amazon,48.98,48.98,,48.98,0,2,ENABLED,2,1.0,2,2,1.93,2,492405995934092,1.1166253101736971,0,,70.7635769701919,2,0,USD,,2,2,legacy,48.98,,0,48.98,0,2,34.66,2,DAILY_BUDGET,2,2,34.66,Amazon,48.98,48.98,1612,2,2,2,18,Inner-SP-KW-Berberine Capsules-PM-Berberine Supplement-2k,spCampaign_placement,US,INNERBRIGHTNESS,spCampaign_placement_innerbrightness_US_2026-03-21_2026-04-20.json,2026-04-21 01:59:24
85375,2026-04-21 01:59:24.822405,2026-04-21 01:59:24.822405,2026-04-15,0.0,0.0,0,Other on-Amazon,0.0,0.0,,0.0,0,0,ENABLED,0,1.0,0,0,1.95,0,492405995934092,0.9053497942386831,0,,nan,0,0,USD,,0,0,legacy,0.0,,0,0.0,0,0,21.45,0,DAILY_BUDGET,0,0,21.45,Amazon,0.0,0.0,1215,0,0,0,11,Inner-SP-KW-Berberine Capsules-PM-Berberine Supplement-2k,spCampaign_placement,US,INNERBRIGHTNESS,spCampaign_placement_innerbrightness_US_2026-03-21_2026-04-20.json,2026-04-21 01:59:24
85376,2026-04-21 01:59:24.822405,2026-04-21 01:59:24.822405,2026-04-16,0.0,0.0,0,Other on-Amazon,0.0,0.0,,0.0,0,0,ENABLED,0,1.0,0,0,1.77,0,492405995934092,0.6396588486140725,0,,nan,0,0,USD,,0,0,legacy,0.0,,0,0.0,0,0,10.62,0,DAILY_BUDGET,0,0,10.62,Amazon,0.0,0.0,938,0,0,0,6,Inner-SP-KW-Berberine Capsules-PM-Berberine Supplement-2k,spCampaign_placement,US,INNERBRIGHTNESS,spCampaign_placement_innerbrightness_US_2026-03-21_2026-04-20.json,2026-04-21 01:59:24
85377,2026-04-21 01:59:24.822405,2026-04-21 01:59:24.822405,2026-04-17,0.0,0.0,0,Other on-Amazon,0.0,0.0,,0.0,0,0,ENABLED,0,1.0,0,0,1.56,0,492405995934092,0.672645739910314,0,,nan,0,0,USD,,0,0,legacy,0.0,,0,0.0,0,0,4.68,0,DAILY_BUDGET,0,0,4.68,Amazon,0.0,0.0,446,0,0,0,3,Inner-SP-KW-Berberine Capsules-PM-Berberine Supplement-2k,spCampaign_placement,US,INNERBRIGHTNESS,spCampaign_placement_innerbrightness_US_2026-03-21_2026-04-20.json,2026-04-21 01:59:24
85381,2026-04-21 01:59:24.822405,2026-04-21 01:59:24.822405,2026-04-11,24.49,5.102083333333333,1,Top of Search on-Amazon,24.49,24.49,,24.49,0,1,ENABLED,1,1.0,1,1,2.4,1,492405995934092,4.545454545454546,0,,19.599836668027766,1,0,USD,,1,1,legacy,24.49,,0,24.49,0,1,4.8,1,DAILY_BUDGET,1,1,4.8,Amazon,24.49,24.49,44,1,1,1,2,Inner-SP-KW-Berberine Capsules-PM-Berberine Supplement-2k,spCampaign_placement,US,INNERBRIGHTNESS,spCampaign_placement_innerbrightness_US_2026-03-21_2026-04-20.json,2026-04-21 01:59:24
85382,2026-04-21 01:59:24.822405,2026-04-21 01:59:24.822405,2026-04-12,0.0,nan,0,Top of Search on-Amazon,0.0,0.0,,0.0,0,0,ENABLED,0,1.0,0,0,0.0,0,492405995934092,0.0,0,,nan,0,0,USD,,0,0,legacy,0.0,,0,0.0,0,0,0.0,0,DAILY_BUDGET,0,0,0.0,Amazon,0.0,0.0,39,0,0,0,0,Inner-SP-KW-Berberine Capsules-PM-Berberine Supplement-2k,spCampaign_placement,US,INNERBRIGHTNESS,spCampaign_placement_innerbrightness_US_2026-03-21_2026-04-20.json,2026-04-21 01:59:24
85383,2026-04-21 01:59:24.822405,2026-04-21 01:59:24.822405,2026-04-13,0.0,nan,0,Top of Search on-Amazon,0.0,0.0,,0.0,0,0,ENABLED,0,1.0,0,0,0.0,0,492405995934092,0.0,0,,nan,0,0,USD,,0,0,legacy,0.0,,0,0.0,0,0,0.0,0,DAILY_BUDGET,0,0,0.0,Amazon,0.0,0.0,20,0,0,0,0,Inner-SP-KW-Berberine Capsules-PM-Berberine Supplement-2k,spCampaign_placement,US,INNERBRIGHTNESS,spCampaign_placement_innerbrightness_US_2026-03-21_2026-04-20.json,2026-04-21 01:59:24
85384,2026-04-21 01:59:24.822405,2026-04-21 01:59:24.822405,2026-04-14,0.0,0.0,0,Top of Search on-Amazon,0.0,0.0,,0.0,0,0,ENABLED,0,1.0,0,0,2.34,0,492405995934092,9.090909090909092,0,,nan,0,0,USD,,0,0,legacy,0.0,,0,0.0,0,0,7.03,0,DAILY_BUDGET,0,0,7.03,Amazon,0.0,0.0,33,0,0,0,3,Inner-SP-KW-Berberine Capsules-PM-Berberine Supplement-2k,spCampaign_placement,US,INNERBRIGHTNESS,spCampaign_placement_innerbrightness_US_2026-03-21_2026-04-20.json,2026-04-21 01:59:24
85385,2026-04-21 01:59:24.822405,2026-04-21 01:59:24.822405,2026-04-15,0.0,0.0,0,Top of Search on-Amazon,0.0,0.0,,0.0,0,0,ENABLED,0,1.0,0,0,2.28,0,492405995934092,9.090909090909092,0,,nan,0,0,USD,,0,0,legacy,0.0,,0,0.0,0,0,2.28,0,DAILY_BUDGET,0,0,2.28,Amazon,0.0,0.0,11,0,0,0,1,Inner-SP-KW-Berberine Capsules-PM-Berberine Supplement-2k,spCampaign_placement,US,INNERBRIGHTNESS,spCampaign_placement_innerbrightness_US_2026-03-21_2026-04-20.json,2026-04-21 01:59:24
85386,2026-04-21 01:59:24.822405,2026-04-21 01:59:24.822405,2026-04-16,0.0,nan,0,Top of Search on-Amazon,0.0,0.0,,0.0,0,0,ENABLED,0,1.0,0,0,0.0,0,492405995934092,0.0,0,,nan,0,0,USD,,0,0,legacy,0.0,,0,0.0,0,0,0.0,0,DAILY_BUDGET,0,0,0.0,Amazon,0.0,0.0,11,0,0,0,0,Inner-SP-KW-Berberine Capsules-PM-Berberine Supplement-2k,spCampaign_placement,US,INNERBRIGHTNESS,spCampaign_placement_innerbrightness_US_2026-03-21_2026-04-20.json,2026-04-21 01:59:24
85387,2026-04-21 01:59:24.822405,2026-04-21 01:59:24.822405,2026-04-17,0.0,nan,0,Top of Search on-Amazon,0.0,0.0,,0.0,0,0,ENABLED,0,1.0,0,0,0.0,0,492405995934092,0.0,0,,nan,0,0,USD,,0,0,legacy,0.0,,0,0.0,0,0,0.0,0,DAILY_BUDGET,0,0,0.0,Amazon,0.0,0.0,2,0,0,0,0,Inner-SP-KW-Berberine Capsules-PM-Berberine Supplement-2k,spCampaign_placement,US,INNERBRIGHTNESS,spCampaign_placement_innerbrightness_US_2026-03-21_2026-04-20.json,2026-04-21 01:59:24
85391,2026-04-21 01:59:24.822405,2026-04-21 01:59:24.822405,2026-04-11,0.0,nan,0,Detail Page on-Amazon,0.0,0.0,,0.0,0,0,ENABLED,0,200.0,0,0,0.0,0,385122874231334,0.0,0,,nan,0,0,USD,,0,0,manual,0.0,,0,0.0,0,0,0.0,0,DAILY_BUDGET,0,0,0.0,Amazon,0.0,0.0,14,0,0,0,0,Inner-SP-KW-Complex-magnesium complex for women-BM-CPC-1k,spCampaign_placement,US,INNERBRIGHTNESS,spCampaign_placement_innerbrightness_US_2026-03-21_2026-04-20.json,2026-04-21 01:59:24
85392,2026-04-21 01:59:24.822405,2026-04-21 01:59:24.822405,2026-04-12,0.0,0.0,0,Detail Page on-Amazon,0.0,0.0,,0.0,0,0,ENABLED,0,200.0,0,0,1.0,0,385122874231334,6.666666666666667,0,,nan,0,0,USD,,0,0,manual,0.0,,0,0.0,0,0,1.0,0,DAILY_BUDGET,0,0,1.0,Amazon,0.0,0.0,15,0,0,0,1,Inner-SP-KW-Complex-magnesium complex for women-BM-CPC-1k,spCampaign_placement,US,INNERBRIGHTNESS,spCampaign_placement_innerbrightness_US_2026-03-21_2026-04-20.json,2026-04-21 01:59:24
85393,2026-04-21 01:59:24.822405,2026-04-21 01:59:24.822405,2026-04-13,0.0,16.78,0,Detail Page on-Amazon,16.78,16.78,,16.78,0,0,ENABLED,1,200.0,1,1,1.0,1,385122874231334,0.029922202274087373,0,,5.959475566150179,1,0,USD,,1,1,manual,16.78,,0,0.0,0,1,1.0,0,DAILY_BUDGET,0,1,1.0,Amazon,16.78,16.78,3342,1,1,1,1,Inner-SP-KW-Complex-magnesium complex for women-BM-CPC-1k,spCampaign_placement,US,INNERBRIGHTNESS,spCampaign_placement_innerbrightness_US_2026-03-21_2026-04-20.json,2026-04-21 01:59:24
85394,2026-04-21 01:59:24.822405,2026-04-21 01:59:24.822405,2026-04-14,0.0,0.0,0,Detail Page on-Amazon,0.0,0.0,,0.0,0,0,ENABLED,0,200.0,0,0,0.97,0,385122874231334,0.028661507595299514,0,,nan,0,0,USD,,0,0,manual,0.0,,0,0.0,0,0,1.95,0,DAILY_BUDGET,0,0,1.95,Amazon,0.0,0.0,6978,0,0,0,2,Inner-SP-KW-Complex-magnesium complex for women-BM-CPC-1k,spCampaign_placement,US,INNERBRIGHTNESS,spCampaign_placement_innerbrightness_US_2026-03-21_2026-04-20.json,2026-04-21 01:59:24
85395,2026-04-21 01:59:24.822405,2026-04-21 01:59:24.822405,2026-04-15,0.0,0.0,0,Detail Page on-Amazon,0.0,0.0,,0.0,0,0,ENABLED,0,200.0,0,0,0.76,0,385122874231334,0.07250317201377561,0,,nan,0,0,USD,,0,0,manual,0.0,,0,0.0,0,0,3.05,0,DAILY_BUDGET,0,0,3.05,Amazon,0.0,0.0,5517,0,0,0,4,Inner-SP-KW-Complex-magnesium complex for women-BM-CPC-1k,spCampaign_placement,US,INNERBRIGHTNESS,spCampaign_placement_innerbrightness_US_2026-03-21_2026-04-20.json,2026-04-21 01:59:24
85396,2026-04-21 01:59:24.822405,2026-04-21 01:59:24.822405,2026-04-16,0.0,nan,0,Detail Page on-Amazon,0.0,0.0,,0.0,0,0,ENABLED,0,200.0,0,0,0.0,0,385122874231334,0.0,0,,nan,0,0,USD,,0,0,manual,0.0,,0,0.0,0,0,0.0,0,DAILY_BUDGET,0,0,0.0,Amazon,0.0,0.0,4763,0,0,0,0,Inner-SP-KW-Complex-magnesium complex for women-BM-CPC-1k,spCampaign_placement,US,INNERBRIGHTNESS,spCampaign_placement_innerbrightness_US_2026-03-21_2026-04-20.json,2026-04-21 01:59:24
85397,2026-04-21 01:59:24.822405,2026-04-21 01:59:24.822405,2026-04-17,0.0,0.0,0,Detail Page on-Amazon,0.0,0.0,,0.0,0,0,ENABLED,0,200.0,0,0,0.97,0,385122874231334,0.04050632911392405,0,,nan,0,0,USD,,0,0,manual,0.0,,0,0.0,0,0,3.87,0,DAILY_BUDGET,0,0,3.87,Amazon,0.0,0.0,9875,0,0,0,4,Inner-SP-KW-Complex-magnesium complex for women-BM-CPC-1k,spCampaign_placement,US,INNERBRIGHTNESS,spCampaign_placement_innerbrightness_US_2026-03-21_2026-04-20.json,2026-04-21 01:59:24
85401,2026-04-21 01:59:24.822405,2026-04-21 01:59:24.822405,2026-04-11,0.0,nan,0,Other on-Amazon,0.0,0.0,,0.0,0,0,ENABLED,0,200.0,0,0,0.0,0,385122874231334,0.0,0,,nan,0,0,USD,,0,0,manual,0.0,,0,0.0,0,0,0.0,0,DAILY_BUDGET,0,0,0.0,Amazon,0.0,0.0,106,0,0,0,0,Inner-SP-KW-Complex-magnesium complex for women-BM-CPC-1k,spCampaign_placement,US,INNERBRIGHTNESS,spCampaign_placement_innerbrightness_US_2026-03-21_2026-04-20.json,2026-04-21 01:59:24
85402,2026-04-21 01:59:24.822405,2026-04-21 01:59:24.822405,2026-04-12,0.0,nan,0,Other on-Amazon,0.0,0.0,,0.0,0,0,ENABLED,0,200.0,0,0,0.0,0,385122874231334,0.0,0,,nan,0,0,USD,,0,0,manual,0.0,,0,0.0,0,0,0.0,0,DAILY_BUDGET,0,0,0.0,Amazon,0.0,0.0,108,0,0,0,0,Inner-SP-KW-Complex-magnesium complex for women-BM-CPC-1k,spCampaign_placement,US,INNERBRIGHTNESS,spCampaign_placement_innerbrightness_US_2026-03-21_2026-04-20.json,2026-04-21 01:59:24
85403,2026-04-21 01:59:24.822405,2026-04-21 01:59:24.822405,2026-04-13,0.0,0.0,0,Other on-Amazon,0.0,0.0,,0.0,0,0,ENABLED,0,200.0,0,0,2.1,0,385122874231334,0.6578947368421052,0,,nan,0,0,USD,,0,0,manual,0.0,,0,0.0,0,0,2.1,0,DAILY_BUDGET,0,0,2.1,Amazon,0.0,0.0,152,0,0,0,1,Inner-SP-KW-Complex-magnesium complex for women-BM-CPC-1k,spCampaign_placement,US,INNERBRIGHTNESS,spCampaign_placement_innerbrightness_US_2026-03-21_2026-04-20.json,2026-04-21 01:59:24
85404,2026-04-21 01:59:24.822405,2026-04-21 01:59:24.822405,2026-04-14,0.0,0.0,0,Other on-Amazon,0.0,0.0,,0.0,0,0,ENABLED,0,200.0,0,0,2.1,0,385122874231334,0.7509386733416771,0,,nan,0,0,USD,,0,0,manual,0.0,,0,0.0,0,0,12.6,0,DAILY_BUDGET,0,0,12.6,Amazon,0.0,0.0,799,0,0,0,6,Inner-SP-KW-Complex-magnesium complex for women-BM-CPC-1k,spCampaign_placement,US,INNERBRIGHTNESS,spCampaign_placement_innerbrightness_US_2026-03-21_2026-04-20.json,2026-04-21 01:59:24
85405,2026-04-21 01:59:24.822405,2026-04-21 01:59:24.822405,2026-04-15,0.0,0.0,0,Other on-Amazon,0.0,0.0,,0.0,0,0,ENABLED,0,200.0,0,0,2.07,0,385122874231334,1.3192612137203166,0,,nan,0,0,USD,,0,0,manual,0.0,,0,0.0,0,0,20.7,0,DAILY_BUDGET,0,0,20.7,Amazon,0.0,0.0,758,0,0,0,10,Inner-SP-KW-Complex-magnesium complex for women-BM-CPC-1k,spCampaign_placement,US,INNERBRIGHTNESS,spCampaign_placement_innerbrightness_US_2026-03-21_2026-04-20.json,2026-04-21 01:59:24
85406,2026-04-21 01:59:24.822405,2026-04-21 01:59:24.822405,2026-04-16,0.0,0.0,0,Other on-Amazon,0.0,0.0,,0.0,0,0,ENABLED,0,200.0,0,0,2.07,0,385122874231334,1.4729950900163666,0,,nan,0,0,USD,,0,0,manual,0.0,,0,0.0,0,0,18.67,0,DAILY_BUDGET,0,0,18.67,Amazon,0.0,0.0,611,0,0,0,9,Inner-SP-KW-Complex-magnesium complex for women-BM-CPC-1k,spCampaign_placement,US,INNERBRIGHTNESS,spCampaign_placement_innerbrightness_US_2026-03-21_2026-04-20.json,2026-04-21 01:59:24
85407,2026-04-21 01:59:24.822405,2026-04-21 01:59:24.822405,2026-04-17,16.78,0.7000417188151857,1,Other on-Amazon,16.78,16.78,,16.78,0,1,ENABLED,1,200.0,1,1,2.0,1,385122874231334,1.5132408575031526,0,,142.84862932061978,1,0,USD,,1,1,manual,16.78,,0,16.78,0,1,23.97,1,DAILY_BUDGET,1,1,23.97,Amazon,16.78,16.78,793,1,1,1,12,Inner-SP-KW-Complex-magnesium complex for women-BM-CPC-1k,spCampaign_placement,US,INNERBRIGHTNESS,spCampaign_placement_innerbrightness_US_2026-03-21_2026-04-20.json,2026-04-21 01:59:24
85411,2026-04-21 01:59:24.822405,2026-04-21 01:59:24.822405,2026-04-11,95.96,0.6767471787764798,4,Top of Search on-Amazon,136.73,136.73,,136.73,0,4,ENABLED,6,200.0,6,6,3.61,6,385122874231334,9.507640067911714,0,,147.76566956776128,6,0,USD,,6,6,manual,136.73,,0,95.96,0,6,202.04,4,DAILY_BUDGET,4,6,202.04,Amazon,136.73,136.73,589,6,6,6,56,Inner-SP-KW-Complex-magnesium complex for women-BM-CPC-1k,spCampaign_placement,US,INNERBRIGHTNESS,spCampaign_placement_innerbrightness_US_2026-03-21_2026-04-20.json,2026-04-21 01:59:24
85412,2026-04-21 01:59:24.822405,2026-04-21 01:59:24.822405,2026-04-12,215.91,1.1434398034398034,9,Top of Search on-Amazon,232.69,232.69,,232.69,0,9,ENABLED,10,200.0,10,10,3.63,10,385122874231334,8.446455505279035,0,,87.4554127809532,10,0,USD,,10,10,manual,232.69,,0,215.91,0,10,203.5,9,DAILY_BUDGET,9,10,203.5,Amazon,232.69,232.69,663,10,10,10,56,Inner-SP-KW-Complex-magnesium complex for women-BM-CPC-1k,spCampaign_placement,US,INNERBRIGHTNESS,spCampaign_placement_innerbrightness_US_2026-03-21_2026-04-20.json,2026-04-21 01:59:24
85413,2026-04-21 01:59:24.822405,2026-04-21 01:59:24.822405,2026-04-13,369.16,1.046037603233175,23,Top of Search on-Amazon,402.72,416.71,,402.72,0,22,ENABLED,24,200.0,25,24,3.59,25,385122874231334,13.669950738916256,0,,95.59885771879725,25,0,USD,,24,25,manual,402.72,,0,383.15,0,24,398.37,22,DAILY_BUDGET,23,24,398.37,Amazon,416.71,416.71,812,24,25,25,111,Inner-SP-KW-Complex-magnesium complex for women-BM-CPC-1k,spCampaign_placement,US,INNERBRIGHTNESS,spCampaign_placement_innerbrightness_US_2026-03-21_2026-04-20.json,2026-04-21 01:59:24
85414,2026-04-21 01:59:24.822405,2026-04-21 01:59:24.822405,2026-04-15,0.0,nan,0,Other on-Amazon,0.0,0.0,,0.0,0,0,PAUSED,0,1.0,0,0,0.0,0,345330397911117,nan,0,,nan,0,0,USD,,0,0,manual,0.0,,0,0.0,0,0,0.0,0,DAILY_BUDGET,0,0,0.0,Amazon,0.0,0.0,0,0,0,0,0,Inner-SP-KW-Complex-magnesium complex for women-EM-CPC-1k,spCampaign_placement,US,INNERBRIGHTNESS,spCampaign_placement_innerbrightness_US_2026-03-21_2026-04-20.json,2026-04-21 01:59:24
85415,2026-04-21 01:59:24.822405,2026-04-21 01:59:24.822405,2026-04-14,167.8,0.7542876901798063,10,Top of Search on-Amazon,218.14,218.14,,218.14,0,10,ENABLED,12,200.0,12,13,3.32,13,385122874231334,12.536023054755043,0,,132.57541028697167,13,0,USD,,13,13,manual,218.14,,0,167.8,0,12,289.2,9,DAILY_BUDGET,9,13,289.2,Amazon,218.14,218.14,694,12,12,12,87,Inner-SP-KW-Complex-magnesium complex for women-BM-CPC-1k,spCampaign_placement,US,INNERBRIGHTNESS,spCampaign_placement_innerbrightness_US_2026-03-21_2026-04-20.json,2026-04-21 01:59:24
85416,2026-04-21 01:59:24.822405,2026-04-21 01:59:24.822405,2026-04-15,67.12,0.5454249959369414,4,Top of Search on-Amazon,67.12,67.12,,67.12,0,4,ENABLED,4,200.0,4,4,2.93,4,385122874231334,7.636363636363637,0,,183.34326579261025,4,0,USD,,4,4,manual,67.12,,0,67.12,0,4,123.06,4,DAILY_BUDGET,4,4,123.06,Amazon,67.12,67.12,550,4,4,4,42,Inner-SP-KW-Complex-magnesium complex for women-BM-CPC-1k,spCampaign_placement,US,INNERBRIGHTNESS,spCampaign_placement_innerbrightness_US_2026-03-21_2026-04-20.json,2026-04-21 01:59:24
85417,2026-04-21 01:59:24.822405,2026-04-21 01:59:24.822405,2026-04-16,100.68,1.3365953573054166,6,Top of Search on-Amazon,117.46,117.46,,117.46,0,6,ENABLED,7,200.0,7,7,2.93,7,385122874231334,12.195121951219512,0,,74.81695896475395,7,0,USD,,7,7,manual,117.46,,0,100.68,0,7,87.88,6,DAILY_BUDGET,6,7,87.88,Amazon,117.46,117.46,246,7,7,7,30,Inner-SP-KW-Complex-magnesium complex for women-BM-CPC-1k,spCampaign_placement,US,INNERBRIGHTNESS,spCampaign_placement_innerbrightness_US_2026-03-21_2026-04-20.json,2026-04-21 01:59:24
85418,2026-04-21 01:59:24.822405,2026-04-21 01:59:24.822405,2026-04-17,151.02,0.8897136797454931,9,Top of Search on-Amazon,151.02,151.02,,151.02,0,9,ENABLED,8,200.0,8,9,2.88,9,385122874231334,11.02803738317757,0,,112.39570917759237,9,0,USD,,9,9,manual,151.02,,0,151.02,0,8,169.74,8,DAILY_BUDGET,8,9,169.74,Amazon,151.02,151.02,535,8,8,8,59,Inner-SP-KW-Complex-magnesium complex for women-BM-CPC-1k,spCampaign_placement,US,INNERBRIGHTNESS,spCampaign_placement_innerbrightness_US_2026-03-21_2026-04-20.json,2026-04-21 01:59:24
85422,2026-04-21 01:59:24.822405,2026-04-21 01:59:24.822405,2026-04-11,0.0,nan,0,Detail Page on-Amazon,0.0,0.0,,0.0,0,0,PAUSED,0,1.0,0,0,0.0,0,345330397911117,nan,0,,nan,0,0,USD,,0,0,manual,0.0,,0,0.0,0,0,0.0,0,DAILY_BUDGET,0,0,0.0,Amazon,0.0,0.0,0,0,0,0,0,Inner-SP-KW-Complex-magnesium complex for women-EM-CPC-1k,spCampaign_placement,US,INNERBRIGHTNESS,spCampaign_placement_innerbrightness_US_2026-03-21_2026-04-20.json,2026-04-21 01:59:24
85423,2026-04-21 01:59:24.822405,2026-04-21 01:59:24.822405,2026-04-12,0.0,nan,0,Detail Page on-Amazon,0.0,0.0,,0.0,0,0,PAUSED,0,1.0,0,0,0.0,0,345330397911117,0.0,0,,nan,0,0,USD,,0,0,manual,0.0,,0,0.0,0,0,0.0,0,DAILY_BUDGET,0,0,0.0,Amazon,0.0,0.0,7,0,0,0,0,Inner-SP-KW-Complex-magnesium complex for women-EM-CPC-1k,spCampaign_placement,US,INNERBRIGHTNESS,spCampaign_placement_innerbrightness_US_2026-03-21_2026-04-20.json,2026-04-21 01:59:24
85424,2026-04-21 01:59:24.822405,2026-04-21 01:59:24.822405,2026-04-13,0.0,nan,0,Detail Page on-Amazon,0.0,0.0,,0.0,0,0,PAUSED,0,1.0,0,0,0.0,0,345330397911117,0.0,0,,nan,0,0,USD,,0,0,manual,0.0,,0,0.0,0,0,0.0,0,DAILY_BUDGET,0,0,0.0,Amazon,0.0,0.0,87,0,0,0,0,Inner-SP-KW-Complex-magnesium complex for women-EM-CPC-1k,spCampaign_placement,US,INNERBRIGHTNESS,spCampaign_placement_innerbrightness_US_2026-03-21_2026-04-20.json,2026-04-21 01:59:24
85425,2026-04-21 01:59:24.822405,2026-04-21 01:59:24.822405,2026-04-11,71.97,4.470186335403726,3,Other on-Amazon,71.97,71.97,,71.97,0,3,PAUSED,2,1.0,2,3,2.3,3,345330397911117,0.7658643326039387,0,,22.37043212449632,3,0,USD,,3,3,manual,71.97,,0,71.97,0,2,16.1,2,DAILY_BUDGET,2,3,16.1,Amazon,71.97,71.97,914,2,2,2,7,Inner-SP-KW-Complex-magnesium complex for women-EM-CPC-1k,spCampaign_placement,US,INNERBRIGHTNESS,spCampaign_placement_innerbrightness_US_2026-03-21_2026-04-20.json,2026-04-21 01:59:24
85426,2026-04-21 01:59:24.822405,2026-04-21 01:59:24.822405,2026-04-12,0.0,0.0,0,Other on-Amazon,0.0,0.0,,0.0,0,0,PAUSED,0,1.0,0,0,2.28,0,345330397911117,0.5499541704857929,0,,nan,0,0,USD,,0,0,manual,0.0,,0,0.0,0,0,13.68,0,DAILY_BUDGET,0,0,13.68,Amazon,0.0,0.0,1091,0,0,0,6,Inner-SP-KW-Complex-magnesium complex for women-EM-CPC-1k,spCampaign_placement,US,INNERBRIGHTNESS,spCampaign_placement_innerbrightness_US_2026-03-21_2026-04-20.json,2026-04-21 01:59:24
85427,2026-04-21 01:59:24.822405,2026-04-21 01:59:24.822405,2026-04-13,16.78,0.9801401869158879,1,Other on-Amazon,33.56,33.56,,33.56,0,1,PAUSED,2,1.0,2,2,2.28,2,345330397911117,1.2658227848101267,0,,102.02622169249108,2,0,USD,,2,2,manual,33.56,,0,16.78,0,2,34.24,1,DAILY_BUDGET,1,2,34.24,Amazon,33.56,33.56,1185,2,2,2,15,Inner-SP-KW-Complex-magnesium complex for women-EM-CPC-1k,spCampaign_placement,US,INNERBRIGHTNESS,spCampaign_placement_innerbrightness_US_2026-03-21_2026-04-20.json,2026-04-21 01:59:24
85428,2026-04-21 01:59:24.822405,2026-04-21 01:59:24.822405,2026-04-14,0.0,nan,0,Other on-Amazon,0.0,0.0,,0.0,0,0,PAUSED,0,1.0,0,0,0.0,0,345330397911117,nan,0,,nan,0,0,USD,,0,0,manual,0.0,,0,0.0,0,0,0.0,0,DAILY_BUDGET,0,0,0.0,Amazon,0.0,0.0,0,0,0,0,0,Inner-SP-KW-Complex-magnesium complex for women-EM-CPC-1k,spCampaign_placement,US,INNERBRIGHTNESS,spCampaign_placement_innerbrightness_US_2026-03-21_2026-04-20.json,2026-04-21 01:59:24
85429,2026-04-21 01:59:24.822405,2026-04-21 01:59:24.822405,2026-04-11,23.99,10.954337899543379,1,Top of Search on-Amazon,23.99,23.99,,23.99,0,1,PAUSED,1,1.0,1,1,2.19,1,345330397911117,100.0,0,,9.128803668195081,1,0,USD,,1,1,manual,23.99,,0,23.99,0,1,2.19,1,DAILY_BUDGET,1,1,2.19,Amazon,23.99,23.99,1,1,1,1,1,Inner-SP-KW-Complex-magnesium complex for women-EM-CPC-1k,spCampaign_placement,US,INNERBRIGHTNESS,spCampaign_placement_innerbrightness_US_2026-03-21_2026-04-20.json,2026-04-21 01:59:24
85430,2026-04-21 01:59:24.822405,2026-04-21 01:59:24.822405,2026-04-13,0.0,nan,0,Top of Search on-Amazon,0.0,0.0,,0.0,0,0,PAUSED,0,1.0,0,0,0.0,0,345330397911117,nan,0,,nan,0,0,USD,,0,0,manual,0.0,,0,0.0,0,0,0.0,0,DAILY_BUDGET,0,0,0.0,Amazon,0.0,0.0,0,0,0,0,0,Inner-SP-KW-Complex-magnesium complex for women-EM-CPC-1k,spCampaign_placement,US,INNERBRIGHTNESS,spCampaign_placement_innerbrightness_US_2026-03-21_2026-04-20.json,2026-04-21 01:59:24
85431,2026-04-21 01:59:24.822405,2026-04-21 01:59:24.822405,2026-04-16,0.0,nan,0,Top of Search on-Amazon,0.0,0.0,,0.0,0,0,PAUSED,0,1.0,0,0,0.0,0,345330397911117,nan,0,,nan,0,0,USD,,0,0,manual,0.0,,0,0.0,0,0,0.0,0,DAILY_BUDGET,0,0,0.0,Amazon,0.0,0.0,0,0,0,0,0,Inner-SP-KW-Complex-magnesium complex for women-EM-CPC-1k,spCampaign_placement,US,INNERBRIGHTNESS,spCampaign_placement_innerbrightness_US_2026-03-21_2026-04-20.json,2026-04-21 01:59:24
85432,2026-04-21 01:59:24.822405,2026-04-21 01:59:24.822405,2026-04-17,0.0,nan,0,Top of Search on-Amazon,0.0,0.0,,0.0,0,0,PAUSED,0,1.0,0,0,0.0,0,345330397911117,nan,0,,nan,0,0,USD,,0,0,manual,0.0,,0,0.0,0,0,0.0,0,DAILY_BUDGET,0,0,0.0,Amazon,0.0,0.0,0,0,0,0,0,Inner-SP-KW-Complex-magnesium complex for women-EM-CPC-1k,spCampaign_placement,US,INNERBRIGHTNESS,spCampaign_placement_innerbrightness_US_2026-03-21_2026-04-20.json,2026-04-21 01:59:24
85433,2026-04-21 01:59:24.822405,2026-04-21 01:59:24.822405,2026-04-11,0.0,nan,0,Detail Page on-Amazon,0.0,0.0,,0.0,0,0,ENABLED,0,1.0,0,0,0.0,0,387720267759382,0.0,0,,nan,0,0,USD,,0,0,manual,0.0,,0,0.0,0,0,0.0,0,DAILY_BUDGET,0,0,0.0,Amazon,0.0,0.0,10,0,0,0,0,Inner-SP-Auto-Magnesium Complex-CPC-Low bid,spCampaign_placement,US,INNERBRIGHTNESS,spCampaign_placement_innerbrightness_US_2026-03-21_2026-04-20.json,2026-04-21 01:59:24
85434,2026-04-21 01:59:24.822405,2026-04-21 01:59:24.822405,2026-04-12,0.0,nan,0,Detail Page on-Amazon,0.0,0.0,,0.0,0,0,ENABLED,0,1.0,0,0,0.0,0,387720267759382,0.0,0,,nan,0,0,USD,,0,0,manual,0.0,,0,0.0,0,0,0.0,0,DAILY_BUDGET,0,0,0.0,Amazon,0.0,0.0,5,0,0,0,0,Inner-SP-Auto-Magnesium Complex-CPC-Low bid,spCampaign_placement,US,INNERBRIGHTNESS,spCampaign_placement_innerbrightness_US_2026-03-21_2026-04-20.json,2026-04-21 01:59:24
85435,2026-04-21 01:59:24.822405,2026-04-21 01:59:24.822405,2026-04-13,0.0,nan,0,Detail Page on-Amazon,0.0,0.0,,0.0,0,0,ENABLED,0,1.0,0,0,0.0,0,387720267759382,0.0,0,,nan,0,0,USD,,0,0,manual,0.0,,0,0.0,0,0,0.0,0,DAILY_BUDGET,0,0,0.0,Amazon,0.0,0.0,12986,0,0,0,0,Inner-SP-Auto-Magnesium Complex-CPC-Low bid,spCampaign_placement,US,INNERBRIGHTNESS,spCampaign_placement_innerbrightness_US_2026-03-21_2026-04-20.json,2026-04-21 01:59:24
85436,2026-04-21 01:59:24.822405,2026-04-21 01:59:24.822405,2026-04-14,0.0,nan,0,Detail Page on-Amazon,0.0,0.0,,0.0,0,0,ENABLED,0,1.0,0,0,0.0,0,387720267759382,0.0,0,,nan,0,0,USD,,0,0,manual,0.0,,0,0.0,0,0,0.0,0,DAILY_BUDGET,0,0,0.0,Amazon,0.0,0.0,280,0,0,0,0,Inner-SP-Auto-Magnesium Complex-CPC-Low bid,spCampaign_placement,US,INNERBRIGHTNESS,spCampaign_placement_innerbrightness_US_2026-03-21_2026-04-20.json,2026-04-21 01:59:24
85437,2026-04-21 01:59:24.822405,2026-04-21 01:59:24.822405,2026-04-15,0.0,nan,0,Detail Page on-Amazon,0.0,0.0,,0.0,0,0,ENABLED,0,1.0,0,0,0.0,0,387720267759382,0.0,0,,nan,0,0,USD,,0,0,manual,0.0,,0,0.0,0,0,0.0,0,DAILY_BUDGET,0,0,0.0,Amazon,0.0,0.0,94,0,0,0,0,Inner-SP-Auto-Magnesium Complex-CPC-Low bid,spCampaign_placement,US,INNERBRIGHTNESS,spCampaign_placement_innerbrightness_US_2026-03-21_2026-04-20.json,2026-04-21 01:59:24
85438,2026-04-21 01:59:24.822405,2026-04-21 01:59:24.822405,2026-04-16,0.0,nan,0,Detail Page on-Amazon,0.0,0.0,,0.0,0,0,ENABLED,0,1.0,0,0,0.0,0,387720267759382,0.0,0,,nan,0,0,USD,,0,0,manual,0.0,,0,0.0,0,0,0.0,0,DAILY_BUDGET,0,0,0.0,Amazon,0.0,0.0,268,0,0,0,0,Inner-SP-Auto-Magnesium Complex-CPC-Low bid,spCampaign_placement,US,INNERBRIGHTNESS,spCampaign_placement_innerbrightness_US_2026-03-21_2026-04-20.json,2026-04-21 01:59:24
85439,2026-04-21 01:59:24.822405,2026-04-21 01:59:24.822405,2026-04-17,0.0,nan,0,Detail Page on-Amazon,0.0,0.0,,0.0,0,0,ENABLED,0,1.0,0,0,0.0,0,387720267759382,0.0,0,,nan,0,0,USD,,0,0,manual,0.0,,0,0.0,0,0,0.0,0,DAILY_BUDGET,0,0,0.0,Amazon,0.0,0.0,105,0,0,0,0,Inner-SP-Auto-Magnesium Complex-CPC-Low bid,spCampaign_placement,US,INNERBRIGHTNESS,spCampaign_placement_innerbrightness_US_2026-03-21_2026-04-20.json,2026-04-21 01:59:24
85443,2026-04-21 01:59:24.822405,2026-04-21 01:59:24.822405,2026-04-11,47.98,2.399,2,Other on-Amazon,47.98,47.98,,47.98,0,2,ENABLED,1,1.0,1,2,2.5,2,387720267759382,0.2457757296466974,0,,41.68403501458941,2,0,USD,,2,2,manual,47.98,,0,47.98,0,1,20.0,1,DAILY_BUDGET,1,2,20.0,Amazon,47.98,47.98,3255,1,1,1,8,Inner-SP-Auto-Magnesium Complex-CPC-Low bid,spCampaign_placement,US,INNERBRIGHTNESS,spCampaign_placement_innerbrightness_US_2026-03-21_2026-04-20.json,2026-04-21 01:59:24
85444,2026-04-21 01:59:24.822405,2026-04-21 01:59:24.822405,2026-04-12,0.0,0.0,0,Other on-Amazon,0.0,0.0,,0.0,0,0,ENABLED,0,1.0,0,0,2.5,0,387720267759382,0.30257186081694404,0,,nan,0,0,USD,,0,0,manual,0.0,,0,0.0,0,0,25.0,0,DAILY_BUDGET,0,0,25.0,Amazon,0.0,0.0,3305,0,0,0,10,Inner-SP-Auto-Magnesium Complex-CPC-Low bid,spCampaign_placement,US,INNERBRIGHTNESS,spCampaign_placement_innerbrightness_US_2026-03-21_2026-04-20.json,2026-04-21 01:59:24
85445,2026-04-21 01:59:24.822405,2026-04-21 01:59:24.822405,2026-04-13,0.0,0.0,0,Other on-Amazon,0.0,0.0,,0.0,0,0,ENABLED,0,1.0,0,0,2.5,0,387720267759382,0.5445881552076242,0,,nan,0,0,USD,,0,0,manual,0.0,,0,0.0,0,0,19.98,0,DAILY_BUDGET,0,0,19.98,Amazon,0.0,0.0,1469,0,0,0,8,Inner-SP-Auto-Magnesium Complex-CPC-Low bid,spCampaign_placement,US,INNERBRIGHTNESS,spCampaign_placement_innerbrightness_US_2026-03-21_2026-04-20.json,2026-04-21 01:59:24
85446,2026-04-21 01:59:24.822405,2026-04-21 01:59:24.822405,2026-04-14,0.0,nan,0,Other on-Amazon,0.0,0.0,,0.0,0,0,ENABLED,0,1.0,0,0,0.0,0,387720267759382,0.0,0,,nan,0,0,USD,,0,0,manual,0.0,,0,0.0,0,0,0.0,0,DAILY_BUDGET,0,0,0.0,Amazon,0.0,0.0,11,0,0,0,0,Inner-SP-Auto-Magnesium Complex-CPC-Low bid,spCampaign_placement,US,INNERBRIGHTNESS,spCampaign_placement_innerbrightness_US_2026-03-21_2026-04-20.json,2026-04-21 01:59:24
85447,2026-04-21 01:59:24.822405,2026-04-21 01:59:24.822405,2026-04-15,0.0,nan,0,Other on-Amazon,0.0,0.0,,0.0,0,0,ENABLED,0,1.0,0,0,0.0,0,387720267759382,0.0,0,,nan,0,0,USD,,0,0,manual,0.0,,0,0.0,0,0,0.0,0,DAILY_BUDGET,0,0,0.0,Amazon,0.0,0.0,4,0,0,0,0,Inner-SP-Auto-Magnesium Complex-CPC-Low bid,spCampaign_placement,US,INNERBRIGHTNESS,spCampaign_placement_innerbrightness_US_2026-03-21_2026-04-20.json,2026-04-21 01:59:24
85448,2026-04-21 01:59:24.822405,2026-04-21 01:59:24.822405,2026-04-16,0.0,nan,0,Other on-Amazon,0.0,0.0,,0.0,0,0,ENABLED,0,1.0,0,0,0.0,0,387720267759382,0.0,0,,nan,0,0,USD,,0,0,manual,0.0,,0,0.0,0,0,0.0,0,DAILY_BUDGET,0,0,0.0,Amazon,0.0,0.0,9,0,0,0,0,Inner-SP-Auto-Magnesium Complex-CPC-Low bid,spCampaign_placement,US,INNERBRIGHTNESS,spCampaign_placement_innerbrightness_US_2026-03-21_2026-04-20.json,2026-04-21 01:59:24
85449,2026-04-21 01:59:24.822405,2026-04-21 01:59:24.822405,2026-04-17,0.0,nan,0,Other on-Amazon,0.0,0.0,,0.0,0,0,ENABLED,0,1.0,0,0,0.0,0,387720267759382,0.0,0,,nan,0,0,USD,,0,0,manual,0.0,,0,0.0,0,0,0.0,0,DAILY_BUDGET,0,0,0.0,Amazon,0.0,0.0,5,0,0,0,0,Inner-SP-Auto-Magnesium Complex-CPC-Low bid,spCampaign_placement,US,INNERBRIGHTNESS,spCampaign_placement_innerbrightness_US_2026-03-21_2026-04-20.json,2026-04-21 01:59:24
85453,2026-04-21 01:59:24.822405,2026-04-21 01:59:24.822405,2026-04-11,95.96,6.397333333333333,4,Top of Search on-Amazon,95.96,95.96,,95.96,0,4,ENABLED,4,1.0,4,4,3.0,4,387720267759382,9.090909090909092,0,,15.631513130471031,4,0,USD,,4,4,manual,95.96,,0,95.96,0,4,15.0,4,DAILY_BUDGET,4,4,15.0,Amazon,95.96,95.96,55,4,4,4,5,Inner-SP-Auto-Magnesium Complex-CPC-Low bid,spCampaign_placement,US,INNERBRIGHTNESS,spCampaign_placement_innerbrightness_US_2026-03-21_2026-04-20.json,2026-04-21 01:59:24
85454,2026-04-21 01:59:24.822405,2026-04-21 01:59:24.822405,2026-04-12,23.99,1.8146747352496215,1,Top of Search on-Amazon,23.99,23.99,,23.99,0,1,ENABLED,1,1.0,1,1,2.64,1,387720267759382,10.0,0,,55.106294289287206,1,0,USD,,1,1,manual,23.99,,0,23.99,0,1,13.22,1,DAILY_BUDGET,1,1,13.22,Amazon,23.99,23.99,50,1,1,1,5,Inner-SP-Auto-Magnesium Complex-CPC-Low bid,spCampaign_placement,US,INNERBRIGHTNESS,spCampaign_placement_innerbrightness_US_2026-03-21_2026-04-20.json,2026-04-21 01:59:24
85455,2026-04-21 01:59:24.822405,2026-04-21 01:59:24.822405,2026-04-13,50.34,0.9616045845272206,3,Top of Search on-Amazon,50.34,50.34,,50.34,0,3,ENABLED,3,1.0,3,3,3.27,3,387720267759382,13.008130081300814,0,,103.9928486293206,3,0,USD,,3,3,manual,50.34,,0,50.34,0,3,52.35,3,DAILY_BUDGET,3,3,52.35,Amazon,50.34,50.34,123,3,3,3,16,Inner-SP-Auto-Magnesium Complex-CPC-Low bid,spCampaign_placement,US,INNERBRIGHTNESS,spCampaign_placement_innerbrightness_US_2026-03-21_2026-04-20.json,2026-04-21 01:59:24
85456,2026-04-21 01:59:24.822405,2026-04-21 01:59:24.822405,2026-04-14,0.0,0.0,0,Top of Search on-Amazon,0.0,0.0,,0.0,0,0,ENABLED,0,1.0,0,0,3.5,0,387720267759382,4.545454545454546,0,,nan,0,0,USD,,0,0,manual,0.0,,0,0.0,0,0,3.5,0,DAILY_BUDGET,0,0,3.5,Amazon,0.0,0.0,22,0,0,0,1,Inner-SP-Auto-Magnesium Complex-CPC-Low bid,spCampaign_placement,US,INNERBRIGHTNESS,spCampaign_placement_innerbrightness_US_2026-03-21_2026-04-20.json,2026-04-21 01:59:24
85457,2026-04-21 01:59:24.822405,2026-04-21 01:59:24.822405,2026-04-15,0.0,0.0,0,Top of Search on-Amazon,0.0,0.0,,0.0,0,0,ENABLED,0,1.0,0,0,3.5,0,387720267759382,50.0,0,,nan,0,0,USD,,0,0,manual,0.0,,0,0.0,0,0,3.5,0,DAILY_BUDGET,0,0,3.5,Amazon,0.0,0.0,2,0,0,0,1,Inner-SP-Auto-Magnesium Complex-CPC-Low bid,spCampaign_placement,US,INNERBRIGHTNESS,spCampaign_placement_innerbrightness_US_2026-03-21_2026-04-20.json,2026-04-21 01:59:24
85458,2026-04-21 01:59:24.822405,2026-04-21 01:59:24.822405,2026-04-16,0.0,0.0,0,Top of Search on-Amazon,0.0,0.0,,0.0,0,0,ENABLED,0,1.0,0,0,3.46,0,387720267759382,5.0,0,,nan,0,0,USD,,0,0,manual,0.0,,0,0.0,0,0,3.46,0,DAILY_BUDGET,0,0,3.46,Amazon,0.0,0.0,20,0,0,0,1,Inner-SP-Auto-Magnesium Complex-CPC-Low bid,spCampaign_placement,US,INNERBRIGHTNESS,spCampaign_placement_innerbrightness_US_2026-03-21_2026-04-20.json,2026-04-21 01:59:24
85459,2026-04-21 01:59:24.822405,2026-04-21 01:59:24.822405,2026-04-17,0.0,0.0,0,Top of Search on-Amazon,0.0,0.0,,0.0,0,0,ENABLED,0,1.0,0,0,3.5,0,387720267759382,16.666666666666664,0,,nan,0,0,USD,,0,0,manual,0.0,,0,0.0,0,0,3.5,0,DAILY_BUDGET,0,0,3.5,Amazon,0.0,0.0,6,0,0,0,1,Inner-SP-Auto-Magnesium Complex-CPC-Low bid,spCampaign_placement,US,INNERBRIGHTNESS,spCampaign_placement_innerbrightness_US_2026-03-21_2026-04-20.json,2026-04-21 01:59:24
85463,2026-04-21 01:59:24.822405,2026-04-21 01:59:24.822405,2026-04-11,0.0,0.0,0,Detail Page on-Amazon,0.0,0.0,,0.0,0,0,ENABLED,0,600.0,0,0,1.34,0,552923299547324,0.40705563093622793,0,,nan,0,0,USD,,0,0,manual,0.0,,0,0.0,0,0,8.07,0,DAILY_BUDGET,0,0,8.07,Amazon,0.0,0.0,1474,0,0,0,6,Inner-SP-KW-gumm-magnesium glycinate gummies-EM-CPC-8k,spCampaign_placement,US,INNERBRIGHTNESS,spCampaign_placement_innerbrightness_US_2026-03-21_2026-04-20.json,2026-04-21 01:59:24
85464,2026-04-21 01:59:24.822405,2026-04-21 01:59:24.822405,2026-04-12,0.0,0.0,0,Detail Page on-Amazon,0.0,0.0,,0.0,0,0,ENABLED,0,600.0,0,0,1.5,0,552923299547324,0.31512605042016806,0,,nan,0,0,USD,,0,0,manual,0.0,,0,0.0,0,0,8.98,0,DAILY_BUDGET,0,0,8.98,Amazon,0.0,0.0,1904,0,0,0,6,Inner-SP-KW-gumm-magnesium glycinate gummies-EM-CPC-8k,spCampaign_placement,US,INNERBRIGHTNESS,spCampaign_placement_innerbrightness_US_2026-03-21_2026-04-20.json,2026-04-21 01:59:24
85465,2026-04-21 01:59:24.822405,2026-04-21 01:59:24.822405,2026-04-13,0.0,0.0,0,Detail Page on-Amazon,0.0,0.0,,0.0,0,0,ENABLED,0,600.0,0,0,1.5,0,552923299547324,0.29455081001472755,0,,nan,0,0,USD,,0,0,manual,0.0,,0,0.0,0,0,12.0,0,DAILY_BUDGET,0,0,12.0,Amazon,0.0,0.0,2716,0,0,0,8,Inner-SP-KW-gumm-magnesium glycinate gummies-EM-CPC-8k,spCampaign_placement,US,INNERBRIGHTNESS,spCampaign_placement_innerbrightness_US_2026-03-21_2026-04-20.json,2026-04-21 01:59:24
85466,2026-04-21 01:59:24.822405,2026-04-21 01:59:24.822405,2026-04-14,0.0,2.936699321778448,1,Detail Page on-Amazon,13.99,38.97,,13.99,0,0,ENABLED,1,600.0,2,1,1.47,2,552923299547324,0.3146853146853147,0,,34.05183474467539,2,0,USD,,1,2,manual,13.99,,0,24.98,0,1,13.27,0,DAILY_BUDGET,1,1,13.27,Amazon,38.97,38.97,2860,1,2,2,9,Inner-SP-KW-gumm-magnesium glycinate gummies-EM-CPC-8k,spCampaign_placement,US,INNERBRIGHTNESS,spCampaign_placement_innerbrightness_US_2026-03-21_2026-04-20.json,2026-04-21 01:59:24
85467,2026-04-21 01:59:24.822405,2026-04-21 01:59:24.822405,2026-04-15,0.0,0.0,0,Detail Page on-Amazon,0.0,0.0,,0.0,0,0,ENABLED,0,600.0,0,0,1.4,0,552923299547324,0.2107164358819988,0,,nan,0,0,USD,,0,0,manual,0.0,,0,0.0,0,0,9.81,0,DAILY_BUDGET,0,0,9.81,Amazon,0.0,0.0,3322,0,0,0,7,Inner-SP-KW-gumm-magnesium glycinate gummies-EM-CPC-8k,spCampaign_placement,US,INNERBRIGHTNESS,spCampaign_placement_innerbrightness_US_2026-03-21_2026-04-20.json,2026-04-21 01:59:24
85468,2026-04-21 01:59:24.822405,2026-04-21 01:59:24.822405,2026-04-16,27.98,1.1076801266825018,2,Detail Page on-Amazon,27.98,27.98,,27.98,0,2,ENABLED,2,600.0,2,2,1.49,2,552923299547324,0.4814500141602946,0,,90.27877055039313,2,0,USD,,2,2,manual,27.98,,0,27.98,0,2,25.26,2,DAILY_BUDGET,2,2,25.26,Amazon,27.98,27.98,3531,2,2,2,17,Inner-SP-KW-gumm-magnesium glycinate gummies-EM-CPC-8k,spCampaign_placement,US,INNERBRIGHTNESS,spCampaign_placement_innerbrightness_US_2026-03-21_2026-04-20.json,2026-04-21 01:59:24
85469,2026-04-21 01:59:24.822405,2026-04-21 01:59:24.822405,2026-04-17,41.97,1.309925093632959,3,Detail Page on-Amazon,55.96,55.96,,55.96,0,3,ENABLED,4,600.0,4,4,1.42,4,552923299547324,0.5983246908655764,0,,76.34024303073623,4,0,USD,,4,4,manual,55.96,,0,41.97,0,4,42.72,3,DAILY_BUDGET,3,4,42.72,Amazon,55.96,55.96,5014,4,4,4,30,Inner-SP-KW-gumm-magnesium glycinate gummies-EM-CPC-8k,spCampaign_placement,US,INNERBRIGHTNESS,spCampaign_placement_innerbrightness_US_2026-03-21_2026-04-20.json,2026-04-21 01:59:24
85473,2026-04-21 01:59:24.822405,2026-04-21 01:59:24.822405,2026-04-11,0.0,nan,0,Other on-Amazon,0.0,0.0,,0.0,0,0,ENABLED,0,600.0,0,0,0.0,0,552923299547324,0.0,0,,nan,0,0,USD,,0,0,manual,0.0,,0,0.0,0,0,0.0,0,DAILY_BUDGET,0,0,0.0,Amazon,0.0,0.0,26,0,0,0,0,Inner-SP-KW-gumm-magnesium glycinate gummies-EM-CPC-8k,spCampaign_placement,US,INNERBRIGHTNESS,spCampaign_placement_innerbrightness_US_2026-03-21_2026-04-20.json,2026-04-21 01:59:24
85474,2026-04-21 01:59:24.822405,2026-04-21 01:59:24.822405,2026-04-12,0.0,nan,0,Other on-Amazon,0.0,0.0,,0.0,0,0,ENABLED,0,600.0,0,0,0.0,0,552923299547324,0.0,0,,nan,0,0,USD,,0,0,manual,0.0,,0,0.0,0,0,0.0,0,DAILY_BUDGET,0,0,0.0,Amazon,0.0,0.0,30,0,0,0,0,Inner-SP-KW-gumm-magnesium glycinate gummies-EM-CPC-8k,spCampaign_placement,US,INNERBRIGHTNESS,spCampaign_placement_innerbrightness_US_2026-03-21_2026-04-20.json,2026-04-21 01:59:24
85475,2026-04-21 01:59:24.822405,2026-04-21 01:59:24.822405,2026-04-13,0.0,nan,0,Other on-Amazon,0.0,0.0,,0.0,0,0,ENABLED,0,600.0,0,0,0.0,0,552923299547324,0.0,0,,nan,0,0,USD,,0,0,manual,0.0,,0,0.0,0,0,0.0,0,DAILY_BUDGET,0,0,0.0,Amazon,0.0,0.0,17,0,0,0,0,Inner-SP-KW-gumm-magnesium glycinate gummies-EM-CPC-8k,spCampaign_placement,US,INNERBRIGHTNESS,spCampaign_placement_innerbrightness_US_2026-03-21_2026-04-20.json,2026-04-21 01:59:24
85476,2026-04-21 01:59:24.822405,2026-04-21 01:59:24.822405,2026-04-14,0.0,nan,0,Other on-Amazon,0.0,0.0,,0.0,0,0,ENABLED,0,600.0,0,0,0.0,0,552923299547324,0.0,0,,nan,0,0,USD,,0,0,manual,0.0,,0,0.0,0,0,0.0,0,DAILY_BUDGET,0,0,0.0,Amazon,0.0,0.0,21,0,0,0,0,Inner-SP-KW-gumm-magnesium glycinate gummies-EM-CPC-8k,spCampaign_placement,US,INNERBRIGHTNESS,spCampaign_placement_innerbrightness_US_2026-03-21_2026-04-20.json,2026-04-21 01:59:24
85477,2026-04-21 01:59:24.822405,2026-04-21 01:59:24.822405,2026-04-15,55.96,2.593399551425825,5,Other on-Amazon,55.96,80.94,,55.96,0,4,ENABLED,4,600.0,5,4,2.23,5,552923299547324,1.402805611222445,0,,38.55942673585372,5,0,USD,,4,5,manual,55.96,,0,80.94,0,4,31.21,4,DAILY_BUDGET,5,4,31.21,Amazon,80.94,80.94,998,4,5,5,14,Inner-SP-KW-gumm-magnesium glycinate gummies-EM-CPC-8k,spCampaign_placement,US,INNERBRIGHTNESS,spCampaign_placement_innerbrightness_US_2026-03-21_2026-04-20.json,2026-04-21 01:59:24
85478,2026-04-21 01:59:24.822405,2026-04-21 01:59:24.822405,2026-04-16,69.95,2.3439506172839506,6,Other on-Amazon,69.95,94.93,,69.95,0,5,ENABLED,4,600.0,5,5,2.25,6,552923299547324,1.264933239634575,0,,42.66301485304961,6,0,USD,,5,6,manual,69.95,,0,94.93,0,4,40.5,4,DAILY_BUDGET,5,5,40.5,Amazon,94.93,94.93,1423,4,5,5,18,Inner-SP-KW-gumm-magnesium glycinate gummies-EM-CPC-8k,spCampaign_placement,US,INNERBRIGHTNESS,spCampaign_placement_innerbrightness_US_2026-03-21_2026-04-20.json,2026-04-21 01:59:24
85479,2026-04-21 01:59:24.822405,2026-04-21 01:59:24.822405,2026-04-17,55.96,1.3817283950617285,4,Other on-Amazon,55.96,55.96,,55.96,0,4,ENABLED,4,600.0,4,4,2.25,4,552923299547324,1.3071895424836601,0,,72.37312365975697,4,0,USD,,4,4,manual,55.96,,0,55.96,0,4,40.5,4,DAILY_BUDGET,4,4,40.5,Amazon,55.96,55.96,1377,4,4,4,18,Inner-SP-KW-gumm-magnesium glycinate gummies-EM-CPC-8k,spCampaign_placement,US,INNERBRIGHTNESS,spCampaign_placement_innerbrightness_US_2026-03-21_2026-04-20.json,2026-04-21 01:59:24
85483,2026-04-21 01:59:24.822405,2026-04-21 01:59:24.822405,2026-04-11,0.0,0.0,0,Top of Search on-Amazon,0.0,0.0,,0.0,0,0,ENABLED,0,600.0,0,0,3.3,0,552923299547324,50.0,0,,nan,0,0,USD,,0,0,manual,0.0,,0,0.0,0,0,3.3,0,DAILY_BUDGET,0,0,3.3,Amazon,0.0,0.0,2,0,0,0,1,Inner-SP-KW-gumm-magnesium glycinate gummies-EM-CPC-8k,spCampaign_placement,US,INNERBRIGHTNESS,spCampaign_placement_innerbrightness_US_2026-03-21_2026-04-20.json,2026-04-21 01:59:24
85484,2026-04-21 01:59:24.822405,2026-04-21 01:59:24.822405,2026-04-12,0.0,nan,0,Top of Search on-Amazon,0.0,0.0,,0.0,0,0,ENABLED,0,600.0,0,0,0.0,0,552923299547324,0.0,0,,nan,0,0,USD,,0,0,manual,0.0,,0,0.0,0,0,0.0,0,DAILY_BUDGET,0,0,0.0,Amazon,0.0,0.0,3,0,0,0,0,Inner-SP-KW-gumm-magnesium glycinate gummies-EM-CPC-8k,spCampaign_placement,US,INNERBRIGHTNESS,spCampaign_placement_innerbrightness_US_2026-03-21_2026-04-20.json,2026-04-21 01:59:24
85485,2026-04-21 01:59:24.822405,2026-04-21 01:59:24.822405,2026-04-13,0.0,nan,0,Top of Search on-Amazon,0.0,0.0,,0.0,0,0,ENABLED,0,600.0,0,0,0.0,0,552923299547324,0.0,0,,nan,0,0,USD,,0,0,manual,0.0,,0,0.0,0,0,0.0,0,DAILY_BUDGET,0,0,0.0,Amazon,0.0,0.0,7,0,0,0,0,Inner-SP-KW-gumm-magnesium glycinate gummies-EM-CPC-8k,spCampaign_placement,US,INNERBRIGHTNESS,spCampaign_placement_innerbrightness_US_2026-03-21_2026-04-20.json,2026-04-21 01:59:24
85486,2026-04-21 01:59:24.822405,2026-04-21 01:59:24.822405,2026-04-14,209.85,1.071072267798986,17,Top of Search on-Amazon,209.85,259.81,,209.85,0,15,ENABLED,15,600.0,17,15,3.23,17,552923299547324,16.447368421052634,0,,93.36438166352335,17,0,USD,,15,17,manual,209.85,,0,259.81,0,15,242.57,15,DAILY_BUDGET,17,15,242.57,Amazon,259.81,259.81,456,15,17,17,75,Inner-SP-KW-gumm-magnesium glycinate gummies-EM-CPC-8k,spCampaign_placement,US,INNERBRIGHTNESS,spCampaign_placement_innerbrightness_US_2026-03-21_2026-04-20.json,2026-04-21 01:59:24
85487,2026-04-21 01:59:24.822405,2026-04-21 01:59:24.822405,2026-04-15,293.79,1.1742067980236919,22,Top of Search on-Amazon,377.73,394.51,,377.73,0,21,ENABLED,26,600.0,27,27,3.23,28,552923299547324,12.919254658385093,0,,85.16387417302477,28,0,USD,,27,28,manual,377.73,,0,310.57,0,26,335.98,20,DAILY_BUDGET,21,27,335.98,Amazon,394.51,394.51,805,26,27,27,104,Inner-SP-KW-gumm-magnesium glycinate gummies-EM-CPC-8k,spCampaign_placement,US,INNERBRIGHTNESS,spCampaign_placement_innerbrightness_US_2026-03-21_2026-04-20.json,2026-04-21 01:59:24
85488,2026-04-21 01:59:24.822405,2026-04-21 01:59:24.822405,2026-04-11,0.0,0.0,0,Other on-Amazon,0.0,0.0,,0.0,0,0,ENABLED,0,180.0,0,0,2.5,0,287272276943680,1.2269938650306749,0,,nan,0,0,USD,,0,0,legacy,0.0,,0,0.0,0,0,15.0,0,DAILY_BUDGET,0,0,15.0,Amazon,0.0,0.0,489,0,0,0,6,Inner-SP-KW-Berberine Capsules-PAT,spCampaign_placement,US,INNERBRIGHTNESS,spCampaign_placement_innerbrightness_US_2026-03-21_2026-04-20.json,2026-04-21 01:59:24
85489,2026-04-21 01:59:24.822405,2026-04-21 01:59:24.822405,2026-04-16,489.65,1.4312697536748107,36,Top of Search on-Amazon,545.61,570.59,,545.61,0,35,ENABLED,38,600.0,39,39,3.19,40,552923299547324,13.796909492273732,0,,69.86803133598556,40,0,USD,,39,40,manual,545.61,,0,514.63,0,38,398.66,34,DAILY_BUDGET,35,39,398.66,Amazon,570.59,570.59,906,38,39,39,125,Inner-SP-KW-gumm-magnesium glycinate gummies-EM-CPC-8k,spCampaign_placement,US,INNERBRIGHTNESS,spCampaign_placement_innerbrightness_US_2026-03-21_2026-04-20.json,2026-04-21 01:59:24
85490,2026-04-21 01:59:24.822405,2026-04-21 01:59:24.822405,2026-04-17,377.73,0.990558209423849,29,Top of Search on-Amazon,391.72,441.68,,391.72,0,27,ENABLED,27,600.0,29,28,3.1,30,552923299547324,15.417558886509635,0,,100.95317877196159,30,0,USD,,28,30,manual,391.72,,0,427.69,0,27,445.89,26,DAILY_BUDGET,28,28,445.89,Amazon,441.68,441.68,934,27,29,29,144,Inner-SP-KW-gumm-magnesium glycinate gummies-EM-CPC-8k,spCampaign_placement,US,INNERBRIGHTNESS,spCampaign_placement_innerbrightness_US_2026-03-21_2026-04-20.json,2026-04-21 01:59:24
85494,2026-04-21 01:59:24.822405,2026-04-21 01:59:24.822405,2026-04-11,0.0,0.0,0,Detail Page on-Amazon,0.0,0.0,,0.0,0,0,ENABLED,0,180.0,0,0,2.5,0,287272276943680,1.0344827586206897,0,,nan,0,0,USD,,0,0,legacy,0.0,,0,0.0,0,0,7.5,0,DAILY_BUDGET,0,0,7.5,Amazon,0.0,0.0,290,0,0,0,3,Inner-SP-KW-Berberine Capsules-PAT,spCampaign_placement,US,INNERBRIGHTNESS,spCampaign_placement_innerbrightness_US_2026-03-21_2026-04-20.json,2026-04-21 01:59:24
85495,2026-04-21 01:59:24.822405,2026-04-21 01:59:24.822405,2026-04-12,0.0,0.0,0,Detail Page on-Amazon,0.0,0.0,,0.0,0,0,ENABLED,0,180.0,0,0,2.5,0,287272276943680,0.25125628140703515,0,,nan,0,0,USD,,0,0,legacy,0.0,,0,0.0,0,0,2.5,0,DAILY_BUDGET,0,0,2.5,Amazon,0.0,0.0,398,0,0,0,1,Inner-SP-KW-Berberine Capsules-PAT,spCampaign_placement,US,INNERBRIGHTNESS,spCampaign_placement_innerbrightness_US_2026-03-21_2026-04-20.json,2026-04-21 01:59:24
85496,2026-04-21 01:59:24.822405,2026-04-21 01:59:24.822405,2026-04-13,0.0,0.0,0,Detail Page on-Amazon,0.0,0.0,,0.0,0,0,ENABLED,0,180.0,0,0,2.04,0,287272276943680,0.49019607843137253,0,,nan,0,0,USD,,0,0,legacy,0.0,,0,0.0,0,0,4.08,0,DAILY_BUDGET,0,0,4.08,Amazon,0.0,0.0,408,0,0,0,2,Inner-SP-KW-Berberine Capsules-PAT,spCampaign_placement,US,INNERBRIGHTNESS,spCampaign_placement_innerbrightness_US_2026-03-21_2026-04-20.json,2026-04-21 01:59:24
85497,2026-04-21 01:59:24.822405,2026-04-21 01:59:24.822405,2026-04-14,0.0,0.0,0,Detail Page on-Amazon,0.0,0.0,,0.0,0,0,ENABLED,0,180.0,0,0,2.5,0,287272276943680,0.8368200836820083,0,,nan,0,0,USD,,0,0,legacy,0.0,,0,0.0,0,0,5.0,0,DAILY_BUDGET,0,0,5.0,Amazon,0.0,0.0,239,0,0,0,2,Inner-SP-KW-Berberine Capsules-PAT,spCampaign_placement,US,INNERBRIGHTNESS,spCampaign_placement_innerbrightness_US_2026-03-21_2026-04-20.json,2026-04-21 01:59:24
85498,2026-04-21 01:59:24.822405,2026-04-21 01:59:24.822405,2026-04-15,0.0,0.0,0,Detail Page on-Amazon,0.0,0.0,,0.0,0,0,ENABLED,0,180.0,0,0,2.28,0,287272276943680,0.4454342984409799,0,,nan,0,0,USD,,0,0,legacy,0.0,,0,0.0,0,0,4.56,0,DAILY_BUDGET,0,0,4.56,Amazon,0.0,0.0,449,0,0,0,2,Inner-SP-KW-Berberine Capsules-PAT,spCampaign_placement,US,INNERBRIGHTNESS,spCampaign_placement_innerbrightness_US_2026-03-21_2026-04-20.json,2026-04-21 01:59:24
85499,2026-04-21 01:59:24.822405,2026-04-21 01:59:24.822405,2026-04-16,0.0,nan,0,Detail Page on-Amazon,0.0,0.0,,0.0,0,0,ENABLED,0,180.0,0,0,0.0,0,287272276943680,0.0,0,,nan,0,0,USD,,0,0,legacy,0.0,,0,0.0,0,0,0.0,0,DAILY_BUDGET,0,0,0.0,Amazon,0.0,0.0,498,0,0,0,0,Inner-SP-KW-Berberine Capsules-PAT,spCampaign_placement,US,INNERBRIGHTNESS,spCampaign_placement_innerbrightness_US_2026-03-21_2026-04-20.json,2026-04-21 01:59:24
85500,2026-04-21 01:59:24.822405,2026-04-21 01:59:24.822405,2026-04-17,0.0,nan,0,Detail Page on-Amazon,0.0,0.0,,0.0,0,0,ENABLED,0,180.0,0,0,0.0,0,287272276943680,0.0,0,,nan,0,0,USD,,0,0,legacy,0.0,,0,0.0,0,0,0.0,0,DAILY_BUDGET,0,0,0.0,Amazon,0.0,0.0,166,0,0,0,0,Inner-SP-KW-Berberine Capsules-PAT,spCampaign_placement,US,INNERBRIGHTNESS,spCampaign_placement_innerbrightness_US_2026-03-21_2026-04-20.json,2026-04-21 01:59:24
85505,2026-04-21 01:59:24.822405,2026-04-21 01:59:24.822405,2026-04-13,0.0,1.225112556278139,0,Other on-Amazon,24.49,24.49,,24.49,0,0,ENABLED,1,180.0,1,1,2.22,1,287272276943680,1.3636363636363635,0,,81.62515312372398,1,0,USD,,1,1,legacy,24.49,,0,0.0,0,1,19.99,0,DAILY_BUDGET,0,1,19.99,Amazon,24.49,24.49,660,1,1,1,9,Inner-SP-KW-Berberine Capsules-PAT,spCampaign_placement,US,INNERBRIGHTNESS,spCampaign_placement_innerbrightness_US_2026-03-21_2026-04-20.json,2026-04-21 01:59:24
85506,2026-04-21 01:59:24.822405,2026-04-21 01:59:24.822405,2026-04-14,48.98,2.963695038321904,2,Other on-Amazon,73.47,73.47,,73.47,0,2,ENABLED,3,180.0,3,3,2.48,3,287272276943680,5.128205128205128,0,,33.741663263917246,3,0,USD,,3,3,legacy,73.47,,0,48.98,0,3,24.79,2,DAILY_BUDGET,2,3,24.79,Amazon,73.47,73.47,195,3,3,3,10,Inner-SP-KW-Berberine Capsules-PAT,spCampaign_placement,US,INNERBRIGHTNESS,spCampaign_placement_innerbrightness_US_2026-03-21_2026-04-20.json,2026-04-21 01:59:24
85507,2026-04-21 01:59:24.822405,2026-04-21 01:59:24.822405,2026-04-15,146.94,6.749655489205328,6,Other on-Amazon,146.94,146.94,,146.94,0,6,ENABLED,5,180.0,5,6,2.42,6,287272276943680,1.2534818941504178,0,,14.815570981352932,6,0,USD,,6,6,legacy,146.94,,0,146.94,0,5,21.77,5,DAILY_BUDGET,5,6,21.77,Amazon,146.94,146.94,718,5,5,5,9,Inner-SP-KW-Berberine Capsules-PAT,spCampaign_placement,US,INNERBRIGHTNESS,spCampaign_placement_innerbrightness_US_2026-03-21_2026-04-20.json,2026-04-21 01:59:24
85508,2026-04-21 01:59:24.822405,2026-04-21 01:59:24.822405,2026-04-16,97.96,2.7509126649817466,4,Other on-Amazon,97.96,97.96,,97.96,0,4,ENABLED,4,180.0,4,4,2.37,4,287272276943680,1.2668918918918919,0,,36.35157207023275,4,0,USD,,4,4,legacy,97.96,,0,97.96,0,4,35.61,4,DAILY_BUDGET,4,4,35.61,Amazon,97.96,97.96,1184,4,4,4,15,Inner-SP-KW-Berberine Capsules-PAT,spCampaign_placement,US,INNERBRIGHTNESS,spCampaign_placement_innerbrightness_US_2026-03-21_2026-04-20.json,2026-04-21 01:59:24
85509,2026-04-21 01:59:24.822405,2026-04-21 01:59:24.822405,2026-04-17,24.49,0.6279487179487179,1,Other on-Amazon,24.49,24.49,,24.49,0,1,ENABLED,1,180.0,1,1,2.6,1,287272276943680,0.9259259259259258,0,,159.2486729277256,1,0,USD,,1,1,legacy,24.49,,0,24.49,0,1,39.0,1,DAILY_BUDGET,1,1,39.0,Amazon,24.49,24.49,1620,1,1,1,15,Inner-SP-KW-Berberine Capsules-PAT,spCampaign_placement,US,INNERBRIGHTNESS,spCampaign_placement_innerbrightness_US_2026-03-21_2026-04-20.json,2026-04-21 01:59:24
85513,2026-04-21 01:59:24.822405,2026-04-21 01:59:24.822405,2026-04-11,146.94,8.79880239520958,6,Top of Search on-Amazon,146.94,146.94,,146.94,0,6,ENABLED,2,180.0,2,6,2.39,6,287272276943680,15.555555555555555,0,,11.365183067918878,6,0,USD,,6,6,legacy,146.94,,0,146.94,0,2,16.7,2,DAILY_BUDGET,2,6,16.7,Amazon,146.94,146.94,45,2,2,2,7,Inner-SP-KW-Berberine Capsules-PAT,spCampaign_placement,US,INNERBRIGHTNESS,spCampaign_placement_innerbrightness_US_2026-03-21_2026-04-20.json,2026-04-21 01:59:24
85514,2026-04-21 01:59:24.822405,2026-04-21 01:59:24.822405,2026-04-12,24.49,1.2245,1,Top of Search on-Amazon,24.49,24.49,,24.49,0,1,ENABLED,1,180.0,1,1,2.5,1,287272276943680,10.81081081081081,0,,81.66598611678236,1,0,USD,,1,1,legacy,24.49,,0,24.49,0,1,20.0,1,DAILY_BUDGET,1,1,20.0,Amazon,24.49,24.49,74,1,1,1,8,Inner-SP-KW-Berberine Capsules-PAT,spCampaign_placement,US,INNERBRIGHTNESS,spCampaign_placement_innerbrightness_US_2026-03-21_2026-04-20.json,2026-04-21 01:59:24
85515,2026-04-21 01:59:24.822405,2026-04-21 01:59:24.822405,2026-04-13,0.0,0.0,0,Top of Search on-Amazon,0.0,0.0,,0.0,0,0,ENABLED,0,180.0,0,0,2.5,0,287272276943680,4.545454545454546,0,,nan,0,0,USD,,0,0,legacy,0.0,,0,0.0,0,0,5.0,0,DAILY_BUDGET,0,0,5.0,Amazon,0.0,0.0,44,0,0,0,2,Inner-SP-KW-Berberine Capsules-PAT,spCampaign_placement,US,INNERBRIGHTNESS,spCampaign_placement_innerbrightness_US_2026-03-21_2026-04-20.json,2026-04-21 01:59:24
85516,2026-04-21 01:59:24.822405,2026-04-21 01:59:24.822405,2026-04-14,24.49,2.501532175689479,1,Top of Search on-Amazon,24.49,24.49,,24.49,0,1,ENABLED,1,180.0,1,1,2.45,1,287272276943680,13.333333333333334,0,,39.975500204164966,1,0,USD,,1,1,legacy,24.49,,0,24.49,0,1,9.79,1,DAILY_BUDGET,1,1,9.79,Amazon,24.49,24.49,30,1,1,1,4,Inner-SP-KW-Berberine Capsules-PAT,spCampaign_placement,US,INNERBRIGHTNESS,spCampaign_placement_innerbrightness_US_2026-03-21_2026-04-20.json,2026-04-21 01:59:24
85517,2026-04-21 01:59:24.822405,2026-04-21 01:59:24.822405,2026-04-15,24.49,0.9910967219749088,1,Top of Search on-Amazon,24.49,24.49,,24.49,0,1,ENABLED,1,180.0,1,1,2.47,1,287272276943680,24.390243902439025,0,,100.89832584728462,1,0,USD,,1,1,legacy,24.49,,0,24.49,0,1,24.71,1,DAILY_BUDGET,1,1,24.71,Amazon,24.49,24.49,41,1,1,1,10,Inner-SP-KW-Berberine Capsules-PAT,spCampaign_placement,US,INNERBRIGHTNESS,spCampaign_placement_innerbrightness_US_2026-03-21_2026-04-20.json,2026-04-21 01:59:24
85518,2026-04-21 01:59:24.822405,2026-04-21 01:59:24.822405,2026-04-16,0.0,0.0,0,Top of Search on-Amazon,0.0,0.0,,0.0,0,0,ENABLED,0,180.0,0,0,2.5,0,287272276943680,1.9607843137254901,0,,nan,0,0,USD,,0,0,legacy,0.0,,0,0.0,0,0,2.5,0,DAILY_BUDGET,0,0,2.5,Amazon,0.0,0.0,51,0,0,0,1,Inner-SP-KW-Berberine Capsules-PAT,spCampaign_placement,US,INNERBRIGHTNESS,spCampaign_placement_innerbrightness_US_2026-03-21_2026-04-20.json,2026-04-21 01:59:24
85519,2026-04-21 01:59:24.822405,2026-04-21 01:59:24.822405,2026-04-17,24.49,3.06125,1,Top of Search on-Amazon,24.49,24.49,,24.49,0,1,ENABLED,1,180.0,1,1,2.0,1,287272276943680,7.6923076923076925,0,,32.66639444671295,1,0,USD,,1,1,legacy,24.49,,0,24.49,0,1,8.0,1,DAILY_BUDGET,1,1,8.0,Amazon,24.49,24.49,52,1,1,1,4,Inner-SP-KW-Berberine Capsules-PAT,spCampaign_placement,US,INNERBRIGHTNESS,spCampaign_placement_innerbrightness_US_2026-03-21_2026-04-20.json,2026-04-21 01:59:24
